:020000040800F2
:10600000081000203DA6000821EB0208D962000814
:10601000D962000829EB020831EB0208D9620008B6
:10602000D9620008D9620008D9620008D962000864
:1060300035EB0208FC990308D9620008D962000810
:10604000D9620008D9620008D9620008D962000844
:10605000D9620008D9620008D9620008D962000834
:10606000D9620008D9620008D9620008D962000824
:10607000D9620008D9620008758901080D890108F4
:10608000D9620008D9620008D9620008D962000804
:10609000D9620008D9620008D9620008D9620008F4
:1060A000D9620008D9620008D9620008D9620008E4
:1060B000D9620008D9620008D9620008D9620008D4
:1060C000D9620008D9620008D9620008816300081B
:1060D000D9620008D9620008D96200085D6300082F
:1060E00039630008D9620008D9620008D962000843
:1060F000D9620008E93F0308894A03081B670308BF
:106100001767030831420308316703081F67030854
:10611000594A030823670308C94A0308314B030897
:10612000D9620008D9620008D9620008D962000863
:106130000DDB0008D9620008D9620008D9620008A6
:10614000D9620008D9620008D9620008D962000843
:10615000D9620008D9620008D9620008D962000833
:10616000D9620008D9620008D9620008D962000823
:10617000D9620008D9620008D9620008D962000813
:10618000D9620008D9620008D9620008A173030827
:10619000992E0308D9620008076703080D670308F2
:1061A000D9620008D9620008D9620008D9620008E3
:0461B000D9620008A8
:1061B400F0B5114A114C124E00F00105E3695F0776
:1061C40013D40DB9334213D103EA00078F4207D128
:1061D4000B4A1A40002A0CBF00206FF00100F0BDEA
:1061E400013AEBD16FF00200F9E74FF0FF30F6E728
:1061F4006FF00100F3E700BF8096980000000350A1
:10620400020001002DE9F84F16464FF48032274B67
:10621400274D9A66EB69074603EA020841F6713393
:106224000122EB63234BDFF89490DA600EB9304619
:1062340029E007F5005404EA09046F61E41BEB69E3
:10624400B44228BF34465B072DD48B465BF8043B2D
:1062540001EB040AAB61D3450ED1042300212120B4
:106264002B61FFF7A5FF70B92120FFF7A1FF50B9FB
:1062740059462744361BD9E708210846FFF798FFFB
:1062840068B104232B6101220B4BDA60B8F1000FD3
:1062940003D00022A3F50053DA63BDE8F88F5BF85E
:1062A400043BAB61D7E74FF0FF30ECE700900050C0
:1062B40000000350001003500020035000E0FFFFD3
:1062D000013800D0FCE77047FEE72DE9F0410446A5
:1062E0000C264FF00108134D0CB314F001000BD035
:1062F000002024F0010406FB00525768002FF3D061
:106300009168C0B2B847EFE72246013020284FEA33
:10631000520201D0D307F8D508FA00F20F2824EA78
:106320000204E8D9103806FB0052B432E5E7BDE8B4
:10633000F08100BF08100020074BD3F82404D3F8E5
:10634000202403F50053104000F0553020F0A04009
:10635000C3F82004C1E700BF00C00350074BD3F8C7
:106360002404D3F8202403F50053104000F0AA3091
:1063700020F02040C3F82004AFE700BF00C0035066
:106380001A4B2DE9F0411F6D5B6D1F4000D5FEE7F4
:1063900001260025164CDFF8608037421CD0C8F873
:1063A00050602368C3B1A168284601316268A160CA
:1063B0009847637B012B0FD170B90E4B03EB45134C
:1063C00093F8F42160F3410283F8F42193F8042256
:1063D00060F3410283F804220135082D4FEA460696
:1063E00004F11004D9D1BDE8F08100BF00000450D1
:1063F0007011002008100020002004504369426CF6
:10640000D91C143AB1FBF2F103EBC1000330B0FB2D
:10641000F2F00230704738B505460C46FFF7EEFF44
:106420006A6CE31D143AB3FBF2F3013304EBC304CB
:1064300002FB004038BD38B5054644692146FFF7E8
:10644000EAFF6A6CE31D143AB3FBF2F3013304EB89
:10645000C304204438BD73B506460D460024F36BD3
:1064600001225B6901A928199847019B013309D1D1
:10647000736C043462196A405B421A42EFD02046C2
:1064800002B070BD0024FAE7D01E009B4242424198
:10649000187E824211D11A688A420ED85A688A42FE
:1064A0000BD35A6901325A61D3E9030282423FBFDA
:1064B000986840F8221001321A61012070470023C9
:1064C0004FF0FF3230B544689C4202D10023037282
:1064D00030BD016801EBC30541F833206A60013328
:1064E000F2E70023F0B545689D4210D00468DF0054
:1064F00054F8332004EBC306B2F1FF3F08D0C2F3D7
:106500001302914204D14FF0FF33E3517360F0BDA9
:106510000133E9E710B5032A029C07D1A26A534070
:10652000626C5242134201D1FFF7DBFF012010BD24
:106530000023F0B545689D4202D14FF0FF300EE0D8
:106540000468DE0054F83340671C09D0C4F3130715
:10655000B94205D1240D1470036833445868F0BD66
:106560000133E8E773B5164600F108040D462046EE
:1065700009680DF10702FFF7DBFF032E05D16B68F9
:10658000834202D12046FFF7ACFF012002B070BD6C
:106590002DE9F043466886B3056898464FF0000C35
:1065A000A946AE4655F83C400CF1010CC4F3130764
:1065B000013401D0B94217D066450EF1080EF1D171
:1065C0002F46002403E0A64207F1080712D055F831
:1065D000343001340133F6D1C1F3130141EA0851DB
:1065E000C7E90012BDE8F08341EA0851CEE9001284
:1065F000BDE8F083B8F1030F03D101230372BDE8B6
:10660000F083002303E09E4209F10809F5D055F814
:1066100033400133C4F30754032CF4D1C1F3130303
:1066200043EA0853C9E90032BDE8F08308B50830F1
:106630001346D1E90012FFF7ABFF012008BD4FF46C
:106640008032064B00209A6641F6713203F51C3306
:10665000DA63012203F50053DA60704700900050BE
:10666000704737B5054601F10C04436901A90122C1
:1066700020469847BDF80430012200936946204621
:10668000AB69984703B030BD174B10B50446D3F83B
:10669000200100F0070006281FD8DFE800F0040AF8
:1066A0000E2112161A00012304B1206001B10B6003
:1066B00010BD0E4B18680523F6E70C4B58680323F2
:1066C000F2E730F0EFF90723EEE7084B18680623EE
:1066D000EAE7064B58680423E6E700231846E3E799
:1066E00002230348E0E700BF008000500C44002074
:1066F000002D3101024A536B0342FCD1704700BFA9
:10670000008009504FF480322DE9F843204B4FF0C0
:1067100001089A6641F671331E4D0446EF69EB633A
:106720001D4B0021C3F80C800223686121202B61DE
:10673000174032F051F8DFF86890064640B1C9F8CA
:106740000C8007B1E96301360CD16E20BDE8F883F7
:10675000212032F041F8C9F80C8007B1EE63431CE8
:10676000F3D008B17120F1E70C4B9A6801230A328B
:1067700002F01F02934023F0030323449C4201D103
:106780000020E3E754F8042B0132F7D03E20DDE788
:106790000090005000000350001003500080E00FF4
:1067A00000200350A0F50623A3F55063B3F5807FC6
:1067B000024616D85809082813D0012302F01F02F8
:1067C00003FA02F2084B03EB8003D3F8E8121143FB
:1067D000C3F8E812D3F8081321EA0201C3F808133A
:1067E00070474FF0FF3070470810002010B5A0F53B
:1067F0000624A4F55064B4F5807F1FD86409082CE2
:106800001CD001220F4B00F01F0003EB84018240DB
:10681000D1F8080303F53A730243C1F808230022B4
:10682000114653F8040B0132082A0144F9D119B971
:10683000202205482FF056FB204610BD4FF0FF34B4
:10684000FAE700BF081000201013002000280CDB1E
:1068500001220649430900F01F008240203341F81D
:106860002320BFF34F8FBFF36F8F704700E100E02D
:106870004FF06042D2F8803E1B02FBD4704780F894
:106880009910704790F89900704790F896007047FB
:10689000D0F8A4309A695206FCD50020D96370471D
:1068A000D0F8A4309A69120643BF5B6A00200B70CF
:1068B0001B2070470122D0F8A43019B103F5805392
:1068C000DA64704703F50053DA649A647047174B33
:1068D000B3F82803020A10F0FF00134604D1012A7E
:1068E00023D143F080007047072BFAD801A252F859
:1068F00023F000BF19690008E36800081569000863
:1069000029690008296900081D6900082169000833
:106910002569000809207047184670470320704712
:106920000B20704706207047022070470810002097
:106930004BF6EF6283B2002B08BF1346044A000CEB
:1069400013814FF6CE2308BF18465081704700BF11
:106950000C44002038B5202204460D460C3000219E
:106960002FF0C0FA4FF0FF33C4E90035A36038BD03
:10697000F8B5134642880C460732072A4FEAD2017F
:1069800001D0A14245D1D0E90167058820221846EF
:1069900000212FF0A7FA360A034626B1012E10D0A7
:1069A0006FF08B00F8BDA4B341F20102954205D00F
:1069B000B5F5885F02D0B5F5905F19D15C60002015
:1069C000F0E7C6602CB341F2010295420AD15C6047
:1069D000B90707F001020ED4002AF0D14FF08072FF
:1069E0009A60ECE7B5F5885FF1D0B5F5905FEED031
:1069F000B5F5105F02D06FF08500D3E7182C03D0F7
:106A0000202C01D0102C04D1C3E90044002ED6D094
:106A1000DEE76FF08600C5E71FB54FF000639B6AA5
:106A200003F17842B2F5C04F1CD21C6B04F17843DD
:106A3000B3F5C04F16D2002301A8CDE9023324F0EC
:106A4000E7FD039BDB030DD5029B1A0E0AD0012A3A
:106A500003D1C3F307430A2B04D9236C04B0BDE868
:106A60001040184740F2011004B010BD10B50446A4
:106A700044EA010313F00303084609D1934201D10C
:106A8000002010BD54F8231040F823100133F5E71F
:106A9000214692002FF0F3FFF2E738B5074D084684
:106AA00095F82A431146064A2346928924F032FA81
:106AB00010B9013485F82A4338BD00BF0810002002
:106AC0000C44002038B5074D084695F82B43114675
:106AD0002346112224F01EFA10B9013485F82B4305
:106AE00038BD00BF081000202DE9F743D0E9043479
:106AF00004F17C07D0F80C900646013B10220021DF
:106B00003846D4F874809DB22FF0ECF90B4BC5F3E6
:106B10000A0543EA0513C4E91F39012394F87800F4
:106B200084F88C30C4F884803A46054B009604F112
:106B3000640127F0D7FF03B0BDE8F08300001030F8
:106B4000456B0008536910B514460022D3F8900035
:106B500083F88C2028B10168C3F890100260FFF719
:106B6000C3FF63681BB100212046A268984700203C
:106B700010BD034693F89420084610B5FAB10A698F
:106B8000B2F5006F1DD8EFF31184302282F3118823
:106B900093F88C204B617AB103F19002D3F89030D6
:106BA0003BB90360106084F31188BFF36F8F00203E
:106BB00010BD1A461B68F3E7FFF796FFF3E70E20B8
:106BC000F6E72120F4E713B504460DF10701007D37
:106BD00031F0E0FC9DF8073043B1236DD4E9120297
:106BE0000244934218BF184602B010BD3022237DE4
:106BF000534303F1A04303F58023DB6EEEE72DE959
:106C0000F84F884693469946EFF3118A4FF02001DA
:106C100081F311881F4F3B78532B01D00CF09CFF60
:106C2000D7F8C051D7F8BC61B5422BD9D7F8B841D5
:106C3000D7F8B411641B5C4528BF5C464046294424
:106C400022462FF01CFFD7F8B83125449D4208BFDB
:106C50000025A044ABEB040B761B5E4528BF5E46C7
:106C600046B1D7F8B4113246294440462FF007FF09
:106C70003444354444B98AF311881B20C9F80040D4
:106C8000BDE8F88F0024E7E7C7F8C0518AF3118800
:106C90000020F3E7004C0020282307B5054A3D20DB
:106CA000CDE900320449702302220DF045FE03B005
:106CB0005DF804FB3800E00FE887030830B40446B1
:106CC000EFF3108072B6256885EA02030B406B4033
:106CD000236030BC31F079BC38B504464B4A936D23
:106CE000D903FCD4916D11F08041FBD1D4E90003AC
:106CF0001B0543EA0063E07B0343207B43EA004338
:106D0000607B43EA0033A07B43EA80131361906900
:106D1000D4E904531B0643EA856300F000400343B3
:106D2000A07EE57E0343207E43EA0043607E43EA83
:106D300000239361136AE06923F00F0343EA85039C
:106D4000334D00283DD1136294F82430916A94F8B1
:106D50002000DB00294043EA40130B4394F8211044
:106D600043EA011343F4803393622A49274A936D1F
:106D700031EA0303FBD14FF0807127488162136928
:106D8000A56823F4700343EA055313614FF00043F1
:106D9000836194F822300BB9204B996294F8233028
:106DA0003BB94FF480321D4B9A62184A936D5B00D9
:106DB000FCD494F825301BB1144B194AC3F8802039
:106DC00038BD034343F008030228136208D1116160
:106DD000144891614FF408524FF47F41FFF76EFF62
:106DE0000A4994F822308A6A94F820001B062A4047
:106DF00043EA4013134394F8242043EAC20394F86F
:106E0000232043EA02438B62D3E700BF0040005ACD
:106E1000C7FFFEFE030001000050005A0060005A48
:106E2000F1A7FFFF3440005AF8B504460D46EFF3D2
:106E30001186302383F3118890F89630A1B173B98D
:106E400090F898305BB1EFF3108572B6012031F005
:106E50004BFB0123284631F0B8FB84F8963086F3CB
:106E60001188BFF36F8FF8BD002BF8D0EFF31087B8
:106E700072B6084631F038FB384631F0A6FB84F88C
:106E80009650ECE7BFF34F8F0549064BCA6802F4F2
:106E9000E0621343CB60BFF34F8F00BFFDE700BF3D
:106EA00000ED00E00400FA054FF0FF307047FEE708
:106EB000002070470020704700207047002808DB42
:106EC00001224309034900F01F008240603341F86A
:106ED0002320704700E100E02DE9F0418846164686
:106EE000044600286AD00F296AD803782BB1012BF9
:106EF00056D0022B57D0032B62D140F2FF73627839
:106F0000D340DB075CD5304AD2F81053002D59D15D
:106F1000EFF31187302181F31188D2F8100308F1C3
:106F2000FF300E28237894F801C042D8012059433D
:106F300000FA0CF00A44002E38D002F5825210609C
:106F400042460F21BCF1070F03EB430388BFACF1AE
:106F5000080C4FEA03131D4895BF4FEA8C0C4FEA0B
:106F60008C0C04330C3302FA0CF201FA0CF11844C5
:106F7000FFF7A4FEB8F1000F0BD101223020637897
:106F800021789A40104B00FB0133A6B103F58253E0
:106F90001A6087F31188BFF36F8F2846BDE8F08130
:106FA00040F2FF13ABE743F6FF73A8E702F5015287
:106FB000C5E72A46C5E703F50153E9E72225ECE7D3
:106FC0002125EAE70225E8E700C0035030C003505E
:106FD00010B528B303782BB1012B1BD0022B1CD08A
:106FE000032B1FD140F2FF734278D340DB0719D542
:106FF000EFF31184302383F3118801220178407864
:107000005943094B82405A5084F31188BFF36F8F64
:10701000002010BD40F2FF13E6E743F6FF73E3E7FD
:107020002220F6E72120F4E740D0035010B528B322
:1070300003782BB1012B1BD0022B1CD0032B1FD1AB
:1070400040F2FF734278D340DB0719D5EFF3118488
:10705000302383F311880122017840785943094B8A
:1070600082405A5084F31188BFF36F8F002010BD07
:1070700040F2FF13E6E743F6FF73E3E72220F6E76B
:107080002120F4E740E003500B4B93F82C2362B12E
:1070900007280CD803EB001393F874314BB101238C
:1070A000064A83401364002070470548704705482E
:1070B00070470548704700BF0810002000100450BA
:1070C000028000F0018000F0078000F00B4B93F885
:1070D0002C2362B107280CD803EB001393F874310A
:1070E0004BB10123064A83401364002070470548D2
:1070F0007047054870470548704700BF08100020DA
:1071000000200450028000F0018000F0078000F0B1
:10711000014638B508B9012038BD047D2046FFF787
:10712000B3FF3023634303F1A04303F580232046DC
:10713000DD6EFFF7CBFF0A4B9D421CBF042381F895
:10714000A13091F8953091F8A1002BB1022803D11C
:10715000012381F8A130DFE70428DCD1F8E700BF84
:107160003513002010B5EFF31184302383F3118819
:1071700000220E490B7B73B90D49026001EB02122C
:107180000121C2F8683182F8741184F31188BFF3C9
:107190006F8F184610BD0132082A01F11001E9D1A4
:1071A00084F31188BFF36F8F0248F3E7701100205A
:1071B00008100020048000F073B5054690F8426086
:1071C0001C4630460DF1030327F052FAEB6B012EFB
:1071D0005B690DD1324601A998479DF8033013B180
:1071E000BDF806300193BDF80430236002B070BDD5
:1071F0000122214602B0BDE8704018470346084608
:10720000EFF3108172B6034ADB6BC2F83013DB6810
:10721000184700BF081000202DE9F04106464068DD
:1072200082B0C0B10F4690460024336853F8345002
:1072300003EBC403C5F30752C5F31301013504F191
:10724000010406D05B683046CDF80080B84710B125
:1072500070688442E9D302B0BDE8F081036813F09E
:107260007E0F03D1406820F07C40704713F0780017
:107270001CBF03F07F03D81F7047202A0B681EBF76
:107280004FF0FF3191408B43590801F055315B1AA3
:1072900003F033319B0803F033330B44017803EBE5
:1072A00013130A444FF0013103F00F334B43A2EBA9
:1072B0001362027070472DE9F041054600244868CA
:1072C000EB6B86B00E4601225B69029402A908307E
:1072D0009847A04695F84230012B40F08180632CFE
:1072E00003D9029806B0BDE8F081612C08D805AB3F
:1072F000224631462846FFF75FFF9DF8143013B34E
:1073000005AB2246314628468DF81080FFF754FF22
:1073100095F84230059F012B52D14FF6FF739F42E3
:1073200000F09180082205A904A8FFF7A6FF9DF8A8
:107330001020C7F307239A4240F08580FFB2029BDA
:107340003B4402937FE095F84230012B2ED1224638
:107350003146284603ABFFF72FFF3146284604ABE2
:10736000621CFFF729FF3146284605ABA21CFFF738
:1073700023FF102208230DEB02010DF107008DF809
:107380000730FFF77AFF102205A9FFF776FF039B6E
:10739000DAB2002A50D19DF80720B2EB132F4BD15F
:1073A000DDE9043203EB0243029345E0302C29D996
:1073B00042E09DF80720B2EB134F3DD1049BF3E769
:1073C0007B1C40D0102205A90DEB0200FFF755FFF2
:1073D0009DF81020C7F307439A4234D1BFB2AEE7FD
:1073E000312C3FF67EAF8BD005AB22463146284686
:1073F000FFF7E2FEBDF81430002B81D195F8423042
:10740000012BA4D022463146284603ABFFF7D4FE19
:107410003146284604AB621CFFF7CEFE1023202223
:107420000DEB03010DF107008DF80730FFF725FF85
:10743000039B9AB2002ABCD095F84230012B14BFAE
:10744000012302231C44013444E737B504460025D8
:107450001B22011D0DF107008DF80750FFF70DFFEE
:1074600063689DF80720B2EBD36F03D123F0784017
:1074700003B030BD1B2204F108018DF80750FFF75F
:10748000FCFEA0689DF80730B3EBD06F0ABFC04385
:107490004FF0FF3020F07840EAE74BF29A22036881
:1074A00010B5B2EB134F044613D19BB2012B15D18B
:1074B000FFF7CBFF013011D04FF6FF72E068B2EB5F
:1074C000104F4FEA10430BD180B2C01A18BF0120F1
:1074D00010BD013314BF04200320F9E70420F7E7AF
:1074E0000220F5E7F0B50546002687B0EC69013CBF
:1074F000B44203D80C46204607B0F0BD01B14C1E83
:107500006F6C2868EB6B05225B6901A907FB04001F
:10751000984701A8FFF7C1FF0128ECD921460136A1
:10752000E4E70368F0B5CC1A436C0646B4FBF3F409
:10753000002587B0F36937685A1E9542706C06D3F0
:10754000736C306803FB0400143007B0F0BD0134E5
:10755000B4FBF3F203FB1244F36B05225B6901A950
:1075600000FB0470984701A8FFF797FF0128E7D9AF
:107570000135DFE710B423F0030422449B070A44DB
:10758000436C18BF04325B4282EA0104234202D0FA
:107590005DF8044BC5E710465DF8044B70472DE9D4
:1075A000F04F144606460F468BB00393C36B01227F
:1075B0005B6907A960689847F36B01225B693846ED
:1075C00006A99847079B5D1C07D10022A360A275FE
:1075D000627500200BB0BDE8F08F0122A275002279
:1075E000217E069D04EBC101CF610A846068C5F36A
:1075F000D31CB84205F07F010CD14FF0FF33C4F823
:1076000000C02175A360237D043B022B26D80023F4
:10761000A375DEE794F814E020688E4503D1A0EB53
:107620000C004242424103F07F0001288CBF002041
:10763000012001298CBF00210121884218BF0022AE
:1076400015F07E0FA27503F07E0304D1002BDAD073
:107650000023A375D7E7002BD5D1F9E715F07E0FEE
:107660000FD1F36B022238465B6908A9984708A836
:10767000FFF7F4FD237D032B4FD8DFE803F0130D54
:10768000045706A8F4E7CC22237E04EBC3031A8434
:107690000123694AD35C0AE0237E04EBC303188408
:1076A0000023F6E7237E04EBC30318840123149A16
:1076B0001370069A12F07E084FEAD26A227E37D102
:1076C000F36B04EBC2020AF003055B69B2F8209089
:1076D00082F8225008A902223846984720220DF14C
:1076E00017000DEB02018DF81780FFF7C6FD1A2277
:1076F00009A9FFF7C2FD9DF81730099A4FF0080B52
:10770000B3EB926F0CBF012300236375637D33BB22
:107710000023A3754FF0000851E0227E013BDBB24D
:1077200004EBC202052B1084C0D8B2E70223B0E7F5
:10773000002504EBC202B2F8209082F8225006A97C
:107740001B2208A88DF82050FFF797FD9DF82020F8
:107750004FF0040BA2EB0A0253425341D5E794F8D1
:107760001680B8F1000FD5D0B9F1000F09D1DDB105
:107770000123E375637E002B35D1012D28D1657679
:1077800014E0736C07EB0B02594287EA02000842CF
:107790001CBF0021A175591E0A409B1A4B45B7D347
:1077A000A37D002BE3D1B5E7E37D43B94FF000089B
:1077B0004B465A4639463046FFF7DCFEA060A27DB4
:1077C000237EBAB9012B33D801332376A07D01E79C
:1077D00096F8343063B9F36A0133E9D1032DE7D168
:1077E0000123A376E2E7012DE9D0032DDED1F7E7EF
:1077F0009846DDE72269012B4A44226118D80133FB
:107800002376039B002BE1D0E37D002BDED0B8F183
:10781000000FDBD1032DD9D0A1684B1CD6D0149B0F
:107820002246009330460123FFF7B9FEA075CDE74D
:107830000023A375CAE700BFE091030813B50C4607
:10784000002121760093616813462246FFF7A7FEC8
:1078500018B1E37D03B1A07EA075A07D02B010BD7C
:107860002DE9F743044616461F460D46DFF874809F
:10787000816AE36A8B421ED04B1C1CD0DFF86090FB
:107880004846FFF767F80122494620460DF10703F5
:10789000FFF7D4FF30B13B4620469DF80720104942
:1078A000B04740B1D8F83C134A1C07D0012D0DD089
:1078B000E36A9942E4D103B0BDE8F083D8F8381305
:1078C0002046FFF72EFE012D0146D2D1D8F83833DD
:1078D00081EA0302636C5B421A42ECD1C9E700BF44
:1078E0003C130020081000202DE9F0410F461646F9
:1078F0009846044688B060B390F83450FDB1012139
:10790000FFF77CFC00210E9BCDE90511CDE9023784
:107910009DF83C30CDF804808DF81C30237C049613
:107920008BB90D4901AA04F10800FFF775FCDDE9E8
:107930000553E06B002E08BF1D4626F0E7FF2846E2
:1079400008B0BDE8F0812046044A01ABFFF788FF8C
:10795000EDE70546F3E700BF896400081D7C0008D9
:107960002DE9F041D0E90A369E42044686B028D17E
:107970001422C369456802FB1355284606B0BDE8CA
:10798000F0812068676C331AB3FBF7F3E26B07FBF7
:107990000300D2F8148001A90522C04701A8FFF70F
:1079A0007CFD012804D0636C1D44013B3340ED1A7B
:1079B00031462046FFF7B5FD0646A36AB342E0D143
:1079C000DBE70025F9E72DE9F04F0F469A46002343
:1079D00089B004464FF0FF31104690468DF80B30C9
:1079E000FEF7B8FFB7F5801F20D2394603AA04F18D
:1079F0000800FEF79DFD451C014605D1237CBBB95F
:107A00002D2009B0BDE8F08F4046FEF7A3FF01220C
:107A1000414620460DF10B03FFF710FF0028EDD083
:107A20009DF80B308AF800300020EAE7B81CE5D159
:107A3000E66A711C2CD12046616AFFF753FD0646A9
:107A4000BB1C18BF0123DFF8C4B00093636A626CEB
:107A50000193236803A902FB0639E36B484605221C
:107A60005B6909F114099847002549464B1C05D06C
:107A7000636C81EA09025B4213420FD03146204613
:107A8000FFF730FD019BB3422FD085BB0646DDE7F3
:107A90002368F61A636CB6FBF3F6D1E71A48FEF7D3
:107AA00059FF2046009A18490DF10B03FFF7C6FE57
:107AB0008446B8B1BA1C03D0DBF86033BB4211D1A5
:107AC00045469DF80B30DFF840E08AF80030BEE80C
:107AD0000F000FC5BEE80F000FC59EE8070085E840
:107AE00007006546DBF86813C0E7002D88D0B7F5BE
:107AF000801F99D239469AF80030D8F8042004F152
:107B00000800FEF745FD8FE76813002008100020ED
:107B10002DE9F04385B00C4617461E460546DDF8B4
:107B20003080A0B390F834309BB3B1F5801F32D2CF
:107B3000DFF868900121FFF761FB214628460DF12F
:107B40000F0309F56372FFF73EFF044688B99DF8FD
:107B50000F30012B14D1D9F89C2306EB08039A426D
:107B600013D30090434632463946284623F08EFC14
:107B70000446E86B26F0CAFE204605B0BDE8F08357
:107B8000022B14BF2D246024F3E76324F1E72124A2
:107B9000F2E71124F0E72924EEE700BF08100020E7
:107BA0002DE9F3411F4600230C46164605463B606F
:107BB00058B390F8343053B3B1F5801F29D2DFF8B1
:107BC00058800121FFF71AFB214628460DF10703D3
:107BD00008F56372FFF7F7FE0446A0B99DF8073079
:107BE000032B10D0022B0AD10123336004233B6006
:107BF000E86B26F08BFE204602B0BDE8F0813060D5
:107C0000D8F89C33F3E72D24F2E72124F3E711247D
:107C1000F1E72924EFE700BF0810002073B50D46F7
:107C2000D11E4A421C461B7E4A419A4228D12968ED
:107C30002368994224D36368994221D8124E0DF1EA
:107C4000070306F56E72FFF7BEFEC8B9D6F8BC236F
:107C50006B689A4214D19DF80730DA1E53425341A3
:107C6000227E93420CD1636901336361D4E903231B
:107C7000934205D22968A26842F823100133236198
:107C8000012002B070BD00BF0810002070B50025B3
:107C9000044686B00562E369AB4202D8206A06B0AA
:107CA00070BD666C2068E36B05225B6906FB05000E
:107CB00001A9984701A8FFF7F0FB012898BF236AA4
:107CC00005F101059CBF01332362E4E72DE9F04F84
:107CD00097B0CDE908230F460A69416CD31D1439CA
:107CE000B3FBF1F3013302EBC302036B044693428F
:107CF000C0F008820023DFF880920C93E36A9C486E
:107D000019460693FEF726FED7E903360393099B2F
:107D1000022B61D1CC2E40F0E081089B002B2DD0AE
:107D200039462046FFF7C7FA656C069A6B1E13406A
:107D30001290ED1AE36B01225B69786814A99847E9
:107D4000149B13F07E0F14BF04230823782E059391
:107D500051D9012200234FF0080A04923A68C9F869
:107D60007063C9F86023099A032A62D0022A14D0EA
:107D7000049A002A14BF0022072212E0039B01226A
:107D80001B684FF0080A12933B680492C9F86033ED
:107D900008230593089BC9F87063049AC2F1020294
:107DA000D2B289F874234FEA9A020E92069A01928F
:107DB00000220A920D9207920B92606C019A411E6A
:107DC0001140421A002E36D053449A423ED8236BBB
:107DD0001B1A0B44236359E1656C069A6B1E134012
:107DE000782EA5EB030516D8FB7D7BB9089B002BED
:107DF000A0D104230593331DAB4212D9B6B1082D8F
:107E0000A7D8042300229A460492A7E7089B002BD8
:107E100090D10823EEE7089B002B8BD10823059314
:107E200097E7002304934FF0040A97E7042304968E
:107E3000F9E7099AB5E75245C9D3B046019B5344C7
:107E40000293079B002B18BF032314E0A2EB0A0246
:107E5000019B9642B046534428BF904696420293F7
:107E6000EFD90123D9F8702389F87733964243D1AB
:107E7000019AC9F86423079399F87733002B3DD012
:107E800099F878230199D31C09EBC303C3F8641351
:107E900007990132A3F8688383F86A1389F8782375
:107EA000B8F1000F14D0099B022B2BD10A9B7BB990
:107EB0000D9B4344032B0BD9E36B01229B69029872
:107EC00012A998470546002840F01E8101230A9315
:107ED00099F874333D68274A012B02EAC51528F04A
:107EE0007C4B40F290809A1E012A03D908F10703C7
:107EF00003F07F031D438CE00223BCE7019BC9F81C
:107F00006433CDE7089B002B38D1039BB8F1030FF6
:107F100003EB080B28D9DDE90201E36B4FEA980275
:107F20009B6998470546002840F0D18018F003026D
:107F300066D0039B28F003052B440393029B1D444A
:107F40004FF0FF33039913A813932EF098FDE36BC2
:107F5000284601229B6913A998470546CDF80CB025
:107F6000002DB5D0029B76E04246029DE8E700BFB7
:107F70006813002080FFFF070810002007F120038E
:107F8000DDF808B00F93FB7D78689BB100233D7E40
:107F90000B9AD9B28D4211D90F9903F1010C31F826
:107FA0003310914226D9059907EBC303D8690A44D7
:107FB000104403E00B9B059A13441844E36B012221
:107FC0005B6913A99847139B012211930B9B584699
:107FD00004330B93E36B11A99B699847029B0546F9
:107FE0004344A3EB0B03042B07D9002872D10BF1F8
:107FF000040BC8E76346521ACBE7CDF808B0AFE7E9
:10800000CDF80CB064E7079A43EAC2632B4343F010
:1080100060454FF000038DF84C30049BCDE9145BB4
:10802000002B49D0202214A913A8FFF726F91A2201
:1080300015A9FFF722F99DF84C304BEA836315939D
:10804000E36B0E9A9B69019814A99847019A051E43
:108050000C9B18BF134652460C9320464346019989
:10806000FFF788FA236B08F10302A3EB0A0322F05F
:1080700003029B1AC9F868032363002D44D10D9BAA
:10808000A6EB080643440D93029B019320460199F9
:10809000FFF747FA00230190002E7FF48EAE494A85
:1080A0003968D2F8683304F10800E362D2F8642337
:1080B000099BFEF76DFA11E01B2214A913A8FFF724
:1080C000DCF89DF84C3045EAC3651495B8E7CDF867
:1080D0000CB047E7CDF808B044E77026304617B03B
:1080E000BDE8F08F002650E03A69616CD31D143969
:1080F000B3FBF1F3013302EBC302236B9342BFF4F2
:10810000FDAD5DE01C26E9E73D2D59D104F10803E2
:1081100001932668069B2046E16AD4F844A0A3EBAD
:10812000060BFFF7FEF9A26ABBFBFAFB8242DBD02B
:10813000616CD9F8682301F1FF3C02EA0C0C226B58
:108140000C9B521A624422632268E0629A1AB2FBC4
:10815000F1F8C345C6D10AFB0866069B06F1140B6D
:10816000B3EB0B0611D0E36BB20859469B699847F5
:108170008246E26A069B3244E262226B0198D21A7E
:108180005A442263FEF79BF956462368616CE06B04
:1081900001FB0831FEF765FA2046FFF777FD204620
:1081A000FFF7DEFB2063002E9ED03A69616CD31D81
:1081B0001439B3FBF1F3013302EBC3029042A8D2AE
:1081C0002E468BE7081000202DE9FF471E46436925
:1081D0000446B342884617469DF830907FD3002569
:1081E0008DF80F502046FEF726F9D4F830A08245CE
:1081F0000AD2236AB5EB430F06D220460DF10F01D8
:1082000023F082F8002868D09DF80F30012B04D1AC
:1082100020460DF10F0123F077F8B9F1030F06D0D6
:1082200031462046FEF7F7F8256B854259D32E4D8F
:108230004FF0FF3105F56E70FEF78CFB4B460022C8
:10824000204605F56E71C5E9F176C5F8B883FFF7EC
:108250003DFD236E0746002B3BD02046FEF7EBF892
:10826000636E256B03449D422CBF0023012385428E
:1082700094BF00252D1A6565257C002684F85030B2
:1082800084F85850D5B1DFF8648033463246314621
:1082900020460196CDF80080FFF726FB0123054616
:1082A000CDE900833246334631462046FFF71CFBBA
:1082B000E36805449D4294BF3546ED1A94F850306A
:1082C000E56513B994F858301BB1236E04F15000E2
:1082D0009847384604B0BDE8F087013582E7622749
:1082E000F7E71C27F5E700BF08100020FFFF0F008D
:1082F0002DE9FF410F4690461E460546A8B390F86B
:108300003430A3B3B1F5801F33D21B4C0221FEF7EA
:1083100075FF04F56372394628460DF10F03FFF728
:1083200052FB024678B10123424600933946334658
:108330002846FFF749FF0446E86B26F0E7FA204697
:1083400004B0BDE8F0819DF80F30012BEBD1D4F8DB
:108350009C138E42E7D1009341463346284623F0D2
:1083600095F804460028DED1E6E72124E7E711244A
:10837000E5E72924E3E700BF0810002070B586B0C8
:108380000E4605460392A0B390F834309BB3B1F586
:10839000801F32D20221FEF731FF31462846184AAB
:1083A0000DF11703FFF70FFB044618B99DF81730BE
:1083B000032B0ED10223314600932846CC2303AA77
:1083C000FFF702FF0446E86B26F0A0FA204606B04D
:1083D00070BD022B0BD10A492846FEF76CFF0399AA
:1083E00002468142EFD0284626F0A6F9EAE761244A
:1083F000E9E72124EAE71124E8E72924E6E700BFBA
:108400009413002030B50C46054685B028B390F88B
:10841000343023B3B1F5801F23D20221FEF7EEFEE4
:108420000DF10F03214628460F4AFFF7CCFA034609
:1084300088B99DF80F20032A0DD00322214600920F
:1084400002462846FFF7C0FE0446E86B26F05EFAB7
:10845000204605B030BD2D24F7E72124F8E711248C
:10846000F6E72924F4E700BF941300202DE9F34137
:10847000089C032A1746266806D1237A012B25D0AB
:10848000012002B0BDE8F081DFF8988030460DF1A0
:10849000070308F56E72FFF796FA60600028ECD1CA
:1084A0002568D8F8BC33A96AD5F844C04B40CCF154
:1084B00000021340207AE0D1012809D1E068D8F801
:1084C000C82302447069824202D92374207CD8E711
:1084D0002868EB6A1B1A081AB3FBFCF3B0FBFCF02C
:1084E00083420BD1706CF36A421E1340326B121A36
:1084F000134428463363FFF714F8E862D8F8C8231A
:10850000E36808321344E36001223B4604492068D3
:10851000FFF7DCFB60600028AFD00020B1E700BFB0
:10852000C013002008100020032A2DE9F34106465D
:108530000D4617461C4606D1237A012B24D0012074
:1085400002B0BDE8F081DFF8608009680DF1070333
:1085500008F56E72FFF737FA60600028ECD19DF8DD
:108560000720237A032AE7D0D8F8BC136A6891421F
:10857000E2D1012B2969D4F80CC007D172690CEB48
:108580000103934202D92074207CD9E70831614469
:10859000E1603B46012229463046FFF797FB6060C9
:1085A0000028C9D00020CBE708100020F0B5044611
:1085B0000D46466CE36B006887B005225B6901A934
:1085C00006FB0500984701A8FEF767FF012804D8BD
:1085D00001A8FEF73AFF07B0F0BD29462046FEF796
:1085E00081FF0646676C2068E36B05225B6901A981
:1085F00007FB0600984701A8FEF727FF431CEAD0B7
:10860000B54238BF0130E6E72DE9F043064699460A
:1086100089B0036908460F469046984704460028EB
:1086200067D1D9F804305B0A012B22464FEA530385
:1086300004F10104F8D899F8035099F802302D0399
:10864000DB0203F4006305F480551D43B9F80030E4
:108650004FF00009C3F30A0352032B4492B29D1852
:10866000294B0DF107001B2228F0784402A903933F
:1086700002948DF80790FEF700FE9DF807306FEA30
:10868000054544EAC36404946FEA08041B2224F0FD
:10869000784402A902948DF80790FEF7EEFD9DF84C
:1086A00007306FEA154544EAC3644FF0FF330122F7
:1086B0000594069307A9B369079507F11000984739
:1086C00001220446B36905A907F108009847012271
:1086D000484518BF0446B36904A9381D98470122CC
:1086E000484518BF0446B369384603A9984728B1DE
:1086F000044639463046FDF7B4FF01E0002CF8D1BE
:10870000204609B0BDE8F08301009AB238B50446AE
:10871000456C006804F1400305FB0101E06BFFF7C5
:1087200073FF05462046FFF7B1FA284638BD2DE90C
:10873000F04F4FF0FF334FF6FF720025044600F173
:108740000808C0E909238BB0C3620562056340468F
:108750008B46FDF7B4FE2046FFF798FA50BB4FF664
:10876000FF79676A00264F4514BF3D460025E3693F
:108770009E4248D32046FFF789FA18BB5E200BB013
:10878000BDE8F08F2368E26B606C566900FB053032
:10879000052205A9B04705A8FEF77FFE012828D1CC
:1087A00029462046FFF702FF421C29462046FFF7D4
:1087B000ADFF0135E3699D42E4D32046FFF766FA39
:1087C0000028CCD000254FF0FF394FF6FF734F46FD
:1087D0002E46C4E90853E3699E423ED3A5EB090542
:1087E000012D5BD84FF6FF72636A934268D1672010
:1087F000C5E70338C0B20128DBD829462046FFF779
:10880000D5FE0246D1E7E26B2368606CD2F814C053
:1088100000FB0530052205A9E04705A8FEF73DFE4F
:10882000022807D04F450DD10BF101022946204601
:10883000FFF76CFFE3690135B5FBF3F2013603FB8B
:10884000125594E729462046FFF7B0FEB0F1FF3FEE
:1088500014BF02465A460132E8E7E26B2368606CB7
:10886000D2F814C000FB0630052205A9E04705A890
:10887000FEF713FE01280FD805A8FEF7E6FDB84263
:1088800038BF6662814528BF8146854238BF0546AC
:108890000746236A0133236201369CE74FF6FF73D4
:1088A00000256362E3699D429CD2666C2068E36B9D
:1088B00006FB050005225B6905A998470135F1E72C
:1088C000E26B666C206855696946052206FB030069
:1088D000A847626A616C23684A4D01FB0233143376
:1088E000A3624FF0FF336FF00101E362204605AB56
:1088F00005F56E72FFF767F8002849D1D5F8C05327
:1089000029462046E562FDF7A6FD206320B92046F2
:10891000E16AFEF706FEE06229462046FEF701FE08
:108920000546A36A9D4235D12046FDF767FD002626
:1089300007463546E3699D423ED3B74257D92046A4
:10894000616AFEF7CFFD4FF00008054604F1400ACA
:10895000464512D8626C2368694602FB0539E36B11
:1089600005225B69484698476846FEF76EFD534608
:1089700002464946E06BFFF747FE29462046FEF7D0
:10898000B1FD08F1010847450546E1D16420F6E64E
:10899000A56AB5E729462046FDF75DFD236B29460C
:1089A0000344064623632046FEF7BBFD0546002E22
:1089B000B7D1C4E90B06B4E7626C236805A902FBD2
:1089C0000539E36B05225B694846984705A8FEF721
:1089D00064FD012809D8204609F11401FDF73BFD8B
:1089E000636C143B984208BF01360135A2E740464C
:1089F000FDF765FD002320461946034AFEF730FFC8
:108A00000020BCE6081000202D6600082DE9F84380
:108A10000025DFF890810E46D8F8E4930446C8F8A4
:108A2000E45318B921252846BDE8F88390F834703E
:108A300007B30A6803689A4240F0A9804A6843680D
:108A40009A4240F0A4808A6883689A4240F09F80EE
:108A5000CA68C3689A4240F09A800A6943699A4298
:108A600040F095808A69C36B9A4240F090804B69D0
:108A70008361D8E768223946856B2DF033FA336875
:108A800004F1080023607368A56363603369636160
:108A90007369A361D6E90223C4E90223FDF70FFD40
:108AA000B36904F14000E3639B68984720B9676CA1
:108AB00017B16368B3FBF7F794F84330E761002B15
:108AC000B0D00023656C2366002D68D0002F66D0DF
:108AD0002368B3FBF5F205FB1233002B59D167680D
:108AE000B7FBF5F605FB1676002E52D12046FDF7B2
:108AF000A2FCA369043303449F424CD340F6347272
:108B00006369CC3B934248D8B5F5805F47D30321D6
:108B10002046FEF773FBD4E90001E36B1B6898471E
:108B20000546E36B0220DB6898472DB184F834607A
:108B3000E06B25F0EBFE76E749462046FFF7F7FDB0
:108B40006428054604D149462046FFF7F0FD054656
:108B5000636C143BBDB9226A204602FB03F6FDF7A5
:108B60006AFCA369043303449E4223BF012384F8B3
:108B70003430D8F8E83384F834502ABF01335A250A
:108B8000C8F8E833D4E7002384F83430D0E75D2513
:108B900049E7592547E75A2545E75F2543E75B2520
:108BA00041E700BF08100020014902482EE700BF3E
:108BB0001C440020F8130020044BD3F88420D20674
:108BC000FBD4D3F88400C0F38110704700400050FC
:108BD0004209531E022B96BF074B002303EB82036F
:108BE00000F01F0029B103F58053012282401A6072
:108BF000704703F50053F8E76080005038B5174C14
:108C0000FF28A26A28D8A36D154D13F4803F18BF22
:108C10004FF48031134B18BF99624FF08071996205
:108C2000A36995F92C5023F47F03054423F47F4373
:108C300043EA002385F3080543EA0543A3610A4894
:108C4000FEF73CF8A36DDB0304D54FF480310648F2
:108C5000FEF734F8002038BD2120FCE70040005A20
:108C60000C4400200050005A2840005A38B50F4CE0
:108C70000F48A26AA36D13F4803F18BF4FF48031F0
:108C80000C4B18BF99624FF080719962A569FEF78D
:108C900015F8A36DC5F30725DB0304D54FF4803128
:108CA0000348FEF70BF8284638BD00BF0040005AC5
:108CB0002840005A0050005A014B83F82C0070479E
:108CC0000C440020014B93F92C0070470C44002009
:108CD0004FF4803311481249826A8B62836D03F02E
:108CE0000303032BFAD14FF080730E488B620B4BBA
:108CF000996D30EA0101FBD1012009490865996DA0
:108D00008907FCD4054B996D8807FCD5996D8907B7
:108D1000FCD505490548FDF7D1BF00BF0040005A0A
:108D20000050005A03000100000001012840005AD1
:108D3000164B10B5D3F82831044603F00703013B66
:108D4000052B04D8DFE803F00A161E120E1A0023C2
:108D5000184604B1206001B10B6010BD0C4B1868BF
:108D60000523F6E70A4B18680623F2E72DF09AFE72
:108D70000723EEE7064B58680323EAE7044B5868DD
:108D80000423E6E702230348E3E700BF0080005026
:108D90000C440020002D31010E4BD3F8403103F07C
:108DA0000303022B0DD0032B0FD0012B0BBF0A2383
:108DB00001234FF40042002200B1026001B10B60B8
:108DC000704709234FF40042F6E70C234FF47A7200
:108DD000F2E700BF00800050002337B50193154B28
:108DE0000546D3F860320C4603F00703013B032B22
:108DF0001ED8DFE803F0020E1914002101A8FDF7C8
:108E000043FC10230DB1019A2A6004B1236003B022
:108E100030BD002101A8FFF7BFFF1123F2E72DF0BD
:108E200041FE07230190EDE7034B01930223E9E79D
:108E30000023E7E700800050002D3101002337B503
:108E40000193154B0546D3F894320C4603F0070303
:108E5000013B032B1ED8DFE803F0020E191400219A
:108E600001A8FDF711FC10230DB1019A2A6004B18D
:108E7000236003B030BD002101A8FFF78DFF11234F
:108E8000F2E72DF00FFE07230190EDE7034B01936E
:108E90000223E9E70023E7E700800050002D3101BD
:108EA0004FF48032104B10B59A66A3F580531B6FB8
:108EB000C3F3033303FB00000C4BDC69144041F6A1
:108EC0007132DA635A6822F4401259B9084988426B
:108ED00094BF00200120000502435A600CB100221B
:108EE000DA6310BD0349F2E7009000500000035020
:108EF000005A6202002D3101124B10B5D3F808322E
:108F0000044603F00703042B17D8DFE803F0031926
:108F1000090D1100012204B1236001B10A6010BDE6
:108F200009224FF40043F6E70C224FF47A73F2E77C
:108F30002DF024FE0F22830AEDE700221346EAE714
:108F40000A22EEE7008000501FB50023B0F5807FB5
:108F5000019300F056816AD8002800F0F98020388B
:108F6000602876D8602874D8DFE810F0F20000019D
:108F7000F200000121012101210121012101000153
:108F800033017E005C01B0007E00000100010001A1
:108F90007300730073007300730073007300730039
:108FA000000100010001D200710100017300730093
:108FB0007300730073007300730073007300730019
:108FC000730073007D012101F200F200F2006C01D8
:108FD0007E007E00DE00810195002E01730073008B
:108FE000730073007300E900F20073002101210196
:108FF0002101210121012E012E0100017300000138
:10900000000173007300730073007300730073003A
:1090100073007300730073007300730073007300B8
:10902000730073007300730073007300EE00B0F5FB
:10903000E06F00F00C815BD8B0F5607F00F09D80A0
:109040001DD8B0F5007F00F0868006D8B0F5C07F4F
:109050007ED0019805B05DF804FBB0F5207F00F0EC
:109060008580B0F5407FF4D12DF088FD934B1B6FC8
:10907000C3F380230133B0FBF3F0400866E0B0F5A2
:10908000B06F00F0A6801AD8B0F5806F00F08F8026
:10909000B0F5A06FDDD10021884B0391D3F82032C9
:1090A00003F00703042B08D8022B00F28980012B60
:1090B00000F08280022B00F09E80039BABE0B0F5B5
:1090C000C06F00F0AF80B0F5D06FC2D17B4BD3F84A
:1090D000003203F00700032800F0AF805B0700F1C7
:1090E000A680013801288CBF00200120C0032DE09C
:1090F000B0F5186F00F0B7800ED8B0F5086F00F02B
:10910000C780B0F5106F00F09D80B0F5F06FA0D172
:109110006A4BD3F860319DE0B0F5286F00F0A7806E
:1091200007D8B0F5206F94D1002101A8FFF754FEB5
:109130008FE7B0F5406F47D0B0F5486F89D1002177
:1091400001A8FFF77BFE84E72DF0FAFC019080E791
:109150002DF014FDFAE72DF0F3FC584BD3F89030C6
:10916000C3F304630133B0FBF3F0EFE72DF006FD2A
:10917000524B1B6FC3F38023F4E75049D1F8802092
:1091800002F00302022A0AD0032A0BD0012A0CD1D2
:109190002DF0D6FCD1F88030C3F30113E2E72DF0B7
:1091A00081FCF7E7464B1868F4E71846F2E7002120
:1091B00001A8FDF769FA4CE703A8FFF7B9FD7CE7C2
:1091C0004FF40043039378E7002101A8FFF7B0FDB7
:1091D0003FE70021394B0391D3F8803103F00303BB
:1091E000022B0CD0032B06D0012B7FF466AF03A813
:1091F000FDF74AFA61E72DF055FC03905DE7314B2E
:10920000E0E702934FF0E0231B695A0705D52DF0E4
:10921000B5FC0290029B01931BE703A902A8FFF78C
:10922000BBFDF7E7002101A8FFF7B6FD11E7042811
:1092300006D12DF0A3FC800A88E74FF47A7085E709
:10924000002083E7002101A8FFF756FE01E71B4B32
:10925000D3F8403203F00303032B16D0003B18BFB2
:109260000123DB03D7E7154BD3F85032F2E7002197
:10927000124B0391D3F8703203F00303012B7FF4F8
:109280001CAF03A8FFF788FD17E74FF47A73C2E716
:109290000A4BD3F8003103F00303022B06D0032B53
:1092A00007D0012B07D1064B5B68B4E74FF40043AE
:1092B000B1E7054BAFE70023ADE700BF00800050EA
:1092C0000C440020002D310180D5430270B5A84820
:1092D00088B0A84C2FF06CFAA7482FF069FA6368A1
:1092E0001BB1636DC3F30B03FAE7042522F0A8F961
:1092F000A24AA34B41F202011D6115611D61156176
:109300001D6115611D612023156123610023E36048
:10931000A36061614FF4A0219A4EA361A3656162CD
:10932000E3612362A362E36263632365D66423631C
:109330002269572022F0870242F0810222612269CD
:1093400022F0F80242F080022261E26822F0F0424C
:1093500022F47022E260A26822F0030242F00102CD
:10936000A260A268A260A26842F48062A260626AFF
:1093700022F4772222F4EE6242F480226262626971
:1093800022F00F0242F002026261A361FFF7DCFDEE
:10939000A36813F0010F636800F0FC807A4DB0FB06
:1093A000F5F5D80705F1FF354FEA05651ED5714B78
:1093B0005A6D12F0280FFBD19A6C910740F0D480BF
:1093C0009A6CD20700F1D2809B6C13F0020F14BF8D
:1093D0000624002422F034F9664A2046136923F05B
:1093E0007F432B43136122F04BF904E0236923F000
:1093F0007F432B432361052022F042F95D4B9A6C99
:10940000D24312F44054FAD140F202330122042133
:109410006846ADF80030FDF75FFD40F202232246BA
:10942000012101A8ADF80430FDF756FD4FF481731A
:109430004FF4E0640122042102A8ADF80830FDF7E2
:109440004BFD0421012203A8ADF80C40FDF744FDBB
:109450004E4B4F4A4FF44870C3F8C8244FF00212E5
:10946000C3F8C42402F58032C3F8CC241C22C3F80C
:10947000B42405F054F807A8ADF81C40FDF7D6FD5C
:10948000142005F04CF807A8ADF81C40FDF7A0FD2E
:10949000232005F044F807A8ADF81C40FDF7C6FDF1
:1094A000344CA36C5A06FCD5B9236364A36C1B0629
:1094B000FCD54FF4E06507A8E36BADF81C50FDF751
:1094C00087FD002240F20233114604A8ADF81030A7
:1094D000FDF702FD002240F20223114605A8ADF877
:1094E0001430FDF7F9FC4FF481730122002106A826
:1094F000ADF81830FDF7F0FC0122002107A8ADF807
:109500001C50FDF7E9FC22F09BF804231B4A1C4980
:1095100019480B6113610B6113610B6113610B61DE
:10952000136120230021236141F20203E160A16065
:1095300063614FF4A023A161A1656362134BE161F4
:109540002162A162E16261632165D6642163C3F88F
:10955000B414C3F8C814C3F8C414C3F8CC1408B0C6
:10956000BDE870402EF034BF052433E7092431E70D
:10957000E891030800C00850EC91030800E008508F
:1095800000D00850FF3F0D03E070720000C0035090
:1095900002000100A36D174A13F0010F164B08BF1C
:1095A0001A46164B9B6803F0E003402B1DD005D8EC
:1095B000EBB1202B7FF41FAF082505E0602B03D013
:1095C000802B7FF418AF012555434001B0FBF5F027
:1095D0000B4A2038094B02EAC002596DC807FCD477
:1095E0001A635A6DD107FCD405E70625ECE7102570
:1095F000EAE700BFC0E1E400E070720000C008507C
:10960000F8FF7F0008B58020FFF79EFC034B9842CF
:109610009EBF4FF48032024B1A6708BD005A6202A7
:1096200000A0005070B5704C022025F0ABF9256FFA
:109630006E4BC5F3802500216A1C6D4883F85824C1
:10964000FFF72EFC4FF48032236F43F480632367CF
:10965000684B1A67236F23F0070343F00303236764
:109660002DF08CFA0646FFF7A7FA0128D4BF012196
:1096700000213046FFF714FC002025F0B7F9236FD6
:1096800023F4806343EA85232367FFF7BBFF236F3F
:10969000584923F474432367574BD3F8FC2012F046
:1096A000807240F08880D4F8803023F0030343F0C8
:1096B0000103C4F88030C1F880204B4B4FF4803157
:1096C000D3F820214D4822F0070242F00202C3F8ED
:1096D0002021D3F8282122F0070242F00202C3F829
:1096E0002821D3F8802122F0030242F00102C3F8BE
:1096F0008021D3F8402122F0030242F00202C3F895
:109700004021D3F8602122F0030242F00202C3F8A4
:109710006021D3F8402222F0030242F00202C3F893
:109720004022D3F8002222F0070242F00202C3F8DE
:109730000022D3F8082222F0070242F00202C3F806
:109740000822D3F8502222F0030242F00202C3F8AA
:109750005022D3F8702222F0030242F00102C3F833
:109760007022D3F8202222F0070242F00102C3F84F
:109770002022204A5C6E5166426A22F00102426257
:10978000E2035CBF1E4A51664FF0E0210A6942F0D5
:1097900004020A61D3F8602222F0070242F00102BB
:1097A000C3F86022D3F8942222F0070242F00102AB
:1097B000C3F8942270BDD3F8FC2022F08072C3F865
:1097C000FC20D4F8802022F0030242F00102C4F809
:1097D00080200022C1F88020D3F8FC2042F0807263
:1097E000C3F8FC2069E700BF00800050081000208B
:1097F00000B4C4040090005000ED00E000000850E8
:1098000000A0005070474FF00042104B70B55D6EE5
:1098100003F580535A664AF6CD3304460C4980203E
:109820004E6C0B64FCF766FF0B6A23F4F85343EAB3
:1098300004230B62F30744BF064B0B64002DA2BF49
:109840004FF00042044B5A6670BD00BF00800050CC
:10985000008009503254FFFF00A000502DE9F04174
:1098600005460F461E4690464AB101233022194C48
:109870008B4002FB004436B304F5825423600F2171
:10988000072F05EB450388BFA7F108044FEA031330
:10989000114895BFBC00A40004330C3308FA04F24D
:1098A000A1401844FDF70AFAB8F1000F09D10123CD
:1098B0003021084ABB4001FB05223EB102F582522D
:1098C0001360BDE8F08104F50154D7E702F50152B9
:1098D000F6E700BF00C0035030C0035010B5044687
:1098E000D0F8A42093695906FCD5002394F8AD1054
:1098F0001A4694F8AC00FFF7B1FF002394F8AF10BC
:109900001A4694F8AE00FFF7A9FF94F8B430DA07CE
:1099100007D5002394F8B1101A4694F8B000FFF769
:109920009DFF94F8B4309B0707D5002394F8B3103B
:109930001A4694F8B200FFF791FF0122D4F8A43040
:1099400003F5005003F58051C2644A600A21596151
:10995000002159614260D4F8A800FFF739F90846A0
:1099600010BD0123F0B5C4B2204DA340D1F800C012
:109970008F7ACC7A0E7B2B65850005F1A04505F525
:109980008825C5F804C030256843240591F80DC02A
:1099900044EA074400F1A04000F5802044EA465420
:1099A00022F00302C0F860C0C4650267EFF31184BF
:1099B00085F311880E4A087A536500B11364487A1A
:1099C00000B1936308798A7942EA004207488261CC
:1099D0004D79CA79064942EA05428A61054A4363DC
:1099E000936484F31188BFF36F8FF0BD002004509F
:1099F00000100450000004500123C0B28340EFF374
:109A00001180302282F31188054A516D21EA030149
:109A10005165936280F31188BFF36F8F704700BF69
:109A2000000004500123C0B28340EFF311813022C3
:109A300082F31188074AD06A184209D1526B9343C6
:109A40000CBF0120002081F31188BFF36F8F704796
:109A50000020F8E70000045070B594002246054647
:109A60000E462EF0BDFE431C0AD058B922463146A0
:109A700028462CF0F4FF002814BF3D20002070BDC4
:109A80006E20FCE77120FAE741F671320121064BA6
:109A9000DA6303F50052D1600022DA634FF48032BA
:109AA000A3F518339A66704700000350ECE71143A2
:109AB00021F0F8014904044B490C41F440210630DF
:109AC00043F82010704700BF00800350021E30B5DD
:109AD0004FF000000CBF1025042547F60774084915
:109AE00052B9831D51F82330234023B10130854200
:109AF000F6D14FF0FF3030BD00F11603F2E700BFA2
:109B0000008003503AB122F0030202F1A04202F5B4
:109B1000603209B9106070470002FBE74FF48032F1
:109B2000084B5A6603F5EE239B69C3F3461203F014
:109B30000F010A434280C3F30342C3F3033342706D
:109B4000037070470090005013B5044601A8FFF75A
:109B5000E5FFBDF80630012223804FF4807300201A
:109B60006380054B9B680A3303F01F0302FA03F37B
:109B7000636002B010BD00BF0080E00F054B9A6823
:109B80009107FCD45A689207F9D4DA69002AF6D111
:109B9000704700BF00C00A500020704747F6FF73AF
:109BA0009A42F0B56FD002296FD8394B0B441B7C19
:109BB000012B6AD8374DDE0005EBC30393F85C0434
:109BC00093F85E14012815D1002593F85F04401A1C
:109BD000854202D30844C0B2F0BD441BD3F8606490
:109BE000A0EB540436F914609642D4BF254604F124
:109BF000FF30EDE7D3F860040028EDD0B0F9004065
:109C0000A24204DCB0F902409442B8BF14468388F3
:109C10003544FF2B19BFC8232827B0F90630B0F907
:109C20000870A3EB04030CBF0122002293FBF7F39F
:109C300095F85D6413441BB29E4201DD002B01DAEE
:109C4000731E1BB24FF47A7C00EBC305EA88AD6843
:109C50005F1C14FB02521D4622EAE2723BB25C32E8
:109C60009E42B2FBFCF204DD00EBC307BF88BA42A0
:109C7000EAD900EBC5039888904228BF1046884275
:109C800038BF0846A7E7FF20A6E70020A4E700BFEB
:109C9000E0910308081000200229F0B55CD82F4B92
:109CA0000B44197C012957D82D4B03EBC10393F8C2
:109CB0005C04D3F86014012811D193F85F0493F881
:109CC0005E44904294BFC4EB0003C4EB0203001B4C
:109CD000DBB28342C8BF002331F91300F0BD002975
:109CE0003AD093F85E04904202D3B1F90200F5E74E
:109CF00093F85F44B1F900009442EFD993F85D44C2
:109D00008B88013CA3F1FF06734201F10405E4B224
:109D1000734101F10C07DEB2B44216D805EBC30360
:109D20004FF47A756A43B3F902405B68D21A04EBC8
:109D3000D47302EB630292FBF4F29042CEDBB1F9F2
:109D400002009042CADC10B2C8E737F833C05E1C8C
:109D50009445E3D33346DEE70248BFE7E0910308CA
:109D6000081000200080FFFF2CF0A2B90023F7B5F7
:109D70000B600368054603F070430B60C2680C4635
:109D8000032A00F28180012A6ED812B143F00063E9
:109D90002360D5E90223900102F0407167D5B1F14B
:109DA000407F67D0002B6FD04FF00072236823F004
:109DB000407313432360EA68022A07D12A69032A01
:109DC00062D823F47F0343EA02432360EB68032B4A
:109DD00003D12B69F62B57D9A370AB681A0442BF85
:109DE000236843F400432360EB68032B09D0236806
:109DF0002A6823F4FF4323F07F03C2F30E021343C8
:109E000023602B68AE68002B06F480573EDB16F407
:109E1000E84F39D12B6806F4806603F0704303F1F4
:109E20000043B3F1804F04D21EB1236843F4806332
:109E300023600023284601A9019321F0ADF988B9D8
:109E40002B6813F0704139D12368019A23F4FF4342
:109E500023F07F03C2F30E021343236017B1EB69B3
:109E600093B10F2003B0F0BD43F0806390E7B1F1F0
:109E7000407F03D143B14FF0407297E702F0807208
:109E8000002B93D1002A91D02120EBE7730406F434
:109E900000520CD4002AF7D0236843F40053236007
:109EA000002FB7D0236843F480532360B2E72368C0
:109EB00043F480432360002AF2D0EDE703F05043DF
:109EC000B3F1004F05D0B1F1304F02D0B1F1404FA6
:109ED000DAD1019B2268013B03F07F0322F07F026D
:109EE00013432360002FBDD0EA69002ACCD0B1F122
:109EF000004FB6D1117F61B1002EB3D043F400738F
:109F00002360537F002BADD0236843F4807323601C
:109F1000A8E7537F002BA5D0002EA3D0F4E70123A0
:109F20004B60C368013B012B08D88269054B1AB10D
:109F30000A6000208B607047034AF9E74FF0005336
:109F4000F7E700BF08000020F4910308012373B570
:109F5000C56806469D420C464B6016D8002301A9F1
:109F6000019321F087F970B9019B05B11C33726927
:109F70009A4207D332696AB1226043F0005300204D
:109F8000A36000E01D2002B070BD023D012D01D88C
:109F90000023F4E72120F6E7436813B941607047D6
:109FA0005B685A68012AFBD1596070472DE9F04F70
:109FB000A9B0CDE9032180461D4604460822339FFF
:109FC00028FA02F383EA08039E0702F1080218BF89
:109FD0009B00202A1C44F3D1DFF8F4A1E4B29AF8E4
:109FE000743404F5062404F55064002B38D1FEF7D0
:109FF000DBFD8146002870D10146402208A82BF0E5
:10A0000071FF4022494618A82BF06CFF6D4E0AF5EF
:10A010007C73059306F10F0A102208A93346CDE997
:10A0200000A90598FDF760FC0022834608A95A455F
:10A0300040D101231022CDE900A36348334618A97B
:10A04000FDF752FC002283460DF1600A5A4549D1C2
:10A050005E4B10369E42DDD101225D4B83F87424A5
:10A060004FF480790026DFF868B1A4F50623A3F544
:10A07000506252090BEB8202D2F8E80204F01F0191
:10A08000C840C00746D4D2F80823CA40D20733D507
:10A09000A3F6FF43DBB2002E08BF264603F50624D5
:10A0A000B9F1010904F55064DFD1039B33B32EB33A
:10A0B00034462BE051F8040B07920691FCF772FB33
:10A0C000DDE9061201300BD10022414B83F87424E4
:10A0D0003F4B93F87434002BC2D16FF091000FE026
:10A0E0000132A4E75AF8040B0692FCF77FFB01301B
:10A0F000EED0069A0132A9E7039B23B96FF08B00DB
:10A1000029B0BDE8F08F002E18BF3446349B0020E4
:10A110001C60F5E7329B13B10023329A13600FB134
:10A1200000233B604FF0100A00232A4621462648B0
:10A13000CDF800A0FDF7ECFC002831D1329A254B78
:10A14000BAB92A689A4205D021461F48FEF75AF943
:10A150000028D3D1D5E9022304998B4208BF424598
:10A1600027D0A4F50624A4F6FF44E4B204F506249F
:10A1700096E7329AC2F800A02A689A42E4D1002FEA
:10A18000E8D03B462146104818AAFDF709FD38B92A
:10A19000329A3B68126893429FD39B1A3B60D9E77F
:10A1A0000D4B9842D0D06328CED00C4B9842D1D0E2
:10A1B00093E7039B002BA9D06B68012BA6D16FF00E
:10A1C00084009DE7006D0800F8130020006E080071
:10A1D00008100020105D175EFFDF00F0FEDF00F0CA
:10A1E00070B58CB006460D4614460021102208A812
:10A1F0002BF078FE002205AB029307AB019306AB70
:10A2000000933046294608ABCDE90622FFF7CEFE83
:10A2100018B9099B6360079B23600CB070BD70B5D3
:10A220008CB00C4605461022002108A82BF05AFEDF
:10A23000002205AB029307AB019306AB21460093C6
:10A24000284608ABCDE90622FFF7B0FE044630BB36
:10A25000099B012B26D0059E154D314605F57C70D6
:10A26000FEF7D0F808BBA6F50623A3F55063B3F5B7
:10A27000807F06F01F0110D85B09082B0DD001224A
:10A2800005EB8305D5F8E8328A4053403046C5F8DF
:10A29000E832FCF7ABFA013001D16FF086042046BA
:10A2A0000CB070BD6FF08404F9E76FF09104F6E72D
:10A2B00008100020F0B5164600221C4643688DB0F9
:10A2C0001B0A07460D46009204D0012B36D06FF0D2
:10A2D0008B006DE0224631460096FCF749FB0028D2
:10A2E00066D1F31CC4E9030523F003036361002E68
:10A2F00000F097802022002101A82BF0F3FD3146C9
:10A30000384601AAFCF734FB002840F08A80236815
:10A31000019A9A4240F085806368029A9A4240F01E
:10A320008080A368039A9A427BD1A369079A9A42D4
:10A3300077D1E369089A9A423AD072E0032E75D930
:10A340000B78012B7CD14978002941D0F7390829B5
:10A35000BDD801A353F821F0B5A300087DA30008E0
:10A36000CFA2000885A30008CFA20008CDA3000853
:10A37000CFA20008BFA30008C7A30008F8254FF428
:10A3800010561EE0FA254FF0807610271C2200217F
:10A3900002A82BF0A7FD0323CDE90435019703960E
:10A3A00001AD0FCD0FC495E80F0084E80F00002029
:10A3B0000DB0F0BDF7254FF000762027E6E7FE252B
:10A3C000214E224FE2E7FF25214EFAE7FC25D6E792
:10A3D0002B2E2BD9202220462BF084FD05F11003D3
:10A3E0002361AB070DD001AB05F1280C1A46286894
:10A3F0006968083503C265451346F7D1286801AD81
:10A4000010606B6869462360AB6820466360EB6848
:10A41000A6F11005A36001236561E36020F0BCFE96
:10A4200038B12022002120462BF05CFD6FF0860021
:10A43000BEE7009E06F11C039D42BFF458AFF0E753
:10A440006FF09100B4E700BF0044000220000080DC
:10A45000004400032DE9F04FA5B08046DDE92E9BB6
:10A460008A4615461E46002B00F0BD80B9F1000F4C
:10A4700000F0B980002900F0B680002A00F0B38017
:10A480000021D300309ACBF8001012A813602022CC
:10A490002BF028FD2946404612AAFCF769FA04462B
:10A4A000E0B90AAF0DF1480CBCE80F000FC79CE8FB
:10A4B0000F0087E80F00EB1C23F00303282221463E
:10A4C0001AA80F93CDE90D4A2BF00CFDD8F80430F3
:10A4D0001B0A07D0012B13D06FF08B04204625B048
:10A4E000BDE8F08FA945C0F0818032464B461AA8DE
:10A4F000CDE916232EF07DF858B16FF09204EDE708
:10A5000005F12C03994571D306F1100205F11C03E6
:10A51000EDE712A90AA820F067FE18B9159B013BC8
:10A52000012B07D96FF092041AA82EF062F80028C8
:10A53000D4D0E2E74FF080731C90CDE91A3022901E
:10A5400007A912A8FFF712FC0028EBD107991AA857
:10A550002EF056F801A90AA8FFF7F8FC0028E1D16F
:10A5600001A91AA8FFF718FD04A912A8FFF7D7FC44
:10A570000028D7D11AA8FFF70FFD07A912A8FFF7E7
:10A58000E5FC0028CED107A91AA82EF042F82CF03D
:10A5900013FB0028C6D1B9F12B0F2AD90123338030
:10A5A000129B70807360139BB360149BF360D8F8A8
:10A5B0000430CBF800001B0A04D0012B11D06FF03F
:10A5C0008504B1E7B8F8003023F0FF02B2F5824FFE
:10A5D00004D1413BDBB2012B00D90135CBF800504F
:10A5E000A2E72C35FAE76FF0860477E76FF08C046A
:10A5F00074E76FF0890471E70028ACBF00F1604098
:10A60000064B4FEA0111C9B2ABBF00F5614000F043
:10A610000F0080F800131954704700BF14ED00E0DC
:10A62000002807DB01234109034A00F01F00834093
:10A6300042F82130704700BF00E100E008B52B4B25
:10A6400083F30A884FF48041294A2A4B9360D2F859
:10A65000883043F47003C2F88830274B99664FF076
:10A66000FF31264B19666FF4003159660D2199664A
:10A670000221C2F8D010BFF34F8FBFF36F8F0121BB
:10A680004FF44034A2F54062C2F880110020DC6033
:10A69000FFF7C6FF1A4B1B481C611B4BC01A8010EA
:10A6A00020F0A8FF194B1A498B4212D30020194BF6
:10A6B00019498B4218D308F065FD186850F82240FC
:10A6C000586840F82240013298688242F5D30C3332
:10A6D000EAE70022F8E71C6844F8220001325C68CF
:10A6E000A242F8D30833E4E70022F8E7080000208C
:10A6F00000ED00E0006000080090005000A0004461
:10A7000000800044C4620008B4610008F01304082B
:10A71000FC130408FC130408FC13040808B5EFF349
:10A72000108072B6034BD3F878342DF04EFF1846E4
:10A7300008BD00BF081000202DE9F041046805465F
:10A7400094F89420002A63D1EFF31183302181F330
:10A750001188C4E9162283F31188BFF36F8FFFF7C6
:10A76000DDFF854202D1104624F0C6F8236E2A4F41
:10A7700093F910603046FCF7A1FB3046FCF766F811
:10A78000236E93F911603046FCF798FB3046FCF7D6
:10A790005DF897F82C33207D43B1072806D807EBE6
:10A7A000001393F874310BB1FFF726F9207D24F0E4
:10A7B00077F8EFF31188302383F311880023174AC9
:10A7C000167BAEB90133082B02F11002F8D1232019
:10A7D000FCF73CF8FF22124B31465E6520209A625E
:10A7E0005E60FEF7F5F92120FEF7F2F987F82C6399
:10A7F00088F31188BFF36F8F0023C5E90033C5E9E3
:10A800000533EB60236E2046BDE8F041DB68184756
:10A810000F20BDE8F08100BF08100020701100205B
:10A820000000045010B510B9FFF778FF28B1436855
:10A830001BB1BDE8104000681847232010BD07B5C4
:10A8400001228DF807100DF10701FFF7EBFF03B0B0
:10A850005DF804FB0B4601461846F0E710B50446C8
:10A8600020F0FEFA28B1006818B12146BDE810407A
:10A87000E5E710BD302337B5007D0DF107014343F7
:10A8800003F1A04303F58023DD6E1C6F2DF082FEE3
:10A890009DF8070040B9054B9D4203D184F00204A6
:10A8A000C4F3400003B030BD0120FBE735130020A6
:10A8B0003021037D02464B4303F1A04303F580237F
:10A8C000D86E07491B6F884208D113F0020006D0EA
:10A8D000106A136D1B1A5842584170470020704788
:10A8E000351300202DE9F84F90F8943004460D46BA
:10A8F0001646002B40F08E8090F89970EFF3118887
:10A90000302282F3118890F895206AB190F898204F
:10A9100052B180F89530EFF3108972B601202DF016
:10A92000E3FD48462DF051FE88F31188BFF36F8F89
:10A930004FF030082E44AE4205D1236E012120464F
:10A940009B68984754E094F89A30002B3ED0207DC5
:10A95000FCF79AFB2046FFF7ABFF0146207DFCF792
:10A96000B5FB99BBEFF3118988F31188207DFCF7C3
:10A970008BFB2046FCF727F9D4F848A0411E51452F
:10A9800038BFE16C94F854B038BF01F1FF31207D3D
:10A9900038BF5144FCF79AFBBBF1000F12D10B46B4
:10A9A000D4F89C0098420BD013F80129112A01D049
:10A9B000132A20D1A2F111035A425A4184F8A0204F
:10A9C000C4F89C1089F31188BFF36F8F94F8A030FE
:10A9D000002BB0D0236EA9462A785B6897B9236E06
:10A9E00020465B6899F80010013598470028A2D0EE
:10A9F0000020BDE8F88F9A4582BFE36C03F1FF3376
:10AA00005344CFE70A2AEAD10D212046984700286F
:10AA1000E5D0EDE70E20ECE72DE9F04F044685B0D8
:10AA2000007D04F13806FCF72FFB00211022304690
:10AA30002BF058FA4FF0300B4FF44473DFF80CA1B1
:10AA4000207DDFF80C910AF22D3763870BFB009312
:10AA5000C4E90F77DB6EBB4204D105B0BDE8F04F0F
:10AA6000FCF734BB0DF10F012DF094FD9DF80F7034
:10AA7000002F62D12046FCF7A6F89AF82C238046D6
:10AA8000237DEAB1072B1BD80AEB031A9AF874212D
:10AA9000B2B1EFF311818BF31188D9F834000BFBBD
:10AAA0000399D9F8642081F31188BFF36F8F0121D6
:10AAB00001FA03F3034204BFC2F30A135F183D46D1
:10AAC00004F11807102200213846D4F810902BF01A
:10AAD00009FA3022237D013D5343C5F30A052D01B8
:10AAE00045F04075C4E9065903F1A043C4F820803D
:10AAF00003F580231A6F94F82410520862F3410181
:10AB000084F82410196F94F8242027F0030761F3C8
:10AB1000000284F824201B6F626A9B0863F39F0283
:10AB200047F00207626267640094207D3246214646
:10AB3000054B23F0D7FF207D8FE794F844306FF367
:10AB4000410384F84430EFE785AD00080810002089
:10AB5000000004502DE9F04F9B460023044689B0C5
:10AB600005910392CBF80030DBF80050039B5E1B8D
:10AB700000F0A180059B5D1900F09D80207DFCF711
:10AB800083FA2046FFF794FE8146207DFCF79EFA6B
:10AB9000B9F1000F40F08F802046FCF714F8216DCA
:10ABA00094F89A8088429CBFD4E91203C018401AD6
:10ABB000864228BF0646B8F1000F00F0AC80EFF3E4
:10ABC00011830493302383F311883746D4F850A0BF
:10ABD0002046FFF74FFE0AEB06029245D4F89C1080
:10ABE00072D1D4E912231344994208BFC4F89C20BF
:10ABF000049B83F31188BFF36F8F8046207DFCF7A1
:10AC000043FA0DF11F01207D2DF0C4FC2046FBF717
:10AC1000DAFFD4F850A08146504540F28A80A36CF8
:10AC2000B5B29A457DD123691022049304F128031B
:10AC3000002118462BF056F93021049A013DC4E951
:10AC40000B2A227DC5F30A054A432D0120F0030398
:10AC500002F1A04245F0407543F0020302F5802264
:10AC6000A5621367236DD4E9121233440A44934258
:10AC700008BF0B464B45236505D10123204684F8C8
:10AC80005430FFF7C9FE207DFCF720FA94F89A3083
:10AC90003BB1B8F1000F04D0236E112120465B6850
:10ACA0009847DBF8003037B1039A3B449342CBF826
:10ACB0000030FFF459AFDBF80030002B14BF002048
:10ACC0001B2009B0BDE8F08F0AF1010A0AF1FF3339
:10ACD000994210D1C4F89CA01AF8013C112B01D064
:10ACE000132B14D1013FA3F111014B424B41C1463B
:10ACF00084F8A03071E71AF8013C03F0FD01112936
:10AD000006D1013FB9F1000F3FF467AFEBE7C14651
:10AD100005F8013B61E7324628462BF0B0FE374686
:10AD20006CE7238DC3F30A12154465F30E132385D4
:10AD300098E79DF81F30207D93B93023434303F1FA
:10AD4000A04303F58023596E5A6EC1F30A1122F411
:10AD5000FF42314422F0700242EA01125A6681E752
:10AD6000CDE900644A462369216823F053FE30226E
:10AD7000237D534303F1A04303F580235A6E22F44D
:10AD80008012EBE792F8543037B5144633B1936D27
:10AD90000BB1D06D9847002384F8543094F89A3062
:10ADA0001BB32046FFF766FDF8B1236E1321204642
:10ADB0005B6898471025236E20461B680DF107013C
:10ADC000984778B99DF8073003F0FD02112A05D1A4
:10ADD000A3F111025342534184F8A030013D15F014
:10ADE000FF05E8D12046FFF717FE002084F8540045
:10ADF00003B030BD1A2813D8102815D940F2852386
:10AE0000A0F11102D2B2D340DB070DD50122074BCE
:10AE100080F0200083F87D0483F87C247D2003E00B
:10AE2000A0F17D03012BF1D9704700BF081000206D
:10AE300049BA89B280EA0103C3F3031253401803ED
:10AE400080B258405B0103F4FF535840704708B587
:10AE5000302383F311884FF20F02034B18805A807E
:10AE6000BFF35F8FFCF70EF83840002008B52DF0D7
:10AE7000DAFB4FF6FF73002818BF0346014AA2F819
:10AE8000883408BD081000204FF07E62F8B54FF6F8
:10AE9000FF73B2F84670B2F84460174D9F4208BF86
:10AEA0004FF448679E4208BF4FF4C876B5F88A440D
:10AEB00060B16400A5F88A44B5F88A34BB4215D95C
:10AEC000A5F88A740023A5F88834F8BDB5F888344D
:10AED000002BF1D02DF0A7FBB5F88834C4EBC404E7
:10AEE000C01A80B204EB8004E408E3E7B34238BF41
:10AEF000A5F88A64E6E700BF081000206E4A2DE935
:10AF0000F0416E4B55686E4C9D65516AD9656D492F
:10AF1000D1F800021866D1F804025866D1F8081278
:10AF2000986B9966916A10F0040FD966D16A4FF058
:10AF300000001967116B5967516B9967D26B1865DF
:10AF4000DA67D3E90F1218BF11465F4A91425A657A
:10AF50005DD301F12000A04259D88869C5F30805E6
:10AF60005864CE69062D9E6455D1584DA84252D3DF
:10AF7000574DA8424FD205884DF6426085424AD1CE
:10AF80005868C3F898009868C3F89C0040F20170B4
:10AF9000A242154604D22E680432B6F1CD3FF7D056
:10AFA0000022C3E92022C3E92222C3E92422641B30
:10AFB000DFF818C1424DDFF818E1DC648D422DD86E
:10AFC000D3E920C7D3E92265D3E924414FF0000E2D
:10AFD000013AD2B2FF2A3CD1BEF1000F05D0C3E93D
:10AFE00020C7C3E92265C3E92441B3F85830C3F34D
:10AFF00008030C2B3BD8022B54D9DA1E092A51D84E
:10B00000DFE802F03157404350505050504D00217E
:10B01000C3E911112C494FF42060B9E755F8044DEC
:10B020006445CBD37445C9D2E607C7D50026294F5E
:10B0300057F8048FA045C1D00136062EF8D132B1A1
:10B04000013AD2B203EB8206C6F88040B6E7052289
:10B05000F8E7E0464FF0010EBC4637462E4625463F
:10B060000C464146B4E740F60120BDE8F0814A2B8A
:10B0700018D1194B9B6913F0020F40F2025318BF0D
:10B080001846F2E740F60320EFE740F2017240F67F
:10B090000423B0F5206F14BF10461846E5E740F6CC
:10B0A0000520E2E740F60722013B6B2B98BF1046D4
:10B0B000DBE740F60220D8E700ED00E03840002052
:10B0C0000810002000E100E008000020D062000825
:10B0D000C0870308B44000200040005B0B4AB2F96F
:10B0E00008301089002BB8BF80F06200B2F90A1056
:10B0F0004300138153890029BCBF83F4805383F03C
:10B100000B03590051815840704700BF0C44002088
:10B1100010B50A4B93F88C2412F002000DD193F86D
:10B120008D1493F88E448C421FBF62F07D02A3F809
:10B13000880483F88F1483F88C2410BD0810002035
:10B14000074A92F99034002B09DB92F88C3403F013
:10B150004101402904BF43F0050382F88C34704755
:10B160000810002038B50E4C04F2924594F88D2456
:10B1700094F897349A4200D138BD28461FF0FEFD5E
:10B18000B4F89434834204BF012384F8963494F8CD
:10B190009734013303F0070384F89734E6E700BFE0
:10B1A00008100020064BB3F89424B3F89814914289
:10B1B00004BF012283F896240022A3F89824704744
:10B1C000081000207028034607B504D103B05DF8CD
:10B1D00004EBFBF761BD074A3D2092F89A140191F8
:10B1E00092F8902404490092022209F0A5FB03B0D2
:10B1F0005DF804FB08100020C08D030807B5034666
:10B20000009102223D20034909F096FB03B05DF84E
:10B2100004FB00BFC18D0308F8B5B84CB4F88834FE
:10B22000BBB32DF000FAB4F88834C01AB4F88A34ED
:10B2300000B298422DDB94F88C34580629D5990732
:10B2400094F88D244CBF94F88F3494F88E349A423D
:10B2500036D00120FFF718FE7320FFF7B3FF4FF041
:10B260007E624FF6FF7194F8A0340133DBB284F8AC
:10B27000A034B2F848208A4208BF032293421CDD62
:10B280005123722084F8A134FFF79CFF202384F817
:10B290008C349B4D94F98C2494F88C34002A1CDA5D
:10B2A00013F0300310D01A20FFF7D8FA94F88C343A
:10B2B00003F07F0384F88C34ECE7FFF729FFE8E71D
:10B2C0000023A4F88834E4E794F8A224022AEDD1FC
:10B2D000A4F8883484F8A234E5E794F8A224012A7B
:10B2E00000F0FB800DD9931E012BD3D894F8B01435
:10B2F000FF2900F00B81002940F0F88094F8A31496
:10B30000F2E09A0719D594F88F2494F88D6494F894
:10B310008E04B11A821A02F0070201F0070191426D
:10B3200098BF84F88F6494F88F24824205D123F06B
:10B33000020384F88C34FFF715FF94F88C6416F040
:10B34000300F20D0B70618D5C22394F8A10484F892
:10B35000A334022384F8A50484F8A4340320012331
:10B3600026F03C0684F88C6494F8A31484F8A23484
:10B370001FF088FDFFF772FA8CE7C12384F8A3342D
:10B38000FBF7A5FAE5E716F00C0F23D0700794F849
:10B39000A61413D56039C9B2802084F8A314FFF72E
:10B3A0002DFF94F88C3403F0F30384F88C3494F874
:10B3B000A63484F8A73401231846D5E781F080012C
:10B3C0007E2084F8A314FFF719FF94F88C3403F05F
:10B3D000F703EAE7B1072ED594F88F6494F8973411
:10B3E000F61A06F00706EFF31187302383F311886E
:10B3F000B4F892042DF0CCF9AEB987F31188BFF3FD
:10B400006F8FA4F8A8042CF0B5F994F88F2494F861
:10B41000A634013043EA021343F0080384F8A3344E
:10B42000C0B20323A0E70146013EB4F892042DF018
:10B43000B4F9F6B2E0E74FF07E634FF6FF70DB8FB2
:10B4400094F88D14834208BF052394F88E240B448E
:10B45000013B521A5B1A02F0070203F007039A42FB
:10B4600030DCB4F89E64AEB1264B1888C4F8AC3416
:10B470002DF08EF9A4F8A8042CF07CF994F88E2411
:10B4800094F8A634013043EA021384F8A334C0B21E
:10B49000022369E7B4F89C34A3B194F8AA346BB1E1
:10B4A0002DF0C1F894F8AA34C3EB1010020607D4AB
:10B4B00084F8AA64B4F89E34002BD5D1124BD4E79B
:10B4C000002BF7D094F8A72494F8A6349A4244D0DD
:10B4D00094F88C3443F00803ECE694F8B034FF2B76
:10B4E0002FD0234493F8A314002041E7013989B2F7
:10B4F000B4F8A80409F00CFE0146F5E70810002096
:10B500009A140020A6140020A4140020022A1CD1A2
:10B5100094F88E34D4F8AC04013303F0070384F8B4
:10B520008E341FF02BFC2846B4F8A8142DF018F91F
:10B53000B4F888340BB9FFF799FC94F8A63484F872
:10B54000A734002384F8A234A4E694F88F3401339E
:10B5500003F0070384F88F34EAE7F8BD07B5064B1C
:10B56000022293F890343D2000930449812309F08E
:10B57000E3F903B05DF804FB08100020C18D030857
:10B58000F8B500240646274630462CF0F3F88742EB
:10B5900000D3F8BD30462CF0EDF8C51BEDB2202DE0
:10B5A0003946304628BF202509F09FFD002C08BFF2
:10B5B00042244219904202D13D44EFB2E4E710F830
:10B5C000013B634000F8013C04F00103C4F347046D
:10B5D000002BEFD084F0B804ECE72DE9F04F85B0F4
:10B5E000002800F0F5807B49D1F8C844D1F8CCE4BC
:10B5F000EFF3118B302383F3118810F8087C30F8B7
:10B6000006CCFE0702D5BCF1000F07D18BF31188E1
:10B61000BFF36F8F012005B0BDE8F08FD1F8BC54A7
:10B62000D1F8C494A5EBCC0330F8048C0193C1F895
:10B63000BC3409F10103A0F108060CF10102C1F8C4
:10B64000C434B8F1000F42D04FEAC8030293A6EB0E
:10B65000C803DD88B3F802A003951D7807F0020740
:10B66000ED0724D427BB039DA5EB0A07012F2ED19C
:10B67000019D0CF10202083D5244C1F8C494C1F886
:10B68000BC5430F8028CB8F1000F22D110F8085CDD
:10B6900020F8068C68F3000500F8085C013A5A802F
:10B6A0001A7868F300021A700022DA8046E077B157
:10B6B000DDE901757D1BC1F8BC5410F8085C4244FB
:10B6C0006FF3410500F8085C00259D80D9E73346FB
:10B6D000D7E7D1F8B454D1F8B87406EBC8092F44B1
:10B6E000B9450ED310F8085C013A6FF3000500F875
:10B6F000085C002520F8065C5A801A7865F3000281
:10B70000D1E716F838604D4616F0010632D010F831
:10B71000086C013A6FF3000600F8086C002692B23C
:10B7200020F8066C5A801A7866F300021A70C3F18A
:10B7300007022A44C2F3CF02DA80AA80002C45D047
:10B740009C4243D86288002A08BF1C46BEF1000F05
:10B7500006D09E4504D3BEF80220002A18BF7346C7
:10B76000C1F8C844C1F8CC348BF31188BFF36F8F94
:10B77000002050E7A8EB0C08B8F1010FC7D1B9F8C9
:10B780000270A9F802601744B9F80620E2B109EB8B
:10B79000C2050026D1F8C424013AC1F8C424D1F866
:10B7A000BC24083AC1F8BC2410F8082C20F8066C18
:10B7B0006FF3000200F8082C1A785F8066F300022D
:10B7C0001A70002DB3D16FE71546E2E71C46BDE7BE
:10B7D000222020E708100020002313B5019369B14F
:10B7E00060B101FB00F401A920461FF02FFC0146C7
:10B7F00020B9019810B122462AF074FB019802B0DA
:10B8000010BD2DE9F04F87B082468946984616460E
:10B81000DDF840B02AB1002B52D040F26C739A424E
:10B8200051D8BBF1010F51D8002406F11007394659
:10B8300001200594FFF7D0FF0546002849D0214696
:10B840003A462AF04FFB05ABCDE9014300942B4665
:10B85000012250464946FEF7A9FB044680B110F18B
:10B860008C0F08BF6FF08D043A46002128462AF05D
:10B8700039FB2846FFF7B1FE204607B0BDE8F08F40
:10B88000154BC5E902A92B60C5F804B02EB13246AC
:10B89000414605F110002BF0F2F8059E3B462A4682
:10B8A00031460E48FCF724FD38B93046FAF77AFFE6
:10B8B000013008BF6FF08604D6E76FF09104D3E73C
:10B8C0006FF08604D8E76FF09104D5E76FF0850438
:10B8D000D2E76FF08C04CFE7105D175EF8130020FD
:10B8E000FEE7002307B5084601A901931FF0AEFB50
:10B8F000019803B05DF804FB08466EE60846114661
:10B900006AE7002303604360704730B5D0E905451E
:10B9100053B394420FD0E2B9046974B9036983B395
:10B92000002918BF0D462B78DB0714D5AB8843B32D
:10B93000A5EBC305F7E704698CB141B90468237826
:10B94000DB070CD5E3884BB104EBC304F7E70C46E7
:10B95000F5E79542E2D0C0E9054530BD1C46954269
:10B96000DCD0002ADAD0F6E7944208D08C4228BF17
:10B970000C46954207D08D4238BF0D46EBE70C468A
:10B98000F7E71D46E7E70D46E5E700232DE9F34716
:10B99000964E0193D6F8B8340C469A42104604D21B
:10B9A00039B912B101A91FF051FB019802B0BDE8ED
:10B9B000F0871AB90846FFF710FEF6E7EFF3118893
:10B9C000302383F3118834F8063C0730DF0020F081
:10B9D0000705AF42A1F1080180F0898034F8020C1C
:10B9E00000286ED0C21A012A6BD101EBC00211F8F7
:10B9F0003000C00765D4B2F802C0A7EB050919EB07
:10BA0000CC095ED4B9F11F0F39DD6119C5F3CF053B
:10BA100024F8065C0135084624F8025CFFF771FF44
:10BA200034F8020C4FEAD9038880D0884B8018B3D1
:10BA30005588451B15FA83F39BB202EBC000CB80FF
:10BA4000838000236A48FFF760FF1046FFF759FF25
:10BA5000002234F8061CD6F8BC34019403EBC10371
:10BA6000D6F8C014DB1B8B42C6F8BC343CD86AB392
:10BA7000083BC6F8BC3429E00023CB80E1E7D6F8C8
:10BA8000C40401330138C6F8C404D088634424F8E0
:10BA9000063C90B15588451B15FA83F39BB202EB27
:10BAA000C00024F8023C838001235148FFF72DFF9A
:10BAB0001046FFF726FF0122CBE7002324F8023CC3
:10BAC000F2E7284601A91FF0C1FA20B188F31188D6
:10BAD000BFF36F8F69E73A46214601982AF0CFFFFE
:10BAE0002046FFF77AFDF1E7C6F8C034BFE77AD900
:10BAF00034F8020CA7EB050900F1FF3AAAEB030AA0
:10BB0000002836D011F8303001EBC002DB0731D409
:10BB1000BAF1000F2ED1C5F3CF03611924F8063C0A
:10BB20000133084624F8023CFFF7EBFE508800EB97
:10BB3000D90334F8020C4B808880D088B8B1B2F8B1
:10BB400002C0A0EB0C0C1CFA83F39BB202EBC0000A
:10BB5000CB80838000232648FFF7D7FE1046FFF7EF
:10BB6000D0FED6F8BC3401942B44DB1B81E7C8809F
:10BB7000F0E70246B9F1270F35D9C5F3CF036119B4
:10BB800024F8063C0133084624F8023CFFF7B9FECE
:10BB900034F8020C09F1FF33DB084B80888002B3D4
:10BBA0000AF1010A1AFA83F39BB2CB809380D6F88C
:10BBB000C4340F480133C6F8C43400231A46FFF7D3
:10BBC000A4FED6F8BC34D6F8C02408332B44DB1BC3
:10BBD00093420194C6F8BC347FF678AFC6F8C034FF
:10BBE00074E7CA80E3E7019470E700BF0810002003
:10BBF000BC14002003464160EFF3108072B6044A83
:10BC0000D2F8DC141960C2F8DC342CF0DEBC00BFC2
:10BC10000810002001234FF0604207480749C0F890
:10BC2000E034D2F8003E00F2E44043F48073C2F8FE
:10BC3000003EFFF7DFBF00BF081000203C4400209B
:10BC4000F8B51E4DD5F8E0340BB9FFF7E3FF00233C
:10BC50001B4CC5F8EC342378532B01D007F07CFF44
:10BC6000EFF311834FF0200181F31188154A00266C
:10BC7000C4F8B021012720221348C4F8B401C4F845
:10BC8000B821C4F8C061C4F8BC61C4F8C47183F3BE
:10BC900011880E4B1038C5F8F0340D4BC5F8F83448
:10BCA00022F02AFEEFF3108472B638462CF01CFC0A
:10BCB00020462CF08AFC3046F8BD00BF081000205A
:10BCC000004C00206B88030804150020C56A00089A
:10BCD000FF6B000838B5084CD4F8E0340BB9FFF717
:10BCE00099FF0025054B0648C4F82035C4F82855AF
:10BCF00022F002FE284638BD081000209B6A00088A
:10BD0000241500200146EFF3108072B6084AD2F8DD
:10BD1000DC3402F2DC422BB1994205D10B6813608E
:10BD200000230B602CF051BC1A461B68F3E700BFE0
:10BD3000081000200246EFF3108072B60E4991F809
:10BD40002C35FF2B02D1A2B12CF03FBC1BB9002A2D
:10BD5000FAD0012203E0002A0CBFFF220122134483
:10BD6000DBB281F82C35B3FA83F35B0981F82D350A
:10BD7000EAE71A46F3E700BF0810002010B50A4CA6
:10BD800094F8403573B194F841355BB12BF016F857
:10BD9000002384F8413584F84235012384F8433583
:10BDA00084F8443510BD00BF081000200122024B6A
:10BDB00083F82E25704700BF0810002000232DE9CE
:10BDC000F04FB748B74AB84D121AC5F8B824013A2F
:10BDD000A7B0D20885F8D034C5F8D834C5F8B40473
:10BDE000C5F8C804C5F8CC04FFF78BFD42800823D2
:10BDF0000122C5F8BC34C5F8C424C5F8C034EFF33B
:10BE00001183302181F3118895F85015002940F0F5
:10BE10005B8485F8502583F31188BFF36F8F6FF033
:10BE2000040210460132052152B2FEF7E5FB5D2AFD
:10BE3000F7D14FF0004807224AF6CD369B4F9C4978
:10BE40009C4BC7F864804C6C0B200E64DA63FAF7E5
:10BE500051FC4B68984823F4F87343F480734B60AB
:10BE600040F209138B6040F203130B610023C7F803
:10BE700064804A6C04F0010402F001020E640E6B4F
:10BE8000370740F12A84834240F02484884B002AFB
:10BE900040F037840CB1894A1A644FF00042884B55
:10BEA00083495C6E03F580535A664AF6CD334E6C77
:10BEB00080200B64FAF71EFC0B6AF00723F00F03D7
:10BEC00043F00C030B6248BF7C4B7E4848BF0B64B9
:10BED000002CA2BF4FF000427B4B5A662CF068FC4E
:10BEE0007A4AD2F84C3113F4802300F00E844FF0DC
:10BEF0007E6292F89C3092F99C20002AB8BF3F23C2
:10BF00004FF40001694A022051664FF4D15102F505
:10BF1000B83251626E494F2B486028BF4F23012031
:10BF200001F58051DBB24860116911F48031FBD119
:10BF300043F48073536140F20143664E14AC936046
:10BF400051600FCE0FC40FCE0FC496E8030084E8F3
:10BF500003005E4BD3F84C21120340F1DA83A3F5C2
:10BF6000FE431B88B3F5807F28BF8C235A4E8DF883
:10BF7000693096F92C20134483F308038DF8683058
:10BF8000564B73604E4B1B6F03F00703032B01D11D
:10BF90002AF0F4FD1FF0A3F9032815D04FF4801206
:10BFA000424B14A85A6645F60E024D4BC3F880204A
:10BFB0004FF0A06203F580539A624FF4803203F58C
:10BFC00080539A62FAF788FE4FF4C0223F4BD3F8B1
:10BFD0009840364B5A6603F598335A68012A00F0A8
:10BFE0009C831FF07CF905280CD100213D48FCF70B
:10BFF00057FF334A136F43F4806313674FF4803263
:10C000002A4B1A673768384B24F040749F4202D895
:10C01000344822F0EBFC354BDA6812F0060FFBD106
:10C020009A689C6099684C4014F4F81F0DBF2D4C21
:10C030009A603C4634601FF052F905281DD12AF061
:10C040009DFD8046FCF7B8FD0128D4BF01210021E9
:10C050004046FCF725FF4FF4C070FCF775FF2449FC
:10C06000174A884294BF00200120136F23F4806395
:10C0700043EA80231367FDF7C5FABC4202D80020CB
:10C0800022F0B4FC4FF40022084C104B1948D3F8AE
:10C09000C03062664FF0B44223F040732CE000BF22
:10C0A000C855002000000820081000200090005013
:10C0B000008009500040005040420F003254FFFF02
:10C0C00000800050FC92030800A000500080E00FA8
:10C0D00000100250009303080C440020C0175302C4
:10C0E0000040005A00B4C404FFB3C404000001506F
:10C0F00080F0FA022893030893602CF059FB4FF468
:10C10000800302226366C84B5A609A6812F4803238
:10C110000592FAD15A62059A5A60FDF783FAEFF355
:10C12000108772B6C1482CF043FB95F85135002BAF
:10C1300040F0488306F058FA002800F02183384682
:10C140002CF043FA06F050FAF26B511C08BFB84BC2
:10C150004FF4003108BFD3F894204FF0502308BFAC
:10C16000F2631967D30700F1D48301210C46084616
:10C1700004FA00F3134001F1010100F0CC83AD4B50
:10C1800003EB4000B0F85031DFF8F0B2062BBBF8FB
:10C190000020BBF8021040F0C5834FF20F03994214
:10C1A00040F0BD83B2F5406F28BF4FF4C0624CF23F
:10C1B0003C33A5F82823ABF802309F4A536A43F476
:10C1C00070235362EFF308834FF0CD319B4A043B59
:10C1D000934280F0B8830222954B1A6706F004FA66
:10C1E00018B16A2196482AF041FD1FF0A1FA4FF4D8
:10C1F000005022F00FFD4FF40053924CC5F8640537
:10C20000C5F86835002800F0A183D4F864351BB95F
:10C21000DE218D482AF02AFDD4F86835D4F864254B
:10C2200023F001031344C4F86C25C4F87035C4F836
:10C230007425002A40F09583F82183482AF016FDE2
:10C240007A482CF0B5FA03213C20FEF7D5F94FF4DB
:10C2500080134FF004094FF08052DFF824827B4DA9
:10C26000C8F86430DFF81CA2794BC5F874A03C20F4
:10C27000C5F87490C5F870A0C5F87090C3F8842113
:10C28000FEF7CEF94FF00072724B6848C3F874A005
:10C29000C3F87490AA624FF480529A622CF088FA24
:10C2A000FDF714F84FF000639B6A6B4F03F178427F
:10C2B000B2F5C04F52D21A68684B9A424ED194F8E8
:10C2C000785515F0FD0549D194F87935002B00F02B
:10C2D0004E83022384F879354FF000639B6ADB6953
:10C2E000984794F879850746B8F1010F40F0DA8352
:10C2F000FAF792FB013040F0C383D4F88025584B05
:10C300001A66D4F884255A66D4F888259A66D4F833
:10C310008C25C3F87021D4F890251A64D4F894259C
:10C320005A64D4F898259A64D4F8A425D00700F16B
:10C33000B683D4F89C25484B5A66D4F8A0259A6653
:10C3400025F0BAFBD4F87C3583F31188BFF36F8FE7
:10C3500084F8795517B9012384F87835FCF724FC63
:10C3600032482CF025FA4FF440730122042114A81E
:10C37000ADF85030FAF7B0FD01223A4BC3F844242F
:10C38000EFF31185302383F311884FF46070FCF7CD
:10C39000DBFD85F31188BFF36F8F274B00F5D520A8
:10C3A000D3F8F02000F2FC4042F00102C3F8F02084
:10C3B000D3F8FC20264D42F08072C3F8FC202A4AB4
:10C3C000A3F55D431A60294B0222B0FBF3F0284B22
:10C3D00001381861C3F8F0204FF48072C3F80423C9
:10C3E0004FF06043234A1148C3F8B02F224AC3F8E4
:10C3F000802ED3F8002E42F48072C3F8002EFF2264
:10C4000083F82020D3F8002E22F48072C3F8002E87
:10C410002CF0CEF96B681B0636D480232720C5F894
:10C420008431FEF7FDF82FE000400250E891030848
:10C4300000400050E091030800ED00E008000020FB
:10C440000088030808100020098903080060005ACA
:10C4500000E100E00050005A0080005007B0CD5EBF
:10C460000080004400D00350FF030040F8590D0045
:10C47000000004E055CEACC50900010038400020A2
:10C4800000900050010000A06B68DF0506D44FF457
:10C4900080732820C5F88431FEF7C2F84FF060455C
:10C4A0000227D5F8003E14A843F48073C5F8003E77
:10C4B0009D4BCDE914731FF007F9D5F8003E23F426
:10C4C0008073C5F8003E06F08FF8054640BB9748DC
:10C4D0002CF06EF9964B974A1A624FF41672C3F815
:10C4E0003C7103F5EA239D64D4F884345343924AA3
:10C4F00003F5742303F23F23B3FBF2F38F4AC4F82E
:10C500004835D4F8A835D4F84815013542F8041B4D
:10C51000EDB2D4F848150A2D0B44F4D1C4F8A8356F
:10C5200094F8D51594F8D435022901D1072B19D0E8
:10C53000D80703D443F0010384F8D43594F8D435F4
:10C540009A075FBF012243F0020384F8D43584F8D0
:10C55000DC2B94F8D42511B9D70700F1A582550733
:10C5600040F1A982FFF7B6FB75497648FFF742FB19
:10C570000BF0C8FFFFF764FBEFF3108372B6C4F84B
:10C58000E835FCF711FB002800F09A8204F052FD18
:10C590001FF0CEF8012029F01EFD22F043FD0221FC
:10C5A000694B6A48CDE914134FF00073CDE91603C7
:10C5B000072314A94FF0FF30189329F052FD0123EF
:10C5C000002784F8E13B624B624DC4F8E27B5F6078
:10C5D0009F60D5F8FC311020C3F3074308930DF09A
:10C5E000BFFF10F0800F384600F078820DF0B8FFE2
:10C5F00002060CD5089B802B40F066822B6A13F054
:10C60000020F00F07E82EB699D0740F17A8252486A
:10C610002AF0D9F851495248FCF7F8F9054618B301
:10C62000D6E90401B36A00251B689847B36A14A8C9
:10C630009B689847B36A0220DB689847159873692E
:10C64000E9B2B3FBF0F38B42B26A05F1010500F2E7
:10C650005D82D36800209847B36A5B6898473F497A
:10C660003F48FCF7D3F905464FF000093D4E3C4FDB
:10C6700006F5987306F1980A0693002D40F09B8208
:10C68000394B19F80330002B00F02087D6F80080D2
:10C69000384641460BAB0FAAFBF782FA2D280AD089
:10C6A000002840F088820F9B012B00F084824146D5
:10C6B0003846FBF7A7FEDAF80030414638461A68DC
:10C6C000FBF75CFE054676E283F31188BFF36F8FBC
:10C6D000FFF7AFBB0133FFF7D2BB83423FF4D6ABCA
:10C6E0002021224B99620121A3F580535960204BF0
:10C6F0002049886A86063FF5C9AB013BF9D1FFF7AF
:10C70000C5BB1D4A1A64FFF7C5BBD2F85021FFF71D
:10C71000F7BBD3F85031DBB228E418494A605A68B5
:10C720009707FCD45DE400BF006A18102C9303083F
:10C7300000800350010E0C0040420F00B415002091
:10C740004C440020E8150020006A18000002060092
:10C75000EA1B00200080E00F690345EC1C44002028
:10C76000F813002050930308A694030800A0095072
:10C7700041420F00008009503254FFFF00E0015099
:10C78000AF4B03F5A6702CF013F8AE4BAE4ADA614E
:10C790000122C3F844214FF4807203F5EA239A641E
:10C7A000059BC5F85435C5F8DC34D5F88434C5F894
:10C7B0005835A64B5A6F42F001025A67DA6E22F0E2
:10C7C0003002DA664FF00008404685F85C8522F0BA
:10C7D0000DF996F83830D5F858459BB19B49D5F8F6
:10C7E0004C254B6F23F440734B67A301984903F525
:10C7F000742303F23F23B3FBF1F31344C5F84C3524
:10C8000086F838804FF48011924BD3F80021924A79
:10C8100051664FF4003151661A6F904902F00702D9
:10C82000C5F834258969032A01F00200C1F34001EB
:10C8300085F830150BD0D3F8202102F00702022A28
:10C8400005D0D3F8282102F00702022A22D10123C1
:10C8500085F82E3560BBD5F858357D49C3EB4312BA
:10C8600002F5742202F23F22B2FBF1F2D5F84C0538
:10C870000244C5F84C254FF4C872534303F57423A2
:10C8800003F23F23B3FBF1F3C5F86035012385F8CC
:10C89000513554E4002285F82E250028DBD0D3F84A
:10C8A000003103F00303581E4342434185F82E35FF
:10C8B000684BD3F8003103F00303022B24D0032B81
:10C8C00025D0012BC7D17268002AC4D0634BDFF892
:10C8D0008081DB68501EC3F30B0C002319460CF15A
:10C8E000010C0CEB8C0CECFB080128F0CDFC604338
:10C8F00000F5742000F23F20B0FBF8F0D5F84C357D
:10C900001844C5F84C05A6E74FF40042DEE7544A48
:10C91000DCE7002033E410297FF429AC34E44FF441
:10C92000C06244E440F20720834209D14FF20F0075
:10C93000814205D19A4204BF4CF23C32ABF802204E
:10C94000A5F8283339E443F8041941E440F2A5116D
:10C9500044482AF08BF9D5F86835002B3FF458ACE1
:10C9600053E407F0CFFF64287FF666AC68E44FF02D
:10C97000010909950B950F9584F87995EFF31183CB
:10C98000302282F31188C4F87C3525F08DF87B6E57
:10C99000C4F89C35BB6EC4F8A0354FF48043C8F88A
:10C9A0006830314B5A68C4F8A425304A9A601A6E30
:10C9B000C4F880255A6EC4F884259A6EC4F8882578
:10C9C000D3F87021C4F88C251A6CC4F890255A6CE1
:10C9D000C4F894259A6CC4F89825254A116C1964FA
:10C9E000516C5964926C9A64C8F864901B6E1F0471
:10C9F0001BD5204AD368D807FCD44FF000639F6A48
:10CA000007F17843B3F5C04F07D2002314A816935B
:10CA10001EF0FEFD169B5B050CD4099A164B1A6698
:10CA20000B9A5A660F9A9A6656E4144AD368D90745
:10CA3000FCD4E2E73B6C0FAA0BA909A89847ECE7E6
:10CA4000E091030800800350010D0C0000400050ED
:10CA500040420F00008000500090005000C0015084
:10CA600080D543029A8803080080004455CEAC006C
:10CA700000C0005400000440009000440000045036
:10CA8000F9F7CAFF40F2011398423FF436AC2C4B41
:10CA90002C4AC3F86480D368D907FCD42DE4002263
:10CAA0009A6046E4012553E42748FEF72AFF022353
:10CAB00084F8D53553E542F0040284F8D42551E5D5
:10CAC000012384F8E03B61E5089B812B19D1D5F85F
:10CAD0000C315B0015D5D5F80C3195E50DF040FD16
:10CAE00007067FF594AD089B802B03D12B6A13F0CA
:10CAF000010F86E5089B812B03D1D5F80C31002B63
:10CB0000E9DB472111482AF0B1F856E3336912698D
:10CB100001FB0030904791E533683846CD1829462F
:10CB20000BAB0FAAFBF73CF82D281AD080B108F107
:10CB30000108079B5FFA88F18B42EDD800201AE0CC
:10CB40000090004000000440E0150020AC8903087C
:10CB50000F9B002B40F0B484069B1A780B9B9A42E3
:10CB6000E5D0069B294638461B78DAF80020FBF70B
:10CB7000BFFB0028DBD0C24B19F80330002B3FF479
:10CB8000A1AD0546DDF81C805FFA88F37E2B12D834
:10CB90003168384641440BAB0FAA0791FBF700F808
:10CBA0002D2808D038460799FBF72CFC08F101081E
:10CBB00005460028E8D0069B09F101090133B9F1C7
:10CBC000260F06F104060AF1040A06937FF455AD18
:10CBD000B5FA85F3AB4E5B0986F8EE3B96F8003468
:10CBE0001BB1DB21A8482AF041F8002D89D1082289
:10CBF000A649A74804F024FA01232A462F46C6F87E
:10CC0000FC3BA44BC6F8F85B86F8085C0132082AA6
:10CC10005F609F8043F8087FF8D1482200219E483A
:10CC200029F060F94FF6FE73A4F8703C6FF480337E
:10CC3000802200219948C4F8643C29F053F9984BAC
:10CC400084F84C7CC4F8507CC4F8547C84F8587C3C
:10CC5000C4F85C7CC4F8A83CC4F8AC7C84F8B07C14
:10CC6000FEF73CFAFF23002184F8340D2C2214A88F
:10CC700084F8353D29F036F964234FF00230012164
:10CC8000CDE9160319930B23B4F8368D854F18EAB6
:10CC900001088DF854108DF8783040F0D98008469E
:10CCA0002AF0CAFC0A2384F8383D4FF42873ADF803
:10CCB00056304FF0FF33C4F83C3D7B4B7B4A1B881A
:10CCC0007B48A7F858307B4B07F148011B68A7F851
:10CCD0005E803B66784BC7F868801B88A7F85A309F
:10CCE000764B1B687B6627F0E3FF20B14FF41B7186
:10CCF000734829F0BBFF0521D6F83C0D29F0B1FDA2
:10CD000020B140F27D216E4829F0B0FFD4F83C0DEF
:10CD100022F008F800236B49D4F83C0D84F8403D1C
:10CD20004FF00C0829F040F92AF06CFC08FB00F0E9
:10CD30001A902AF067FC08FB00F014A91890D4F8A8
:10CD40003C0D21F0C1FF20B140F295215C4829F053
:10CD50008DFF00224D49D6F83C0D29F098F920B1FD
:10CD600040F29721564829F081FF40F20353A4F87E
:10CD7000443D052384F8463D07F086FD84F8470DC1
:10CD80002AF040FC00EB80008000A4F8480D2AF057
:10CD900039FC0023C0004FF0FF31A4F84A0DC4F85D
:10CDA0004C3D4FF0FF3034A3D3E900232AF0FEFBC3
:10CDB0004549D4F83C0D29F028F9D4F83C0D0FA9C9
:10CDC00029F0F6FD20B14FF434713D4829F04EFFB3
:10CDD0000422D6F83C0D0BA929F0BBF8042804D096
:10CDE00040F2D721364829F041FF0BA81DF054FC32
:10CDF000F9F79EFDEFF31188302383F311880123A7
:10CE000087F86C30B6F8363DDA0704D50021D6F83D
:10CE10003C0D29F01DFE88F31188BFF36F8FB6F823
:10CE2000363DDB0712D5002241F20D0127480023D1
:10CE30002AF0BCFB0822D6F83C0D114629F074F804
:10CE400020B140F636711E4829F010FF07F09AFC19
:10CE50001DF024FC1E48B7F86E8009F00DFA00237F
:10CE6000A6F8503DA6F8523D1A4B1B4AA6F8548D21
:10CE700003F10C0132E000BF0A0020FF4203000072
:10CE8000F2940308081000201D890308F71B0020F6
:10CE900034B608C0101C0020681C0020BC1C0020F8
:10CEA0000000FFFF0C4400209ED50308C176030854
:10CEB000441D0020A4D503089CD50308A0D5030871
:10CEC000928903081895030871750308400D030043
:10CED0007C4400201E9503085E1D002053F8040BBF
:10CEE0008B4242F8040BF9D11B88002113800723E1
:10CEF000342214A884F8963D28F0F4FF0B238DF813
:10CF000050306FF4803315934FF6FE73ADF86030F8
:10CF100003238DF86D30D34BD34A1C93D34B516808
:10CF20001D93D34BD4F8EF0B2193D24B2293D24BCA
:10CF30002393D24B2493D24B259316AB03C314A94E
:10CF400000201EF093FC14A901201EF08FFC042287
:10CF5000002014A928F0FDFF042803D0D721C948D8
:10CF600029F084FE1498F9F7E3FC14F0D7FC97F845
:10CF70009020FF2102EB42029200C34828F0B2FF4A
:10CF8000C24BC348C4F85C3E0023C4F87C0EC148C1
:10CF9000C14AC4F89C0EC148C149C4F8BC0EC1487E
:10CFA000C4F8582EC4F8DC0EBF48C4F8603EC4F87C
:10CFB000FC0EBE48C4F8641EC4F81C0FBC48C4F87C
:10CFC000683EC4F8782EC4F8803EC4F8841EC4F8C5
:10CFD000883EC4F8982EC4F8A03EC4F8A41EC4F835
:10CFE000A83EC4F8B82EC4F8C03EC4F8C41EC4F8A5
:10CFF000C83EC4F8D82EC4F8E03EC4F8E41EC4F815
:10D00000E83EC4F8F82EC4F8003FC4F8041FC4F882
:10D01000083FC4F8182FC4F8203FC4F83C0FA548B7
:10D0200097F891E0DFF8DC82C4F85C0FC4F8241FA5
:10D03000C4F8283FC4F8382FC4F8403FC4F8441F50
:10D04000C4F8483FC4F8582FC4F8603FC4F8641FC0
:10D05000C4F8683F02F560705FFA85FCE64500F1B0
:10D06000200000F23A820025DFF89C82C4F8725C4E
:10D07000C8F80450FEF732F884F8980FFEF72EF83F
:10D080000523482284F8990FA8F1120114A884F806
:10D090009A3F29F0F4FC754B754A1D93864B2192FB
:10D0A0001E93744A854B22921F93734A734B2846F2
:10D0B000CDE923232093724B14A925931EF0D6FBB0
:10D0C00030204FF0010CEFF3118180F31188D6F876
:10D0D000F82B002A40F0098281F31188BFF36F8F8B
:10D0E0000023D6F8FC6B012E40F011820025FF20B2
:10D0F000C4F8FC6B18F064F80EF0CEFB17F07AFD64
:10D100000EF092F812F009FA3046FF2697F89230A6
:10D110006B4A43F004036B49A4F89E3F022384F852
:10D120009B5F84F89C5F0DF09DF997F89320314642
:10D130009200654884F8A25F84F8A36F28F0D2FEBD
:10D140004FF6FD7384F8C05FA4F8C23F84F8C15F56
:10D1500084F8C45F84F8C55F0EF07EFC3222294655
:10D160005A4884F8C65F84F8C75F28F0BBFE584869
:10D1700009F082F8574B584D584F83F8446083F8B4
:10D180008C6083F8D46083F81C6184F8FC6F06F02F
:10D190006BFE06F0D5FD41F6583151482AF0CAFB26
:10D1A000EF6612F007FC4F4B08371422314605F1A9
:10D1B00078002F676B6728F095FE01230025DFF8C4
:10D1C00018810121C8E92353474B0420B3F82823D1
:10D1D000B2F5406F4FEA1223444A38BF02EB830294
:10D1E0000092434A21F076FBB4F8283341491A0AE9
:10D1F00001EB8202D2F86023D9B202EB81020092E5
:10D2000001213D4A042021F065FB0123B4F82823C5
:10D21000120A934040F2A172134240F07C81012037
:10D2200088F89C00EFF3108572B62BF05DF9284664
:10D230002BF0CBF931493248FEF7DCFC00210A2003
:10D240002AF00EFB06462AF089FA002840F00F83E8
:10D2500006460123244D4FF6FF7285F896344FF0B1
:10D260007E6353E0B19E0108F71B0020959A0108E8
:10D270005DCF0108679A01088DEC0108619A0108E9
:10D28000C197010800880308A01D002029AA0108F1
:10D2900039BC010899C80108001C0020AD7F0208B4
:10D2A000FF870308154E0208E5ED01083163010808
:10D2B000916602085D980108E596010859E30008A7
:10D2C00027E10100A81F0020AC1F0020D01F002074
:10D2D000A044002008200020002100202C950308F5
:10D2E000C044002005A8010808100020FF91030891
:10D2F000238A0308E09103083B8A0308E0440020E6
:10D30000A0210020ED0D02087A1C0020A5F89464ED
:10D31000B3F84C30934208BF4FF47A73A5F88A34BF
:10D320000023A5F88834FDF7A1FDB5F88834002B5B
:10D33000FBD02BF078F9B5F88834C01AB5F88A34E8
:10D3400000B29842F1DB4FF07E634FF6FF72B3F804
:10D350004230934208BF4FF4C863A5F88A340023D3
:10D36000A5F88834F9F7B3FA431EDBB20A2B85F827
:10D37000A10400F28B8240F2035222FA03F3DB078E
:10D3800040F18482C12302220290CDE900323D2087
:10D390008423BA4907F0D0FAFF2385F8A134D023BB
:10D3A00085F88C34F9F778FC03230021D4F83C0D80
:10D3B000A8F8843128F076FE021E18BF0122002151
:10D3C000AF4806F00BFC002021F0BCF8012021F052
:10D3D000B9F80FA802F006FD02230FA88DF83C3023
:10D3E00004F0C8FFA74C08B31A23A74A012014A9C8
:10D3F0000DF038F80DF15A030BAA17461E460DF131
:10D400006A0C154618685968083303C563452A46EF
:10D41000F7D139460FA804F07BFC0546002800F040
:10D420003B8294F88731013384F887310FA802F0EA
:10D43000D9FC05230FA88DF83C3004F09BFF062390
:10D4400005460FA88DF83C3004F094FF0646002DE9
:10D4500040F03382002800F08B8228228B4814A9E8
:10D4600003F0EEFD01250DF165030BAA94461E465F
:10D470000DF1750E174618685968083303C77345D0
:10D480003A46F7D1062361460FA88DF83C3004F0E8
:10D490003FFC002800F0FE8294F88831013384F8C4
:10D4A000883194F88D31002B00F06282002D40F01D
:10D4B0002B821022FF210DF1550028F013FD23E2ED
:10D4C00029463846FAF79EFFFFF74BBB704BA8463C
:10D4D00019F803300793FFF72CBB40E9082840E90F
:10D4E000063140F8103C0135B6E51369C6F8F85B23
:10D4F000C2F810C081F31188BFF36F8F012B3FF486
:10D50000EFAD1A461B691561012BFAD1DBE53269D3
:10D5100033611646E7E5DBE91310DBE90E320690CE
:10D52000580744BF00252F46DBF840A05FBFDBF85B
:10D53000547006919246574D54BFDFF89891DFF82A
:10D54000989113F0080F544B544A18BF1A46EE1B1B
:10D550001FBF64210698730801FB00331DBFB3FB96
:10D56000F6F39BB2079307964B464D490020CDE951
:10D57000015A0097B6B21DF008FD0020CDE90096D3
:10D58000079BBDF8182047491DF0FFFC554501D306
:10D59000574504D94A46002043491DF0F6FCDBE913
:10D5A00018301843DBF86830184326D13F491DF086
:10D5B000ECFC00203E491DF0E8FC40F605223D4B06
:10D5C000B3F8283393420ED8B3F5206F35D840F224
:10D5D0000252934240D040F20172934247D040F24F
:10D5E0000152934233D00025DFF8F0B0324EDFF81D
:10D5F000F090324FDFF8ECA032E1002030491DF00E
:10D60000C4FC00264FF001092B4FDFF8DCA00025F9
:10D61000FA6D09FA05F3134204D05146002072193D
:10D620001DF0B3FC0135202DF2D12036602E07F11C
:10D630000407ECD100201E49B9E7A3F60223032B0F
:10D6400054D8DFE813F06E009D00D300F1001D49AF
:10D6500000201DF09AFCC6E71B4900201DF095FC38
:10D66000DBF84420194900201DF08FFCBBE7184966
:10D67000DBE9262300201DF088FCB4E7BF8D0308FA
:10D68000C58D03080021002024E1010002E501000E
:10D69000CC94030808100020888803088F880308AA
:10D6A0005C8A03088E8A0308C88A0308E78A03088D
:10D6B000FE870308081000203C400020FD87030877
:10D6C000FD8A0308318B03086F8B0308A08B0308C6
:10D6D000BB8B0308838803087B8803082F92030809
:10D6E000B58D0308978803082D8B0308002089490E
:10D6F0001DF04BFC9BF870309F0703D50020864936
:10D700001DF043FC9BF873305E0603D5002083496F
:10D710001DF03BFC9BF97330002BBFF664AF8049D2
:10D7200096E700207F491DF030FC9BF86C309D0788
:10D7300005D00020DBF844207B491DF026FC9BF936
:10D740006C30002B05DA0020DBF8782077491DF0DB
:10D750001CFC00250126764FDFF8E091DBF86C20F9
:10D7600006FA05F3134207D057F8252013781BB1AA
:10D77000494600201DF009FC0135082DEED132E7A5
:10D780006C4900201DF001FC0020DBF844206649B4
:10D790001DF0FBFB9BF86D30580703D50020664950
:10D7A0001DF0F3FB9BF96D30002B05DA0020DBF850
:10D7B00078205E491DF0E9FB08255D4E5F4FDBF8E0
:10D7C0006C30EB40D90707D556F8252013781BB1EC
:10D7D000394600201DF0D9FB0135102DEFD19BF803
:10D7E0006C0000287FF4FFAE554932E75549002010
:10D7F0001DF0CBFB0020DBF844204B491DF0C5FB9E
:10D8000010254B4E4D4FDBF86C30EB40DA0707D557
:10D8100056F8252013781BB1394600201DF0B5FBC2
:10D8200001351A2DEFD1DEE6474916E75A4649463B
:10D83000002056F8043B1DF0A8FB9BF800205B4637
:10D840000BF1010B002AF8D15B7873B105F00303EB
:10D85000032B0CBF3946514600201DF096FB0135C5
:10D860009BF80030002BE1D1D9E43946F4E7DC2302
:10D870000381364BC0F80A3003886FEA43436FEAEE
:10D88000534303800023C0F80E30E2E4F9F704FAB2
:10D89000A02385F88C3487E51022FF21304628F03C
:10D8A00021FB1A2328462A4A14A90CF0DBFD94F820
:10D8B0008C31013384F88C31B8E52822254814A92D
:10D8C00003F0BEFB0BAA17460DF155030DF1650CD5
:10D8D000154618685968083303C563452A46F7D1C9
:10D8E000052339460FA88DF83C3004F011FA05469F
:10D8F00090B394F88831013384F88831002E7FF496
:10D90000B2AD94F88D319BB32822124814A920F0AF
:10D9100077FE2DE0D78B0308F08B03082B8C0308D0
:10D920005F8C03089C8C0308A08B0308C28C03083F
:10D9300070950308E98C0308018D0308E08C030847
:10D94000488D0308798D0308938D0308A8210020D2
:10D9500024E1010002E5010094F88D310133DBB2CE
:10D9600084F88D31002E7FF47EAD002B7FF4A1ADC5
:10D9700000250FA8CDE9095502F034FA04238DF8EB
:10D980003C309DF849300DF1500843F001038DF80B
:10D9900049300BAE16AF5FFA85F90FA88DF83D90B0
:10D9A00004F0E8FCE8B14146484603F0A5FB97E8DF
:10D9B0000F0086E80F0098E8030010AB83E803002F
:10D9C0000822184609A929F04AF850B131460FA893
:10D9D00004F09EF9002871D094F88731013384F85F
:10D9E00087310135142DD6D10FA802F0FBF907239A
:10D9F0000DF172068DF83C30059B0FA88DF83D3077
:10DA000004F0B8FC00B3059B342203F5813707F519
:10DA1000C077384614A903F013FB0BAA94460DF106
:10DA20006203154618685968083303C5B3422A468D
:10DA3000F7D161460FA804F06BF900284DD094F897
:10DA40008931013384F88931059B0133052B059316
:10DA5000D2D1002414A802F0C5F92146284A059B1A
:10DA6000501F12F8015B013B294410F8015B13F0D1
:10DA7000FF032C4489B2A4B2F3D151EA04033CD091
:10DA8000204806F015F821461F4827B0BDE8F04FA2
:10DA900006F00EB894F88D310133DBB284F88D3185
:10DAA000002B3FF465AF2DB91022FF210DF1550079
:10DAB00028F018FA1022FF213046FEE41022FF2140
:10DAC000384628F00FFA4146484602F0C7F994F864
:10DAD0008C31013384F88C3183E71022FF2114A8A4
:10DAE00028F000FA3422384614A920F089FD94F871
:10DAF0008E31013384F88E31A6E727B0BDE8F08F70
:10DB00008B220020EE8D0308158E0308474AF8B5D6
:10DB1000156F15F004032BD04549464E0B670823BB
:10DB20008B62926D444C12F0010F13D1D6F884240D
:10DB3000B2F57A7F0ED9414F3A6C12070AD5404AA6
:10DB400013642AF0F5FB7B6D23B1C4F890310123F7
:10DB500084F8943196F8403513B1012386F84135A5
:10DB6000FEF70CF90123042284F89531344B1A6432
:10DB700015F001062CD001222D4B2F4C1A6794F87A
:10DB800094311BB329F000FAD4F89031C01AC4F8CC
:10DB90009801D4F898310BB1D4F898614FF416700D
:10DBA0002449C4F89861D4F89831D1F88434D4F871
:10DBB00098214343234803F5742303F23F23B3FB27
:10DBC000F0F3934210D2002384F89431FEF7D6F894
:10DBD00015F000521CBF164B1A67002DBEBF4FF048
:10DBE0000042134B1A67F8BD94F89C31D4F89801A1
:10DBF00001EB8306D6F8AC250133101AD1F8A8251D
:10DC0000DBB2121AD4F89801C1F8A825C6F8AC0501
:10DC10000A200932B2FBF0F2C1F84825B3FBF0F25A
:10DC200000FB123384F89C31CDE700BF0040005A5E
:10DC30000060005A081000200021002000C00A5097
:10DC400000E00A5040420F00704770470E4B0340FF
:10DC5000B3F1607F06D1B1F5885F14BF6FF0860025
:10DC600000207047B3F1707F0BD101F4E043B3F5AE
:10DC7000005F06D111F4E06F0CBF6FF0860000204A
:10DC800070476FF0860070470000C07F9142F8B582
:10DC900006460C4600F01D8121F0FF00B249884283
:10DCA0000CD122F0FF0383423CD114F0FF0334D0A7
:10DCB000AE4943F000738B422FD10AE1AC4DA8422C
:10DCC00016D0AC4B98420DD024F4FF7323F001031F
:10DCD000B3F1062F06D0A84FB84203D0A7F5A0672E
:10DCE000BB4267D122F0FF038B422DD10022F0E02E
:10DCF00022F0FF038B42F9D0834227D184EA02034A
:10DD0000FF2BF3D89A4B984200F0FE809949884245
:10DD100040F04C8114F0FF010FD112F0FF0340F0EE
:10DD2000E1801EE192498B4210D184EA0201FF2971
:10DD3000DCD814F0FF0100F0DC808C4841F0007169
:10DD4000814240F0EA80C4E0AB42D6E7894DAB4265
:10DD500000F09B8022F4FF7121F00101B1F1062F48
:10DD600006D0854FBB424AD005F50075A94221D1A6
:10DD700084EA0201FF29B9D87B4D24F4875121F0B0
:10DD80001F01A94240F00E8114F0FF01D5D179495D
:10DD90008B4200F0DD8022F4FF7121F00101B1F12E
:10DDA000062F00F0D5807448834200F0D180734B79
:10DDB0009942B2D004F0FE45B5F1A06F2AD102F02D
:10DDC000FE43B3F1A06F91D184EA020333F47E13D2
:10DDD0008CD12504C4F30543C2F3054002F400418D
:10DDE00040F1F280002900F0EB80834238BF034607
:10DDF00024F47E1242EA034242F4004269E084EADB
:10DE00000201FF2940F2998004F0FE45B5F1A06FB0
:10DE10003FF46CAFB5F1407F7FF468AF02F0FE4392
:10DE2000B3F1407F7FF462AF84EA020333F47E15DE
:10DE30007FF45CAF31462046FFF708FF00287FF4EF
:10DE400055AF14F47C1300F0C780C4F3054312F4FB
:10DE50007C1504F4004C02F4004700F00C81C2F37E
:10DE60000540BCF1000F00F04F810546002F00F087
:10DE700047819D4238BF1D462D0405F47C1524F4CE
:10DE80007E142C4344F4004223E084EA0201FF297B
:10DE9000BAD8354988421ED001F5805188420FD04A
:10DEA000984240F0838014F0FF017FF446AF31497F
:10DEB0008B424DD112F0FF0314D104F0FE45A9E7C7
:10DEC00014F0FF033FF429AF284943F000738B425D
:10DED00004D11046F8BD14F0FF03F5D112F0FF0392
:10DEE0003FF404AF214943F000738B427FF462AFEB
:10DEF00008E012F0FF02ECD01C4B42F000729A4294
:10DF00007FF4F4AE2246E4E714F0FF030AD0174989
:10DF100043F000738B42DCD0034615498B427FF4FB
:10DF200036AF15E012F0FF02D3D0104B42F0007173
:10DF300099420CBF22460022CBE70B4988421FD1F1
:10DF400014F0FF0304D0094943F000738B42C0D0A2
:10DF500012F0FF03C6D104F0FE45B5F1A06F7FF4C7
:10DF600059AF1A46B5E700BF00030006FF000002E4
:10DF70000013000600020006000900060004000667
:10DF800063498842DCD0A8428DD0624D24F47F7171
:10DF900021F00301A94201D09842BED114F0FF0143
:10DFA000BBD0CAE65C4988423FF4EEAE594D24F43A
:10DFB0007F7121F00301A942F0D058498842ECE773
:10DFC000834288BF002284E700293FF48FAE83425A
:10DFD0002CBF224600227CE751492140B1F1607FED
:10DFE00038D15048E1B241F00071814241D001F195
:10DFF0007E4104390F293FF62AAF01A050F821F0E5
:10E0000045E0000845E000084FDE000873E0000826
:10E0100041E0000849E000084DE0000851E0000838
:10E0200041E0000849E000084FDE00084FDE00082C
:10E0300041E0000849E000084DE0000851E0000818
:10E040001C2304E7142302E7202300E73023FEE625
:10E050004023FCE6B1F1707F7FF4F9AE06F4E041B5
:10E06000B1F5005F7FF4F3AE0123C6F302218B40CC
:10E07000EDE61023EBE62A491140B1F1607F1ED195
:10E080002848D1B241F00071814237D001F17E4180
:10E0900004390F2916D8DFE801F00A0A1531080CF7
:10E0A0000E10080C1515080C0E101C20D9E61420B3
:10E0B000D7E62020D5E63020D3E64020D1E6B1F1E6
:10E0C000707F11D03846BCF1000F7FF4CFAE002F27
:10E0D0007FF418AF83427FF409AE1B0403F47C1372
:10E0E00024F47E121A43F4E606F4E041B1F5005F31
:10E0F000E8D10120C6F30226B040B2E61020B0E617
:10E10000AB4288BF0022E4E6002FE3D05FE700BF08
:10E1100000130006000400060002000600090006C5
:10E120000000C07F030000028A421AD001F0FE43C3
:10E13000B3F1A06F17D102F0FE43B3F1A06F12D17B
:10E1400082EA010333F47E130DD111F400400BD0A9
:10E15000C1F30541C2F3054291428CBF002001206A
:10E1600070470120704700207047037E022B06D1C4
:10E17000C3695A1C03D00133C361002070476FF09C
:10E18000960070479A4238BF88547047704710B164
:10E19000D1E90031184770472DE9F84F9846DDE97D
:10E1A0000B490D9B15469A0706460F4623D02A4673
:10E1B0000A9B03EB040A1444A24220D10D9B9B0747
:10E1C00005D5A2EB050AD14505EB0A0420D8204667
:10E1D000BDE8F88F434639462020B0470AF1010ACE
:10E1E000CA450AEB0B02F5D3A9EB04024C4588BFE4
:10E1F00000222A44DCE7A246A5EB040BF0E702F17B
:10E20000010B434639461AF8010DB0475A46D3E789
:10E210004346224639462020B0470AF1010AD2E798
:10E220002DE9F0479E46DDE90D3CDDE90874DDE9A6
:10E230000B651CF0020F9DF828801FD10CF001091E
:10E240004BB1B9F1000F06D0B8F1000F02D11CF0AC
:10E250000C0F00D0013B4FF0300A02E007F804A099
:10E260000134A54201D9202CF8D1B9F1000F05D015
:10E270004FF03009A34201D9202C1BD11CF0100F04
:10E2800015D01CF4806F32D1C4B1AC4201D09C4295
:10E290002DD1651E12D0102E36D11CF0200FA4F106
:10E2A000020456D178263E5530266C1C7E55202C13
:10E2B00036D00DE007F804900134DBE7102E10D1C2
:10E2C0001CF0200F26D178243C7030247C7002246E
:10E2D000B8F1000F31D02D253D55013421E06224E5
:10E2E000F2E7022EFBD030243C700124F0E7102E20
:10E2F00012D11CF0200F2AD1202C11D07826651CB9
:10E300003E55202D0CD0CFE7022ECDD162247C5576
:10E310000135F6E75824D7E7022E0CD1202C08D17E
:10E320002024CDE90A3CCDE908747346BDE8F047E6
:10E3300032E72546EAE72546E3E71CF0040F01D063
:10E340002B25C9E71CF0080FEBD02025C4E7202CB3
:10E35000E6D05826651CD3E707B5094B1B78312B4F
:10E360000AD14423ADF802008DF804106846052157
:10E37000ADF800301EF0AEFE03B05DF804FB00BF48
:10E380001C45002010B50D4C204606F057FCA01C83
:10E3900006F054FC0A4806F051FC0A4806F04EFC10
:10E3A000094806F04BFC094806F048FC084806F00E
:10E3B00045FCBDE81040074806F040BC483400204A
:10E3C000A0140020A6140020A41400209A140020F9
:10E3D0009C140020B014002037B5427B0446D007BF
:10E3E0000D4605D5607810F0ACFFC8B103B030BD64
:10E3F000930731D5C2F3800310074FEA8313ADF8BA
:10E4000006300DF1060248BF43F4806304F10400B6
:10E4100048BFADF8063010F0BFFF08B92D20E5E782
:10E4200008222946201D27F065FD2B7C0020237340
:10E43000AB89590642BF627B42F0040262735A05FF
:10E4400042BF627B42F0080262731B0742BF637BDC
:10E4500043F002036373C9E70120C7E7014610B127
:10E460000020FCF7ECB9704773B50D46910730D426
:10E4700083072ED1034622F0030281188B4217D165
:10E480004FF48031174BAC18996641F6713103F5A2
:10E490001C33D963012103F50053D960461BA54203
:10E4A00005EB060009D102B0BDE87040FBF7ECBAFD
:10E4B0001C6801340DD10433E0E7042255F8043B15
:10E4C0000DEB020101932AF08BF90028E7D0FBF74E
:10E4D000DBFA4FF49C71044802B0BDE8704028F0AC
:10E4E000C5BB00BF00900050899A0308B0F1006FCF
:10E4F0000FD300F07843B3F1006F0CD000F0604010
:10E50000B0F1404F09D0B0F1604F14BF0420032098
:10E51000704700207047012070470220704710B5F7
:10E52000044628F02BFB0C4BA0F57A729A4212D8C5
:10E530004FF47A73B0FBF3F05C43084BB3FBF0F39A
:10E54000B4FBF3F0022806D9BDE810400323B0FB6A
:10E55000F3F0F7F7BDBE10BDFFC99A3B40420F0074
:10E5600030B52A3885B0062800F2A380DFE800F035
:10E570000419496A757B840000244F4D8DF80040D2
:10E580006B78E0B2834207D813F0C8F9002005F099
:10E59000BEFE012005B030BD694612F08FFC01348B
:10E5A000EEE705F07BFE054605F078FE8DF80000ED
:10E5B00005F074FE8DF8010005F09FFEADF8020035
:10E5C00005F06CFE0DF105018DF80400082005F042
:10E5D0006DFE05F063FE8DF80D00284606F079FE0D
:10E5E00058B98DF80D006946284613F0D5FC04464D
:10E5F00028B9284606F092FE01E040F60444204681
:10E60000C5E705F04BFE694612F0C0FC05F07FFE41
:10E610009DF8000005F058FE9DF8010005F054FE3D
:10E62000BDF8020005F060FE9DF8040005F04CFE08
:10E6300008200DF1050105F0A4FE9DF80D0005F080
:10E6400043FEA6E705F02AFE054606F042FE002836
:10E65000D3D1284613F0F8F8C9E705F01FFE0221D0
:10E6600011F03EFFEBE705F019FE144B03EB4003FE
:10E67000988805F039FE8CE705F010FE044605F099
:10E680003CFE0D4B05465B78A34282D90B4B03EB56
:10E6900044039A884FF6FD739A423FF67AAF694673
:10E6A000204612F073FC29460DF1050012F024FCFF
:10E6B0006FE700206EE700BF1C45002048340020B3
:10E6C0002DE9F04700246A28034625468CB050D82F
:10E6D00032280FD820460CB0BDE8F0876FF49B724B
:10E6E0001344032B00F28381DFE813F09B01B50193
:10E6F000D101F001A0F13303372B00F23D83DFE8B5
:10E7000013F09E00A4003B03CB003B03FE0010016E
:10E710003B033B033B033B033B033B033B034C01FA
:10E7200056013B033B033B033B033B033B033B03E0
:10E730003B033B033B033B033B033B03F601DA0292
:10E740003B033B033B033B033B033B033B033B03D9
:10E75000F1012A0230023B033F023B038E029D027D
:10E760003B03A502BA023B03F1003B033B033B031F
:10E77000FC0240F21B12904200F0E282B0F58E7F64
:10E7800044D2EF2800F0BB8223D8822800F0168202
:10E790000CD87E2800F005827F289BD1082009A98B
:10E7A00005F084FD09A813F0C3F9EDE0AE2891D17E
:10E7B00005F0A3FD05F072FDBF4A2146936C0344AA
:10E7C0002046936429F04CF800280CBF1920002043
:10E7D000DAE0F42800F08B82FE2800F06482F3284F
:10E7E0007FF478AFB44BB3F9CC20B44B93F93E50DF
:10E7F000B3F84040002A00F09F82B5EB222F40F38F
:10E800009B8244F04004A3F840408DE2B0F59D7F28
:10E810003FF660AFB0F59B7FBFF460AF40F21D12D2
:10E82000904200F0958240F2211290427FF452AF64
:10E83000A14B93F8CE00003818BF012001E011F081
:10E840000BF805F041FD012444E705F027FD0546DE
:10E8500005F053FD09AF0646384605F046FE05F0C3
:10E860004CFD044605F01AFD03469349E4B28A6C58
:10E870001018886407A9CDE9032102934FF6FF72AF
:10E88000002331462846CDE9007405F0E6FB05F08B
:10E890003EFD9DF81C00D4E705F02FFD804605F0F5
:10E8A0002CFD074605F0FAFC0DF1240A814650467E
:10E8B00005F01BFE05F0F2FC064605F01EFD0446C1
:10E8C00005F0ECFC7C4AE4B2936C1918916407AA39
:10E8D000CDE9033202904B46424639463046CDE9F7
:10E8E00000A4D2E7082009A905F0E0FC734A09ABAF
:10E8F00003CBC2F80200C2F80610002044E00DF17C
:10E90000240A504605F0F1FD05F0C8FC064605F066
:10E91000F4FC074605F0F1FC804605F0BFFC81469B
:10E92000CBE705F0EAFC044609A805F0DEFD05F09A
:10E93000B5FC614D0246AE6C3318AB645F4B9B7AFD
:10E94000202B05D1BDF92A30002B01DB02201BE072
:10E9500009AB03CBC5F84E001868BDF82A30A5F8FE
:10E960004C40574C5B066160A060EFD57AB1114610
:10E9700030461BF041FA014668B1BDF8260010F0A0
:10E9800082FF052385F85A3005F0C1FC5BE710468D
:10E990001BF044FAEFE71920F3E705F0AEFC04465C
:10E9A00005F07CFC014620460EF086FDECE705F004
:10E9B000A4FC044605F072FC054605F06FFC270434
:10E9C000C4D4032DC2D83C4B3E4E93F85B30214655
:10E9D00003EB430306EB83029571D07156F82300D5
:10E9E00094802A4607F0CEFC10F0F8FACCE705F048
:10E9F00084FC29F0E5FBFF2804462AD029F038FCE6
:10EA0000C607034625D59D0700F0020021D42A4BF6
:10EA100003EB4403B3F85C2042F01002A3F85C203F
:10EA2000B2E705F06AFC29F0CBFBFF28044610D0C2
:10EA300029F01EFC0346D8070BD5990703F0020006
:10EA400007D41D4B03EB4403B3F85C2022F0100203
:10EA5000E4E7172098E705F050FC09A904460820D0
:10EA600005F024FC05F01AFC09A90546204616F01D
:10EA7000E7FA03230020CDE90030134B22465B5D0B
:10EA800009A917F019FF201A18BF01207CE709A96E
:10EA9000082005F00BFC09A829F018FC04464FF6E5
:10EAA000FF7109A80CF026FCFF2C03D0204616F0BD
:10EAB000DBFE22E7012067E7483400201C450020E8
:10EAC0009634002028450020489C030805F015FCDA
:10EAD000044609A9082005F0E9FB204609A916F01B
:10EAE000AFFAB0E605F0DAFB17F05EFE4CE705F092
:10EAF00004FC09A90646082005F0D8FB05F0FDFB3B
:10EB000005460BF02DFF20BB9C4BD3F8A04014F022
:10EB100002041ED14FF6F77296421AD893F8A43029
:10EB20005BB101232A463046009409A91BF092F9F3
:10EB3000002808BF1924204626E70BF011FF854264
:10EB40000BBF06220B223046284609A916F0E8FC26
:10EB5000EEE70224EFE705F0A1FB012111F0C0FC74
:10EB60006FE605F09BFB09A90446082005F09EFB13
:10EB700005F0C3FB09A90246204613F055FA03E746
:10EB800005F08CFB09AA07A912F002FF05F0BFFBF4
:10EB9000BDF81C0005F0A8FB082009A905F0F1FB51
:10EBA00051E609A9082005F081FB05F077FB011E5D
:10EBB00018BF012109A813F099FAE5E605F06EFBEC
:10EBC00009A90546082005F071FB05F096FB0746EC
:10EBD00005F064FB07AA0DF11A010646284612F05B
:10EBE000D7FE07A812F0A4FFB0FA80F43A462846F0
:10EBF00009A9640913F018FA28B9311E18BF0121B8
:10EC000009A813F073FA05F082FB082007A905F0A4
:10EC1000B8FBBDF81A0005F067FB204611E6082096
:10EC200009A905F043FB07A909A80CF037F905F07D
:10EC30006EFBBDF81C0005F057FB04E605F05DFB1C
:10EC400009A90CF0ADFC05F062FBA5E705F026FB79
:10EC50004B4B93F83C30834281BF4A4B00B233F8B0
:10EC6000205003EB800292BF02200020947805F030
:10EC70004EFB2846CFE705F011FB044605F03DFBAF
:10EC8000054605F00BFB3E4B93F83C30A3427FF664
:10EC90005DAE3C4A24B202EB840322F82450987003
:10ECA0000020D87070E605F0F9FA003818BF01208E
:10ECB0000DF01AF93FE705F0F1FA304B04469F6C6E
:10ECC0003A189A6405F0EAFA054605F0E7FA214693
:10ECD000064638461BF090F838B1321E18BF0122A4
:10ECE0002946294B1BF038FD4EE619204CE605F06D
:10ECF00026FB224BC3F8C800A5E50320A1E5204E62
:10ED00009DF9245096F93E30AB4209D001232046AC
:10ED10001E4A07A986F83E508DF81C500BF0A2FB46
:10ED2000BDF82640A6F84040002005F0F0FAE8B211
:10ED300005F0CAFA20467EE724F04004A4B262E55A
:10ED4000134807F099FA2146114828F0F3FDD4E55D
:10ED500005F0A4FA044605F0A1FA084B93F8CF2079
:10ED6000120706D000283FF4F1AD20460DF0BCFD9F
:10ED7000C3E583F8D040C0E50024ABE4483400206C
:10ED80001C450020EE340020619A010829E10100B1
:10ED9000C01E0020044BB3F8D2201AB13C20034916
:10EDA00005F0CABD704700BF48340020689D0308C5
:10EDB000014610B5074806F080F918B1A1210648B0
:10EDC00027F054FF054CB4F8D20028F0EFFCC4F84B
:10EDD000D40010BD1A350020049B030848340020DD
:10EDE0000D4A92F8D830013B022B11D892F8CF305F
:10EDF000112B07D9432B0DD0053B18BF4FF0FF3324
:10EE0000D8B270470548184110F00100F4D170479E
:10EE1000FF2070470020FAE748340020EBFFFDFF99
:10EE2000074B10B54C0022460146186827F091F8B0
:10EE300040F61243844214BF1846002010BD00BFA4
:10EE4000441D00202DE9F04F4FF00009B3B0D32846
:10EE5000CA464C464E464D46C8464F46CB46CDF870
:10EE60001C90CDF8209000F2EE80C92806D84C28DE
:10EE700000F28280032830D84A46B2E1CA38092815
:10EE800000F2DF80DFE810F0A701DD00DD00DD002B
:10EE9000DD00DD0036054205DD00E501B9380A2850
:10EEA00000F2CF80DFE810F09406CD00CD00CD0059
:10EEB000CD00CD00CD00CD00C904C704C4049538F1
:10EEC000072800F2BE80DFE810F08405BC00BC001B
:10EED000BC0076057C05BC000D030438482800F210
:10EEE000B080DFE810F02B06AE00AE00AE006C067E
:10EEF000AE00AE00AE00AE00AE00AE00AE008105CA
:10EF0000D905AE00AE00AE00710182019601A001EC
:10EF1000AE00A801AE00AE00C101C8012602DE02AB
:10EF2000E602FA02AE00AE00AE00AE00AE00510343
:10EF30009703AE00AE00AE00AE00AE00AE00AE0075
:10EF4000AE00AE00AE00AE00FA05AE002106AE0087
:10EF5000AE00AE003F027106AE00C304AE00000674
:10EF6000AE00AE00AE00AE00AE00AE00AE00AE0031
:10EF7000AE002604070616069C2857D894289ED86B
:10EF80007A2800F0C7847B2800F0DC8479287FF49D
:10EF900073AF05F083F9DE4B93F80423824240F20D
:10EFA000628493F8D830033B012B40F25C84D94B48
:10EFB00000B200EBC00003EB400433F810302046F1
:10EFC000ADF8403063881B0A8DF842300CF006FA29
:10EFD0008DF843000020237903F007021B098DF808
:10EFE0004530D4F806308DF84420CDF84630D4F8BA
:10EFF0000A30CDF84A3005F08AF9BDF8400005F036
:10F0000073F99DF8420005F05FF99DF8430005F0A3
:10F010005BF99DF8440005F057F99DF8450005F0AF
:10F0200053F90DF14601082000F07ABDC32808D835
:10F03000B8283FF633AFAC2800F09C83AD2800F031
:10F0400038840022CDE0F73881B25A293FF614AF58
:10F050005A28F6D801A252F820F000BFC9FA0008D9
:10F06000AFFA0008BFFA0008BBFA0008B7FA0008B8
:10F0700043F00008D9F5000843F00008CDF9000876
:10F0800043F0000843F0000843F0000843F0000894
:10F0900043F0000843F00008FFF7000827F80008D5
:10F0A00043F0000843F0000843F0000843F0000874
:10F0B00043F0000843F0000843F0000843F0000864
:10F0C00043F0000843F0000843F0000843F0000854
:10F0D00043F0000843F0000843F0000843F0000844
:10F0E00043F00008DDFB0008A9FC000843F000081D
:10F0F00043F0000843F0000843F00008EDFC00086E
:10F1000043F0000843F0000803FD000821FD00085B
:10F110002BFD00083FFD000843F00008F7FC000845
:10F1200043F0000843F0000843F0000843F00008F3
:10F1300043F0000843F0000843F0000843F00008E3
:10F1400043F0000843F0000843F0000843F00008D3
:10F1500009F8000813F8000843F0000843F000081D
:10F1600043F0000843F0000843F00008E1FA00080B
:10F170003DF60008E1FA000845F6000881F60008AF
:10F18000D9F6000805F7000811F7000819F700087C
:10F19000E1F10008C3F60008C9F6000843F00008D2
:10F1A00043F0000843F0000843F0000843F0000873
:10F1B00043F0000843F00008E1FA000871FA000883
:10F1C00079FA000883FA000805F097F8524BA3F883
:10F1D0004200002024E0504BB3F8420005F084F8D0
:10F1E0000122104633B0BDE8F08F05F086F84A4B97
:10F1F0000446A3F844000CF0E4FE04F0100400F010
:10F200000403A342E5D020EA0300414B83F8060241
:10F21000DFE705F072F8ADF8400010A80DF0B8F97E
:10F2200005F075F8DCE73A4B93F8CF0000F00F00DB
:10F2300005F04AF8D4E705F031F8044605F07FF808
:10F24000054605F02BF82946024620460CF0EEFE56
:10F25000E6E705F074F8044605F020F800220146C0
:10F2600020460BF0B3FDDBE716F02EFD0C22284BF9
:10F2700083F80722ADE7264D10A805F01AF995F896
:10F28000CF30002B40F0FF844FF6FF73BDF84820CD
:10F290009A4200F0F88429F009F8002840F0F3843D
:10F2A000D5F8A00010F0020007D00BF059FB4FF684
:10F2B000FE73984201D10FF0F7FE10A90CF0ECFCA0
:10F2C000044610BBD5F8A03098074CBF022001209F
:10F2D0000CF0B9FC0021012011F03EF90446A0B960
:10F2E00016F0E8FB2246082110A80BF0DDF9B8B9AA
:10F2F00095F8D03010A88DF85030084B15930023A6
:10F30000ADF84E300DF038FA0446204688E700BFCD
:10F31000483400204E3700201C45002000F8FF072D
:10F32000042110A8FFF77CFD0028E1D040F612442C
:10F33000EBE704F0B3FF044610A805F0BAF8012289
:10F34000C64B83F846209DF84C3043B10BF008FBC8
:10F350000146224610AB01200DF046FA60E74FF659
:10F36000FE71F6E704F09AFF1622002181460AA8F2
:10F3700026F0B8FD04F092FF80468DF82C0004F0D2
:10F380008DFF8DF82D0004F089FF8DF82E0004F01C
:10F3900085FF8DF82F0004F081FF8DF8300004F018
:10F3A0007DFF8DF8310004F079FF8DF8320004F014
:10F3B00075FF003818BF01209DF835300AAD60F3A5
:10F3C00000038DF8353004F069FF003818BF0120C4
:10F3D0009DF8353060F341038DF8353004F05EFF61
:10F3E000003818BF01209DF8353060F382038DF896
:10F3F000353004F082FF0746ADF8280004F07DFFA9
:10F400000DF13601ADF82A00082004F04FFF04F09A
:10F4100045FF824604F042FF0446914B0EAA2E4659
:10F4200003CE964218605960354603F10803F6D1C1
:10F4300030681860B2889A80DDF83600DDF83A103E
:10F4400010AB03C300234A468DF84C304FF6FE71D3
:10F45000012010ABADF848708DF84AA08DF84B80B4
:10F460000CF052FC00287FF4DBAE10A80CF068FB17
:10F470009DF834301BB17B4B93F8202262B90AA867
:10F480000DF080FB00287FF4CBAE003C18BF0124B8
:10F49000744B83F83C42C3E673490AA80DF0CEFBD7
:10F4A000F0E704F0FBFEFF224FF6FF710EF05EFA6C
:10F4B000B6E604F0F3FE044604F041FF054604F00E
:10F4C000EDFE064604F0EAFE0346201E32462946BB
:10F4D00018BF01200CF04AFEA2E604F0DFFE0CF09B
:10F4E0007BFB9DE604F009FF064604F028FF044676
:10F4F00004F0D4FE054604F000FFB4F1006F2CBF09
:10F50000392238224FF00003ADF842204FF4800238
:10F510002CBF4FF001099946FF2D4FEA1447804652
:10F52000ADF840301192ADF84830A4B20FD10DF0D3
:10F53000BDF8B9F1000F19D14C4ACDE902082346B4
:10F540003046CDE9007510A915F034F968E6FE2DB6
:10F550000AD10DF0ABF80130C0B20DF0C5F9B9F128
:10F56000000F0FD0424A02E0C0B2F8E7414ACDE9AD
:10F57000030801233046CDE90175009410A915F068
:10F5800019F94DE63C4AD8E710A90AA80CF04AFF41
:10F5900004F0BDFE9DF8280004F096FE10A9082096
:10F5A00004F0EFFEBDF8480004F09EFE9DF84A000E
:10F5B00004F08AFE9DF84B0004F086FE9DF84C0096
:10F5C00004F082FEBDF84E0004F08EFE9DF850005F
:10F5D00004F07AFE159823E604F060FE214A92F8C2
:10F5E000CF2002F00F01022902D0033A022A0FD8DD
:10F5F0000020224A92F858A092F95A6004F087FE3F
:10F60000F0B204F061FE002004F05EFE50460FE60A
:10F610001720F3E7194A10ABD2F86A00D2F86E103F
:10F62000B2F8684003C30F4B93F83D0204F04CFE60
:10F63000082010A904F0A5FE2046CFE5074B93F85B
:10F640004700F5E50D4BB3F8680029F075F8054B58
:10F6500003EB8003D3F84002E2E500BF1C45002025
:10F660005036002048340020E1BF01086F9B03089A
:10F6700090A103086E9B030891A10308101C0020B1
:10F6800004F05DFE0A230546A74A012010A90AF0EE
:10F69000E9FE4FF6FF73BDF848609E420FD0082286
:10F6A000FF2110A80BF000F848B9304610A90BF064
:10F6B00047FE9E4B03EB8003C3F8405289E50120CF
:10F6C000AEE50BF0EDF889E50BF0EAF810F0070F66
:10F6D0000CBF01200020ABE50A23934A012010A9AA
:10F6E0000AF0C0FE4FF6FF73BDF848209A4200F0C2
:10F6F000F7810822FF2110A80AF0D6FF80F0010050
:10F70000C0B295E50BF0CCF8B0FA80F040098FE577
:10F71000864B93F8CE00F7E71BF015FB20B94FF4AA
:10F72000D671834827F0A2FA05F008FC0028FBD127
:10F7300056E504F0B3FD10A915F010FB04F0E7FD49
:10F7400010A9082004F01DFE9DF8480004F0BCFD3F
:10F75000BDF84A0004F0C8FD9DF84C0004F0B4FD6B
:10F760009DF84D0004F0B0FD9DF84E0004F0ACFD96
:10F77000149855E504F092FD0DF140084146064607
:10F78000082004F093FD04F089FD04468DF848003C
:10F7900004F0B3FD0546ADF84A0004F07FFD8DF896
:10F7A0004C0004F07BFD8DF84D0004F077FD8DF8E2
:10F7B0004E0004F0C4FD5F4A149092F84720B24214
:10F7C0001BD998E803000AAF022C87E80300ADF8C4
:10F7D000305010D0E11E4C464A424A41D2002243EA
:10F7E00006F582308DF8322039460B2200F5C070C4
:10F7F0001EF006FFEDE44A46F1E7272010E504F08D
:10F800004DFD15F04DF9E9E404F048FD16F0D8FE81
:10F8100076E704F043FD044604F040FD41B2204683
:10F8200016F0E6FEDCE404F068FD28F0C9FCFFE415
:10F83000414B1878FCE4414BFBE704F02FFDFF2817
:10F840001FBF3F4B00B203EB800233F820B01BBF59
:10F85000937800202D20089304F059FD584604F0B9
:10F8600043FD0898E4E40120FFF7C5BB082010A978
:10F8700004F01CFD10A80BF0F3FAFF2813D110A818
:10F8800028F024FDFF2812D02A4B93F84820274B5C
:10F89000024403EB82030020D3F84032099304F0C2
:10F8A00036FD0998BCE4214B03EB8003F3E72D20E0
:10F8B000F5E710A9082004F0F9FC04F040FD044627
:10F8C00010A80BF0CDFAFF280ED110A828F0FEFCEE
:10F8D000FF280DD0174B93F84820144B024403EB3C
:10F8E0008203C3F8404274E4104B03EB8003F8E753
:10F8F0002D2095E404F0D2FC072800F20E82C20706
:10F9000040F10B820B4B83F8490062E4094B93F8FA
:10F9100049008DE4054991F8D820033A012A40F2C4
:10F92000DF8091F8040383E426E1010048340020DD
:10F93000759B03081C4500209F440020AA1F00203F
:10F94000AC1F002004F0AAFCD04B93F84A3083424D
:10F950002DD9CF4B93F8D8100339012927D903F5B6
:10F96000876300B203EBC0018A7912BB33F83080A1
:10F9700000200C794F8804F00303A509C4F3011992
:10F9800007936D01C4F3810404F0C1FC404604F008
:10F99000ABFC384604F0A8FC079804F095FC284618
:10F9A00004F092FC484604F08FFC204640E401201D
:10F9B000EAE72D20E8E704F071FC40B20AF0FEFE11
:10F9C0002EE404F06BFC0CF0ABFA29E40AF014FF0F
:10F9D0002EE404F063FCAF4B0146186826F062FB8E
:10F9E000003818BF01201BE404F058FC074604F05F
:10F9F00084FC064604F081FC054604F07EFC0446C7
:10FA000004F04CFC814604F049FC804604F046FCBE
:10FA10009F4B0246B3F8C214B3F8C004884250D8D2
:10FA200006F1080189B2012903D94FF6FF718E4210
:10FA300047D183F8C8240022AD00A400A3F8C46411
:10FA4000A3F8C054A3F8C24483F8C69483F8C784CB
:10FA5000914B1A704FF6FD72904B1A801FB116F041
:10FA600093FEFFF7B6BB384616F09EFEFFF7B1BB1C
:10FA700016F08AFEFFF7B4BB002016F095FEFFF7E4
:10FA8000AFBB04F05CFC044604F037FC01462046A2
:10FA900016F044FEFFF7A4BB04F000FC10F0FD03D9
:10FAA00040F03B81794A82F84B00FFF792BB04F0AB
:10FAB000F5FB04F0F3FB04F0F1FB04F0EFFB04F0C2
:10FAC000EDFB0220FFF7ACBB754B0322B3F86810C7
:10FAD000012018F0F5FCFFF7A3BB022004F017FC8F
:10FAE0000020FFF7A5BB04F008FC04F006FC04F0BE
:10FAF00004FCE6E7022004F00AFCBDF8400004F034
:10FB0000F3FBBDF8420004F0EFFBBDF84400FFF743
:10FB100065BB04F0C3FB022004F0F9FB862010A9AA
:10FB200004F02FFCFFF75CBB04F0B8FB252800F2C3
:10FB3000F480564B83F84600FFF74BBB04F0AEFB56
:10FB400010A90CF06BFB04F0E2FB9DF8440004F0FC
:10FB5000BBFB9DF8450004F0B7FB9DF8460004F0A0
:10FB6000B3FB9DF8470004F0AFFB9DF8480004F09C
:10FB7000ABFB9DF8490004F0A7FB9DF84A0004F098
:10FB8000A3FB9DF84D0000F0010004F09DFB9DF8E3
:10FB90004D00C0F3400004F097FB9DF84D00C0F30A
:10FBA000800004F091FBBDF8400004F09DFBBDF81F
:10FBB000420004F099FB0DF14E01FFF734BA344BCB
:10FBC00093F8C904FFF734BB0CF01EFAFFF728BB0B
:10FBD00004F064FB0CF0D4F9FFF722BB10A804F08A
:10FBE00068FC04F05BFB2A4E054696F8CF30002BEC
:10FBF00049D14FF6FF73BDF848209A4243D028F010
:10FC000055FB00283FD10AF0ABFE4FF6FE73984239
:10FC100001D10FF049FA10A90CF03EF80446002873
:10FC20007FF473AB05B305200CF00DF80121002023
:10FC300010F092FC044600287FF467AB02460821CE
:10FC400010A80AF031FD88B996F8D03010A88DF8C8
:10FC50005030144B15930023ADF84E300CF08CFD52
:10FC600004465DB905200AE00620DDE7042110A85E
:10FC7000FFF7D6F80028E7D0FFF758BB04200AF0BA
:10FC800089FCFFF742BB0224FFF73FBB1C45002065
:10FC900048340020441D0020CC1F0020CA1F002033
:10FCA000101C002000F8FF0704F027FB054604F0B5
:10FCB000F5FA254B044693F8CF30022B7FF401AFC1
:10FCC0000AF04EFE85423FF4FCAEC4F3C01464015A
:10FCD000214628460DF058FF00283FF4A1AA2846E7
:10FCE00044F040010DF0FEFDFFF79ABA164B93F871
:10FCF000CA04FFF79DBA10A80CF058F910A9FFF735
:10FD000092B904F0CBFA18B1072806D8C30704D576
:10FD10000D4B83F8CB04FFF75CBA2120FFF780BAC4
:10FD2000094B93F8CB04FFF783BA04F0B7FA003815
:10FD300018BF0120054B83F84C00FFF751BA034B65
:10FD400093F84C00FFF774BA483400201C4500209B
:10FD5000012070472DE9F04F214D804695F8CCA445
:10FD60000F4685B0BAF1000F37D04FF6FB739842BB
:10FD700033D84FF0000B95F8CD4495F8CE6402AA25
:10FD800056FA8BF00DF10601C0B211F001FE082207
:10FD900039460DEB02005FFA8BF926F060FEA0B940
:10FDA0004C4508D10134E4B2A2450ABF002385F8CE
:10FDB000CD4485F8CD344246394606EB0900C0B241
:10FDC00005B0BDE8F04F12F02FB90BF1010B5FFA4F
:10FDD0008BF39A45D1D8A146E4E705B0BDE8F08F92
:10FDE0004834002010B504461422002126F07AF889
:10FDF000014B236110BD00BF0001440510B504464E
:10FE000086B01123134A012001A90AF02BFBA37825
:10FE10009DF814209A4207D08DF814300020112349
:10FE20000C4A01A90AF01EFB11230B4A012001A96B
:10FE30000AF018FBE3789DF814209A4207D08DF859
:10FE4000143000201123044A01A90AF00BFB06B06C
:10FE500010BD00BF79EB010075E401007E2888BF6A
:10FE600000F5C4304FF0190294BF00F58330AD3077
:10FE70001EF0C6BB10B50024E3B210B9C3F10303F2
:10FE8000DBB20134042CCA544FEA1222F4D110BD63
:10FE90000368D90444BF43F48063036003689A0491
:10FEA00044BF43F400630360704710B50A4604463C
:10FEB00020B119B1044B00211B6898472046BDE8CA
:10FEC0001040FBF78ABB00BF1845002070B5046ADC
:10FED00005460E463CB90120FBF77EFC286228B19E
:10FEE00020466E6270BD6FF08A00FBE76FF08C00F9
:10FEF000F8E738B50446006A10B1616AFFF7D5FF2C
:10FF0000237E012B0FD0023B012B0FD8E369012B7D
:10FF10000CBF00256FF0960528220021204625F011
:10FF2000E1FF284638BDE369002BF1E76FF0960545
:10FF3000F2E700207047426870B5120A05884388CE
:10FF400006D0012A56D000236FF086000B6022E015
:10FF500005F4E042B2F5805F02D0B2F5005F05D152
:10FF60000733DB0840D16FF0850014E005F44F4201
:10FF7000B2F5844F03D10733DB080AD1F3E747F228
:10FF80000102954208D15B080133DB0803EBC30390
:10FF90003B3300200B6070BD44F20102954202D158
:10FFA000DB081033F5E747F20202954204D1DB0883
:10FFB00003EB43035A33ECE744F20202954204D1C7
:10FFC000DB0803EB43034A33E3E725F0FF05B5F510
:10FFD000E24FD0D0B5F5824FC5D10733DB085B00C7
:10FFE0000133012BD5D1BEE725F0FF05B5F5824FD2
:10FFF000CFD1F6E705F4E046DC1DB6F5805F25F0CD
:020000040801F1
:10000000FF004FEAD40202D0B6F5005F06D1002A05
:100010004DD0B0F5824F07D1134643E005F44F466B
:10002000B6F5844F05D1C2B3D31C23F003032C33A0
:10003000AFE747F20106B54210D15B080133DB0898
:1000400003EBC3033B330333920723F0030301D1D4
:10005000072CECD1B0F5824F30D0E8E744F201062E
:10006000B54202D1DB081033EDE747F20206B54294
:1000700004D1DB0803EB43035A33E4E744F20206FE
:10008000B54204D1DB0803EB43034A33DBE7B0F5A9
:10009000E24FC8D0B0F5824F02D00B680333C4E7FB
:1000A00053000133012B00D10B68013BCBE7B0F5C6
:1000B000824F0B68F2D1023323F003030433B6E717
:1000C000F8B51E4D064695F8F0350F4683B300246B
:1000D0002B462246197ED1B13CB9022905D1D969F6
:1000E00019B91979002918BF1C460132262A03F1D3
:1000F0002803EFD114B96FF08C0006E02046FEF71C
:1001000034F82046FFF7F5FE10B100240EE01C463F
:10011000237E83B9012323763EB1651BED1003F1E5
:10012000CC335D4305F18045356000203C60F8BD6F
:100130006FF08800E9E76FF09600E6E7F41500201D
:1001400000232DE9F0470F460B608949064691F8D8
:10015000F02586B0002A00F0058100F14042252AF2
:100160004CD8282303FB02110B7E022B3BD03946CF
:100170000020FFF7A5FF0446002856D10125D7F837
:10018000008021463046C8F81460C8F8045004AA1C
:10019000FAF726F8044618BBDDF810A028465146A9
:1001A000FBF71AFB0546002800F0D08021463046B8
:1001B00004AA0394FAF714F8044668B903AB21467D
:1001C000009352462B4630461AF000FF039B04462C
:1001D0009A452ED06FF0980451462846FFF765FEE9
:1001E00000210846A7E04B699842C0D10846FDF7B8
:1001F000BCFF0446B0B93960002416E0002840F383
:10020000B4800A46107E022802D15069864205D089
:100210000133262B02F12802F4D1A8E7282202FBA1
:100220000311E3E710F18C0FA1D0204606B0BDE822
:10023000F0870028D0D1BAF1230F68D908222846C8
:100240004C4926F00CFC002861D1AB68002B5ED134
:100250002E6AAAF124039E425AD8B6F5005F57D2FF
:100260008EB331460120FBF7B7FA814600285DD0F6
:10027000324605F1240126F002FCEB685146C8F82D
:1002800004302B8A2846A8F800306B8AA8F8023080
:100290006B69C8F80830AB69C8F80C30EB69C8F86E
:1002A0001030B9F1000F00D07EB9FFF7FEFD3146E6
:1002B0004846FFF7FAFD3868FFF71BFE6FF0910420
:1002C00000233B60B1E7B146D7E7FFF7EEFD3146CB
:1002D0004046FFF7FBFD044658BB32464946D8F876
:1002E000200026F0CCFB31464846FFF7DEFD3C6897
:1002F00004F10800FFF7CCFD237E012B2FD0204610
:10030000FDF733FF044600283FF476AFD8E72646D2
:100310006FF0980451462846FFF7C7FD314600208C
:10032000FFF7C3FD3868FFF7E4FDC9E76FF08C0401
:10033000F0E731464846FFF7B8FD3868FFF7D9FDCA
:1003400014F18C0F08BF6FF08704B9E72146FFF75F
:10035000ACFD3868FFF7CDFD6FF08C04B0E70223E9
:100360002376CCE76FF088045FE76FF087045CE7E3
:10037000F41500205D9C0308034660B1017E8A1ECF
:10038000012A0AD80329C26902D1012A00D1B0E5A5
:100390001AB1013ADA61002070476FF09600704799
:1003A0002DE9F843884617461E46FFF7C9FE044666
:1003B00020BBD8F80050B5F8009009F4E043B3F53D
:1003C000804FAB6808BF27F0010737EA03030DD160
:1003D000A6B132464846E968FDF7A6FE074668B969
:1003E000324648462969FDF79FFE50B9002328464A
:1003F000C8F80030FFF7C0FF6FF084042046BDE866
:10040000F8833C46FAE77FB5044618B301A9FFF725
:1004100097FE0446F0B9019D2B7E022B25D10323C4
:100420002B762B79FF2B23D073B16E692146304692
:1004300002AAF9F7D5FE8C3006D030462146F9F7EE
:10044000EEFE50B16FF098042846FFF795FF0028A4
:1004500018BF0446204604B070BD3046214602AAAB
:10046000F9F7BEFE8C30EFD0ECE76FF09604EBE7C7
:100470006FF08404E8E7C6E730B58BB001AD242205
:1004800004460021284625F02DFD0023ADF802305A
:10049000637B590744BF4022ADF802201A0742BFD0
:1004A000BDF8022042F48062ADF80220DB071ED5C1
:1004B000294660780EF045FF10B12D200BB030BDFD
:1004C000231D95E8030083E80300637B43F00203E8
:1004D0006373002104AA201D0EF05EFF0028ECD0FB
:1004E0000698FFF790FF003818BF0120E6E729467D
:1004F0000DF10202201D0EF04FFF0028E9D1DCE7CC
:1005000030B58DB004466846FFF76CFC04238DF8C7
:1005100000300123FF2C8DF801408DF80D3002D101
:1005200021200DB030BD132CFAD80025192200214E
:1005300005A825F0D7FC084B204603EB840305A94A
:10054000C3F8D054FFF78AFC04F5403000F5807002
:10055000FFF791FF2846E4E7483400202DE9F04FEB
:100560009B460023A7B089469046CBF80030012275
:1005700001A9FFF715FF054648BB019C6368D4E954
:1005800008761B0A07D0012B40D02046FFF7F4FE67
:100590006FF086051BE0238803F4E042B2F5805F2C
:1005A00019D0B2F5005F16D044F2010223F4405195
:1005B000914210D003F44F43B3F5824F0BD0B3F503
:1005C000844F08D02046FFF7D7FE6FF085052846F8
:1005D00027B0BDE8F08F464505D92046FFF7CCFE91
:1005E0006FF08905F3E732463946484626F047FA68
:1005F0000021A8EB060209EB060025F073FC20465B
:10060000CBF8006027B0BDE8F04FB5E6002FBCD0B6
:10061000002EBAD0B9F1000FB7D0A36813F0010AC9
:1006200005D12046FFF7A8FE6FF08405CFE701460D
:1006300020220CA825F056FC3246394620460CAB49
:10064000F9F738FE054618B12046FFF795FEBEE7DC
:1006500014AE0CAF0FCF0FC697E80F0086E80F005F
:1006600002A914A8278802951AF004FE27F0FF03B8
:10067000B3F5824F064617D1413FFFB2012F13D980
:10068000042308F1FF3809F8013B0023CDE91739AD
:1006900008F1030323F00303199346B12046FFF743
:1006A0006BFE6FF0920592E74FF0000AEDE7029DB6
:1006B000A84592D3282231461CA825F013FC1CA87B
:1006C00027F097FF0028E9D114A90CA81AF08CFD97
:1006D00018B90F9B013B012B0ED96FF092061CA895
:1006E00027F087FF0028D9D12046FFF745FE0546B1
:1006F000002E3FF46CAFD4E74FF0817309A90CA82A
:10070000CDE91C361E962496F9F730FB0028E4D17B
:1007100009991CA827F074FF03A90CA8F9F7FFFB9F
:100720000028DAD103A91CA8F9F736FC06A90CA801
:10073000F9F70CFC0028D0D106A91CA8F9F72CFC6D
:1007400009A914A8F9F702FC0028C6D11CA809A918
:1007500027F05FFF1CA826F02FFA0028BDD15544D2
:100760000026CBF80050BAE701B1F7E66FF086003B
:1007700070472DE9F043074621488FB0884616465A
:100780006B461022D0F8240505A9FFF7EDFF0025E0
:10079000002D01AB0CBF36215C210024994605A831
:1007A00010F8012B0134E4B24A40102C03F8012B5D
:1007B000F6D11422002109A825F094FB4A462146CF
:1007C00009A80EF0D3FCBDB941463A4609A80EF07F
:1007D00037FD324609AC0DF1340C234603CB63459B
:1007E000106051601C4602F10802F6D115B10FB03D
:1007F000BDE8F0830125CBE732462146E6E700BF9E
:10080000483400207FB5102201AB02A9FFF7A6FEF5
:1008100050B902A80FF0DAFF80F00100C0B200F07A
:10082000010007B05DF804FB0020F8E710B50446AE
:1008300086B001A9104A1123012009F013FE9DF88A
:1008400014300E48E370FFF7DDFF0D4A607001A918
:100850001123012009F006FE9DF814304FF44030BA
:10086000A370FFF7CFFF20700020064BD3F8283588
:10087000636006B010BD00BF75E401000100030015
:1008800079EB0100483400202DE9F04391B0189E27
:100890001A9F1D9C002E38D124F0100C14F4806493
:1008A00021D11CF0200F14BF4FF0410E4FF0610E0C
:1008B00000260DF12008AEF10A0EB4FBF7F907FB94
:1008C00019495FFA89F5B9F1090F94BF30357544BC
:1008D000EDB2BC4208F8015B06F10106B4FBF7F586
:1008E00001D3202E14D11C9CCDF818C005941B9C5C
:1008F000CDE903749DF86440CDE9016408AC00942F
:10090000FDF78EFC11B0BDE8F083A4463446C8E77D
:100910002C46D2E72DE9F04F95B0CDE90A23DDE969
:100920001E65DDE9228B56EA0502CDE90801269B0A
:1009300039D15A0523F010093AD419F0200F14BF09
:100940004123612300240DF1300AA3F10A0729464F
:1009500042465B46304624F097FCD2B2092A94BF47
:100960003032D2194645D2B275EB0B0504F10104C1
:100970000AF8012B01D3202C17D1259BCDF8189014
:100980000593249BDDE90801CDE903839DF88030C0
:10099000CDE901430CAB0093DDE90A23FDF740FCF0
:1009A00015B0BDE8F08F9946C7E706460D46CEE77D
:1009B0000024E2E72DE9F04F93B0CDE90A32DDE9FA
:1009C0001C530E9353EC102BCDE908011046194629
:1009D0008DED060B1E9E25F00BFA80B1DDE90601B8
:1009E0004FF0FF32C64B25F02BFA40B9DDE9060186
:1009F0004FF0FF326FF4801325F004FA68B1DDE99F
:100A000008019DED060B0E9B1E96CDE91C53DDE9FA
:100A10000A3213B0BDE8F04F87E10022DDE906019C
:100A2000002325F0EFF9002800F03381DDE906A36B
:100A300003F1004BCBF30A5016F48063A0F2FF30B1
:100A400008BF06250F9324F001FF9DA3D3E90023DF
:100A500024F066FF9CA3D3E9002324F0ABFDCBF385
:100A60001304894644F07F5180460022A54B50462E
:100A700041F4401124F09CFD95A3D3E9002324F018
:100A80004FFF02460B464046494624F093FD25F0B1
:100A9000E1F9044624F0DAFE8FA3D3E9002380466F
:100AA000894624F03DFF0022974B24F083FD25F07A
:100AB000D1F98BA3D3E9002307464946404624F0E9
:100AC0002FFF80463846894624F0C0FE86A3D3E92E
:100AD000002324F025FF02460B464046494624F0F9
:100AE00067FD02460B46CDE90C2324F019FFDDE932
:100AF0000C23804689461046194624F05BFD0022EF
:100B0000CDE91001814B4046494625F033F80022DB
:100B10007F4B24F04FFD02460B464046494625F0E8
:100B200029F800227B4B24F045FD02460B46404647
:100B3000494625F01FF8DDE90C2380468946002050
:100B40004FF0804124F034FD02460B4640464946B2
:100B500024F030FD02460B46DDE9100125F00AF8CD
:100B600007F2FF3700226C4B24F024FD00223B05E6
:100B700024F0D6FE52465B468046894625F060F951
:100B8000002840F08980CDE90C8904F16303C72B6C
:100B900034BF0427052731051BD555A3D3E900230E
:100BA0005046594625F042F900287FD052A3D3E998
:100BB00000235046594625F025F9002876D0002715
:100BC000A542C6BF2C1B04F1FF3500253C4646F468
:100BD00080660E9B9F422CBF4FF00008A3EB0708D6
:100BE00016F0020903D0002F18BF4FF000083CB1E7
:100BF000DDE90C235046594624F0BCFF82468B4663
:100C0000DDE906010022002325F0FCF810B10BF10C
:100C100000439B46DDE9080126F40063CDE901832A
:100C2000DDE90A324BEC10AB009500F07EF802468D
:100C30005FB3DDE9091316F0200F00F10105089EEE
:100C40000CBF65204520B047DDE9080105230022DF
:100C500005930A23002CCDE9023207F1FF374FEA52
:100C6000D473B8BF64422A46019304970A9B009448
:100C7000FFF70AFE0246B9F1000F06D00B9BC41A1B
:100C80000B9B1A190E9BA34248D8104613B0BDE81F
:100C9000F08FDDE906ABCDE60022404649461C4B0D
:100CA00024F068FF013CCDE90C016EE7002D90D0E7
:100CB0000F9B002B8DD0013D8BE700BFAFF3008071
:100CC000FB799F501344D33FB3C8608B288AC63F3B
:100CD00061436F63A787D23F71A379094F930A409D
:100CE0001655B5BBB16B0240EF39FAFE422EE63F16
:100CF0002D431CEBE2361A3F0000000080842E4199
:100D0000FFFFEF7F0000F83F0000E03F00002C40B5
:100D100000002440000018400000F03F2020DDE9E2
:100D20000913089DA8470134AAE72DE9F04F5BECB1
:100D300010AB97B0CDE90501DDE92057CDE90723D8
:100D4000504652465B465946229E25F051F870B9EE
:100D50000323CDE902760193AF4B0093DDE9050152
:100D6000DDE90723FDF718FA17B0BDE8F08F4FF063
:100D7000FF326FF480135046594625F043F828B1EE
:100D80000423CDE902760193A44BE6E74FF0FF324E
:100D900050465946A24B25F053F868B1A14A06F0D7
:100DA0000403002B08BF03229F4B1CBF13460422E1
:100DB000CDE902760192D0E7504693A3D3E9002310
:100DC000594625F03DF838B991A3D3E900235046A0
:100DD000594625F017F860B1DDE90723DDE9050183
:100DE0004BEC10ABCDE92176209517B0BDE8F04F64
:100DF000E0E5002200235046594625F003F800287C
:100E000000F09A805B4652460020002124F0D0FB7F
:100E1000012382468B46099316F4806400F08E808D
:100E2000092D40F28E80002430210EABA5F109027D
:100E30000134202C03F8011BA5EB040901D09442D6
:100E4000F6D15946504625F005F8784B054603EB98
:100E5000C90393ED087B8DED0A7B24F0F7FC024675
:100E60000B465046594624F0A3FBDDE90A2324F043
:100E700057FD02460B46CDE90C2325F013F88046BA
:100E800024F0D4FC02460B46DDE90C0124F090FB73
:100E900002460B46CDE90C230022654B24F0D0FF1F
:100EA000002851D008F10108404624F0BFFC02465A
:100EB0000B46DDE90A0124F0AFFF10B14FF0000846
:100EC0000135B9F1000F50D1284624F0BFFC02468D
:100ED0000B465046594624F06BFB0022544B80468B
:100EE000894624F08FFF30B1002240464946504BDE
:100EF00024F0A6FF10B1E80700D501350A210EAB9A
:100F00001A19202C0AD095FBF1F001FB1055303551
:100F100002F8015B013405460028F2D106F0030215
:100F2000012A57D1002F55D0099A12B916F00C0F8B
:100F300000D0013F302245E009906DE74FF00609EF
:100F40007FE7A94600247CE70022DDE90C01384B4D
:100F500024F058FF0028B4D1B8F1000F02D018F0E7
:100F6000010FAED008F10108ABE70A210EAB234414
:100F7000202C0ED0B8FBF1F001FB1082B8F1090F64
:100F800002F1300209F1FF3904F1010403F8012BE9
:100F900011D83021A1440EAA202CAFD0A14504F1D4
:100FA00001030AD11C4609F158030DEB03092E2356
:100FB00009F8203CA2E78046DAE7A1541C46EBE79B
:100FC0001A550134A74205D9202CF9D1CDE9027672
:100FD0000194C2E6202CF9D0099A3AB12D2104F1EE
:100FE00058026A4402F8201C0134EFE7710704D567
:100FF00004F158022B216A44F4E73207E6D504F1E4
:10100000580220216A44EDE70000000065CDCD4183
:101010000000000065CDCDC18D9B0308919B0308A6
:10102000FFFFEF7F849B0308899B0308489C03080C
:101030000000E03F014B186827F0C7BAF015002008
:10104000F0B5294B04461B780E4685B0002B48D0DE
:10105000FDF74CFA012805D90238C0B2012834D96D
:10106000212423E014F48013C4F3130725D01F4D6B
:1010700095F83430ABB301212846F6F7BFF839466E
:1010800028461B4A0DF10F03F6F79DFC044680B974
:101090009DF80F30032B0CD0022B0CD1284614499D
:1010A000F6F709F93060E86B1DF030FC204605B01A
:1010B000F0BD2D24F7E76124F5E700920B480A46BE
:1010C0003946F6F725FD0446F0E7EFF3108072B6D7
:1010D000084B1860204619F027FC0446FFF7AAFFCA
:1010E000E4E71124E2E700BFE81B0020F81300202A
:1010F00094130020F01500200B4610B51922044669
:10110000FF21184624F0EEFE7E2C01468CBF04F52C
:10111000C43004F583304FF01902BDE8104088BF99
:10112000AD308DE730B5132805460C4689B03AD866
:1011300001A9FFF7E1FF182101A80EF04FFC10B93B
:10114000292009B030BD9DF81C2001AB12F0020F20
:1011500003CB14BF08231823C4F82110510748BF3C
:1011600043F020032380C4F81D00100642BF2388EB
:1011700043F400732380D107E2D50523A3700B4B02
:10118000520603EB8505D3F82C35D5F8D0146361EE
:1011900023884FF0000054BF43F0060343F086035A
:1011A000A1612380CDE72720CBE700BF4834002092
:1011B00030B5417B044611F001058BB015D00021FC
:1011C0002822684624F08EFE69466078FFF7AAFF61
:1011D00048B9DDF81D306360DDF82130A360637B22
:1011E00043F0020363730BB030BD8B0701D42D2095
:1011F000F9E7C90001F08001043019F02FFBFF2846
:101200006070F4D0637B284643F001036373EAE720
:1012100010B503780446013B8AB0082B1AD8DFE8E2
:1012200003F009331016052123292F004FF0031076
:101230000AB010BD43781548002B08BF4FF440306A
:10124000F6E701A9FDF7C8F820B90698F0E7FFF71F
:10125000AFFF08B10020EBE7607800F5403000F503
:101260008070E5E70A48E3E7407800F5403000F594
:101270000070DDE7407800F5403000F54070D7E7BA
:10128000044BD3F83005D3E70348D1E7010003004E
:10129000040003004834002002000300F0B50646B5
:1012A0000D468BB0002900F09380002800F090805C
:1012B00003785A1E082A00F28980DFE802F005143C
:1012C0003E4968687272800043781022002B4148C2
:1012D000294608BF4FF4403001ABFFF745FA041E22
:1012E00018BF012423E009F03BFBB8B101A80EF0C0
:1012F000E2FB98B1747B371D14F0020F07D008226F
:10130000384601A925F0ABFB08B12D240FE001AB55
:1013100044F0020403CB7060796074736B46102252
:1013200029462D48FFF720FA0028EED1044628462A
:101330000EF03AFA20460BB0F0BD01A9FDF74CF8CB
:1013400004460028F3D16B46102229460698C4E7CC
:10135000FFF72EFF04460028D7D1737B9B0705D5E6
:1013600002460821301D09F09FF960B970781022FB
:1013700000F54030294601AB00F58070FFF7F4F925
:1013800008B10124D3E728460EF00EFACFE7052B6B
:1013900012484FF01002294608BF4FF0031001AB6E
:1013A0009BE74078072B00F540304FF010022946AC
:1013B0000CBF00F5007000F5407001AB8DE70848E8
:1013C00010222946D0F8300501AB86E72124AEE78C
:1013D0002124AFE701000300020003000400030022
:1013E000483400202DE9F04FE228A3B036D8DC289D
:1013F0000ED8C9280AD8BF2815D85F2800F0C482A3
:10140000702800F04C835D2800F0B08200202DE0B1
:10141000DE38042800F2C682DFE810F03A03F0025A
:1014200037033A030802C0380928EFD801A353F85C
:1014300020F000BF5F1901080D1401080D14010808
:101440000D1401080D1401080D140108B517010849
:101450000D1401089318010873140108F52800F011
:101460002483B0F58C7F4FF000003AD023B0BDE864
:10147000F08F02F064FF05460DA803F066F802F055
:101480000DFF064602F039FF049002F036FF804659
:1014900002F033FF0BA98146082002F007FF10A9D4
:1014A000102002F003FF02F04AFF4FF6FF7A05908A
:1014B00002F0F4FE15F4803308BFD14615F0100297
:1014C0000390089310D00DA802F022FC04280346D4
:1014D00006D84822FF215343AD4AD15402F031FCD3
:1014E000002002F0F1FEA1E115F0080400F01B81DC
:1014F000C5F3C223069315F40043079304D09F233A
:101500000699CB40D907EBD50DA8099202F000FC53
:10151000FF280446099A0FD148219D4B01FB02FB8D
:1015200013F80BA00BEB0307BAF1FF0F00F0D28208
:101530000132052AF2D1D3E70428D1D8944B0EB159
:10154000032E7AD1482000FB043292F82C70FF2F32
:1015500008D02E2210FB04200BA90822184425F0E5
:101560007EFA68B348238A4803FB040292F83820C5
:10157000FF2A0CD03A2213FB04230BA9082218449B
:1015800025F06DFAD8B1FF2F15D1002702E0FF3FFB
:1015900018BF012748220C23624303FB07227C4B20
:1015A00013440BAA03CA049A83F82C60C3F82E00D4
:1015B000C3F83210DA86204602F0C3FB09E00120AE
:1015C00048230C22634302FB0030714B049A03440E
:1015D000DA86079B6E4FABB14FF0480C0CFB047CD6
:1015E00010AB0CF11C0E0FCB8EE80F009CF81630E0
:1015F000069A23F01C0343EA820320468CF8163037
:1016000002F09FFB15F4C06F614AC5F3412C05F44D
:1016100080716DD1482303FB047300294AD00599DA
:101620009961997D21F003019975482303FB0423F7
:10163000596841F02001596041E0022EBBD1482297
:1016400002FB043292F82C0002280BD1D18D4145C7
:1016500026D092F83810022911D1528F4245AAD1D2
:1016600001211EE092F83810022906D1528F42451E
:10167000F6D0FF289FD1002104E0FF28FBD0FF29EE
:1016800099D1012148220C20624300FB012213441E
:101690000222A3F82E8083F82C20A3F830908AE74A
:1016A000002148220C20624300FB01221A44A2F8C8
:1016B000309080E79961997D21F00301997515F4C7
:1016C000003F039B08BF00230393482303FB04232D
:1016D000039A012E83F8442005D108995A68E1B98C
:1016E00042F080025A60204602F02BFB0120F8E60F
:1016F000ACF1020001289FBF482000FB0420059B9D
:101700008361482000FB0477B87D20F003004CEA99
:101710000003BB750029D2D087E742F402525A6019
:10172000A3F81490DFE70DA802F0F2FA04280746A8
:101730003FF6D6AE012EDFF8589008D1482303FBC0
:1017400000935A68A3F814A022F402525A600026AB
:101750003DB205EBC50509EBC50595F82C30032B0B
:1017600007D8013B012B15D8DFE803F0061F06243C
:10177000F3E7FF2B18BF0126062C05F10C05F6D167
:1017800026B94823FF227B4309F803203846ABE7FC
:101790000420002008220BA905F12E0025F05FF996
:1017A00030B9FF2385F82C30E6E7EB8D4345F8D0C0
:1017B0000126E1E702F072FD834602F06FFD0DF1B4
:1017C00034080446404602F0C0FE02F067FD82463F
:1017D00002F064FDBB4D0646AF6C3B18AB6402F0F3
:1017E0005DFD814602F089FD0DF1440C034698E849
:1017F00007008CE80700BBF1000F43D0003C4FF01E
:10180000010218BF012410A8ADF852308DF8402015
:101810008DF841408DF850A08DF8519003F0A8F953
:10182000B5F8343523B1012002F071FD01201DE629
:1018300037B306F1140290B2002126F011F80446E5
:101840000028F0D04FF00108014614230022CDF803
:10185000008010A826F04AFF3FB1334614222146EB
:101860003846CDF8008026F041FF9748214626F003
:1018700077FFB5F8343500200133A5F83435D3E7C8
:101880001420D9E710A803F073F980F00100C0B26A
:10189000CAE702F003FD04285FD88C4900B200EBD0
:1018A000C00001EBC001482210A825F0E8F89DF81F
:1018B0004030012B02BF119B43F0180311939DF898
:1018C00056301BB1119B43F4804311930021119BAF
:1018D0001A065CBF43F48053119310AB93F82C208D
:1018E000022A30D0032A34D01AB9119A42F4803235
:1018F00011920C3329B3002002F009FD9DF840003D
:1019000002F0E2FC119802F002FD12A802F005FEBE
:10191000BDF8540002F0E8FC9DF8560002F0D4FC3B
:10192000169802F0F4FC17A9102002F02AFD1BA85B
:1019300002F022FE9DF8840002F0C6FC9DF88500AE
:10194000CFE50121CAE7119A22F4805242F4807255
:10195000CEE7119A42F04002CAE72720CCE710A850
:1019600002F0F3FD10A802F0D3F9BAE502F096FCFC
:10197000042803463FF65AAF4822FF215343534AF7
:10198000D15402F0DEF951E700244827FF264F4DDD
:1019900007FB04F3E0B20134EE5402F0D2F9052C57
:1019A000F6D143E702F07AFC272002F0B0FC9DF864
:1019B000400002F089FCBDF8420002F095FC11A83D
:1019C00002F0ABFD9DF8500002F07EFC0DF15200DC
:1019D00002F0D2FDBDF86A0002F086FC9DF86C00B2
:1019E00002F072FC9DF86D0002F06EFC1C9802F093
:1019F0008EFC10201DA902F0C4FC17E702F04EFC7B
:101A000002F04CFC8DF8400002F077FCADF842008B
:101A100011A802F09AFD02F041FC00258DF850005B
:101A200010AC02F03BFCA0740138012820D902F070
:101A300064FC04F11401A083082002F037FC0C348C
:101A4000A5B102F05AFCADF86A0002F027FC8DF84F
:101A50006C0002F023FC8DF86D0002F070FC1DA9F3
:101A60001C90102002F022FC2720DDE60125D8E79B
:101A700002F043FCE08202F040FCA08202F03DFC58
:101A800002F03BFC02F039FCD9E702F007FCCDE69E
:101A900010A802F05AFD10A802F06CFA21E541F6F8
:101AA00058310B4825F046FFC0E602F0F7FB04462C
:101AB00002F045FC4422034B02FB0433C3F86805E3
:101AC000B4E600BF483400207E3900200420002006
:101AD0006C450020D4B2114A0BEB020C0DAA07CAC8
:101AE0008CE807000BF11C0010225146184424F02A
:101AF000F9F94FF6FF71B9829DF83C100022796028
:101B00000121074BBA6187F844A003F80B10BA759E
:101B100087F82CA087F838A010E500BF0C20002023
:101B2000042000202DE9F0410C460546102200213A
:101B300020468CB024F0D6F92B78032B55D0042BFB
:101B40007FD0022B40F0A08002A80EF0E3FC0646F6
:101B5000002848D1BDF808309F0644D50146102220
:101B6000204624F0BFF968460DF0A5FFC0B16F7B99
:101B700005F1040817F0020F06D008226946404616
:101B800024F06DFF002839D16B4647F0020703CBE4
:101B90006860C8F804106F73238843F0080323803B
:101BA00025883A4F45F002032380D7F82C3563602F
:101BB00008F0D6FE28B1D7F87C3545F00605A360BD
:101BC0002580D7F8A020D5035EBF238843F01003FB
:101BD0002380100203D5238843F40063238030461A
:101BE0000CB0BDE8F0812426F9E76B7B13F001020D
:101BF00006D0687802A90DF0A4FB60B12D26EEE7AF
:101C00009907FBD5ADF8002002A96A46281D0DF002
:101C1000C3FB0028F2D000210E22A01C24F062F9A0
:101C2000BDF8143000262380049BA360BDF8163055
:101C3000A3819DF818302B7302AB03CB6860A960B9
:101C4000CDE76B7BDB07D9D5687802A9FFF76AFA85
:101C500006460028D2D1DDF825300E226B60DDF873
:101C600029300146AB606B7BA01C43F002036B7311
:101C700024F038F9BDF80830089A43F004032380B3
:101C8000079BA2606360AAE72626A8E748340020E5
:101C9000F8B5054608460C461F461646FEF7A2F85C
:101CA0000423237025B108222946E01824F022F9E4
:101CB000637B314643F0020363733EB9284618F054
:101CC000CDFDFF28607006D12D20F8BD2046FFF71E
:101CD000E5FA0028F8D1637B43F0010363730DB983
:101CE0000020F2E7002FFBD039462046FFF71AFF0D
:101CF000F6E700B58FB001AB05AA09A9FFF7C8FF49
:101D000020B99DF825000FB05DF804FBFF20FAE72D
:101D100070B50D4604469AB0002800F06C81002989
:101D200000F069814388002B40F0658103785A1EDA
:101D3000082A00F26081DFE812F009001D002F0080
:101D4000B300640164016A016A0174014378BC480C
:101D5000002B08BF4FF440301090FEF78CFB10238F
:101D6000CDE900534FF410510123226910A818F057
:101D700015FF93E0B3481090FEF77DFB10234FF45E
:101D80001051CDE900530123226910A818F006FF75
:101D9000003818BF012081E01023CDE900534FF433
:101DA00010510269002303A818F0F8FE014600282C
:101DB00040F0258125220DF1430024F093F8231DE6
:101DC00003CB0123627B8DF8423012F0040F0CBF6D
:101DD0008023C023CDF86110110748BF43F480630E
:101DE000ADF84030950748BFBDF84030964A48BF2F
:101DF00043F008035168CDF85D00106848BFADF8A6
:101E00004030039E04AB03C3142200210AA811969C
:101E100024F068F8DDF85D00DDF86110BDF8405091
:101E200006AB03C32C0648BF0B96E80541BF11ABB8
:101E30000BAC0FCB84E80F0000230893834BADF865
:101E40002450B3F87030ADF8263008F089FDE0B9C1
:101E500009A906A80DF01CFB242106A817F0CCFF49
:101E60000446D0B17A4D00200CF0BCFF05F5B060FF
:101E7000214626F075FCB5F8823500200133A5F81F
:101E800082350CF0AFFF002008E0082204A906A864
:101E900024F0E5FD0028DFD0DAE719201AB070BD84
:101EA0004378FF2B10D1002604303146CDE910666F
:101EB00018F0D4FCFF2801D0607005E0314610A86E
:101EC00018F0CCFCFF28F7D16678624B06F5403657
:101ED00006F580769E42039600F38F80282200212B
:101EE00006A823F0FFFF3046FEF7C5FA1023CDE920
:101EF00000534FF410510123226903A818F04EFE3D
:101F000000287CD1231D03CB05238DF81A30637B79
:101F100066785B0103F40073132ECDF83500CDF81D
:101F20003910ADF8183001D92720B7E70DF1350089
:101F3000FFF7DFFE05460DF1350008F059FD18B931
:101F4000FF2D0CD0AE420AD010A92846FFF7EAF8C0
:101F5000BDF84030BDF81820534099054BD5BDF869
:101F600018309A053AD50022DDF83500DDF8391031
:101F700010AB03C3BDF8183030469B1023F07F032D
:101F800043F001038DF85830314B10A903EB860361
:101F9000C3F8D024FDF762FF607810A9FFF7ACF812
:101FA0009DF8580010F0400009D1039A12A9FDF7DE
:101FB00061FF9DF8583043F040038DF85830637B43
:101FC0006078DB0648BF9DF8583010A944BF63F025
:101FD0007F038DF85830FDF741FF54E704A80DF05A
:101FE0006AFD0028BFD0082204A90DF1350024F0B5
:101FF00036FD0028B7D1212050E71A204EE70120F6
:102000004CE7052B144808BF4FF00310A4E64078B6
:10201000072B00F540300CBF00F5007000F5407054
:10202000A9E60B4ED6F83005FEF725FA1023CDE9C8
:1020300000534FF410510023226906F5A660A5E66F
:102040000100030002000300969B03081C450020CA
:102050004834002013010300040003002DE9F04F71
:102060009FB00546FFF7D4F8DFF80483C8F82405CD
:1020700028B1002318A91A46FEF792F918B12D20AD
:102080001FB0BDE8F08FDDF860C012AC66460FCE21
:102090000FC496E8030084E8030060461E46BCF8BF
:1020A00000A0BCF80270DCF80440FEF765F90028D7
:1020B000E5D1D8F82495A9F54033B3F5803F2BD26C
:1020C0002A78240A022A4BD1002E49D118A9284681
:1020D000FFF7E4F8284618A9FFF71AFE00230EAE12
:1020E0008DF83830012231469E4818ABFEF736FA9B
:1020F00010B99DF838307BB901249A488DF83840E2
:102100001890FEF7B8F92346002241F20101CDE90B
:10211000006418A818F042FD68880028B0D018A9FB
:1021200028460EACFFF7BAF818A8224629461BF03D
:1021300059F8D8F8840508B1FEF79DF91023CDE9C8
:1021400000434FF4105100232A69874818F026FDF8
:10215000D8F88435003818BF0120C8F824358FE737
:10216000002CD9D140F201134FF0000C13937F4B98
:1021700018AC179312AE0FCE0FC496E80300634657
:1021800084E80300624648460AA9CDE90ACCCDE9B5
:102190000CCCCDF824C0FEF703F9064640B1DDE9CA
:1021A0000A40002840F0DA802046FEF7E5F895E77F
:1021B0000A9C6369A3F50033B3F5003FC0F0B58016
:1021C000A3689B07EBD5BAF1000F02D023885345D3
:1021D000E5D163880FB1BB42E1D1B4F800A0ADF8FE
:1021E0006230D4F80CB01B9B5A46194650460793F0
:1021F000ADF860A0FBF74AFD07461C9922695046DE
:10220000CDE90512FBF742FDDDE9051227B9079B71
:1022100013B1BBF1000FC2D110B909B1002ABED170
:10222000A2681A9B1C9013400BA90CAA18A8CDE910
:102230001A3718F0DBFB0028B1D1DDF82CA00EAF67
:10224000002E74D16368DAF804201B0AB3EB122F56
:10225000A5D1199B1B0A71D00DA918A8FDF76BFE1B
:1022600000289CD150460D99FDF730FE002896D1EC
:1022700063680B981B0A92D1D4E90812199E036A6D
:10228000360A012E50F824CF89D1CDE90107CDF8C7
:1022900000C018A8F8F7DEF8002880D10B9809A92B
:1022A00018F0EAFB00287FF47AAF2046FEF764F8C6
:1022B000044600287FF412AF4846FEF7A4F8099EB2
:1022C0000E94B1453FF40AAF3046214618AAF7F7FD
:1022D00087FF824600287FF401AFDDF860B001205F
:1022E0005946F9F779FA044600283FF4F7AE034659
:1022F00051465A463046009718F068FE014658B9D4
:10230000199B484600930E9A2346F9F77AFA01463C
:1023100010B93046F7F783FF002120460E9A23F0CC
:10232000E1FD2046F9F759F9D8E601264BE7199B5C
:102330001B0A91D163681B0A7FF431AFD4E908B658
:1023400050463146FDF7C2FD00287FF428AF3246E3
:102350005946DAF8200024F092FB9FE7FDF7C9FD0B
:1023600022E700BF10000300CC390020F00002007B
:102370004834002038B5044CD4F82455FFF76EFEDD
:10238000C4F8245538BD00BF483400202DE9F0437F
:1023900003780446092B0E469BB04DD003AA17467E
:1023A000264B03F1080C154618685968083303C515
:1023B00063452A46F7D107AA904618681B7928601A
:1023C0002B711F4B03F1100C154618685968083320
:1023D00003C563452A46F7D14FF01009204615ACD6
:1023E000FFF73CFE42460423012138460194CDF814
:1023F000009017F0C1FF0BA8FDF7F4FC092331464C
:102400000BA88DF82C3010ADFFF782FC0BA8FFF75E
:1024100025FE0423424601213846CDE9009517F0F8
:10242000ABFF14222946204624F019FBB0FA80F0B5
:1024300040091BB0BDE8F0830020FAE79F9B03082A
:10244000AD9B030870B586B0044601A80D4616463C
:10245000FDF7C8FC0323206861688DF8043002ABE7
:102460008DF8116003C3294601A8FFF751FC06B09F
:1024700070BDF8B50C460746084616461D46FDF7E2
:10248000B1FC03232046394600F8043B082223F020
:1024900031FD637B314643F0020320466373FEF750
:1024A000FDFE08B12D20F8BD29462046FFF73AFB76
:1024B0000028F8D0F6E7F8B5074608460C46164659
:1024C0001D46FDF78FFC03232370637B314643F0E9
:1024D0000103204667706373FEF7E0FE08B12D200C
:1024E000F8BD29462046FFF71DFB0028F8D0F6E787
:1024F000F7B5374D08F0D4F995F8CF30354E03F0E5
:102500000F03022B1ED033784BB901203070EFF34C
:10251000108472B625F0E8FF204626F056F808F041
:1025200097F80446D5F888359C4228BF1C46002CF5
:102530004CD09C422CD98C21274824F097FB0120B9
:1025400003B0F0BD95F8D830032BDCD92B8800F010
:1025500007001843D7D108F0A3F918B995F8D83077
:10256000032B12D808F074F804460028CBD0337837
:10257000002BD7D000203070EFF3108672B625F014
:10258000B3FF304626F021F8CCE74FF0FF34EEE7FA
:10259000002640F2E7303146104B4FF47A721F6844
:1025A0000023E4FB070122F06FFE04460C48C5F847
:1025B000A86524F0B1FE33462146CDE90066094AFC
:1025C000074825F027FF0028B9D0B4E72046B7E731
:1025D000483400209C210020BE9B03088C1400205E
:1025E000D43900204BDC00082DE9F843EFF31187C4
:1025F000302383F31188394E96F8AC55002D66D1FF
:10260000374B38481D60384B1D60384B1D6026F035
:10261000CFF8BFF34F8F364CF7F7B0FA6368012B52
:102620003AD0E56025F084FE00250F220124314BCD
:10263000DFF8BC80DFF8CC90C8F848505A641A64C0
:10264000F7F79CFAC9F80440C8F8104024F0AAFA39
:102650004FF40022284BC8F818505320C3F88821A3
:10266000F7F7DEFFC9F84440EFF31188302383F316
:1026700011884FF4E060F6F767FC024688F3118892
:10268000BFF36F8F1D4B1860B8B987F31188BFF384
:102690006F8F2320BDE8F883D4F80480B8F1010FD0
:1026A00002D0F7F76BFABCE7636824F07BFA0223E9
:1026B0002361104BC3F80480F3E72B4640F2E73167
:1026C0000F4822F0E1FD86F8AC45C6F8880587F38F
:1026D0001188BFF36F8F0020DCE700BF4834002073
:1026E00054290020FC92030850290020881400205F
:1026F00000C00A5000E00A5000E100E08C14002005
:1027000018FCFFFF00D00A502DE9F04FDC28CDB0B7
:1027100062D8B12804D8252800F0E184002060E0C8
:10272000B2382A28FAD801A353F820F0E927010883
:10273000B72D0108632E0108572F01081D27010836
:102740001D2701081D2701081D2701084330010826
:102750001D270108612F0108CF2F0108273001082C
:102760000D3001081D2701081D2701081D2701083C
:102770001D2701081D2701081D2701081D27010825
:102780001D2701081D2701081D2701081D27010815
:102790001D2701081D2701081D2701081D27010805
:1027A000372E01081D2701081D2701081D270108D4
:1027B0001D2701083930010849300108553001084A
:1027C0006D3001087B30010899300108B9300108EB
:1027D000C3300108D1300108F6284FF0000000F0A6
:1027E00056844DB0BDE8F08F01F058FD8DF896008D
:1027F00001F083FD26AD2946ADF89400082001F0D4
:1028000055FD01F04BFD003818BF01208DF89700F1
:1028100001F044FD8DF8A00001F040FD8DF8A1000D
:1028200001F08DFD299001F08AFD2A9001F065FDEF
:102830000DF1B00A5146ADF8AC00082001F036FDAC
:1028400001F05BFDADF8B80001F057FDADF8BA003E
:1028500001F024FD80468DF8BC0001F01FFD8DF8CD
:10286000BD0001F01BFD8DF8BE0001F017FD8DF8D5
:10287000BF0001F013FD074601F010FD064647B109
:10288000012F59D04FF0210B584601F040FD012097
:10289000A7E7264C94F8CF301A0740F08982B8F1A8
:1028A000020F40F08582012329460DF1960225A8EA
:1028B00015F0B0FE83460028E6D1BDF8BA0000F05E
:1028C000830016F0EFF895E803009DF8BC30CDE9E1
:1028D0003EBB84F8AD35BDF894303BAC84E80300D2
:1028E000ADF8F4309DF8963058468DF8F730032354
:1028F0008DF8F8300E4B41F6063140938DF8F660B6
:102900000DF0D6F8BDF8B8102346002908BF4FF4E3
:10291000417101209DF8BC2009F066FF054B8346FC
:102920001B78002BB0D118F044FFADE748340020ED
:1029300000F8FF07401D00204FF0420B30AC25AEE1
:102940000FCE0FC40FCEDFF89C930FC496E807009C
:1029500099F8CFC084E807000CF00F0C2BFA0CFBA1
:102960001BF0010B40F0248299F8AE65002E40F078
:102970001F8208F1FF38B8F1030F00F2198216F038
:1029800005F8C30740F13A81394630460DF0E4FDC1
:10299000834600287FF478AF4FF6FF6399F8AF25A0
:1029A0000093531C003A18BF01224FF6F771022022
:1029B00015F0BEFF4FF6FF713846C34A09F0FCF927
:1029C000BDF8BA3031AC13F0010F00F0138132467C
:1029D0000821284607F068FE002840F00B8195E8A2
:1029E000030084E80300BDF89430ADF8C030002344
:1029F0008DF8CD309DF896308DF8C23017F018FF65
:102A00000128044609D115F0C1FF10F0010000F0C3
:102A10007D8141F2883015F02BFE1022AB483BA996
:102A2000BDF8E6509DF8EA70FEF70AFBBDF8F0A08D
:102A3000BDF8F280BDF8F4B0BDF8F630BDF8F8404E
:102A4000BAF1000F40F067810B930CF02DFB0B9B4C
:102A50008146002F00F075815046002B40F06581C3
:102A6000CA460027D14682460B97AD0702D50028FB
:102A700040F06B812246002441462546A0460C9436
:102A800000925A464FF0010B504615F051FF3BA8FB
:102A9000FDF7A8F90FA88DF8ECB0FDF7C7FE0023ED
:102AA0000DF1700A51463BA88DF8ED30FEF7F6FBAC
:102AB0009AE80F000DF15C0C0DF14C0A8CE80F0048
:102AC0008AE80F00BDF8D80016F0CAF8FF280D906C
:102AD00000F05581524658460FAB34A916F0E1F884
:102AE000002840F04C81002E00F05881012E0CBFD0
:102AF0004FF0120A4FF0140A349B01220021009378
:102B00003BA8534615F0AAFE0FAB02930D9B0E2275
:102B1000019331AB009342216D4B3BA802F0DEFDE7
:102B2000002E00F03E8128229DF8CD308DF8133123
:102B30000C9B4221CDE906830B9BCDE90475CDE9C1
:102B40000293BDF8C030089401939DF8C2303BA8B1
:102B50000093604B02F0C2FD002E40F0248107F08C
:102B6000FFFE5D4B42210190009338225B4B3BA856
:102B700002F0B4FD422137AA3BA815F0A1FE83461E
:102B8000002840F0128117A811F0E6FEB823ADF836
:102B900070300B9B20A9ADF878300C9B17A8ADF8CE
:102BA0007C30ADF87450ADF87E404D4D4D4CADF8D5
:102BB0007290ADF87680ADF87A7001F017FB1CA822
:102BC00022211AF087FA37AB03CB85F873A0C4F83B
:102BD000B105C4F8B51515F023FE012384F8CF30F4
:102BE000042341F2883105F1740084F8AE3524F0F5
:102BF000A1FE49E6002331936360F6E607F0E0FEAC
:102C0000804609F053FD17AE0446304609F0CEF970
:102C100008222946304623F022FF002866D19DF87D
:102C2000A160A31B002BB8BF5B42C82B234615DD58
:102C3000B44228BF3346DBB29C421DD015F00DFDD7
:102C400002280FD907F08CFE0122014625A815F0B5
:102C5000ABFE0022224B83F8722015E6B44238BF47
:102C60003346E8E7304609F03FFE9DF8960009F04C
:102C700087F94FF0050B07E6B442FAD007F0BCFD28
:102C800007469AE80300299B1CAE86E80300012250
:102C900000933BA81623002115F0E0FDBDF8B830E5
:102CA0000E220493BDF894301C21CDE90273CDE9C6
:102CB00000540D4B3BA802F011FD32461C213BA8ED
:102CC00015F0FEFDD5E700BFB89C030801E5010043
:102CD000369C03083A9C0308F71B0020449C030819
:102CE0001C45002048340020309C030831AB96E896
:102CF000030083E803009DF8BC30ADF8C080022BD0
:102D00000CBF3E4602268DF8CD4073E615F0EEFC72
:102D100089F8B04581E6C24531D00AF1010080B2A0
:102D2000002F3FF49EAED14697E6E21A0132BA4236
:102D300025DB1F44BAB2571E0B9382461346BFB21F
:102D400093E65746CDF82CA094E608EB0005013D2C
:102D50006A10C5F34F05691E89B281420FDD9045A7
:102D60000DDDE218013A5010C2F34F020C92013A05
:102D700092B29A4203DD80B284423FF781AE4FF0B7
:102D8000010BC84C94F8B035002B3FF47DAD012009
:102D900015F0ACFC002384F8B03575E54FF0100A4F
:102DA000AAE62722C4E63921E5E615F039FDE8E771
:102DB0004FF0020B68E525A9102001F077FA01F029
:102DC000BEFA309001F06AFA0DF1C5018DF8C40029
:102DD000102001F06BFA0DF1D501102001F066FA18
:102DE0000023CDF80E31CDF81231ADF8163141F691
:102DF00006330DF1EE02ADF8EC300DF1E5010DF109
:102E0000D50353F8040B8B4242F8040BF9D125ABE0
:102E10000DF1FE0429AD1A4603CAAA422060616082
:102E2000134604F10804F6D130A815F0A3FF3BA81F
:102E30000DF0D0FC29E501F082FA3B9001F02EFA6A
:102E40000DF1F1018DF8F000102001F02FFA1020A3
:102E50000DF2011101F02AFA3BA815F08BFF0020BA
:102E600013E501F06CFA064601F018FA054601F088
:102E700015FA8C4C804694F8CF2094F8AE3502F0C9
:102E80000F020BB1062B64D14223D340D90760D483
:102E900094F8AD7515F07AFDC20707D515F0DDFB86
:102EA000012803D048F6990007F090FD15F06EFD5B
:102EB000830704D540F0100080B215F0F3FD0EB981
:102EC000D4F8BC6594F8C035B3B902213BA83B9354
:102ED000FBF7A6FF3B9BC4F8C43515F0A1FC0EB967
:102EE00007F08AFC012384F8C0356F4B93F87730E4
:102EF00013B9022018F0E2FC07F078FC84F8C8054A
:102F000068B207F05BFC054620B1002384F8C035A9
:102F10002846BAE408F1FF33032B18D80123042212
:102F200031460A2084F8AD8584F8AE3509F07EF884
:102F300005460028ECD0002694F9C80584F8AE6553
:102F400007F03CFC84F8AD7584F8C065E0E784F8D0
:102F5000C0050225DCE701F0F2F915F089FB94E4E5
:102F600030A910225148FEF76BF828223BA950489F
:102F7000FEF766F8309801F0CAF9BDF8C40001F018
:102F8000B3F9BDF8C60001F0AFF9BDF8C80001F013
:102F9000ABF9BDF8CA0001F0A7F9BDF8CC0001F00B
:102FA000A3F99DF8CE0001F08FF93B9801F0AFF93D
:102FB0009DF8F00001F088F90DF1F101102001F009
:102FC000E0F910200DF2011101F0DBF95FE401F0EE
:102FD000B6F93B9001F091F9ADF8F00001F08DF9F0
:102FE000ADF8F20001F089F9ADF8F40001F085F9CF
:102FF000ADF8F60001F081F9ADF8F80001F04EF9F6
:103000008DF8FA003BA815F0EBFB40E410223BA939
:103010002648FEF715F83B9B3BA843F480733B938F
:1030200015F0DEFB33E415F0B1FC80F48070C0F3E2
:10303000002001F049F92AE401F030F915F056FBBF
:1030400025E417F0F5FBF4E701F028F9154B83F8B8
:10305000AD051CE401F051F9044615F097FC20F091
:103060000200204380B215F01DFD10E40D4B93F8D3
:10307000AE05003818BF0120DBE70E4BD3F8A430B3
:103080001BB9084B93F8C905D3E70120D1E7054BDD
:1030900083F8C005FFF7FBBB024BD3F8BC05FFF775
:1030A000F4BB00BF48340020101C002001E50100E3
:1030B00002E501001C4500200B4BD3F8CC05FFF7BF
:1030C000E4BB01F03CF9084BC3F8BC05FFF7DFBBDC
:1030D00001F035F9044BC3F8CC05FFF7D8BB15F068
:1030E000F1FCFFF7D4BB00BF483400200348044B79
:1030F000834202D0034B03B118477047C8550020E4
:10310000C855002000000000064B0749C91A891065
:1031100048BF0131491003D0044B0BB10148184797
:10312000704700BFC8550020C855002000000000AF
:1031300010B5064C237843B9FFF7D8FF044B13B101
:103140000448AFF300800123237010BD104000201D
:1031500000000000E813040808B5054B1BB1054941
:103160000548AFF30080BDE80840FFF7CDBF00BFC2
:103170000000000030340020E8130408A3F5803A72
:10318000704700BF174B002B08BF134B9D46FFF73E
:10319000F5FF00218B460F461348144A121A22F0FD
:1031A000A1FE0E4B002B00D098470D4B002B00D0FA
:1031B00098470020002104000D000D48002802D08F
:1031C0000C48AFF300801BF001FD2000290005F042
:1031D000D3FB1BF0E9FC00BF00000800000000006A
:1031E00000000000081000200810002038400020D7
:1031F0000000000000000000037810B563B94278B9
:10320000042A09D109490A4A09881478522904D1A3
:10321000048143600123037010BD0189A14201D9DB
:103220002123F6E743601170F4E700BF582900201E
:103230001D4500204088C0F30C000330800840008A
:103240000430704710B5084A0346FFF7F3FF1468CF
:103250004FF6FF7203EB40039C42184603D90188E6
:1032600002339142F8D010BD7C150020831E012B43
:103270002DE9F0410C463AD801290DD82D4B0422F6
:103280001B6C05210020C3F34013F6F7E7FA2CB1BD
:10329000294B1868002848D1BDE8F081264B1D68ED
:1032A000002DF9D030272C7D244E2046F3F7ECFE7C
:1032B00007FB0463DA6E224B9A4213D12846F7F7D4
:1032C000D9FA48B3EFF3118187F3118801231D4A1E
:1032D000A3405365A2F580529362536381F3118832
:1032E000BFF36F8F2046BDE8F041F3F7EFBE8B1EB2
:1032F000012B0CD80128CFD8BDE8F04100220D4B9E
:1033000005211B6C1046C3F34013F6F7A7BA00293A
:10331000C4D00129BCD0BFE72846F7F7C9FA002876
:10332000E0D10123A340B364DCE7BDE8F041F7F747
:1033300073BB00BF00C003502829002000000450C8
:1033400035130020002004503421014823F08EBCA6
:10335000C69C03082DE9F04780460F460646002428
:1033600002F1FF39BC4202D219F8015F25B9A6EB80
:10337000080080B2BDE8F0879A46A5F13102012A23
:103380005AF8041B10D83246322D02F8011B06D120
:103390000134A4B2A74232D30912B21C71700134B5
:1033A00053461646A4B2DDE7342D0CD10334BC429B
:1033B000DDDA0B0A317073700B0C090EB370321D1D
:1033C000F170A4B2EBE7A5F13302062A0DD8303D27
:1033D000ADB22B19BB42CADA2A463046013C22F074
:1033E00089FD15FA84F47219EBE7A5F14102062A6A
:1033F00001D8373DECE79D8803F1080AE9E7164656
:10340000B5E7F8B5044625F013F901230546302742
:103410000026A0602373EFF3118287F311882368DD
:103420007BB11869016981420CBF26601961066190
:1034300082F31188BFF36F8F012809D04368984742
:10344000E9E76068012806D182F31188BFF36F8F26
:1034500000232373F8BD4169691AB1F1004FF3D815
:10346000016961600361E3E738B5037A05460C46FC
:103470003BB90A7AEAB900680B68C31A5842584146
:1034800038BD022B15D10B7A022B12D1082223F062
:10349000E6FA70B96B7A607A83420CD0013BDBB2FA
:1034A000FD2B08D80138C0B2FD2894BF00200120B0
:1034B000E6E70020E4E70120E2E713B50024094B2A
:1034C00022465C80C7230DF102010120ADF80030D7
:1034D000FCF7D0FC072168468DF8064019F0FAFD8C
:1034E00002B010BD582900207047442213B500F5E2
:1034F000833450430E4B04F5C0741A181B5C012B27
:1035000007D1136B00930422694620461BF078F81C
:103510000BE0042220460DEB0201FDF791FD4FF078
:10352000FF330093019B0133EDD102B010BD00BF0A
:10353000803900201FB5002301A8029318F068F815
:103540000298C0F30343C0F303621B0243EA023351
:10355000C0B2184305B05DF804FB08B5064B186807
:1035600023F085F930B1054BB3FBF0F083B20BB11A
:10357000184608BD0120FCE7441D002040420F0012
:1035800070472DE9F04F984691B00B1E0A93AF4B50
:10359000914614BF83469B4600241A9E98F800006B
:1035A00070B94C4538BF22464B464FF000000A998F
:1035B00028BF09F1FF32D847204611B0BDE8F08F8F
:1035C000252808F1010806D022464B460A99651CB9
:1035D000D8472C46E2E700230DE02D2A2AD0302AD6
:1035E00006D0303A092A4FF0000711D80A2532E0F8
:1035F00043F001038846414611F8012B2B2A1CD0C9
:10360000EBD8202A1CD0232A1DD02A2A2BD0002711
:1036100098F800202E2A64D198F8011008F10102D0
:10362000A1F13000092843F4806350D800254FF001
:103630000A0C26E043F00203DCE743F00403D9E779
:1036400043F00803D6E743F01003D3E7884605FBB1
:103650000722A2F13007414611F8012BA2F13000F8
:103660000928F3D9D4E756F8047B8846002FBCBF5D
:1036700043F002037F42CBE702460CFB0511A1F1A8
:103680003005104610F8011BA1F1300EBEF1090FF4
:10369000F2D99046424612F8011B6C292AD022D852
:1036A000682930D06A2939D018F8010B672879D8F1
:1036B00057284FD8452807D086D9462800F03581AD
:1036C000472881D143F4006343F0200343E12A29D2
:1036D00006D156F8045B08F1020825EAE575D9E73A
:1036E00090460025D6E7742901D07A29DCD143F42D
:1036F00080730EE098F801106C29F8D143F4407300
:1037000008F10208D0E798F80110682903D043F0C7
:1037100080039046C8E743F0C003F1E743F4007329
:10372000F7E70A2A00F06281072A7FF44DAF43F0E1
:10373000210305930823CDE903531023CDE9011399
:1037400056F8043B2246009358464B460A99FDF72B
:103750009BF8FAE0A0F158020F2A3FF635AF01A11D
:1037600051F822F0D5370108C9350108C9350108DB
:10377000C9350108C9350108C9350108C93501082D
:10378000C9350108C9350108C9350108D53701080F
:1037900075390108D53701084F3901082F3901085B
:1037A0004F390108A0F16902D2B20F2A3FF60CAFDF
:1037B000012149F2410C914011EA0C01B1D0782865
:1037C00003F4806125D1002900F0908023F00D02E0
:1037D000102307E0622803F4806227D1B2B923F0F6
:1037E0000C02022312F4007100F08380CDE907720D
:1037F0000022CDE9043206F1070A2AF0070A0695ED
:103800000292FAE80223CDE900233DE023F00D0205
:10381000E7E76F2812D0692823F0100240D023F088
:103820001C0209B123F01D020A23DBE758280FD13F
:103830009ABB23F00C0242F02002C9E719B923F029
:103840000C020823CEE723F00D02FAE78DE1000811
:1038500042BB23F01002930527D5073626F0070652
:10386000B24671685AF8083B0A26CDE9077200276C
:10387000CA0F0029CDE904670695029202DA5B427D
:1038800061EB4101CDE900314B46224658460A9989
:10389000FDF740F80446564680E623F00D02CAE7DD
:1038A0000029D8D023F01102D5E7D00506F1040A8B
:1038B00001D5336802E0510613D53378CDE904729F
:1038C0000A22002B02924FEAD37203950192B8BFED
:1038D0005B4200934B46224658460A99FCF7D4FFB8
:1038E000D8E71306E5D5B6F90030E7E723F00C0278
:1038F0006EE7D00506F1040A06D5CDE90472CDE9DC
:10390000023501913368E4E7510608D53178CDE9F5
:1039100002350023CDE90472CDE90013DAE73168FE
:1039200012F0800F18BF89B2F1E743F02003CDE910
:103930000173073626F007060095B6EC020B4B46DE
:10394000224658460A99FDF7F0F9044626E667280C
:1039500001D143F40063CDE90173073626F0070671
:103960000095B6EC020B4B46224658460A99FDF7E5
:1039700021F8EAE713F0020523D04FF0010A631C97
:103980000B9322464B460A9916F8040BD8475DB3B1
:1039900054460B9A1EE04B4620200A99D8470AEB62
:1039A00004020AF1010A5745F5D8002F07F1FF3349
:1039B00008BF002307F1010A1C4408BF4FF0020AA8
:1039C000DDE7AA46EBE7551C4B4620200A99D8476D
:1039D0002A460134BC42F6D3A7EB0A03574538BF49
:1039E00000230B9A1A440B920B9CD7E53246002D0C
:1039F00052F8046B14BF29464FF0FF310B92324648
:103A00003144107808B18A4211D1A2EB060A13F4AE
:103A100080620C9202D0AA4528BFAA4613F0020386
:103A20000D931BD1AAEB040322460F9308E0013249
:103A3000E7E7531C0E9320204B460A99D8470E9A6D
:103A40000F9BD3189F42F4D8A7EB0A03574538BF02
:103A500000230AF101021C4403EB020AA31B0E938C
:103A600004E01D464B4622460A99D8470E9BF4189F
:103A700016F8010B28B10C9B002BF3D06B1E002D08
:103A8000EFD10D9B93B12246AAEB040505E0561C2D
:103A90004B4620200A99D847324653199F42F6D800
:103AA000A7EB0A03574538BF00231C440B9E75E55E
:103AB0000FB41FB506AA52F8043B02A90392009264
:103AC00004484FF0FF32FFF75CFD05B05DF804EBF2
:103AD00004B070475DE400080CB41FB506AC54F8A0
:103AE000043B0A460094014604480394FFF749FD4D
:103AF00004B0BDE8104002B0704700BF85E1000887
:103B000038B5451E15F8014F2CB90A212046F6F7A5
:103B100096FE204638BD21460020F6F790FEF1E7DC
:103B20001FB5034600914FF0FF3203A90248FFF78B
:103B300028FD05B05DF804FB5DE4000807B50093BF
:103B400013460A4601460348FFF71BFD03B05DF824
:103B500004FB00BF85E10008154B4FF4E47200211F
:103B6000184610B522F0BEF90922124C1249026122
:103B7000034642618461C1614FF4806000220144C8
:103B800018629A625A62DA62C3F8F040C3F8F4101D
:103B90000A49C3F8F800C3F80021C3F8FC20C3F8B1
:103BA000042111F8010D98540132102AF9D110BDE9
:103BB000004C0020D49C0308C84D0020C49D03087D
:103BC00010B5044C0448D4E90121F6F72BFE00B9E6
:103BD000606010BD58290020241500200FB430B5B6
:103BE000124BA3B01B78DBB10222114B80211A804B
:103BF0000022104B02AD5A609D60D960284627AB69
:103C0000269A0193FFF79AFF041E03DA3C210A4823
:103C100023F02CF82146284617F0F2F8FFF7D0FFE2
:103C200023B0BDE8304004B0704700BFE91B00205E
:103C30001844002058290020DD9C03080246F0B5F6
:103C400000285DD000254FF6F87729464FF6FF761D
:103C50002E4B187801284ED15C6814F0800F14D0D8
:103C6000A4040FD493F82C10022920D093F8381014
:103C700002292AD14FF6FF74998FA14225D0914293
:103C800023D1F0BD9C8A9442FBD093F82C000228EB
:103C900011D1188EB0420CD193F83810022914D1EA
:103CA000998FB14211D08A420FD10120E9E7014634
:103CB000EFE78242F9D093F83800022804D1988FB8
:103CC000B04202D08242F0D0A9B1986881B211B15D
:103CD00037EA00040CD1B1EB104F81EA104403D055
:103CE00024F00701B9420DD180B268B1083CA1B2FD
:103CF0008A42DAD001210135052D03F14803A8D10C
:103D00000020BEE72146F3E70721F1E70420002069
:103D100070B506460024094D15F8083C012B04D166
:103D200029463046FFF7A0FB30B90134052C05F1D8
:103D30004805F1D1FF2070BDE0B2FCE70C20002067
:103D4000704770B50428054696B06AD86E4634228E
:103D5000FF2109A822F0C6F81022FF21304622F0E8
:103D6000C1F848226A433F4CA318A25C012A44D1FF
:103D70008DF824205A680A921A7C002A53D19B6835
:103D80000B93482303FB05439A7D12F01C0F18BFC9
:103D90001C338DF835201CBF0FCB86E80F0048235D
:103DA00003FB054191F82C20032A8DF8462045D1CC
:103DB00003FB0543D3F82E00D3F8321012AA03C236
:103DC000D3F83A00D3F83E1003C2482101FB054264
:103DD00092F83830032B8DF8473001D0002B38D1C2
:103DE00001FB0544D4F82E00D4F8321012AB03C303
:103DF000D4F83A00D4F83E1003C305F5813009A980
:103E0000342200F5C0701AF0FBFB04A8FBF7EAFFB0
:103E10000723314604A88DF810308DF81150FDF7B6
:103E200077FF16B070BD022AABD1D96898685B7C69
:103E30000BAA82E803008DF83430A2E7002AB7D03D
:103E4000022A01BF0B8EADF84830CB8DADF84A3059
:103E5000BBE7022B01BF938FADF85030538FADF805
:103E60005230CAE7042000202DE9F0410027404CE1
:103E700096B007F58130342209A900F5C070FDF72E
:103E8000DFF8E84604A8FBF7ADFF0723414604A886
:103E90008DF810308DF81170FDF700FA9DF8243080
:103EA000FF2B04F83A3C07D10137052F04F14804F1
:103EB000DFD116B0BDE8F0810A9D9DF83530A4F140
:103EC0001E0604F8243C44F8365C98E80F0086E8A7
:103ED0000F0015F002032FD0DDE90B01A4F132032E
:103EE00083E80300022304F82A3C9DF8343004F8E8
:103EF000293C9DF8463025F4C065032B44F8365C18
:103F000004F80E3C1ED112AB03CB4FF6FD7344F800
:103F10000C0C44F8081C24F8043C9DF84730032B93
:103F200004F8023C00D0D3B914AB03CB4FF6FD73B9
:103F3000206061602381B7E70B9A04F82A3C44F8BB
:103F4000322CD6E7002BDED0022B01BFBDF8483063
:103F500024F80A3CBDF84A3024F80C3CDDE7022B7B
:103F600001BFBDF850306380BDF8523023809BE71D
:103F70003E200020FF20704770472DE9F041174692
:103F800090B0804668460D461E460CF0C3FA012FDD
:103F90001BD0032F0DD0032406F0E2FCB04219D051
:103FA0003146404618F0EFF929464046FBF7D2FE6D
:103FB00010E018B9BDF800309907ECD41C4B1B88F1
:103FC0009A0706D513F0080F1FE0194C2388DA076B
:103FD00017D40224242328686968ADF82C300CAB70
:103FE000ADF82E8003C30BA810218DF838708DF822
:103FF0003940ADF83A6019F06DF8204610B0BDE8D0
:10400000F081D80607D413F0200FC4D1084B1C88C8
:10401000C4F38004C0E703AB284607AA0BA9FEF748
:1040200028FA23880028EED09906B4D4D1E700BF3F
:10403000842200201FB59B23ADF8043003688DF85F
:104040000E10CDF8063043680B2101A8CDF80A30D8
:1040500019F040F805B05DF804FB2DE9F04F8DB084
:104060009DF8607091467D2F05460C461A46169EB7
:10407000BDF85CB0DDF864A003D938200DB0BDE810
:10408000F08FDFF86481B8F80000362865D0382852
:1040900070D0342801D00120F0E717BB4D4A1278C8
:1040A000022A19D1002D37D14FF6F7739C42F2D86E
:1040B0000020A8F810B0FF23009032462146284681
:1040C00017F02AFC0028D9D1B37A1A9A1370B37A60
:1040D0001A9A00201370D1E7043A012AE2D9162077
:1040E000CCE7BAF1000F36D03A4A1278022A02D051
:1040F000043A012AF3D80BF0AFFB8742BDD85DB973
:104100004FF6F7729442C6D83946504615F074FE01
:104110000028CED11920B1E7022D0DD12E4A1278F8
:10412000A242B8D92D4A32F814104FF6FD729142CE
:10413000B1D8002FBCD0E7E7012DACD10AAA0DF110
:104140002601E0B20DF024FC254A1278A242A2D941
:10415000BDF82610E9E7212090E71A9B4846CDE9F3
:1041600003A3CDE901B7334600950BF039FB0028D6
:10417000ADD083E767B30793BAF1000FEBD03946B0
:10418000504615F039FE079A03460028C2D04FF674
:10419000FF71894518BF88F812204FF6F7721CBFCF
:1041A0001049A1F80090944208D84FF6FD744FF6DC
:1041B000FF7298F81310002918BF1446A8F810B021
:1041C0003246009321462B46032017F0A5FBCEE78D
:1041D0003B46DCE7173500201D4500204C3400200D
:1041E0009C440020504600205829002038B50C4639
:1041F0000146054631F8023B082223701B0A637012
:10420000A01C21F077FEAB7A04F10E01A372EB7AC9
:104210000120E3722B7B23736B7B63732A69BDE8F8
:104220003840FBF727BE07B502460F49C8B13F2803
:1042300017D00B7A0133DBB2C8790B7298420DD8D4
:1042400000230B72432301200DF10201ADF8003071
:10425000FBF710FE0621684618F03CFF03B05DF83E
:1042600004FB0023E8E700BF28450020192313B50D
:10427000044602460DF102010120ADF80030FBF7C3
:10428000F9FD0621684618F025FF152C02BF022211
:10429000014B1A7502B010BD58290020024A13685C
:1042A000591C1160187870479034002038B50446C6
:1042B000044D08462246296821F01CFE2B68234441
:1042C0002B6038BD903400200549064A8B6912687E
:1042D0009A1ADB2AD8BF187001338B61704700BF70
:1042E000582900201C35002010B50446C0B2FFF745
:1042F000EBFF200ABDE81040E6E710B5FFF7CEFF60
:104300000446FFF7CBFF04EB002080B210BD10B5D0
:10431000044680B2FFF7E8FF200CBDE81040E3E759
:1043200010B504460088FFF7DFFF6068FFF7EFFF76
:10433000A068FFF7ECFFA089BDE81040D4E710B5F6
:10434000FFF7DBFF0446FFF7D8FF04EB004010BD8A
:1043500010B50446FFF7A2FF2070FFF79FFF6070C3
:10436000FFF7CBFF211D60800820FFF79FFFFFF7BD
:1043700095FF2073FFF792FF6073FFF7E0FF206166
:1043800010BD38B5084A094D1268AB6904469A1A3F
:104390000244DC2A04DC0246184621F0ABFD034649
:1043A0002344AB6138BD00BF1C35002058290020D4
:1043B0000EB477B5054607AB53F8046B0193013E85
:1043C00016F8013F23B903B0BDE8704003B0704751
:1043D000019A622B02F104011468019133D0703B01
:1043E000D9B20729ECD8072BEAD801A151F823F05C
:1043F00061440108C1430108C14301081144010897
:10440000C14301081144010823440108354401084F
:104410001DB1FFF743FF2070D2E72078FFF754FF6C
:10442000CEE71DB1FFF769FF2080C9E72088FFF7BD
:104430005BFFC5E71DB1FFF782FF2060C0E7206882
:10444000FFF765FFBCE702F10803019353682146BB
:10445000187815B1FFF72AFFB2E7FFF792FFAFE731
:1044600002F108030193002DAAD0044853680168A3
:104470001B780B4403602160A2E700BF903400204A
:1044800010B504460078FFF71FFF6078FFF71CFFA8
:104490006088FFF729FF211D0820FFF772FF207BAE
:1044A000FFF712FF607BFFF70FFF2069BDE81040A8
:1044B0002DE7014610B504460820FFF7F7FEFFF789
:1044C0001CFF2081FFF7EAFEA072FFF7E7FEE07213
:1044D000FFF7E4FE2073FFF710FFE081FFF7DEFE39
:1044E0002074FFF72CFF606110BD10B50446FFF784
:1044F00004FF2080FFF701FF6080FFF7CFFE2071EF
:10450000FFF7CCFE6071FFF7F8FEE080FFF7F5FEE5
:104510002081FFF7C3FEA07210BD10B50446007ADB
:10452000FFF7D2FE237A4BB92068FFF7F0FE206830
:10453000FFF7EDFE607ABDE81040C5E6022BF9D129
:1045400021460820FFF71DFFF4E710B50446FFF7EA
:10455000A5FE207248B9FFF7F2FE2060FFF7EFFEDC
:104560002060FFF79BFE607210BD0228F9D1214642
:104570000820FFF79BFEF4E738B500F10C0400F1CA
:10458000240514F80C0CFFF79FFE14F80C3C013BBB
:10459000012B0CD934F8020CFFF7A6FE0820A4F179
:1045A0000A01FFF7EEFE0C34AC42EAD138BD34F814
:1045B000080CFFF799FE34F80A0CFFF795FE34F863
:1045C000080CFFF791FE34F80A0CFFF78DFE34F863
:1045D000080CFFF789FEE6E7F7B5494D2B889907E8
:1045E00004D440F63F41474822F040FB464F3B7819
:1045F000053B012B04D940F64141424822F036FBED
:10460000424EB36A23B940F644413E4822F02EFBA5
:104610002C88222014F0200459D024F0C7F84FF43D
:104620007A74FEF79AFFB36A1B780933434304EBAD
:10463000C3043B78A4B2062B0BD122F0E3FF07465C
:10464000FEF78BFF602358430C2303FB0700204435
:1046500084B22A882E4F52054FF06402B16A4CBFD3
:104660000020B1F801000B783A7196F82C2058BF61
:10467000C0F34010322ADEBF5200C2F164023A7128
:104680003A79244E502A38BF50223A710022FC60F9
:10469000013B009240F00804802230689BB221F078
:1046A0009CFC20B14FF43B61164822F0DFFA2B88C6
:1046B000397C13F0200F3068174B79740AD00093BF
:1046C0002246164B22F060F870B903B0F0BD24F01A
:1046D0006DF8A6E7224622F055F828B9252003B048
:1046E000BDE8F04024F062B8262024F05FF840F6E0
:1046F000F431044803B0BDE8F04022F0B7BA00BF7F
:104700003E1D002092890308401D002058290020EA
:1047100050460020441D0020544600204C1D00201F
:104720007FB50023CDE901330393FF238DF80430D7
:10473000EFF31186302383F311880F4C0F4D627C09
:10474000237C9A420CD0217C286801AA617422F053
:104750001DF850B140F60821094822F087FA04E01C
:10476000286821F0F3FF0128EDD086F31188BFF30C
:104770006F8F04B070BD00BF50460020441D002064
:104780009289030870B5284B1B7823B140F6FC31A1
:10479000264822F06BFAEFF31185302383F311885A
:1047A000234B198811F0060109D001214FF48070C4
:1047B00022F042FF85F31188BFF36F8F70BD4FF475
:1047C000807022F039FF16F033F80228044608D131
:1047D0008022184B8021186821F0A6FBFFF7A0FF6C
:1047E000E8E738B1012807D040F631410F4822F000
:1047F0003DFADFE70246ECE7FF220E4E0E4B306833
:104800005A7420F093FA306821F0A0FF0128D1D02B
:1048100022462146306821F09BFF2C2023F0C6FF62
:104820000A2023F0C3FFC5E7401D0020928903083A
:104830003E1D0020441D00205046002010B50446B7
:10484000FFF7A0FF204614F0EDFBBDE8104015F087
:1048500025BF08B50A4B93F82D2082B901221028F4
:1048600083F82D2004D040F69D61064822F0FEF921
:104870000021202022F0E0FEBDE80840ACE608BDA3
:10488000582900209289030837B5194C94F9133040
:104890007F2B28D14FF6FF7302220DF10601154838
:1048A000ADF80630FCF7CCFBBDF80610CA054CBFCE
:1048B0006FF04A0149B2EFF31185302383F3118879
:1048C0000D4BE1741B88DB0709D50C4B186821F0F0
:1048D00050FB20B140F67861094822F0C7F985F312
:1048E0001188BFF36F8F94F9130003B030BD00BF80
:1048F00050460020641002C03E1D0020441D0020D0
:104900009289030838B5094C094D22682B689A42F0
:1049100004D94FF48771074822F0A8F92868236862
:10492000C01A20F0010080B238BD00BF7C15002005
:1049300078150020098903080EB42DE9F0413F4B9A
:10494000A3B018803E4B02AA00259A60802229ACB1
:1049500054F8046BDA6000945D60013E16F8013F84
:104960009BB3A3F13002092A07D805EB850503EBB9
:104970004503303B03F0FF05F0E7622B4AD016D821
:10498000462B3CD006D8422B2ED0442B24D08DF879
:1049900004302FE0572BFAD101A9012054F8042B41
:1049A000FBF768FA022101A816F02AFAD6E76C2B69
:1049B00022D0702B01D0662BE9D154F8040B294684
:1049C00016F01EFA05460028C8D0FFF7F9F823B004
:1049D000BDE8F04103B0704701A9012054F8042B51
:1049E000FBF748FA0421DEE7012054F8042B01A963
:1049F000FBF740FA0121D6E714F8045BAEE7002587
:104A000054F8040B435D0BB9EDB2D8E70135FF2D27
:104A1000F8D1D4E734F8048BB8F1000F9ED04046AB
:104A200022F0C4FE0746404622F0A4FE0146384666
:104A300016F0E6F9002891D0C7E700BF184400201F
:104A4000582900202DE9F341404CDFF8208105462C
:104A5000D8F80030A0690E46C01A83B2DC2B174686
:104A60005BD9DC20FAF7A4F9822394F82E201AB13E
:104A7000002384F82E30822394F82F2022B10022C4
:104A800043F0010384F82F20314A118809B143F023
:104A900004031FB1002E45D043F00803D8F80010DE
:104AA0004B706B1EDBB2012B03D81388002B18BF91
:104AB000002584F83050274DFAF76CF92C882046F1
:104AC00022F058FE022830D84FF48F71224822F08D
:104AD000CDF8224B197801F14003DBB2022B2AD921
:104AE00001F0A003A02B04D00B0624D57E20F6F7FE
:104AF00085FB4FF07E63B3F8403013B12046F6F7E4
:104B00003FFD214606B3164823F02AFE00232B80E2
:104B100002B0BDE8F041F6F77FBBC0B2FAF748F942
:104B20008023A2E743F01003B8E7204622F022FEDC
:104B3000DC28C9D8CDE7CDE90014842302223D202A
:104B40000849FFF7F9FED4E70748DDE758290020B8
:104B5000483400201A350020FF9C0308AB140020C5
:104B6000A6140020659D0308A41400201C35002015
:104B70002DE9FF414FF0FF330024061D304601A907
:104B80008DF80C400193FEF76FFC164F054620B1DF
:104B9000154B3C801C80012509E03B883BB1DFF8C8
:104BA0004880B8F8000023F0F3FD044618B9284601
:104BB00004B0BDE8F081204622F0F8FD011D30462A
:104BC000FEF752FC214640B1074816F0C3FD3B8872
:104BD000002BE0D0013B3B80DDE7B8F8000023F07C
:104BE000DCFDE2E77C3900207E39002070B5064606
:104BF0000E480388C3B116F0C1F8054622F0BAFD8D
:104C00000B4B044628461D8022F0D0FD094B50FA7C
:104C100084F41860084B012293F8300031469C61FF
:104C2000FFF710FF012070BD1846FCE74834002054
:104C30001A3500201C3500205829002038B5254B96
:104C4000024693F83130012B30D1008822F086FDE6
:104C5000024650B33021204CEFF3118581F31188C7
:104C6000438823434380808822F078FD85F31188B0
:104C7000BFF36F8F18B1B0F90230002BECDA30219E
:104C8000154CEFF3118581F311885388D0882343A5
:104C9000538022F063FD024685F31188BFF36F8FC6
:104CA00018B1B0F90230002BEBDA38BD022BFCD181
:104CB000EFF31181302383F31188008822F04EFD39
:104CC00018B10388C3F30E03138081F31188BFF377
:104CD0006F8FEAE7582900200080FFFF08B50348DE
:104CE000FFF7ACFFBDE808400148A7E77E39002088
:104CF0005A29002038B50948FFF7A0FF0024084DC5
:104D000095F84430E0B2834200D838BD05EBC000CE
:104D10000430FFF793FF0134F2E700BFB01C00201E
:104D2000101C0020004889E78A290020F8B50546B4
:104D300022F014FD0E460446D8B122F0F7FB20B94C
:104D400040F2FB41204821F091FF284622F012FD5D
:104D500007462046FEF776FAB742054609D004D842
:104D600040F20351184821F081FF2288D20B01D074
:104D70002681F8BD20466680FEF75CFA034604EB08
:104D80004000EFF31181302686F311880F4E37680B
:104D9000AF4209D1306081F31188BFF36F8FFF21DB
:104DA000BDE8F84021F09EB82D1AAAB281F311880F
:104DB000BFF36F8F072AF2D90021083A44F8131085
:104DC00041604280D5E700BF098903087C150020B7
:104DD0002DE9F84F0F469DF82C90834609F103000A
:104DE00053FA80F00021384492461E4622F038FDE6
:104DF000DFF86C80054620B9012388F82F30BDE824
:104E0000F88F22F0D3FC98F83830044603708023E2
:104E1000437001233A4683705946033021F02FFE38
:104E20002EB1F81C32465146204421F028FEB9F13B
:104E3000000F04D00A9B3C441A78A319DA7098F842
:104E400030300648013B012B98BF0023294698BF0C
:104E500088F8303023F084FC0120D0E7483400206B
:104E6000582900202DE9F047022988B080460F46D6
:104E700015461C469DF844A0DDF848900CD858B162
:104E80002B4B1E780136F6B21E702A4B1B78B342AC
:104E900002D8022011F088FC3F2342460DF10A019E
:104EA0000120ADF80830FAF7E5FF23888DF80F50A0
:104EB0008DF811301B0A8DF81230638817218DF898
:104EC00013301B0A8DF8143023792D0A8DF8153014
:104ED000637902A88DF81630E3888DF80E708DF88E
:104EE00017301B0A8DF8183023898DF810508DF873
:104EF00019301B0A8DF81A30A37A8DF81B30BDF8D3
:104F00004030ADF81C300C4B1B7D402B08BF4FF0E0
:104F100000094FF0000308BFCA46CDE900334A46F6
:104F200053468DF81EA0FFF753FF08B0BDE8F08789
:104F3000C91F00200F3900205046002010B5EFF3A4
:104F40001184302383F31188034815F017FF84F38D
:104F50001188BFF36F8F10BD922900202DE9F74F04
:104F6000044600881F4622F0F9FB8846154606468F
:104F700022F0DCFA20B940F2FE61414821F076FED1
:104F80003388DB0B019306D033892B443381002017
:104F900003B0BDE8F08F208822F0ECFB814630465C
:104FA000FEF750F9EFF3118A302383F31188DFF80D
:104FB000D4B0DBF8003083421FD1FFF7A3FCA84236
:104FC00005D28AF31188BFF36F8F1A20E0E709EB4F
:104FD000050373803FB1208822F0E8FB2A46414652
:104FE000484421F04CFD3046FEF72CF9CBF8000088
:104FF0008AF31188BFF36F8FC9E78AF31188BFF373
:105000006F8F208822F0B6FB2844019980B222F0ED
:1050100027FC06460028D8D022F0C8FB814620880D
:1050200022F0C4FB8246208822F0A4FB51460246AF
:10503000484621F024FD3046AFB122F0B7FB0746C9
:10504000208822F097FB2A464146384421F017FD7C
:105050000121208822F0C8FB01210246304622F0BF
:10506000D7FB268093E722F0A1FB8046208822F020
:1050700081FB2A463946404420F034FFE8E700BF70
:10508000098903087C15002038B50588044623F0FB
:1050900067FB05B1258038BD38B50446008823F08C
:1050A00077FB01460020451C09B980B238BD208835
:1050B00023F073FB01462846F5E770B505460088E6
:1050C0000C4622F057FBA042288809D222F052FB5E
:1050D0000023221A19462846BDE8704092B23DE7E7
:1050E0002146FFF723FE002070BD38B50C4605466B
:1050F00022F040FBA04203D82D21044821F0B6FD48
:10510000284622F053FB204438BD00BF6A9D0308A7
:1051100070B506460D4622F049FB044648B13046BC
:1051200022F028FBA84203D83521024821F09EFD39
:10513000605D70BD6A9D03082DE9F047DFF8689057
:105140000546B9F800000F461646984623F020FBA6
:105150004FF0000A0446BCB1D5B15FFA8AF0804531
:105160000AF1010A19D1204622F004FB411E89B23E
:105170002046FFF7CDFF0FB1C30705D5FF2E04D0A2
:10518000C0F34100864200D000242046BDE8F087ED
:1051900029462046FFF7BCFFE1E72146B9F80000A9
:1051A00023F0FBFA0446D6E74A34002008B5094A42
:1051B000034692F83C20824209D901210022084688
:1051C000FFF7BAFF18B1BDE808400021A0E7FF20B3
:1051D00008BD00BF58290020002210B503460C4628
:1051E00010460121FFF7A8FF70B122F0DFFAB0F8F6
:1051F00001302380B0F803306380437923718379D1
:105200006371C3790120A37110BD0B46002170B5F5
:10521000064614460846FF22FFF78EFF054680B17A
:1052200022F0A8FA411EC9B22846FFF75EFF2EB150
:10523000238803F007030370002070BD03782380E8
:10524000FAE73620F9E770B50C460646154622F017
:1052500091FAA04203D83E21044821F007FD3046D0
:1052600022F0A4FA00B1055570BD00BF6A9D030885
:1052700038B5054622F09AFA0446284622F07AFA12
:1052800001462046BDE8384014F0B6BDF8B51646D4
:105290000C461D46BDF8187022F088FA04443046CA
:1052A00022F084FA3A4641192046BDE8F84020F041
:1052B00021BE70B50C46013189B20646FFF728FFC2
:1052C000214605463046FFF723FF00EB052080B25C
:1052D00070BD70B5104E0546308823F059FA04466B
:1052E00000B970BD03212046FFF7E3FF3F2804D03B
:1052F0002146308823F051FAF1E709212046FFF7D3
:1053000007FF0228F4D10A212046FFF701FFA84237
:10531000EED10120E5E700BF48340020F8B5194E72
:105320000546308823F034FA04461DE00321204668
:10533000FFF7BFFF45281FD11B212046FFF7E8FEDE
:10534000A84219D105212046FFF7E2FE831EDBB2F9
:10535000012B0CD82146308823F01FFA074621463E
:10536000084816F0F7F93C46002CDFD1F8BDFF22C3
:105370001B212046FFF767FF2146308823F00DFAF6
:10538000D2E700BF4834002037B5144B05465B7D9B
:10539000113B012B0ED98D24322368460721ADF82D
:1053A00000308DF802508DF8034017F093FE204630
:1053B00003B030BDFFF78DFF0028ECD128460CF07C
:1053C00043FA044618B92846FFF7A8FFE4E740F679
:1053D00004439842DFD08824DEE700BF5046002017
:1053E00070B51546002203460E4610460121FFF710
:1053F000A3FE044688B122F0D9F9012E14BF08217A
:105400008179204602BF49000831C9B201EB45014C
:1054100001F0FE01BDE870404BE74FF6FF7070BD34
:105420002DE9F0410C46013189B20646FFF770FEC6
:10543000214607463046FFF76BFEE11C054689B260
:105440003046FFF765FEA11C804689B23046FFF763
:105450005FFE05EB072500EB082005EB0040BDE8EB
:10546000F0812DE9F34106460F4615460AB90DF1C4
:1054700007050121304622F0B7F920B1304601215D
:1054800022F0B2F90646002130462970FFF711FFDD
:1054900010F0400F2B7802D1B0F5804F0CD2042FC2
:1054A00014D10333D9B2297010F4406F00F0F180A9
:1054B0003046FFF7FEFE17E00124991CC9B2012F08
:1054C000297005D13046FFF723FE0DE00024F4E7F4
:1054D000D91CC9B2022F297000F44062E4D032B95D
:1054E000032F12D14FF0FF3002B0BDE8F081591DFB
:1054F000C9B2032F297003D1B2F5006FD8D0F1E7FC
:10550000B2F5006F05D107332B70042F06D129782F
:10551000CEE7B2F5406FF8D10D33F5E714B12B7833
:1055200002332B70052F00F4404003D1B0F5004F3B
:10553000D8D1ECE7B0F5004F2B7810D102332B70A7
:105540000D2F2C7810D030462978FFF7E1FD0306A7
:1055500011D4062F804615D02978013119E0B0F515
:10556000404FEDD10833EAE7304622F003F9844298
:10557000E9DB0020B8E730462978FFF79AFE062FCE
:10558000804601D14046AFE710F0800F2978E4D083
:105590000231C9B20D2F297022D1304622F0EAF82B
:1055A0002B788342E5D208F03C020C2AE1D140F28C
:1055B000037218EA020F2ED104332B7008F4E06353
:1055C000B3F5007F08BF2B7808F4805804BF01337F
:1055D0002B70092F2AD1B8F1000F83D0297807E06A
:1055E00040F20373072F08EA030306D1002BC0D152
:1055F000304602B0BDE8F04112E713B92B7804330E
:105600002B70082FDAD108F4E060B0F5007F7FF44A
:1056100069AF297856E708F4E062B2F5007F08F434
:10562000805804BF01332B701FFA88F8B8F1000FBF
:1056300002D02B7804332B700A2FEAD00D2F0DD116
:10564000304622F097F82C78A04292D90134E4B287
:105650002C70B8F1000F13D1012045E72B780B2FE8
:1056600003F101032B703FF43DAFB8F1000F3FF49D
:1056700039AF304622F07EF8011FC9B22970B7E772
:10568000304622F077F803348442ACBF002001207A
:105690002AE7FF232B7025E7F7B504460E46402086
:1056A0000021174622F0DCF80546ADF8060022F08E
:1056B0007DF815B9002003B0F0BD40213B463246CD
:1056C0002044FDF747FE211889B20DF10600FFF7CF
:1056D000F4FC0028EED1BDF80600ECE708B417B5DD
:1056E000144605AB53F8042B091B89B220440193DF
:1056F000FDF730FE03B0BDE8104001B070470EB4B6
:1057000003B503AA52F8041B0192FFF7C5FF02B0CC
:105710005DF804EB03B07047036910B55BB18268B4
:10572000064B9A4201D1002010BD446922F080FF4F
:10573000201AF9D5F7E74FF0FF30F5E749330108B4
:1057400038B502784B4D04462B889AB942604278AE
:10575000072A1FD1562B484A04D1937DC3F1630316
:10576000237205E0037AA3F162014B424B4193752A
:105770000123237021782B88002939D1012222703E
:1057800062786160002A34D1562B3C4B2ED11B88A5
:1057900023722DE0042A65D1562B374B01D11B7D96
:1057A000DEE7027A1A75E3E7227A1A70E0E7022A46
:1057B00002D1562B324B59E0092ADBD1562B02D1AC
:1057C00095F83D30CCE7237A002B14BF012300234A
:1057D00085F83D30CCD0284B1B8B002BC8D04FF424
:1057E0007A712848594322F0A5F8C1E7227A1A8035
:1057F00038BD052A0DD1562B04D195F83E3043F023
:105800005003C5E7237A03F00F03237285F83E3077
:10581000EEE7062A0DD1562B04D195F83F3043F020
:105820006003B5E7237A03F00F03237285F83F3056
:10583000DEE7012A217006D0082AD9D1562B0DD1D6
:1058400095F8403003E0562B0B4B02D15B7D237261
:1058500001E0227A5A7501232370C9E7237A85F87B
:105860004030F8E7032AA2D1562B074B9CD11B7876
:1058700076E700BF582900205046002084220020EF
:1058800026450020601F00201C4500202DE9F04126
:10589000664B96B01B8805AD07C885E807002BB19D
:1058A000634E308822F074FF044610B916B0BDE88C
:1058B000F081204621F07AFF011D2846FDF7D4FD36
:1058C000002800F0888000261423324621460096E6
:1058D00004A822F00BFF204621F04CFF142805D924
:1058E000204621F047FFA0F11406B6B2204621F071
:1058F0005DFF3146143014F07FFA0446002866D06C
:105900009DF820204B4E8DF80F2072889DF81130A5
:10591000002A5CD1002B0CBF812201229DF81C3093
:105920008DF82420022B5BD103CD0C238DF825307C
:10593000FF238DF827308DF828308C238DF83130F7
:1059400082238DF832309DF81D30CDF82D10CDF822
:1059500029008DF833300DA90DF12408A1EB0801C1
:1059600089B2404614F048FAADF8240021F002FF55
:10597000012305461A4640460DF10F01FFF7EEFAE6
:1059800028BBBDF8240021F0F5FE0746204621F093
:10599000F1FE391889B24046FFF78FFB0746B0B9D0
:1059A0002046BDF8248021F0E5FE691C3B460090AE
:1059B000C9B240462246FFF769FC9DF80F3014211A
:1059C0001D48A6F8028086F8413021F0B3FF04A8F4
:1059D000FFF7CEF86AE72146308822F0DEFE63E763
:1059E00008228DF82520EBB9FF22059B8DF8272092
:1059F00023B96FF072430BA90A93ADE76FF0E6424B
:105A00000A9280228DF82C201A0A8DF82D308DF8FC
:105A10002E201A0C1B0E8DF82F208DF830300DF132
:105A2000310199E70DF1270196E700BF7C3900208D
:105A30007E39002058290020201F00202DE9F04F3A
:105A40001446F5B01F469DF8FC31804600220E46F4
:105A50002046062104939DF8F891FFF702FD0022ED
:105A6000062105902046FFF7FCFC002205460A218E
:105A70002046FFF7F6FCB8F1010F5FFA80FB06D075
:105A8000B8F1040F00F0C08175B0BDE8F08F1BA81D
:105A9000FAF7A8F909230DF1200C8DF86C300DF5FB
:105AA000047E80AB624618685968083303C27345A8
:105AB0009446F7D108A91BA8FCF72AF91BA8FCF704
:105AC000CDFA3B7A022B18BF3A680DAB14BFC3E97D
:105AD0000022D7E90001849A08BFC3E900019A6057
:105AE00005220A211A7320460DF11E02FFF7B9FCA8
:105AF00006210DF11F022046FFF7B3FC0C210DF12A
:105B00001D022046FFF7ADFC00219DF81E309DF8D8
:105B10001FB0FC22804635A80293349120F0E2F9B0
:105B20005946204634AA09F074FDA0F1040A5FFA30
:105B30008AFABAF1F80F029B40F229814FF0070A66
:105B400000220A212046FFF78CFC5FFA80FB05F457
:105B5000804300220A2120460293FFF782FCC0B254
:105B6000E02840F07881002206212046FFF779FCEA
:105B7000400640F179810121204621F035FE0028C0
:105B800000F084810121204621F02EFE03900121A6
:105B9000204621F029FE002800F07A8101212046CC
:105BA00021F022FE05460B2134AA2046FFF759FCBE
:105BB000284621F0DFFD0022054606212046FFF79A
:105BC00050FC9DF8D030C0F30030ED1A0B21A5EB4E
:105BD000800534AA2046FFF744FC0023EDB2009371
:105BE0009DF8D0202B4603991BA822F07FFDFF2EA5
:105BF00015D048237343B049CA18CB5CFF2B0ED095
:105C00005368B9F1000F03D1590408D4927D32B919
:105C10004821A94A43F4C06301FB0622536008A847
:105C20000EF09AFEA54BA64893F9422093F8431034
:105C300000238DF8D0A000EB530C9CF811C0013369
:105C40006145DBB280F02681062BF4D10723073BA8
:105C500018BF01239B0105992046C1F3801A6FF0FC
:105C60006C018A42B8BF0A46082AA8BF08226E32D1
:105C700042F346021344012100228DF8D130FFF790
:105C8000F0FB35ABC4B28DF8D24097E8070083E84B
:105C90000700049B2A468DF8E130029B1BA9002BCC
:105CA0001DBF884B01271B88002717BFB3FA83F35A
:105CB000029B5B095B001F43849B0DF1F20039934B
:105CC0008DF8E0908DF8E2A08DF8E3708DF8E8B0E3
:105CD000CDF8EC808DF8F0608DF8F15020F0CFFE1B
:105CE0000DF5AC7E0DF1200CBCE80F00AEE80F0006
:105CF000DCF800308DF83840CEF80030C523ADF820
:105D00003430BDF8D030ADF836309DF8DC308DF849
:105D10003930002B40F0C780359C012022460DF120
:105D20003A01FAF7A7F8224601200DF13E01FAF7F1
:105D3000A1F89DF8DD30849A8DF84230049B0DF176
:105D4000470101208DF844308DF843908DF845A02F
:105D50008DF84670FAF78EF8424613A901208DF8A7
:105D60004BB0FAF787F80DF1520156A88DF8506044
:105D70008DF85150FEF73AFA00231E21CDE9003389
:105D80000DF1F2022B460DA8FFF722F87CE69B45A9
:105D90003FF6D4AEB9F1020F34AA18BFA3EB0B0340
:105DA000CDE900A208BF53464FF0000118BFDBB297
:105DB0000DA814F0E1FA024600287FF4BFAE34AB20
:105DC00000930290034659462046CDF804A009F0FE
:105DD0004EFCB9F1030F029A0DD04822364B84993C
:105DE00002FB06339A698A42BFF44EAE849A4FF0A2
:105DF000000A9A61A4E60A212046FFF732FB00F070
:105E0000F000F028E9D13FE6B9F1000F1AD1FF2EDA
:105E100007D04822284B02FB0638D8F804305B0430
:105E200004D54FF0FF384FF0060A90E698F8163088
:105E3000002BF6D14A4601212046FFF712FBC8F895
:105E40001800EEE700220C212046FFF70AFB4FF076
:105E5000030A80467BE600220A212046FFF701FB69
:105E6000C0B2E2283FF47FAE002206212046FFF7B1
:105E7000F8FA00F0030001283FF47DAE029B002BEE
:105E80003FF479AE3846FFF701FD74E603947EE6F1
:105E9000254688E6022B04D9042B3FF6D8AE802392
:105EA000D9E6C023D7E6022B01BF35AB03CBCDF833
:105EB0003A00CDF83E103CE704200020582900208D
:105EC000B49D03087C3900202DE9F04F8FB0804647
:105ED0000F4616469946FDF71BFFBDF860A0054624
:105EE000002F39D10AAC3946102220461FF0FAFFA4
:105EF000FF2D02AF22D048223F4B02FB05335A68E8
:105F0000500401D49B7DCBB100220A215046FFF7FB
:105F1000A8FAC0B2E02811D0CDF8189094E80F008C
:105F200087E80F000023524600932946434602208B
:105F30000196FFF783FD0FB0BDE8F08FCDF8189004
:105F400094E80F0087E80F00002301960093434672
:105F5000524629460420ECE7BB1E012BEBD802ABCE
:105F6000FF280AAC099338D00428DFF88CB027D971
:105F70001022002120461FF0B5FF482303FB05BB7C
:105F80009BF81630D906C3F3820201D4072A1FD129
:105F900006B303F003039F420ABF16464FF0040CFA
:105FA0004FF0010CCDF8189094E80F00099C84E89C
:105FB0000F004346524629466046CDE90076B8E7D1
:105FC000482303FB00B31C330FCB84E80F00D4E756
:105FD000002EDED04FF0040CE4E710220021204612
:105FE0001FF080FFCDF8189094E80F00099C84E81A
:105FF0000F00CDE90076AAE7042000202DE9F0414A
:10600000002286B00D210446FFF72BFA002800F08D
:106010009D80002206212046FFF723FAC0F30725C2
:1060200015F0050640F09280324606212046FFF723
:1060300018FA070400F18A80324606212046FFF74D
:1060400010FA40047AD4002201212046FFF709FA11
:1060500005F0070506468DF81450002D79D12A4623
:1060600007212046FFF7FDF90390674FF6B297F836
:106070005030B3420BD19DF8142097F84C30934226
:1060800005D1002B7FD17B6C039A9A425ED05F4B87
:106090000DF10C0898E8070083E807004FF4FA6157
:1060A0005B4887F8506021F045FC0022062120461D
:1060B000FFF7D7F900F0030001284FF000026ED17E
:1060C0000A212046FFF7CDF900F0F000F0283DD07E
:1060D000002206212046FFF7C4F910F4C05FC0F388
:1060E000C12233D106212046FFF7BBF902062DD489
:1060F00065BB2A4606212046FFF7B3F9430602D4C2
:106100004046FFF7C3FB002206212046FFF7A9F90E
:106110000022054606212046FFF7A3F90022064685
:1061200009212046FFF79DF900940346C6F340324B
:106130004046C5F3C121FFF7C7FE07E006213246FE
:106140002046FFF78EF941067FF57DAF06B0BDE82A
:10615000F081022DFAD105210DF10B022046FFF747
:1061600080F9204621F022FB9DF80B100822014403
:1061700003A81FF0BFFE002208212046FFF771F997
:106180008DF8150071E7022B81D1082207F1440137
:1061900003A820F064FC00287FF479AFD6E706213D
:1061A0002046FFF75EF910F00305CFD12A460621FD
:1061B0002046FFF756F910F4C05F11D100220A21E2
:1061C0002046FFF74EF900F0F000F028BED0002284
:1061D0000A212046FFF745F9C0B2E32893D1B5E77D
:1061E0002A4606212046FFF73CF9C0F3C1200228C9
:1061F000E4D02A4606212046FFF733F9C0F3C12038
:10620000032880D0A2E700BF582900209C29002045
:106210006C4600200021014821F08CBB8C460020F8
:10622000114B10B51B889B0704D440F6A6610F489C
:1062300020F01CFD0E4B1B78053B012B04D940F6CA
:10624000A7610A4820F012FD0A4CA36A23B940F660
:10625000A961064820F00AFD002384F82D30BDE82E
:106260001040FEF7B9B900BF3E1D00209289030817
:10627000401D00205829002082681F4B70B59A42AB
:10628000044605681DD1EFF31180302383F3118894
:10629000236923B1A34207D100222A601A6180F347
:1062A0001188BFF36F8F70BD1A4611461269A24262
:1062B000FBD12A68A24208BF29600B610023236139
:1062C000EDE70369002BEED098426E6803D19D2163
:1062D0000A4820F0CBFC2B46B44209D122699D42EA
:1062E00018BF1A614FF0000308BF6A602361DAE744
:1062F00033463669F0E700BF49330108C69C0308FE
:1063000041F65831014821F015BB00BFC0440020C0
:1063100008B50548FFF7B0FFBDE808401022FF218F
:1063200002481FF0DFBD00BF6C4600209C29002002
:1063300038B50D4D044695F841306888F32B0FD1E0
:106340000A4B1B78032B0BD101220221084B14F0BE
:1063500003FA08B100236B802046BDE838408BE784
:1063600001220021024BF2E7582900204F3600207D
:10637000BB34010841F65831014821F0DBBA00BFB7
:106380006C45002010B4044669B1022A07D0032AE4
:1063900007D0012A07D15DF8044B21F0CBBA0902DE
:1063A000F9E70904F7E720465DF8044B64E770B5A8
:1063B000084D00EB4004A60005EB840408F00EFE37
:1063C00008B1FDF730FFA279A188A859BDE8704057
:1063D000D8E700BF284500200020E8E70120E6E7D5
:1063E0000220E4E70320E2E72DE9F04FDFF8109305
:1063F000BDB0F8F7CFFCB9F8000021F0BBF9BC4EF6
:1064000007903268937803F0030101291ED100211F
:1064100006910521B2F80150B2F80330B54C05F0F1
:1064200003002380089010780A440021B24FA26133
:106430003A60B24A15F0800584F8380011700AD02D
:10644000582332202380FDF73FFF56E00121557885
:1064500006910321E2E7227D22B93BB15823302087
:106460002380F0E72D2B33D82A2B33D826889DF8AC
:106470001C00562E00F22881462E00F2A780272EFF
:1064800040F2CC803046F8F71BF9B0BB3046F8F745
:10649000D9FC90BBB6F5957F0CD2B6F5867F81F01E
:1064A000E782762E01F22083662E01F20683142EF7
:1064B00001F0BF833046FCF727F9F0B93046FAF710
:1064C00091FFD0B93046F8F74BF8B0B90E2053E041
:1064D000382BCBD1FDF7E2FEDFF828B233688046D7
:1064E0000533BBF800003B6022F052F94FF0010A7F
:1064F0000646F6B9BAF1000FB8D17D497D4B0A685E
:1065000093F83800107008688278002A41F01C86E1
:10651000069A002A01F018861A88827001211A88CA
:106520000898D31F5A425A413DB0BDE8F04FFEF7DC
:1065300089BA03213046FEF7BCFE312812D1122160
:106540003046FEF7E5FD804505D140F60F40FDF7EA
:10655000DEFE4FF0000A3146BBF8000022F01DF9C4
:106560000646C6E73228F6D105213046FEF7D0FDB3
:106570008045F0D140F60F40FDF7C9FEBDE7A6F11A
:106580008F030E2B3FF67EAF01A252F823F000BF1F
:10659000437901085F790108577A01088564010889
:1065A00085640108197A0108856401088564010879
:1065B0008564010885640108856401088564010813
:1065C0008564010885640108C3780108A6F14703C2
:1065D0000F2B3FF657AF01A252F823F0E5780108E0
:1065E00085640108CB77010885640108856401088A
:1065F00085640108856401083F780108597901081C
:106600008564010885640108416801088169010801
:1066100085640108376C0108956C0108272E3FF648
:1066200031AF01A353F826F013680108D9780108A7
:10663000A96B01086B70010885640108DF66010819
:10664000BB76010885640108856401088769010833
:1066500087690108CF760108CF76010885640108B3
:10666000EF770108856401088564010885640108E5
:10667000856401088769010885640108856401084B
:106680008564010831790108856401088564010881
:106690008564010885640108856401088564010832
:1066A0008564010885640108856401088564010822
:1066B0008564010885640108856401088564010812
:1066C000257901082B7901089D2E1DD88E2E3FF6C5
:1066D00056AF652E01F0E180812E7FF4D3AE052800
:1066E0007FF60BAFA36905380344A36105E700BF3C
:1066F0001C3500205829002090340020A3340020AD
:106700001A35002048340020F12E01F0C68069D8E7
:10671000AA2E00F0D582AB2E7FF4B4AE94220021D5
:1067200017A81FF0DFFB0DF16D061BAB01930120D5
:106730009649009619AAFDF73BFE9DF85C30002BA8
:1067400040F0288501238DF85C309DF86430043BCF
:10675000442B00F20186DFE813F0E404FF05FF0597
:10676000F204FF05FF05FF05FF05FF05FF058E0588
:10677000FF05FF05AC05FF05FF05FF059505FF05B6
:106780009A05A205A805FF05FF05FF05FF05FF0502
:10679000FF05FF05FF05FF05FF05FF05FF05FF05D9
:1067A000FF05FF05FF05FF05FF05FF05FF05FF05C9
:1067B000FF0590058E058E05FF05FF058E058E05EC
:1067C00085058905AE05D305FF051D05FF05DA051D
:1067D000E005FF05FF05FF05EB05FF05CB05FF0500
:1067E000F105F705FC2E01F0B78040F205139E423B
:1067F0007FF448AEFDF752FD0546FDF74FFD042D31
:1068000000F2D887624B84F8855083F89900002005
:10681000B2E6FDF743FD05461220FDF755FD0220C7
:10682000FDF752FD48F22020FDF75EFD237D002B91
:106830007FF463AE122D7FF460AE012323755CE616
:106840000026CDE917661996FDF728FD01233428A7
:106850008DF85D0018968DF85C3048D019D817284F
:1068600042D00FD898426DD00C2823D012285FD088
:10687000052845D1474B484A1B7812789B1AADF83A
:1068800064301BE02D2812D01A2834D1434B1B78DA
:10689000F5E7412859D042280ED0392857D038285A
:1068A0004DD040282CD13A4B93F88230E7E73C4B4F
:1068B0001D7801E094F85C50ADF8645017A8FCF71F
:1068C0009BFC9DF85C3043B911F089FE9DF85C306B
:1068D0001BB92122ADF864301892324919AB18AABD
:1068E0000020FDF765FD08E694F85D50E4E7284BCD
:1068F00093F87D50E0E71F281DD001D8182810D04C
:10690000294B53FA86F292F86820F1B2FF2A21D07F
:10691000904206F10106F4D103EB8103D3F88030F5
:10692000C6E71B4B93F87E30B3FA83F35B09A6E707
:106930001E4B1B88A3E7164BB3F880309FE7144B20
:106940001B8B9CE74FF40055B6E70525B4E74FF6DF
:10695000FF75B1E7242810D007D80D2809D01E28CC
:1069600009D000238DF85C30A8E73628F9D1104B08
:10697000DFE7104B8BE7142381E794F85E307EE766
:10698000257D012D18D00220F6E500BF949D030857
:10699000504600209C440020143900209F440020D1
:1069A0009D440020819D0308B49D03087A44002083
:1069B0008C450020A21F002000230DF15D02CDE9CF
:1069C000173319932846A34919ABFDF7F1FC9DF83D
:1069D0005C2042BB9DF85D308DF85C50342B1892E2
:1069E0003AD00FD8172B32D02D2B14D00C2B29D006
:1069F0001A2B3DD1984BBDF86420197891420ED3E3
:106A00001A7010E0392B31D0A3F1410101293AD895
:106A10000223189307E0BDF86430022B01D921232B
:106A2000F7E78E4A137017A8FCF7E6FB9DF85C3079
:106A300033B911F0D4FD9DF85C300BB921231893C4
:106A4000189899E5BDF8643084F85C30EBE7BDF840
:106A5000643084F85D30E6E7814BBDF8642093F83C
:106A60007D109142DBD383F87D20DCE70E23D0E755
:106A7000192B4BD042D8122B6CD0182B61D0052B80
:106A800051D0002203E0382B70D0402B73D07549D1
:106A900051FA82F595F86850D0B2FF2D1DD0AB4267
:106AA00002F10102F4D101EB80010828BDF8642055
:106AB000D1F880300CD81978914232D31A70189BD3
:106AC0003BB99DF85D30112B03D1674BBDF86420B5
:106AD0001A709DF85C30002BA5D1012300228DF89F
:106AE0005C309DF85D301892242B4DD0362B53D05E
:106AF0000D2B56D15D4BBDF8642081E71F2BC0D113
:106B0000574BBDF86420A3F880208CE7584B5949B7
:106B10001B7809789DF864205B1ADBB2991810295C
:106B200006DD192375E7534B1A789DF86430F5E7B5
:106B30004F48017050490B704E4B1A7000224F4B5A
:106B40005EE7BDF86430464AB3FA83F35B0982F826
:106B50007E3068E747F23052BDF8643093423FF62A
:106B60005EAF474A1380474A13805CE73C4BBDF851
:106B700064201A8357E7BDF86430022B3FF64FAF0D
:106B8000374A82F882304EE7BDF864300A2B3FF670
:106B900046AF84F85E3046E73B4BBDF864201A8070
:106BA00041E78DF85C203EE7267D012E41F05780BD
:106BB0000538C5B20021284620F052FE07460028BD
:106BC00001F07782009505230021B9F80020FEF737
:106BD0005DFB3846ADF85C7020F0E8FD002185795A
:106BE00090F807808DF848600378FF220846FEF78A
:106BF000A3FA10B121252846BEE4384620F0BAFD9C
:106C000045446D00083505F0FE058542F2D1334656
:106C1000324612A917A8FEF7A1F905460028E9D1C6
:106C2000BDF85C10194821F09BFD94F83C3001330D
:106C300084F83C30DFE700230120CDE917331993B6
:106C4000134919AB0DF15D02FDF7B2FB17A8FEF772
:106C500077FDF0E6849D03089F4400209D440020BA
:106C600050460020B49D030863450020A21F002069
:106C70009C440020143900201639002015390020CA
:106C80007A4400205C1D00208C4500204A340020FE
:106C9000879D03080023CDE917331993FDF7FEFA0A
:106CA0008DF85D0017A8FEF74BFD9DF85C301BB911
:106CB00021228DF864301892AE4919AB18AA0FE65C
:106CC0009422002117A81FF00DF9FDF7E7FA002321
:106CD0001893012348288DF864008DF86C308DF8E6
:106CE0005C300DF16D060AD810282ED8042800F06B
:106CF0000381072800F0D180032800F0C38001231E
:106D000000228DF86C308DF85C309DF8643018925C
:106D1000142B00F2FD80142B00F2FC80DFE813F04E
:106D20004601FD001201FA00FA00FA00FA00FA002A
:106D30000001FA00FA00FA00FA000D01FA00FA0068
:106D4000FA00FA00FA001E01210111383728D6D8BE
:106D500001A353F820F000BF396E0108FF6C010851
:106D6000FF6C0108FF6C0108A56E0108FF6C0108AB
:106D7000FF6C0108FF6C0108FF6C0108FF6C010843
:106D8000FF6C0108FF6C0108FF6C0108FF6C010833
:106D9000FF6C0108FF6C0108FF6C0108FF6C010823
:106DA000FF6C0108FF6C0108FF6C0108FF6C010813
:106DB000FF6C0108FF6C0108FF6C0108FF6C010803
:106DC000FF6C0108FF6C0108FF6C0108FF6C0108F3
:106DD000FF6C0108376F01085B6E0108636E0108E4
:106DE000FF6C0108FF6C01087F6E01085B6E0108F3
:106DF0005B6E01085B6E0108B96E0108FF6C01084B
:106E0000FF6C0108636E0108FF6C0108FF6C01084C
:106E1000AF6E0108FF6C0108556E0108CD6E0108C8
:106E2000E76E0108376F0108C96E0108FF6E01089F
:106E3000036F01080B6F01084F49504BCDE91B133D
:106E40001BABCDE9006300204D4918AAFDF7B0FA4D
:106E5000FFF753BB4B4B1B7800E000238DF86D30E0
:106E6000EEE704230022314601208DF86C30F9F75B
:106E700001F89DF85C30002B3FF441AFE0E70323BD
:106E80001B93DDE702238DF86C30FDF73BFD8DF899
:106E90006D00000A8DF86E00EBE7638EB3FA83F3A2
:106EA0005B09DBE7FDF7F0FC8DF86D00E1E7364BA1
:106EB0001B8803F00303D1E74FF47A72334BD3F806
:106EC0008430B3FBF2F3C9E7314BC4E7314B187898
:106ED0000028E9D03048FEF71FFC4FF47A73B0FB6E
:106EE000F3F0C0B2E0E7294BB3F888308DF86D308D
:106EF0001B0A8DF86E30A3E794F85F30AEE70F23DE
:106F0000ACE7224B93F88A30A8E794F86030A5E705
:106F10003D2B2CD08DF85C207AE094F861309DE711
:106F20001E4B1B78332B06D003F0EF03A3F1430273
:106F30005342534192E7012390E794F8623063F0A3
:106F40007F038BE7114BB3F88C308DF86D301B0A43
:106F50008DF86E3002238DF86C3071E7104B1B6991
:106F60007CE7104A13780133DBB2137076E70E4BDF
:106F700071E700BF8A9D030807140208020200AAF5
:106F80008D9D0308481D0020A61F002050460020AC
:106F9000EC34002012390020801E0020173500201C
:106FA00068360020A01F0020624500201023012029
:106FB00012A9C64A03F056FABDF848308DF86D3074
:106FC0001B0A8DF86E309DF84A308DF86F309DF8B1
:106FD0004B308DF870309DF84C308DF871309DF845
:106FE0004D308DF87230BDF84E308DF873301B0A7D
:106FF0008DF8743014AB03CB10238DF86C309DF8F2
:107000005C30CDF87500CDF87910002B7FF418AF07
:1070100002238DF86C309DF86430102B0CD03B2B84
:107020001ED00A2B11D100231893A94B5D8825F09F
:107030008D056D056D0D05E012A808F087FBBDF804
:107040004850189001238DF85C309DF85C30002B7F
:1070500001F081808DF86D502D0A8DF86E50EFE6AD
:10706000002318939B4B1D88ECE79422002117A85E
:107070001EF038FF19AA012097491AABFDF798F9BD
:107080009DF85C200DF16D0562BB012318929DF8FF
:1070900064208DF85C30032A3AD8DFE802F002174A
:1070A000273000209DF8681012AAFEF7AEF80223E0
:1070B0008DF86C30BDF8483018908DF86D301B0A93
:1070C0008DF86E309DF85C302BB30BE003238DF808
:1070D0006C30824B94F86320B3F88E308DF86D20BD
:1070E000ADF86E301BABCDE90053ACE6BDF86800DF
:1070F0008DF86C3011F014FA8DF86D00F2E704236E
:107100000022294601208DF86C30F8F7B3FED9E74C
:1071100000238DF85C302123189300238DF86C3008
:10712000E0E79DF86C30012B40F0A5809DF86D30B4
:10713000003B18BF012384F85F30002329E09DF84D
:107140006D0068B1638E002B00F0B380002003F067
:10715000D1F90023FF226386604B83F89020ECE78F
:107160005E4F97F89030FF2B40F0A3805C4B1D7969
:1071700055B9294620F074FB608648B1012087F894
:10718000905003F0B7F9D8E72844C0B20833EEE7CF
:10719000192318939DF85C30002B7FF451AC012229
:1071A0009DF864508DF85C20292D00F2D980292D9E
:1071B00000F2DC8001A353F825F000BFA1730108A1
:1071C000F77301080F7401086D7301086D730108EE
:1071D00025740108257401086D7301083D6A0108D2
:1071E0004B740108DB740108017501088F750108F3
:1071F0006D7301086D7301089F7501086D730108B7
:107200006D7301086D7301086D7301086D730108DA
:107210006D7301086D7301086D7301086D730108CA
:107220006D7301086D7301086D7301086D730108BA
:107230006D7301086D7301086D7301086D730108AA
:107240006D7301086D730108F9750108F97501087E
:107250004D7601086D7301086D7301086D730108A7
:107260005F7601089DF86C30012B04D19DF86D30DC
:10727000002B3FF462AF21238BE79DF86D30012B8B
:10728000F9D15AE79DF86D20164BDA7055E79DF855
:107290006D20154BBDF86E1023F812104DE75422E7
:1072A000FF2111481EF01EFE47E7542200210F481F
:1072B000F8E702236DE79DF86D30022BDBD94FF420
:1072C0007A725343054AC2F8843036E764EE01000F
:1072D000E83400208C450020919D03085046002092
:1072E000CC9D03084C1D0020FA35002022350020DB
:1072F0009DF86D30B34A003B18BF0123137049E776
:107300009DF86D30032BB6D884F8643015E7BDF8CE
:107310006D20AD4BA3F892200FE79DF86D30AB4A7E
:10732000AB4913700A8822F0030213430B8004E771
:10733000BDF86D20A44BA3F88820FEE69DF86D20D3
:10734000A14B83F88A20F8E69DF86D30003B18BF0A
:10735000012384F860301DE700238DF85C3019E7C5
:10736000342D3FF46CAB3D2D00F07C8100238DF873
:107370005C309DF86430102B40F09781304613F05C
:107380008BF90022ADF83820924ABDF87130904256
:107390007FF454ABDC0740F16E812323FFF74FBB32
:1073A0009DF86C30102B23D1BDF86D20DDF87500F1
:1073B000ADF848209DF86F20DDF879108DF84A204F
:1073C0009DF870208DF84B209DF871208DF84C2091
:1073D0009DF872208DF84D20BDF87320ADF84E2039
:1073E00014AA03C27C4A002012A903F03BF885E0EE
:1073F00021231893DEE09DF86C30012B7FF41EAB47
:107400009DF86D3084F861300023FFF718BB9DF8BC
:107410006C30022B7FF412ABBDF86D206A4BA3F8E1
:107420008C20F1E79DF86C30022B7FF407AB052D23
:10743000EAD14FF6FF72BDF86D109142E4D0624B75
:10744000A3F89410A3F89620DEE75F4A9DF86C300D
:1074500092F898205D08B2EB530F7FF6EFAA6F0009
:107460003A4631465D481FF00AFB4FF4004327447B
:10747000A7F86630ADF84C300023594A57481292AD
:10748000DAB295421CD8202D14D8012D05D1B4F8BC
:107490006650B5F5004518BF0125504951486A00AE
:1074A0001FF0EDFA504B1D70AEE730F8132001319C
:1074B000B24206D14FF40043A4F86630FFF7BEBADB
:1074C00000213CAECAB206EB420232F8A86C32F997
:1074D000A82C002AE9DA0133D2E70023BDF86D4079
:1074E00042491A464FF07F6001EA044108F092FADF
:1074F000E30703D50021302008F0DAFA002378E70B
:107500003B4BBDF86D401B783BB94FF6F7739C427F
:1075100037D8204603F042FAF0E74FF6F672631EC2
:107520009BB293422DD8204603F034FD48BB204641
:1075300012A904F035F820B320460DF0FBFE0146F9
:10754000F8B90122204604F01FF9D0B9204607F00F
:107550008FFDB0B9204621F0FCF890B92046FCF729
:107560006DFB70B9204603F019FA40F60743132269
:1075700003202049FDF7E0F940F60740FCF776FECE
:10758000BCE703F0EDF9A042B8D0022331E79DF843
:107590006D30FF2B3FF438AF84F8843034E7BDF80A
:1075A0006E3001209DF86D1012AAADF84830FDF73D
:1075B0002CFE18909DF85C30002B3FF4DAAEFFF7FC
:1075C0003FBA00BFEC340020504600209E4400200B
:1075D000A61F00201FD1BACA64EE0100BE290020F8
:1075E00099008900E6280020E428002000007207A6
:1075F00017350020C28D03089DF86C30042B7FF4F2
:107600001DAA304613F048F8B94B232D1B7803F020
:107610000F030DD11BB1B74B1B689842B5D3471C64
:10762000B3D0030B1293B34BB34A18600423DAE6CA
:107630001BB1B24B1B689842A7D3451CA5D0030BC6
:107640001293AE4BAE4A18600423CCE69DF86D0051
:10765000C31E012B3FF6F2A904F0F5FA4EE7022310
:10766000FFF7EDB99DF86D20252A3FF6E7A9A5495A
:107670000A70FFF7E4B9980748BF4FF47F434FF013
:107680000202A14812A948BFADF83830F9F7D8FC7A
:107690004FF6FF73BDF848209A427FF47EAE022277
:1076A00099480EA916F0ACFFAEE63B2B40F0828065
:1076B000BDF86D20954B1A80A6E60120FDF796FADD
:1076C000002840F04C8507232380FEF716BFFCF707
:1076D000E5FD0628054615D10C2E3FF454A92820B7
:1076E000FCF7F2FD8A4C8B4D0222204617A9F9F7D0
:1076F000A7FC0134BDF85C00FCF7F6FDAC42F3D109
:10770000FEF7FBBE082804D10C2E7FF480A8FFF7FB
:107710003AB90B28F8D00C2E02D109283FF433A92E
:1077200000275822394618A817971EF0DBFB7A4C21
:107730002378AB4233D10C2E627815D01046FCF77B
:10774000C3FD6278606817A9F9F77AFC092D05D1A5
:10775000152200210DF1A2001EF0C4FB607817A9CC
:10776000FCF70FFEFEF7C9BE17A96068F9F768FCC1
:10777000FCF794FD94F8018040451BD1002317A924
:10778000DAB2424519D3404617A9FCF78FFD60686D
:10779000424617A916F034FF0020FCF7B8FD013768
:1077A0000B2F04F10804C3D10C2E7FF430A827203E
:1077B000FEF7E2BE2120FEF7DFBE11F8012B0133F8
:1077C000FF2ADDD03B20FEF7D7BE012117A8F7F72F
:1077D00027FB38B9FCF79BFDBDF85C00FCF784FD86
:1077E000FEF78BBE2120FCF792FD0020F6E7FCF7A8
:1077F00055FD0446FCF781FD0746FCF74FFD0646A4
:10780000FCF74CFD390405463FF5BDA8032E3FF6B5
:10781000BAA8012C3FF6B7A8404B24B232463946ED
:1078200053F8340003EBC408FEF7ACFD002D18BF7D
:107830003546A8F8047088F80650FEF7E8BFFCF754
:107840002DFD012826D8354B00B203EBC00653F8B6
:107850003000046964B1FDF75FFFB0F5803F14D3D9
:10786000B0F1807F4FEA102311D30324000C85B2BE
:10787000B679003E18BF01262846FCF735FD2046A4
:10788000FCF722FD3046FEF7DEBD0124EFE7184687
:107890000224ECE700242646EEE72A24204D35F8A2
:1078A000020B013CFCF720FD14F0FF04F7D1652E1C
:1078B0007EF423AE5422214619481EF013FBFEF736
:1078C0001CBEFCF71AFD054620F0ADFEA4F888505A
:1078D000A4F88600FEF711BEFCF7E0FC02F040FEC3
:1078E000FEF7B1BD0220FCF712FD0020FEF7ABBD94
:1078F000173500207039002063E51100743900202D
:1079000023E1110062450020603202E08C45002036
:10791000381002C04C1002C0889E0308EC460020BC
:1079200022350020BB4908201AE703F019F855E773
:10793000FCF7E3FCADF85C0017A804F029FEFEF7A5
:107940001BBEFBF7F7FD4FF6FF73984204D0FCF720
:10795000A5FC84F88A00C8E70120FEF774BD08235F
:1079600012AA8DF82E300DF12D03CDE901320393CB
:107970000DF12E030120A84900930DF12F0217AB42
:10798000FCF716FD46F665539DF82D1012989DF8EC
:107990002F60ADF8303012F02FFA044618B91920D4
:1079A000C0B2FEF750BDDFF86C820CADE6B103F05B
:1079B00007F84FF6FF770646ADF8387002F0D0FFB3
:1079C00002234FF44841CDE902537C203B46CDE9E8
:1079D000008604940EAA12F02DFC0146D0B10022BC
:1079E000104603F011F8DBE702F0EAFF074602F069
:1079F000B7FF02234CF66041CDE902537C203B46A1
:107A0000CDE90086049417AA12F014FC0146002860
:107A1000E5D1C4E70120C3E710200EA9FCF746FC1E
:107A200012A91020FCF742FC17A8F8F7DBF909238C
:107A30008DF85C30794B12A917A81B93FAF768F9F7
:107A400017A8FAF70BFB0EAA1146012015F069FBE7
:107A500010200EA984E6FBF76DFDFCF745FC042021
:107A6000FCF732FC1820FCF72FFC0F20FEF7EBBCD4
:107A7000A6F586731D2B00F2D382DFE813F05101C7
:107A8000A9015E017D01B401BC01CB01D3017500E8
:107A900087003A01D102D102D102D102D102D10232
:107AA000D102D102D102D102D102D102D102D1023E
:107AB000D102D102D102DE01F101A6F167030F2B41
:107AC00000F2AE82DFE813F07F0028004400AC0231
:107AD000FA00BE00AC02AC02AC02AC02AC02AC02DA
:107AE000AC02AC0270009F00B12E00F09980A82E6D
:107AF00000F01883A92E7EF4DDACFCF7FEFB0446F3
:107B000012A90820FCF7D2FB102017A9FCF7CEFB26
:107B1000204617AA12A994E2FCF7EFFB0DF15E01D3
:107B2000ADF85C001020FCF7C1FB0DF16E011020D8
:107B3000FCF7BCFBFCF7B2FB0DF17F018DF87E007A
:107B40000820FCF7B3FB17A808F044FEFEF714BDAD
:107B500017A808F0DFFCFCF7DAFBBDF85C00FCF7C7
:107B6000C3FB0DF15E01DEE617A8FCF7F1FB12A9DD
:107B700017A8F9F793FBFCF7CAFB102012A9FCF732
:107B800000FC17A8FCF77CFCFEF7B7BC17A8FCF7B5
:107B9000DFFB12A91020FCF789FB12A917A8FAF73E
:107BA000B7F8FCF7B4FBECE7082017A9FCF77EFB5D
:107BB000FCF774FB20B117A8FAF79BF8FEF743BC5B
:107BC0000220FEF740BCFCF798FB12A904460820EF
:107BD000FCF76CFB002317AD1A462946009312A848
:107BE00007F086FF00287EF4C7AC03232046CDE9CA
:107BF0000053084A042312A909F016F880F0010086
:107C0000C0B2FEF7B9BCFCF749FBF8F779FCFEF708
:107C1000B3BC00BFF71B0020989D0308004440043C
:107C20000446E0B20134F8F76BFC142CF9D1FEF7EE
:107C3000EEBD082017A9FCF739FB17A808F050FF84
:107C4000FEF79ABCFCF72AFB7F4A0546D2F83011B2
:107C5000D2F82C0112AB03C394F88B3013B1022578
:107C6000FEF7C9BF794B1B7803F00F03022BF6D147
:107C700002F076FE0028F2D017A808F04BFC08228C
:107C800012A90DF15E001EF0EAFEA0B1704B83F860
:107C9000AC5012F0E7F9054600287EF4ACAF0123A2
:107CA00041F288316B4884F88B3084F88C301FF0B7
:107CB00041FEFEF7A0BF2325FEF79DBF00252C4601
:107CC000654B1E88EBB2B342BEF417AC17A8F8F7A9
:107CD00089F8204612AB0EAA17A9FAF7ECFB28B9CF
:107CE000322118A807F0FCFB0135EBE70134E4B2C0
:107CF000FAE717A8F8F79AFDFCF709FB9DF85C0076
:107D0000FCF7E2FA9DF85D00FCF7DEFA9DF85E00F4
:107D1000FCF7DAFA9DF85F00FCF7D6FAFEF790BEA2
:107D200017A8FCF715FB12A917A8F9F7FBFEFCF73B
:107D3000EEFA12A8FCF7F4FA23E7FCF7AFFA0EAD5F
:107D4000044629460820FCF7B1FA12A91020FCF7D6
:107D5000ADFA17A8F8F746F895E8030004238DF864
:107D60005C3018AB83E8030012A917A88DF85D40BA
:107D7000F9F7CEFFFEF700BCFCF790FA044617A80F
:107D8000F8F730F804238DF85C309DF869300EA9BF
:107D900043F0010317A88DF85D408DF86930F9F7BD
:107DA0007DFA70B12D20FCF7B2FA17A8FCF768FB3A
:107DB00010200EA9FCF7E5FA12A8FCF7B1FAFEF7BD
:107DC0009CBB12A917A8F9F7ADFE0028EBD0E9E794
:107DD0000CA90820FCF76AFA12AB0EAA17A90CA886
:107DE000F9F756FFDFE717A8FCF7B2FA17A8FAF77A
:107DF000C1FAFEF7C1BB12A90820FCF757FA17A970
:107E00001020FCF753FA002217A912A8FAF71AFB60
:107E1000FEF7B2BBFCF742FA12AB0EAA17A9FAF7AB
:107E20004AFBC0E70CA90820FCF740FA12AB0EAAE7
:107E300017A90CA8FAF71DFBB5E7FCF780FA074B6A
:107E40001860FEF75ABB00BFB49D03081735002029
:107E500050460020801F0020CA390020C43900206D
:107E6000FCF71CFA8046FCF719FAD7F800A0814607
:107E70000AEB00033B60FCF711FA17A9064608203D
:107E8000FCF714FA0023ADF83830B8F1000F00F019
:107E90009380A9F10904E4B22146504611F0ACFFE9
:107EA0000746ADF84800002800F0B6800021FDF735
:107EB0002FF9820640F1B2800022042311464FF6CA
:107EC000FF7012F069F9ADF83800002800F0A280C8
:107ED000B8F1000F01D00534E4B204F1100189B209
:107EE0000EA8FDF7EAF80446002851D103463A46A9
:107EF0001021BDF838000096FDF7C8F9BDF83830FC
:107F000006F1100BB8F1000F099338461FFA8BF3F6
:107F100018BF052507931FF02DFC15FA8BF5801B64
:107F200080B2ADB233463A46294600900998FDF733
:107F3000ADF9B8F1000318BF01238DF830300CAB58
:107F4000019317ABCDE9034402940093102023461C
:107F50000EAA5FFA8BF107F0A9FE0446C0B9BDF87E
:107F60003800B8F1000F29D01FF004FCA0F1100573
:107F7000EDB2294612A8FDF7A0F8044640B9014623
:107F80001023BDF83820BDF848000095FDF77EF9B4
:107F9000BDF848504DB128461FF0ECFB00220346C7
:107FA00029465046009220F0A1FB2046FCF7AFF98D
:107FB00051464846FFF7D4BB4C466DE70799FDF79D
:107FC000A7F810F0200FBDF8380014BF4FF00D08CF
:107FD0004FF005081FF0CEFBC6F1F0052146BDF8B5
:107FE00038201023054400963846FDF74FF9079BCB
:107FF000A5EB0805EDB2434431463846BDF83820BC
:1080000000959BB2FDF742F9711989B212A8FDF7EC
:1080100054F8BDE71924BBE71924C6E70224C4E7D6
:10802000742E12D03FF663AD6F2E53D0732E7EF4B4
:1080300041AA102017A9FCF739F94FF6FF7017AACB
:1080400012A90DF0EFF9FEF797BA02F089FC0028AB
:108050007FF405AE434B1D6815F002057FF4FFADBC
:1080600017A8F8F7E3FB9DF85E309DF85F209B1A98
:10807000DBB2802B7FF6F3AD9DF85D30002B3FF433
:10808000EEAD02F06DFC2A4694F88D1003F07CFBF7
:10809000E0B9294608F0ECFA09238DF8483094F845
:1080A0008E30022112A88DF8493011F0A5FE02464B
:1080B00010B91925FEF79FBD012329464FF6FF7021
:1080C00008F046FC00287EF496ADF2E740F60C4539
:1080D000FEF791BD12A91020FCF7E8F8FCF72FF984
:1080E0001690FCF7DBF80446FCF7D8F83A6801462E
:1080F00013183B6012A894B107F0A2F8064617AD1A
:1081000012AC0FCC0FC5236830462B60FCF7FFF88C
:10811000102017A9FCF735F91B98FEF72DBA07F0C8
:1081200025F8EBE7FCF7E9F8044612A90820FCF76C
:10813000BDF817A90820FCF7B9F8204617AA12A91C
:108140000DF038F9FEF718BA1A88C2700968120AD9
:108150000A71FEF7E3B921221892FEF7FCBE3DB08A
:10816000BDE8F08FE834002013B50A4B044603EB5A
:10817000C0018A7953F830008988FEF703F90F238C
:10818000032101A8ADF804308DF8064014F0A2FFD9
:1081900002B010BDEC4600200020E5E70120E3E737
:1081A00070B55F4D2B889C0704D54FF43E715D4838
:1081B0001EF05CFD5C48FEF75FF8EFF3118430239E
:1081C00083F311882B8858070DD54FF0FF301DF031
:1081D0004BFF564B9B6DC01AB0F5717F03D9002140
:1081E00004201FF029FA84F31188BFF36F8F504BDE
:1081F0001A78042A37D1EFF31184302282F31188E0
:108200002988490708D5002147481FF093FB84F3CC
:108210001188BFF36F8F23E084F31188BFF36F8F52
:10822000EFF3118682F311882A88404C12F4806F94
:1082300017D1A26AB2F8012012F0200F0CBF05225C
:108240000622012102201A701FF0F6F9FDF7E8FF5F
:1082500086F31188BFF36F8FA36ADB7884F85530FB
:1082600070BD0522EDE7062A4FD13248827CFF2AF5
:10827000F6D12E4C94F82C20002A40D0EFF3118632
:10828000302282F311882B885B0706D500213C3011
:108290001FF050FB86F31188BBE786F31188BFF30C
:1082A0006F8F94F82C30013B84F82C30EFF311855C
:1082B00082F31188012102201FF0BEF9FDF7B0FF03
:1082C00085F31188BFF36F8FA56AB5F8013003F409
:1082D0004063B3F5006F0FD101210422284620F03E
:1082E000BAF9295A94F82C200420BDE87040C2F154
:1082F0000302D2B21EF0A0BE4FF6FF71F2E740209B
:108300001A70BDE87040FCF799BA012AA8D1002282
:108310001A70094B18681CF009FD3F20F1E700BFF7
:108320003E1D0020928903088C4600205829002019
:10833000401D002050460020441D0020F0B5694833
:1083400089B0FDF799FF684B1B78002B40F09280B5
:10835000664C2378D80774D594F850201AB123F0CE
:108360000303237086E0624E23F00103614F237004
:1083700096F88F30FD5C1DB13E215F481EF076FC03
:10838000FF2296F88F30FA54002386F88F30237836
:10839000990701D511F054FD4FF6FF70B4F868103D
:1083A000B4F85E208142ADF81E10B4F85C304FF690
:1083B000FD71ADF81C201DD08A424FF0000293BF22
:1083C00048F660014CF660014C4807A8CDE903224D
:1083D000CDE9012200900DF11E02042011F02AFFC8
:1083E000D0B9237843F00103237009B0BDE8F04011
:1083F00011F026BD8A424FF000028CBF3F4807A80B
:10840000CDE90322CDE901228CBF4CF6604148F64C
:1084100060413B4A0090E0E70023482284F8A33003
:1084200094F8A830A4F8A00002FB0343D3F89830D6
:1084300084F8A250C4F8A43009B0BDE8F04010F0B0
:108440002FBE94F84400B8B104F1A003251D95E8AF
:10845000030083E8030010F023FE94F8442028462C
:10846000D20004F10C011DF045FD94F84430013BAD
:1084700084F8443009B0F0BDA26C32B10123A0648D
:1084800084F850309047237869E79A0706D4184A51
:10849000184992F88F208A5CFF2A09D023F0020342
:1084A00043F00103237009B0BDE8F04012F0F6B8C4
:1084B00094F8A83073B1F6F793FC94F85030002B81
:1084C000D8D1FF2818BF84F8A80009B0BDE8F04053
:1084D00013F06FB9D4F88C30002BECD098470028FB
:1084E000C8D1E8E700470020401D0020101C0020F4
:1084F000582900203D1D00209D9D0308701C002070
:108500007A1C00202DE9F04F00254FF4802B9FB0FE
:10851000CDE90B55CDE90655DFF8B8A10D95CDF89D
:1085200028B00FAC0AAF08950FCFCDF814A00FC438
:108530000DF1140C14ACBCE80F000FC4544CDFF860
:10854000988104F190094D46524B534EC8F8D030F3
:10855000524B534FC8F8D430524B9022C8F8D83001
:10856000514B04F1A4000E960997C8F8DC301DF0B9
:10857000B9FC1396CDF83CB00DF13C0CBCE80F00F3
:108580000FC518972E60CDF850A004F1F40514AE75
:108590000FCE0FC520202F60012704F5A473C4E976
:1085A0003703C4F8D830C4F82C3108F1D0033F4E5B
:1085B000C4F8F0303E4B84F8307173603D4B84F862
:1085C000E47084F82871C6F80090B3603A4BF36009
:1085D0003A4B73613A4BB3613A4B3361EFF311831A
:1085E000302282F31188DFF8F4A09AF80050BDB170
:1085F00083F31188BFF36F8F9AF8003073B103A82B
:10860000EEF7B0FD50B9039B84F8A4309AF800301F
:10861000002B65D194F8A40016F042F910254CE126
:108620008AF8007083F31188BFF36F8F264B3946A9
:108630001D731D7783F82C5083F83C5083F84C5001
:1086400083F85C5083F86C5083F87C50F0F7C0FAE4
:1086500039462120F0F7BCFAFF221C4B08215F604D
:108660009D609D619A624FF000429D631D645A6552
:108670004FF0FF3203F500531A65154B2320C3F862
:108680008411F1F7B9FF2320F1F7CAFFB4E700BF67
:1086900058290020A168000824000A5091680008A9
:1086A0003C000A50B5680008DD9800082829002021
:1086B000E5A80008736B000855AB00087F68000848
:1086C0008568000839A700087011002000000450D8
:1086D00000E100E0020004005046002034130020B6
:1086E00003A8EEF73FFD002894D10127039B3946EC
:1086F00084F80831764B84F826017362754B76480E
:10870000F361764B84F83171336284F82571EEF7AA
:108710008BFB98F9E1502846EEF7D0FB2846F1F79D
:108720007FFF94F8A400EEF7AFFC00287FF476AF4B
:10873000CDF80490D4F8DC300093D4F8A030D4F80D
:10874000D820D4F8901094F8A40016F063F90546E8
:1087500000287FF463AF302294F8A4304FF48011E6
:10876000534342F2640203F1A04303F5802399507E
:1087700098F9E0603046EEF7A1FB3046F1F750FF84
:108780005748C4F8205116F0B7F85348F2F744F9A7
:1087900094F8A400EEF79AFC054600287FF43EAF5B
:1087A0004FF029084F4B5049504EC4E94F133A201F
:1087B0003946C4E94D68F0F70BFA3B46042205211F
:1087C0002846F1F74BF83B46022206212846F1F7EE
:1087D00045F839464046F0F7FBF940F6AA63DFF862
:1087E0002081DFF82091C8F80470736141F205031D
:1087F0003F4AB5604FF42070F565F3603561F5616F
:10880000F564C9F84820B56535657565C9F8047023
:10881000C8F80470F360F0F797FB4FF4E1124301DE
:1088200003F56123B3FBF2F3324A203B02EAC303B0
:1088300060220221C9F808204FF0040B1422C8F866
:108840000850DFF8C4A0F3612B4BB565CAF82018B7
:10885000C8F85CB07561C3F820284FF4A022C3F8B3
:1088600038284FF4C022C3F8302803230A4628468C
:10887000092184F844312B46F0F7F0FF4FF4102320
:108880005A46CAF8283808212B462846C8F85CB052
:10889000F0F7E4FF0223CAF820384FF40023CAF8A7
:1088A0002C384FF4A063A4F83C310523104AC9F8D2
:1088B0004820C8F804707561736101220F4B03A84A
:1088C000CDE9032312F000FF28461FB0BDE8F08F6A
:1088D00011710008296E0008E82900208B68000843
:1088E00028290020000900080005000600000A50A1
:1088F000FFFF0100F8FF7F0000C0035000C201C06D
:1089000000100A5000200A5000D00350F8B5184B50
:108910001C68D4F8A4309A6CD20727D5012603F539
:10892000005296649B699B0620D5EFF31187302394
:1089300083F3118894F8953003F0FF0593B9236E03
:10894000294620469B68984784F89560EFF3108687
:1089500072B628461FF0C8FD30461FF036FE0223CF
:1089600084F8A13087F31188BFF36F8FF8BD00BF83
:1089700028290020CAE700BF00232DE9804897B0CE
:108980000293F3F71BFADDF808A01FF051FEFA235B
:10899000B0FBF3F014258C4CB4F86A2194F86831DC
:1089A000A4F86A019B1A13FA80F39BB2B3FBF5F1AA
:1089B00005FB113384F8683194F86C31CAB29A42DD
:1089C0002EBF00239B1ADBB2032A84F86C318FBFC1
:1089D0000023D4F87031D200D340C4F870311FF0B6
:1089E00027FE7A4B1B78033B012B41D8EFF311860E
:1089F000302383F31188764F764D3B8813F4807FC4
:108A000040F09C8000201FF0D1FE734A92F87C3029
:108A1000FF2B19D092F87C3003F0FF00002B40F0C0
:108A20009880FF2382F87C302B78052B0CD185F8B9
:108A300000A086F31188BFF36F8FFBF7FFFEEFF303
:108A40001186302383F311882B78062B0CD1624AD0
:108A5000937CFF2B08D0937C022B40F08A8000216E
:108A600002F13C001EF066FFFF235B4A9374A5E011
:108A7000FA23B0FBF3F0B4F8745180B2451BADB2E9
:108A8000002DB3D000214FF6FF7794F87631A4F88B
:108A900074012B44C3F3C81003F07F0384F87631CC
:108AA0004E4B4F4A1E78CBB29E4219D800264FF645
:108AB000FF77DFF83081484B93F8E420F3B29A4215
:108AC00094D938F80A9CB94506D018F8043C9D4260
:108AD0001ED25B1B08F8043C013608F10A08EAE7DD
:108AE0001388BB4211D0137913F0030F0DD100EBA3
:108AF000931CBCF1020F28BF4FF0020C03F03F03A0
:108B00001FFA8CFC43EA8C13137108320131CAE757
:108B100001F026FF814528F80A7C08F8027C08D07D
:108B2000484606A90CF0F0FA18B19DF8180010F0AC
:108B30003DFA18F8030C10F039FACDE72B7813B989
:108B4000FBF720FE5EE700214FF480701EF074FDFD
:108B500058E7214A92F87C30012B4FF0FF030BBFFE
:108B60001D4A33204C2082F87C3008BF82F87C30CC
:108B70005DE7194A937C13B1937C012B3DD11EF024
:108B8000CDFD154B804603F13C0093F81290FDF7A4
:108B900073FBFF23104A5FFA89F99374B8F1000F51
:108BA00000F0F280B9F1010F1ED1642102F13C0006
:108BB00085F800901EF0BEFEFBF7B2FD86F311882B
:108BC000BFF36F8F19E000BF582900202035002027
:108BD0003E1D0020401D002050460020664500201C
:108BE00080380020DA2A002000232B7086F31188B9
:108BF000BFF36F8F3F20FBF721FE3B8819060CD592
:108C0000B94E002180201EF017FD30681DF0C3FE14
:108C1000C20702D530681DF0C1FEFCF78FF9A4F839
:108C2000C80110B32F78012F40F0CD801EF0BEFD9B
:108C30000646002800F0B080B0F8013003F440632D
:108C4000B3F5006F40F0A880042239461FF003FD01
:108C50004FF6FF73325A9A4240F09E80B4F8C80132
:108C600013F0D0F80023A4F8C831B4F8CA31F3B136
:108C70009E4812F083F80546C8B11EF097FD037AAE
:108C8000284684F843301EF091FD437A284684F844
:108C900042301EF08BFD837A284684F8CC311EF0DA
:108CA00085FDC3682846C4F8D03109F030FCB4F81B
:108CB000D43163B18E4812F061F8054638B10146EF
:108CC000042006F01CFD10B1284614F0D1FA03F080
:108CD000D3FAD4E97632134340F0FE808548FAF7A0
:108CE00090FB854B1B78043B022B14D8834BD3F8A5
:108CF000F83083B101F0D4FD10280CD11FF093FCA3
:108D0000B4F8EC31C01A80B2B0F5807F03D90021ED
:108D10007B481EF00FFEEFF31183302282F311889F
:108D2000012284F83120628FA4F83AA0ADF8162011
:108D3000744AD2F800B083F31188BFF36F8F0DF13E
:108D40001600FBF77BFF00256F4AEBB202EB8303B3
:108D5000D3F834310135002B40F0C3806B4BDFF882
:108D6000B0811F683E4600254FF00109B34500F26F
:108D7000D580002D40F0D480B9F1000FF2D0B94673
:108D80003E463B46624D33E185F8008086F311880C
:108D9000BFF36F8F40462EE75E48FDF76DFA002067
:108DA00085F800A010F03EF92B78DBB1B4F8C801CB
:108DB00013F028F82B78A4F8C8A1002B7FF455AF46
:108DC00011F06CFC51E727B113F01CF8A4F8C8A10E
:108DD0004BE7FBF7D7FCB4F8C80113F013F8A4F87D
:108DE000C87142E7FBF7CEFCE0E702EA050103EABF
:108DF000070001431BD022EA050223EA0703C4E966
:108E00007623D4E9782305EA020607EA030C56EA3A
:108E10000C066FEA05006FEA07011AD002400B400A
:108E20004046C4E978231FF023FAC30727D46D19FD
:108E30007F4109F10109314B5FFA89F893F8E53078
:108E400043457FF64BAFD4E9762352EA0301CCD1F8
:108E500044E740461FF00CFAC607E8D52E4BD3F87E
:108E60009C30002B36D11E4640460BF019FE2A4B93
:108E7000D3F88430002BDAD031469847D7E7D4F8BE
:108E8000E821254B32F81820D3F89C3002F4887280
:108E9000102A0BD083B91E460123102240460093AE
:108EA000002313F03BFC11F0F9FBDDE70126002B5A
:108EB000DAD0B346324602E000260122B3460392DE
:108EC000002140469847039A002ACDD0BBF1000FFD
:108ED000CAD1E1E70026ECE74FF0000901254F4633
:108EE000A9E7984730E700BF441D0020222B00204F
:108EF0002C2B0020001C0020203500205046002094
:108F0000384700207C150020B49D0308741500200C
:108F10000080FFFF8C460020101C0020002D44D054
:108F20004946013DEDB216AB03EB850353F8402CE7
:108F3000B2F90200538800283EDA13F480493BD18D
:108F400043F48043908853801EF008FCA0B1B0F930
:108F500002C04388BCF1000F0EDB0F2D88BF4946CD
:108F600043EA080343809FBF16AB03EB850301353B
:108F700043F8400C98BFEDB2D0881EF0EFFBD8B19B
:108F8000B0F902204388002A16DB43EA08030F2DBC
:108F90004FF000094380C3D816AB03EB85030135BE
:108FA000894643F8400CEDB2BAE73046FAF74AF981
:108FB000324649460646BBE78946D7E6B3F9022062
:108FC0001988002A01EA05010DDA002E3CD0F21BB7
:108FD0005210013292B21846FAF72CF9114306EBFF
:108FE000400603EB400918461980FAF72BF90346AF
:108FF0009B45E3D802230DF1160084F8313000259B
:10900000FBF71CFE7D4AEBB202EB8303D3F834314D
:109010000135DBB97A4B1D682A464A452ED2908825
:109020001EF09CFB18B10388C3F30E039380D08815
:109030001EF094FB18B10388C3F30E03D3801046CF
:10904000FAF700F90246E8E73246C4E79847D9E75D
:109050002846FAF7F7F880467DB1B5F902306988FD
:10906000002B0ADA2888C0F30E001EF077FB854239
:10907000034649D1C1F30D01698045464D45E7D30B
:109080003025604FEFF3118885F31188384611F0D1
:1090900075FE1EF063FB0146002840F08E80BDF88F
:1090A000163084F831006387574B1E6088F31188AF
:1090B000BFF36F8F5548FAF7A4F994F88A30002B64
:1090C00000F0B68094F8EE31002B40F0B180504BA8
:1090D0001A78504B1B789A4240F0AA804E4B4F4A68
:1090E0001B88128813434E4A128813439BB2002BED
:1090F00040F09E804B4B1B78002B40F099804A4BF0
:109100004A4A1A60EDF7BEFE1BD92846FAF792F8D4
:10911000C1F30D01420069801846294692B21CF045
:10912000E9FEAAE74046FAF78DF84746814503D99C
:10913000B0F90230002B01DA804603E0FAF782F83A
:10914000F4E72F46C84507D2B8F80000C0F30E0078
:109150001EF004FB8045E5D36FB33888C0F30E00E2
:109160001EF0FCFA034660B13846FAF763F87A88D5
:109170003946C2F30D027A80420092B218461CF0C2
:10918000B9FE2B46BB469F4204D8BD423FF475AFA3
:109190005F46E1E718460393FAF754F8039B9B46B2
:1091A000814503D9B0F90230002B01DA0346EAE722
:1091B000FAF748F8F4E7BB46EAE788F31188BFF30B
:1091C0006F8FCEB10E4B1B68A6EB03084FEA680801
:1091D00008F101081FFA88F80846FAF72BF84FEA59
:1091E00040094A4630461CF085FE41460DF1160006
:1091F0001FF0B6FA4E4445E7B046EDE7B49D0308CC
:1092000074150020922900207C1500208C2100205C
:10921000AF140020AE140020A41400204834002015
:10922000A6140020AA1400200000002002020FF063
:10923000B44EF1F7F1FF3388002B40F08380B4F88F
:109240008830002B6ED1B04FA4F888A0A6F800A0FB
:10925000AE4D95F8EE3113B93B70F1F7A3FF11F065
:10926000FFFD78B1006868B1D0F80C80B8F1000F4C
:1092700008D00122006806AB0DF11601C04720B1ED
:109280001B2859D018238DF8163095F8EE3197F831
:1092900000909DF816805BB985F8EF3185F8F031C4
:1092A00085F8F13185F8F2314FF6FF73A5F8F43106
:1092B000B8F17D0F00F0A2804FD8B8F1180F00F080
:1092C0009F80B8F11A0F00F0A78095F8F23185F869
:1092D000F2A188EA030895F8EF31DF2B9CBF013338
:1092E00085F8EF3195F8EFB1BBF1020F13D995F87E
:1092F000F131B5F8F41118460393F1F799FDBBF17C
:10930000DF0F9CBF039BABF1020BA5F8F4019CBFE0
:1093100087F800B0029395F8F03185F8F08185F870
:10932000F13122E01FF07FF9B4F88630C01AB4F8AA
:10933000883080B2834286D3308828B11EF036FA56
:10934000734B1860FDF750F894F85F0008B9FBF70D
:109350004DFC1FF071F9FFF718BBB8F17E0FB4D1C7
:1093600095F8EF3183B985F8F2314FF0010B3B7876
:1093700085F8EEB199453FF472AF022B54D8654B96
:10938000029A03F809206AE7FF2B09D185F8EEA1BC
:10939000F1F708FF7720F1F715FFF1F7D1FE57E756
:1093A00095F8F10195F8F021B5F8F41102EB0022DF
:1093B000914285F8EEA12BD1022B03D8F1F7F2FEF2
:1093C0007920E8E7DF2B1FD8DFF84881524D98F865
:1093D0000010C02959D1B9F1010F40F0C780F2F750
:1093E000BDF8F2F7BBF840F20160F1F730FDF1F79C
:1093F000D9FE2B785A063FF529AFB4E02023B2E717
:10940000FF2385F8EF31B0E7F1F7CCFE7A20C2E711
:10941000F1F7C8FE7620BEE785F8EEA1F1F7C2FEAF
:109420007420F1F7CFFE13E7032BDFF8048115D189
:109430003A4B1A7892B13A4A59461288404683F814
:1094400000A0A8F80020FBF738FECDF800B05B467E
:109450000022B8F8001033481FF048F9304BB8F834
:1094600000001B8898427FF4FAAE1EF083F95FFA81
:1094700080F808F101012A48FBF71FFE284B4146FE
:10948000029A1888FBF7DFFEE9E6080611D4B9F165
:10949000030F6BD92878420604D5234B1B78B3EB16
:1094A000111F04D0F1F77EFE287843065BD5012515
:1094B0000FE001F0E003802B3ED1B9F1010F55D14F
:1094C0007D20F1F79BFEF1F76DFE287843064AD523
:1094D0000225DFF860C0154A98F800309CF80010AB
:1094E000127803F0070BABEB010E521A0EF0070EC9
:1094F00002F0070296453BD97820F1F763FEF1F7B9
:109500001FFEA3E61A350020A214002058290020CF
:109510001C35002098140020941400209E14002074
:109520009C14002099140020AE14002096140020F2
:10953000A014002095140020A02B0CD1B9F1010F2C
:1095400014D17F20F1F75AFEF1F72CFE287841065E
:1095500009D50325BDE77B20F1F734FEF1F722FEA4
:109560002B785906CBD420232B706FE67C20F3E7B1
:10957000A5F102098B451FFA89F939D04D4A10F03F
:1095800002008CF800B082F800A017D04A4AA2F876
:1095900000A04A4A12785A4508D1B9F1010F2AD8D9
:1095A000190739D4464B83F800A01BE0F1F75EFCA5
:1095B000B9F1010F1FD898F80030F1E7F1F764FC1A
:1095C000404B1B785B4501D0F1F750FCF1F7CAFD29
:1095D000B9F1010F0FD83C4B1B7813F008031BD1D6
:1095E000374A1370032D7FF431AEF1F791FD2DE66C
:1095F000B9F1010FF1D9354998F800200B78C2F381
:109600000210984248D1324D288800BBF1F798FDEE
:109610002620F1F7D7FD8FE61FF005F84FF07E63A7
:109620004FF6FF72B3F85430934208BF4FF47A7389
:10963000034413F47F6FC3F3071208BFFF22204BCC
:10964000032D1A70D1D0012D7FF400AED3E7013382
:1096500003F007030B704FF07E6312F0080F1D4AF2
:109660001EBF177847F008071770177827F005070F
:109670001770B3F840300BB1F1F782FF2B8802224C
:10968000019398F800303D20009313498523FBF7A0
:1096900053F92B8833804FE60E4912070B7803D518
:1096A00043F008030B70D1E5DB073FF528AF7520C9
:1096B00023E700BFA8140020901400209714002076
:1096C000B21400209614002098140020AE1400203C
:1096D000A014002094140020659D03087047704773
:1096E00070477047042210B5002104461EF0B3FFF6
:1096F000A288235A13404FF6FF72934216D1238853
:1097000013F001030BD00622002120461EF0A3FF18
:10971000074B225A1B88934214BF02230623054A93
:109720001278134214BF0120002010BD0023F6E779
:10973000DC460020B9290020034B1A78022A04BF16
:1097400009221A70704700BF4F3600200D4B10B52C
:109750001A680AB90C4B1A6813050FD40C231B2B7B
:1097600001D1002009E022FA03F4E40703F101012A
:1097700006D5DBB2C31A5842584110BD0B23F9E796
:109780000B46ECE7043A0020143A00200120704711
:10979000084B1868084BC2B21B789A4208D2074B94
:1097A000C0F307201B78984234BF00200120704787
:1097B00001207047C82A00205E4700204E2B002061
:1097C000074B1B88DB070AD50022064B43F82020F5
:1097D000184490F8843063F00F0380F884307047A9
:1097E000A61F0020582B002007B50D4BB3F8A6008C
:1097F00093F8A810D3F8AC301BB103B05DF804EBBC
:109800001847D223ADF802008DF8041068460521F0
:10981000ADF8003013F05EFC03B05DF804FB00BF50
:10982000582B002007B511460B4AD2F8B0201AB1C8
:1098300003B05DF804EB10478DF8071004214822AF
:109840008DF806000DEB0100ADF8042013F042FC8A
:1098500003B05DF804FB00BF582B002008B5FCF7EF
:109860000BFD0022014B1A7008BD00BF9529002096
:10987000F8B50E4E054696F8B430012B14D10024ED
:109880004FF6FF77B6F8B6001DF090FF2B88025B0D
:109890009A4204D1B6F8B6001DF088FF075302348F
:1098A000202CEFD10120F8BD0020FCE7582B002030
:1098B0002DE9F047194D804695F8B4301646012B36
:1098C00029D100246FF07F092746B5F8B6001DF0B6
:1098D0006DFF00EB440090F901304FEA440A4B451C
:1098E00007DDB5F8B6001DF061FF504490F9019016
:1098F000E7B20134102CE8D14E450CDAB5F8B600C9
:109900001DF054FF00F81780B5F8B6001DF04EFFAB
:109910007C0020444670BDE8F08700BF582B002033
:1099200030B5104C93B0A4F8680004F16A05A1B9F1
:10993000C4F86A106960482268460B491DF09FF818
:10994000D4F86A306946CDF812306B680020CDF843
:10995000163011F08BFF13B030BD082228461CF0E2
:10996000C9FAE8E7101C0020681C0020F7B51A4C63
:109970001A4F2046FCF780FC208C1EF009FF25467C
:109980000023ADF8060025F8203FBDF806304BB99E
:10999000238CFBB14FF47A710F4803B0BDE8F0405F
:1099A0001DF0C8BF0DF1060011F0E8F906461DF0E4
:1099B000FDFE438AB3F57A7F07D9A3F57A73438214
:1099C000314628461EF0CCFEDFE743895B07DCD535
:1099D0003B88F4E703B0F0BDA4470020D846002040
:1099E0000148FBF72BB900BFC44700200148FBF733
:1099F00025B900BF0E2C002070B50025094CA4F13C
:109A0000B80696F8B83196F8B911EAB20B449A4202
:109A100005F1010500DB70BD2046FBF70FF910349E
:109A2000EFE700BF102C002010B50A480A4CFBF7E6
:109A300005F90A48FBF702F904F5DD70FBF7FEF8BB
:109A400004F5DE70FBF7FAF804F5DF70BDE81040AE
:109A5000FBF7F4B8222B0020582B00202C2B0020E1
:109A6000104612F0A5BE38B505461DF09FFE04460F
:109A700028461DF07FFEC0B208382044C178034B51
:109A800082781970024B01201A7038BD9B29002082
:109A90009A2900202DE9F84F0C46054690460BF018
:109AA00077FD0428B4F8013061D128461DF07EFE10
:109AB00021782046013989B210F09EF928460BF032
:109AC0005DFD020404D404EB08077B789B0707D4F0
:109AD00001252046217810F08FF92846BDE8F88F3F
:109AE00021782846A1EB0801CEB20CF030FA721EA4
:109AF000A0F110055FFA85F8D2B257FA85F529462C
:109B0000A2EB080205F10E001CF0F4F92823DFF89F
:109B10007CA007F808309AF80030DFF874906B7377
:109B2000D9F8003005F1010BC3F30B0313B9154845
:109B300014F0F8FED9F800205946531C0120C9F84A
:109B40000030F6F797F908220F49681D1CF0D2F98A
:109B50009AF8000006F01AFE06F10D01424638465A
:109B6000C9B20FF059F9237812332370B0E783F0AC
:109B7000800523F080039BB263701B0AC5F3C015F8
:109B8000A370A6E763E51100F71B0020E62900207B
:109B9000703900202DE9F041154F002597F8A840B5
:109BA0004FF6FD781F2C91BF0024C4F341141C34E0
:109BB000E406202D0DD1012097F8A830032103F0F1
:109BC0001F03984020430B4B0B4ABDE8F04112F0B5
:109BD00075BFF1F783FA431E9BB243450646F8D89A
:109BE000B7F8B6001DF0E2FD46530235E1E700BFCD
:109BF000582B0020FD9B01087198010870B5164C88
:109C000094F8B430012B20D100254FF6FF76B4F83C
:109C1000B6001DF0CBFD435BB34217D0B4F8B600DD
:109C20001DF0C4FD435B8BB1B4F8B6001DF0BEFD62
:109C3000435B0121A4F8A630084A094BD4F8C001BF
:109C400012F03CFF0023C4F8C43170BD0235202D52
:109C5000DDD1BDE870409DE7582B002051FD000884
:109C6000E9970108F8B52B4D0226B5F8B6001DF0AE
:109C70009DFD90F90140B5F8B6001DF097FD304408
:109C800090F90130A34206DAB5F8B6001DF08EFD5A
:109C9000304490F901400236202EECD10027662C8A
:109CA000DABF193466B27F263C46B5F8B6001DF01F
:109CB0007DFD384490F901300237B342BCBF013416
:109CC000E4B2202FF1D114B985F8B440F8BDF1F712
:109CD00005FAB0FBF4F3002703FB1400C4B2B5F897
:109CE000B6001DF063FD384490F90130B3420CDA40
:109CF0004CB9B5F8B6001DF059FDC35D85F8A83024
:109D0000BDE8F84046E7013CE4B20237202FE6D137
:109D1000F6E700BF582B00202DE9F0410E880546DC
:109D20000C468CB0002E33D101224FF6FF77254B25
:109D300011461B6808A800933346ADF81C700EF05E
:109D40008DFD0EF07BFD80460EF020FE1021CDE94A
:109D500000800E221C4B08A8FBF7C0FC102108A8AD
:109D600010F04AF818B902200CB0BDE8F081CDE936
:109D70000360164B0296B3F85C20603301920093A7
:109D80004CF601013B46FF2007AA10F053FA208051
:109D90002846FFF7DBFC0E4B78B193F8244064B102
:109DA000013CE4B2284683F82440FFF7CFFC30B1F1
:109DB000B4FA84F46409E0B2D6E70524F2E701249A
:109DC000F9E700BF0C3A0020E8A00308101C0020AF
:109DD000A44700200B8810B50C4613B90EF0F2FF13
:109DE0002080012010BD0C22014B1A700EF084BCA3
:109DF0004F3600200C22034B1A70034BA3F8C80106
:109E00000AF0B4BA4F360020582B002070B5234812
:109E1000FCF732FA224B1B78033B012B31D8214A45
:109E200092F8CA318BBB92F8CE3113B1013B82F864
:109E3000CE314FF47A51BDE8704018481DF07ABD1C
:109E400023798F2B4FEA13120AD8013203F00F0344
:109E500043EA0213062ADBB209D8032A07D023718A
:109E6000123401353278EBB29A42E9D8D7E723F0C1
:109E7000070300224FF6FF710F2023711DF0DCF85D
:109E8000EEE70025084C094EECE7013BDBB282F817
:109E9000CA31002BC7D1A2F8CC31C4E7CC4700208F
:109EA00020350020582B00204E3700204C37002052
:109EB0002DE9F0478EB0ADF80E0018B97621AC4808
:109EC0001CF0D4FEBDF80E000BF062FB0446BDF89A
:109ED0000E000BF05DFB082800F0D4800C2CBDF8C0
:109EE0000E0040F0CF801DF061FC0DF11702078AD3
:109EF000064600F1100406A9BDF80E000FF0BEF9E9
:109F0000022845D00922002120461EF0A4FB9DF81E
:109F100017301033C518BDF80E001DF02BFCEDB244
:109F2000854235D22946BDF80E00FBF7F1F817F44B
:109F3000406307F44C4412D04FF6FF72B6F813108A
:109F4000914208BF44F04004B3F5006F07D14FF6CB
:109F5000FF73B6F815209A4208BF44F010049DF82C
:109F6000173013B1072813D18CE008280DD878B129
:109F7000013807280CD8DFE810F0E700ED000B00EF
:109F80000E000B00F3008500F6007C2800F0E58051
:109F90000EB0BDE8F08724F48844A4B2B4F5084FAD
:109FA000F6D1BDF80E000BF0EEFABDF80E502846C3
:109FB0000BF0E4FA00F4805728460BF007FE044645
:109FC00028460BF0A3FDB0F5404F1DD197B12146B7
:109FD00000200EF0B9FF044660B11DF0E7FB00223F
:109FE000054621461046634B009210F073FB08B9FA
:109FF0000123EB72BDF80E000BF098FD0022014624
:10A0000002201DF019F8C3E7B4F8008040461EF0A6
:10A01000D7F8FF2806465FD00125A0F12004C0F143
:10A020002003554925FA03F305FA04F41C4385403F
:10A03000D1E900232A432343C1E900231EF0DAF8C3
:10A04000814648B130461EF013F910F00C0F14BFD2
:10A050004FF001094FF00009002FCBD000278DF8F9
:10A06000188006A94FEA182801208DF819800EF0F3
:10A070006BFF80461DF09AFB8246B8F1000F3FD17E
:10A08000002F59D0BDF80E000BF078FA0446BDF849
:10A090000E000BF07DFA082818D0A30616D5BDF8DF
:10A0A0000E001DF083FB24F020040480BDF80E0098
:10A0B0001DF07CFB0021092210301EF0CCFA00F1CB
:10A0C000100189B20DF10E00FAF7F7FFBDF80E107E
:10A0D0002A481EF045FB5BE7294B1B684BB1404605
:10A0E0009847814628B1002F84D000273D463C4642
:10A0F000B5E7002FC6D001270025B9462C46AEE7AC
:10A10000B9F1000F0DD0002241461046194B0092C4
:10A1100010F0E0FA00287FF46DAF01238AF80B30CD
:10A1200068E7FF2E3FF466AF164BD3E900122943D0
:10A130002243C3E900125DE7FF2E3FF45BAFB9F1A4
:10A14000000F7FF457AFEFE724F48064A4B2B4F5B6
:10A15000484F08E7B4F54C4F05E7B4F54C4F91D0A4
:10A160004CF6500301E04CF640439C42FBE600BF36
:10A17000489F0308D3550208302B0020222B0020D3
:10A1800074210020382B00202DE9F84307461EF0EB
:10A190004FFA1A4BDFF870809B6D43B3D8F8D0416B
:10A1A0003C1B0444A4B2002298F8B931144D98F82D
:10A1B000B86105EB03155FFA82F9B14509D2AB88A6
:10A1C00005F11000A34216D9B21A294612011BF05C
:10A1D00091FE013688F8B861AC80B9F1000F03D167
:10A1E000394608481DF0A6FB2846BDE8F8833C46E2
:10A1F000C8F8D001D7E705460132DCE7A4470020C4
:10A20000102C0020EC470020582B00202DE9F843AB
:10A2100000271EF00DFA224CB94694F8B88186B298
:10A220004246054694F8B911B4F8D00104F1B803D8
:10A23000A6EB000E03EB01131FFA8EFE03EB081CC6
:10A24000801B9C4518D10FB184F8B911424503D247
:10A2500084F8B82110F022FA94F8B831F3B194F8E8
:10A26000B931C4F8D05104EB0314B4F8BC100D4854
:10A27000BDE8F8431DF05EBB9E8876450BD80127EC
:10A280009E780131013E013AA3F804909E70C9B254
:10A29000D2B21033D5E706449E80FAE7BDE8F883D2
:10A2A000582B0020EC47002008B50B48FBF7E4FFD3
:10A2B0000A4B1B7803F00F03022B0CD1084B03222F
:10A2C000B3F8681001200EF0FBF8BDE8084005491E
:10A2D00001481DF02FBB08BD0C4800201735002099
:10A2E000101C0020E09304002DE9F043204C0546AB
:10A2F000B4F8D43189B0ABB300214FF480700AF0C8
:10A3000007FD94F8D631DB0729D50121B4F8D40133
:10A310001DF06AFA0746B4F8D4011DF047FA05A902
:10A32000B0F81280B4F8D4010BF033FF94F8D631B2
:10A33000384613F0020F18BF0025B4F8D8911DF06D
:10A3400019FA064638461DF031FAF6B20290424636
:10A3500006212846CDE9009605ABFAF783FD0023D8
:10A36000A4F8D431034809B0BDE8F043FBF784BF3B
:10A37000582B00202C48002040F62740B4E72DE958
:10A38000F041354C0E46B4F8DA711546CFB310469D
:10A390000BF00FF9B0F5006F33D128460BF074F9CC
:10A3A00080461DF00DFFFF282BD02EB12B4A32F82E
:10A3B00010303B4322F81030B7F5007F40D0B7F59E
:10A3C000806F3DD0B7F5807F1BD1B4F8D431AB425C
:10A3D00025D14FF6FF71884513D028460BF067F959
:10A3E0001F4B1E4A18780023D9B288420BD830463A
:10A3F000FFF77AFF0023A4F8DC3184F8DE31A4F8FB
:10A40000DA31BDE8F08132F8021B0133C905EBD522
:10A41000022000210AF0BCFB0028E8D1EAE7B4F8EA
:10A42000DC31AB42EDD14FF6FF718845E9D02DB15B
:10A4300028460BF03CF90023A4F8DC310023DCE7CC
:10A4400000233146284684F8DE31A4F8DA31BDE82D
:10A45000F04112F0ADB900BF582B0020A434002009
:10A4600060470020F0B59C461A4B054608461988FF
:10A47000164685B011B1184B1C78C4B1014662462E
:10A480003046B5B105B0BDE8F040F6F7D9BD1C4483
:10A49000E4B208373B79002BF0D03A689642F6D107
:10A4A00085F00105224600951EF020F910E00B4FC3
:10A4B000F0E714F0A5F80A4B1B78022B08D10D2306
:10A4C000042103A8ADF80C30ADF80E6012F002FEC6
:10A4D00005B0F0BD8A290020E0460020CC9D03088D
:10A4E00017350020014610230120014ABAE700BFBA
:10A4F00064EE01002DE9F047074600254FF0010A00
:10A50000154EDFF858808AB0347914B90AB0BDE826
:10A51000F087D6F8009087B900972A46B8F800105F
:10A52000234603A81EF0E2F82246484603A914F089
:10A5300067F82544EDB20836E6E7224603A9484607
:10A54000F6F77EFDCDF800A023462A46B8F80010A5
:10A5500003A81EF0CBF8ECE7CC9D03088A29002065
:10A56000142803460ED808280ED00E280CD0074A0F
:10A5700052F8200048B10A2B007806D1044B1B7812
:10A5800018437047FF20704700207047749F0308EE
:10A5900066460020264B022870B5264D264C1870C2
:10A5A00002D00438012828D82B78042B0BD00021A6
:10A5B00022481DF0BFF92B78033B012B03D9002162
:10A5C0001F481DF0B7F91F4B1B6813F0005207D14D
:10A5D0002378062B02D122700AF09EF9152006E09E
:10A5E00013F0805F40F6114018BF4FF441602378AC
:10A5F000E3B9BDE87040F9F739BE134E06F1280003
:10A60000FBF73AFE0E48FBF737FE104A137823F0AB
:10A61000030313702B78033B012B04D8802386F8A7
:10A62000A8301620E3E70AF001FDFAE770BD00BF8D
:10A630001735002020350020F6390020CC470020B7
:10A64000C01E0020E8340020A4470020101C002079
:10A650000F4BD3F8E031ABB90E4A10880E4A12887E
:10A6600010430E4A1288104380B258B90C4B1B7825
:10A67000042B0BD00B4B1A6842B95868012803D041
:10A68000FBF74AB8002070474FF0FF30704700BF1B
:10A69000582B0020222B0020922900202C2B002058
:10A6A000F6390020001C00200144884201D101201D
:10A6B000704710F8013B9342F7D00020704730B547
:10A6C000144B0446B3F8E43185B0DB0707D44FF6EA
:10A6D000FF700021FFF724F9002005B030BD0A23E8
:10A6E00001200D4A01A9FFF7BDFE4FF6FF73BDF82B
:10A6F0000C509D42EBD00822FF2101A8FFF7D4FFA8
:10A700000028E4D11CB1284601A9FFF709F901206E
:10A71000E3E700BF582B002026E101002DE9FF41AF
:10A720000024184E184FDFF874803278E3B29A4252
:10A7300002D804B0BDE8F0814FF6FF73B7F8685057
:10A740009D4205D1002208211048FFF7ADFFB0B9A6
:10A75000B8F8E431DB0712D50C4A01AB1068516838
:10A76000ADF80C500A4A03C30A23002001A9FFF7E1
:10A7700079FE02230020074A0749FFF773FE0134E0
:10A78000D3E700BF9D440020101C00207A1C00204D
:10A7900026E1010027E10100A81F0020582B00201E
:10A7A000054B1878012805D000F0FD00A0F1310319
:10A7B00058425841704700BF1735002030B593B05C
:10A7C000054610F015F8044650B907494822684676
:10A7D0001CF055F9694620468DF8025011F046F8F4
:10A7E000204613B030BD00BF681C0020014B93F918
:10A7F0005A007047101C0020014B93F85800704716
:10A80000101C00201FB50146002201A81DF056FCB7
:10A8100001A81DF097FD20B11CF0C8FF4089C0F3CE
:10A82000400005B05DF804FB30B585B00D46002250
:10A83000014601A81DF042FC01A81DF083FD50B1A6
:10A840001CF0B4FF04460146082228461BF052FBC8
:10A850006089C0F3400005B030BD30B589B0024614
:10A860004FF6FF7168461DF029FC68461DF06AFD31
:10A8700018B94FF6FF7009B030BD1CF097FF0346C2
:10A8800003AA00F11005144618685968083303C478
:10A89000AB422246F7D118682060BDF81400EAE701
:10A8A00038B510F050FA002846D0254B93F8B9215E
:10A8B00093F8B831DA4214BF01240024214B24B2AA
:10A8C00018681BF043FF013818BF01201E4B1F4AB8
:10A8D0001B881288800013439BB2002B2ED11C4B87
:10A8E0001A88003A18BF012252001A49D1F8BC3028
:10A8F0001D1E194B18BF01251B69003B18BF012302
:10A900001B0143EA4513154D2D69003D18BF012574
:10A9100043EA8513D1F8DC50D1F8FC10003D18BF94
:10A920000125003918BF012143EA452343EAC12329
:10A930001C432043104338BD0124BFE70222D4E763
:10A94000582B0020441D0020222B0020922900209B
:10A950002C2B0020A44700203847002090450020E1
:10A96000014BB3F85E007047101C002013B50AF0CD
:10A9700097F8694604460AF0CDF858B1FFF7F0FFA2
:10A9800040B1054B1B782BB10023022269462046BB
:10A9900011F0E8FE02B010BDA21F002010B5044661
:10A9A00092B04822684605491CF069F869460020C3
:10A9B000ADF8064010F05AFF12B010BD681C002020
:10A9C000014BB3F85C007047101C002010B5044622
:10A9D00092B04822684605491CF051F869460020AB
:10A9E000ADF8044010F042FF12B010BD681C00200A
:10A9F000082208B503491CF032F8B0FA80F040098B
:10AA000008BD00BFF71B002007B512B1022A18BF0E
:10AA1000012200230093034B0FF05CFE03B05DF8AE
:10AA200004FB00BF619A01082DE9F04FA7B0FBF7C6
:10AA300023FC954B1B78022B20D1944C2378DA1EF3
:10AA4000012A1BD9DFF8549299F8E621002A00F078
:10AA5000AE808F4A06ABD2F85E00D2F8621092F850
:10AA6000662003C3002109201A701CF0F9FE8046FD
:10AA700038B90EF011FA002389F8E63127B0BDE8A5
:10AA8000F08F1CF093FE034606AA03CA18605960B3
:10AA900012781A720EF000FA07460028EBD040F642
:10AAA000FF7344F6FF752278012A18BF1D4699F8F6
:10AAB000E7310BB145F400450026DFF8DCB1404634
:10AAC000BBF85E30BBF85CA00193ADF818601CF0D9
:10AAD00051FE029038461CF04DFE31460446304689
:10AAE0000FF086FBADF818000028C4D0029BE4B23A
:10AAF000DAB2029254FA83F2163233463146D2B2B7
:10AB000006A8FAF72BFA06460028B4D1BDF81800BB
:10AB10001CF04CFEE222034680F813A04FEA1A2AEA
:10AB2000427480F814A008220BF1600106741530FD
:10AB300003931BF0DFF9039B404603F11D0A1CF051
:10AB400035FE029A014650461BF099FF029B38469B
:10AB50009A441CF02BFE2246014650461BF08FFF04
:10AB6000FF230AF80430019B0AEB0407BB701B0AA1
:10AB7000FB7041232D0A3B7146487D707E710BF0BE
:10AB8000F7FC4FF47843B871A7F80730BDF81840C8
:10AB9000002C3FF470AF20461CF008FE20461CF04D
:10ABA00005FE012221463046FFF72EFF63E744F6FB
:10ABB000FF7540F6FF72012B18BF154699F8E73173
:10ABC0000BB145F400450EF067F906464FF6FE70EE
:10ABD000314BB3F85E20B3F85C1082424FEA11208B
:10ABE00042D14FF4404260338DF81B108DF81C00A9
:10ABF000ADF8182003CB0DF12504CDF81D00CDF8DC
:10AC000021100021FF232D0A084623706570A170D2
:10AC1000E170ADF816100FF0EBFAADF81600002851
:10AC20003FF429AF043406A9621A012392B20DF150
:10AC30001600FAF793F9044600287FF41CAF324659
:10AC40000121BDF816001CF0E3FDBDF81650002DE3
:10AC50003FF411AF28461CF0A9FD28461CF0A6FDC4
:10AC60000122294620469FE74FF400438DF81D201E
:10AC7000120AADF818308DF81B108DF81C008DF8F5
:10AC80001E200DF11F04BCE71735002020350020E1
:10AC9000749F0308402D0020101C0020582B00201A
:10ACA0002DE9F047454B074693F800901588B9F118
:10ACB000000F06D1424B1B681BB9424B1868002895
:10ACC00079D015F4406805F0400316D163BBB5F5A3
:10ACD000804F51D24FF48074402F64D0802F55D0D4
:10ACE000102F5ED10023384AD8B2814559D932F8A5
:10ACF000020B0133A042F7D15BE04FF6FF70B2F8D0
:10AD000003400526844214BF012402247BB105F4CC
:10AD10004043B3F5004F44F0080420D0B5F5804F10
:10AD20001FD244F480741CE044460326EFE7B5F5D7
:10AD3000804FF6D3B8F5406F14BF02230823334485
:10AD400032F803A0FFF73CFE05F4404550450CBF28
:10AD500044F0080444F00404B5F5004F01D144F078
:10AD60008004B8F5006F0BD1FFF7FAFD925B9042BB
:10AD7000B2D144F01004AFE7444603260223DEE7D5
:10AD8000B8F5406F08BF44F02004A5E70C4B1868E5
:10AD900088B10023DAB230F8125030F91220002ABC
:10ADA00003DA002007E0074BF1E7A54203F10103B6
:10ADB000F0D101200C80BDE8F08700BFE42800201E
:10ADC000702100206C210020E62800202DE9F743A7
:10ADD00006460F4690461DF069FA044618B1012058
:10ADE00003B0BDE8F083014620201CF039FD194D69
:10ADF000A5F8B6000028F2D00123C5F8AC80A14622
:10AE00004FF07F0885F8B430B5F8B6001CF0CEFCE2
:10AE100000F80490B5F8B6001CF0C8FC20440234D9
:10AE2000202C80F80180EFD1C5F8C0611DF03EFAFA
:10AE300068B9094B3A46C5F8F031084B3146C5F8B8
:10AE4000F4310123009303230AF0D3FEC8E74D2019
:10AE5000C6E700BF582B0020B1980108659C010887
:10AE60002DE9F041074600250A4B0B4E93F8008070
:10AE7000ECB2A04503D8FF242046BDE8F0810822AB
:10AE80003846B11D1BF0EBFD01350028F4D0123619
:10AE9000EEE700BF4C3700204E370020F0B54FF6EC
:10AEA000FF77354B05461B780C46033B012B87B0DB
:10AEB0000F800DD80822284630491BF0D0FDE8B994
:10AEC000FFF74EFD4FF6FF739842208048D013E005
:10AED00009F0FEFDB842064620800DD12846FFF756
:10AEE000BFFFFF28E6D0264A03B203EBC30332F8C4
:10AEF0001330B3422380DDD0002032E00822284600
:10AF000020491BF0ACFD18B91F4BB3F86800D9E716
:10AF10000023012229464FF6FF70009306F0BEFC85
:10AF2000FF2806D04FF6FB72184B33F810309342CF
:10AF30001ED903A805F0EEFA50B9BDF80C305B0637
:10AF400006D5082229460DF10E001BF088FD88B1B8
:10AF500029460F4806F03CFD28B94FF6FF732380C1
:10AF60002D2007B0F0BD4FF6FB7203889342F4D852
:10AF70002380C1E72080BFE720350020F71B002099
:10AF80004E3700207A1C0020101C00204C3400207A
:10AF9000A01D002007B50DF107011DF073F830B1B9
:10AFA0009DF80730034803EBC30300EB430003B0F5
:10AFB0005DF804FB4E3700202DE9F04FDFF8988153
:10AFC000DFF8989198F8002099F8003005469A42E9
:10AFD00085B004D340F2191155481BF047FE2846AE
:10AFE0000DF10E011DF04EF820B14FF48E71504856
:10AFF0001BF03CFE98F800709DF80E403E1B16F0CA
:10B00000FF0630D04FF0FF3C4A4B01211B78A14096
:10B01000184699F800304FF6FF790CFA03FC00232C
:10B02000454A01F1FF3E0193C1F1000A9DF8043049
:10B03000984261D8122004FB0000404BA0F112019D
:10B0400006EBC6025200194404F1010918441AF033
:10B0500051FF4FEA89093A48A9F104010144B200BD
:10B0600048441AF047FF354904EBC40201EB4203A0
:10B0700021F81250334A102612785E71DA731A746E
:10B080005A7412025A80304A013712784FF6FF7113
:10B090001A7100229A73C3F80620C3F80A20284BBD
:10B0A0000D2043F8242088F800701BF0C5FFFDB97F
:10B0B000264B1B78E3B1264B1B78033B012B17D99A
:10B0C00028460DF10F010AF01FF8024638B3214B54
:10B0D0001978037913F0300F0AD149B1012903F02F
:10B0E000CF0303D0881E414241414E0133431371C7
:10B0F000204605B0BDE8F08F13884B450AD0536851
:10B100000AEA030B03EA0E030B4403EB4B0343EA87
:10B110000C035360019B08320133019386E7FFF76C
:10B1200039FF0028E4D028460EF07AFFE0E700BFA0
:10B130005B9F03085E470020502D00204E37002003
:10B14000883600209B29002013390020A21F0020F0
:10B1500020350020D24600204C37002064450020D6
:10B160002DE9F843294E044633785D1E2D1A83429B
:10B17000EDB204D84FF4A17125481BF077FD0123EF
:10B18000A3404FF0FF305F1E3B4400214FF6FF7E8F
:10B190006FEA03081F4A92F800C01F4A12789040D5
:10B1A0001E4ACBB29C4523D8BDB127B204EBC404E0
:10B1B0001B48640005EBC50204F112010144520072
:10B1C00020441AF097FEBF001648AA00391D01441A
:10B1D00002F0FC0238441AF08DFE33780022013B65
:10B1E00033704FF6FF71BDE8F8430E201BF024BF0B
:10B1F0001388734507D0536808EA03093B4003EB03
:10B2000059030343536008320131CAE74C37002029
:10B210005B9F03085E47002064450020502D0020FE
:10B220004E3700208836002010B50A4C207860B9CF
:10B23000094B1B781A2B03D9992108481BF016FDDE
:10B240000322074B83F8702210BD0138C0B2FFF70C
:10B2500087FFEBE74C370020644500205B9F030825
:10B26000582B00202DE9F04705461DF065FAFF2810
:10B27000044625D11C4B93F800801C4B1B7843459A
:10B2800021D92846BDE8F04796E63888504508D8C9
:10B290003B796F2B4FEA131203D85B0704D1022AC4
:10B2A00002D909F0E0FED0B1123709F101095FFAC5
:10B2B00089F6B045E9D800230D4ADEB2B04508D87A
:10B2C0002046BDE8F0874FF000094FF6F77A084FA7
:10B2D000EDE7117901338F2901D81232EDE73046BD
:10B2E000FFF73EFFCDE700BF4C370020644500204C
:10B2F0004E3700202DE9F04106460F4600240E4D42
:10B30000DFF8388098F80030A34201D8BDE8F0811A
:10B310000822294630461BF0A2FB40B935F8063C0E
:10B32000BB4204D02046FFF71BFF013CE4B20134CE
:10B33000E4B21235E6E700BF543700204C37002056
:10B34000F8B5054608460E46FFF78AFDFF2832D0BD
:10B350001E4B294653F820703046FFF7CBFF284696
:10B36000FFF780FFFF28044627D109F097FEFF284A
:10B370000AD1174C207838B1EFF7B0FE2378B0FB34
:10B38000F3F202FB1300C0B2FFF7EAFE2846FFF714
:10B3900013FE044623B20F4D03EBC30305EB430535
:10B3A00008223146A81D1AF0A5FD2B79204603F08E
:10B3B0000F032B71F8BD0027D1E7074B1B78002B3B
:10B3C00018BF0027014B43F82070E3E788360020C0
:10B3D000644500204E3700206845002030B5044603
:10B3E000C0B345794288690801F00601120A4B1C76
:10B3F000E9B1032B1ED0052B20D0072B22D0002132
:10B4000000230020503149B28A421FDA40335BB238
:10B410009A421DDA30308242B4BF07200520430033
:10B4200003F00C0325F00C052B43637130BD6FF066
:10B430000401E5E76FF004030521E2E700216FF066
:10B440000400DFE7002305201946DBE70120E6E7DB
:10B450000320E4E70720E9E738B5084C00EBC0001B
:10B4600004EB400425796B0706D12046FFF7B6FFB1
:10B4700025F007052843207138BD00BF4E37002056
:10B480002DE9F8430024804601272646114DDFF8B8
:10B490004C9099F80030A34210D83E430134E4B2F6
:10B4A0001A2C4FEA470705F11205F2D14FF0FF3091
:10B4B000094B1B7898403043BDE8F8832B884345FF
:10B4C000EBD02846FFF78AFF0328E6D82B796F2BAD
:10B4D000E3D8E3E74E370020644500204C370020D6
:10B4E00038B50D46FFF756FD044608B9002038BDB3
:10B4F000FFF774FF002DFAD1237913F00703F5D07D
:10B50000984238BF1846C0B2F1E738B50B4B044635
:10B510001B780D46834204D840F25A2108481BF09C
:10B52000A5FB084804EBC40400EB44002946BDE831
:10B530003840082206301AF0DDBC00BF6445002008
:10B540005B9F03084E37002010B5134B0C461B7849
:10B5500086B0834212D9114900EBC00001EB4001D3
:10B560000822204606311AF0C5FC00220821204698
:10B57000FFF79AF880F00100C0B206E0C01A01A9F6
:10B58000C0B209F0EBFB10B1002006B010BD01AB5A
:10B5900003CB20606160E8E7644500204E3700205F
:10B5A0004FF6F77370B5984204460D4686B002D93F
:10B5B000012006B070BDFFF7D3F9A04206D10822E2
:10B5C0003B4928461AF096FC0020F2E7394EB6F8BF
:10B5D0006830A3420AD10022082106F16A00FFF771
:10B5E00063F818B9082206F16A01EAE7C4B1324BE0
:10B5F0001B78033B012B1DD800230122194620464E
:10B60000009306F04BF9FF283ED002A905F0BEFCDE
:10B61000002839D1DDF80D302B60DDF8113025E040
:10B62000264B1B689B07E2D4284604F044FA002806
:10B63000DDD0C9E720461DF07FF8FF281ED1204647
:10B640001CF0BEFDFF2813D102A821461C4A1CF0A5
:10B6500035FD02A81CF076FE0028CDD002A81CF013
:10B6600071FE1CF0A3F803682B6043686B60ABE7C6
:10B67000144B1B781844C0B2FF28E5D02946FFF7C9
:10B6800063FF0028E0D09FE70F4B4FF6FB7618785A
:10B6900000230E49DAB290428AD90A88B24204D80D
:10B6A000944202D1082202318BE70C310133F1E7D9
:10B6B000F71B0020101C002020350020E83400205B
:10B6C000C89F0308644500209C440020A01D002062
:10B6D0002DE9F74380460F460024284B284D93F868
:10B6E0000090A14510D16946384609F013FA90B38D
:10B6F0000822694640461BF0B2F960B3414638461D
:10B7000005F002FDFE2430E0AE1D08223146404621
:10B710001BF0A5F988B94FF6FF739F4225D02B88FF
:10B72000BB4222D038461CF04BFDFF2821D14146B8
:10B73000384603B0BDE8F04302E647B12B88BB4270
:10B7400005D1002208213046FEF7AEFF88B1013452
:10B750001235E4B2C5E740461CF0B8FDFF280446A8
:10B7600003D0084B1B780344DCB2204603B0BDE88D
:10B77000F0832046FFF7F4FCC0E700BF4C37002001
:10B780004E37002064450020F0B5134B84461B78EB
:10B7900003B30027114C124894F8716290F800E04E
:10B7A00004F5FC741E44F8B2864501D80020F0BDB3
:10B7B000F51B95FBF3F003FB105504EBC50034F8C3
:10B7C0003550654504D1002AF1D185788D42EED0FF
:10B7D0000137E8E71846EAE75E470020582B0020CB
:10B7E000C82A002038B515460022FFF7CDFF0446D1
:10B7F00088B128461CF0A0FFFF280BD0626822FA0F
:10B8000000F3DB0706D40123834013436360E3782E
:10B810000133E370012038BD2DE9F0410646904622
:10B82000FDF7B6FF074610B9184B1A7842B9212028
:10B8300001224FF6FF711BF0FFFB0020BDE8F081F5
:10B84000134C94F8713204F5FC740133B3FBF2F03D
:10B8500002FB10330F4884F87930026804EBC3050B
:10B8600002F1013224F833600260A9704046FFF70C
:10B8700007FEEF706860FFF773F8B04218BF01234E
:10B880004FF0010018BFEB70D8E700BF5E47002003
:10B89000582B0020C82A002010B50C4C0C4A2378E5
:10B8A000063B13701CF0C4FEFA23B0FBF3F0002239
:10B8B000084BFF211880084B08481A602278D200F4
:10B8C0001AF010FB0422064B1A7010BD5E470020D0
:10B8D0004E2B0020C22A0020C82A0020502D002014
:10B8E000C42A002070B5134B0D4613490646104676
:10B8F0001A7891F8B93191F8B8110B44934206DBEC
:10B900001F204FF6FF711BF097FB002070BDFEF764
:10B910003BFC04460135068085701CF084FE074B15
:10B92000E0801B88238140F60243E3600EF0B6FE00
:10B930000120EBE7CD460020582B0020682900208D
:10B940002DE9FF410D46174604461BF02FFF067CEC
:10B950002846FEF757FF29468046204609F0A7FEF5
:10B96000FEF7FEFFA84207D12046012103F062FB4B
:10B97000012004B0BDE8F081B8F1000F2BD001A880
:10B98000002229461CF09AFB01A81CF0DBFC38B30E
:10B990001BF00CFF4389990722D5437B1A071FD45C
:10B9A00006F00306012E08D0FEF7DAFF2246002338
:10B9B000294603F08DFF0028D6D1204609F0DEFD90
:10B9C000430514D5002221461046FFF71DF8B0FAB2
:10B9D00080F04009CDE7284609F0F6F80028DFD1CD
:10B9E0003A460F21204604B0BDE8F0417AE7012134
:10B9F000204609F089FEEAE7F8B50023144D95F8D2
:10BA0000B87195F8B961BA19DCB294421FDA05EB46
:10BA10000411B1F8B810013381424FEA041CF3D18C
:10BA20000C48631CD21A0CF110010144120160444D
:10BA30001AF060FAA6428BBF06F1FF3607F1FF3716
:10BA400085F8B96185F8B8710CB985F8DE41F8BDA3
:10BA5000582B0020102C0020002108B5084B094865
:10BA60001A7880F8B81180F8B91180F8DE11120147
:10BA7000B8301AF037FABDE808400348FAF7FCBBC3
:10BA8000CD460020582B0020EC470020F0B585B0B3
:10BA90006C461F4F97F8B95107F1B80696E80F00AA
:10BAA000013D84E80F0097F8B821EDB22A4407F170
:10BAB000C8013046120187F8B9511AF01BFA9DF8F7
:10BAC000023013F00F010FD1BDF80800114A1B0915
:10BAD00010804FF00002BDF8000008BF039905B0C8
:10BAE000BDE8F04005F0F8BCBDF80400FEF74CFBE3
:10BAF0000346828804ADADF80420224603CAAA4258
:10BB000018605960144603F10803F6D105B0F0BD82
:10BB1000582B002068290020064B1B78042B04D1E9
:10BB2000054A137E0533137670474FF47A71034844
:10BB30001BF000BF20350020683600205048002050
:10BB400010B504460146082209481AF0D3F9237BB0
:10BB5000022B0AD8002B14BF3122012205490B7099
:10BB600017234B61044B1A7010BD00230122F5E727
:10BB70006C360020683600201735002008B51BF011
:10BB800015FE038A23F400739BB203741B0A4374EB
:10BB900008BD0C4B1B78022B11D10B4B1B78033BC0
:10BBA000012B0CD9094B1B78094A03F0010382F8D9
:10BBB000E7310023074AC2E901335380704700236D
:10BBC000F2E700BF17350020203500201239002091
:10BBD000582B00206836002038B504461348FAF781
:10BBE0004BFB134B1B78013B012B1CD8114D54B957
:10BBF0002B7823B140F619402C70F8F737FB002062
:10BC0000FFF7C7FF38BDFF2C05D04FF47A71074806
:10BC100061431BF08FFE2B78002BF0D1012340F6FF
:10BC200018402B70E9E70220EAE700BF801E0020E1
:10BC3000203500201239002008B5FAF71DFBBDE8B9
:10BC400008400020C8E7104B1A7882420F4A18BFFC
:10BC50001870126932B90E4A12781AB958B901200F
:10BC60000FF02CBE0B4A18B982F872020220F7E7D7
:10BC7000012182F872121B781A1F012AEFD9062BB4
:10BC8000F4D10320ECE700BF20350020B0450020B0
:10BC9000113A0020582B002030B5054693B0C87AE1
:10BCA0000C460EF06EFD20B394F90A00FEF786FDF7
:10BCB00008BBE37A1249482281F85830A37A5831F8
:10BCC00068468B701AF0DBFE4FF6FE739D420CBF88
:10BCD0004FF6FF73238969460020ADF80650ADF892
:10BCE00004300FF0C3FD40B92289064B5A8013B0CF
:10BCF00030BD5520FBE75620F9E72120F7E700BFCC
:10BD0000101C0020683600202DE9F041DFF8A480E7
:10BD10001F4698F8003004460D46164633BB531EA6
:10BD2000052B23D81CF0C2FA00BB3B7B032B1BD195
:10BD30004FF6FE739D420DD1012E0AD0022E15D171
:10BD4000FEF70EFE4FF6FB739842054602D903F04C
:10BD5000ABF9054664B939462846FFF79DFF04460E
:10BD600098B12046BDE8F081012EF3D10224F8E716
:10BD7000397B721ECB1E594259415042504104F04A
:10BD8000EBFB04460028E6D0EBE798F80030332BB5
:10BD900003D0532B1CBF064B18613046FFF753FFEF
:10BDA00000214FF6FF70FDF7BBFD09F083FED8E7D9
:10BDB00068360020173500202DE9F04100240D469B
:10BDC0001646FEF7EBFD1E4B1E4F93F800803C70AD
:10BDD000E0B2404524D31C4F3B78013B012B04D8F3
:10BDE00000214FF6FF70FDF79BFD0023174CB4F8C0
:10BDF000CC2184F8CA310AB1A4F8CC3131462846A6
:10BE0000FDF78EFD124B1B78ABB1124BDB790E2B7D
:10BE100028BF0E230133DBB284F87332BDE8F08112
:10BE20001CF026FAC30748BF3B7804F1010444BF65
:10BE300001333B70CCE73B78013B18BF0123EBE7B4
:10BE4000634500208536002020350020582B002037
:10BE5000113900205036002070B501208AB0FEF75D
:10BE60002EFC04461D4A01AB1068516801AE03C3A5
:10BE700084B333461A4AD2F86A00D2F86E10B2F888
:10BE8000685003C303F05CFB03A803F0BBFD154837
:10BE9000BDF80C1002680B0222F0FF0203F4E2036B
:10BEA0001343C9B20B4343F48043036003A8FEF776
:10BEB00019FB002C4FF6FF7116BF324600222946AF
:10BEC000BDF81200FFF778FFF7F7CEFFF7F738FF5E
:10BED0000AB070BD4FF6FF75D4E700BF969B03080C
:10BEE000101C0020E83400201FB504466846FEF709
:10BEF000F9FA54B100238DF805301023694600206B
:10BF0000064AFEF7AFFA04B010BDFEF729FDADF802
:10BF10000600FEF755FDADF80000EEE764EE010007
:10BF200010B504460EF02DFCC0B1104B1B78023B3F
:10BF3000032B15D80E4B83F874421CF0B7F988B95F
:10BF40000C4B9A6C82B993F850406CB90A4A9A64C7
:10BF50000A4ADA640EF0A2FB204610BD5520FCE729
:10BF60000220FAE74D20F8E70420F6E71735002015
:10BF7000582B0020101C002031C801080F25020892
:10BF800038B505461CF092F948B9064B1C7834B90F
:10BF9000054B83F858500FF00CFC204638BD4D205F
:10BFA000FCE700BF401D0020101C00201FB5044608
:10BFB0006846FEF797FA02AB03CB2060616004B0DD
:10BFC00010BD044B187818B9034B044A1B78D05C99
:10BFD000704700BF4E36002020350020489C0308E3
:10BFE0001FB5062304468DF80C30FFF7EAFF002347
:10BFF0008DF80D00CDE9003301210223204603AA6C
:10C000000BF0B0FF04B010BD10B50024044B054880
:10C01000A3F8BE41044B1C70FAF72EF9204610BD60
:10C02000582B0020B04800201139002073B5054678
:10C030000C4616461CF03AF910B14D2002B070BD06
:10C04000062D03D85223EB40DB071BD4B4F1006F5D
:10C0500005D3E30E1C3B032B19D94F20EEE700223A
:10C06000354BC3F8B020354B1D70FEF7BFFB0346C0
:10C070000A2D5CD8DFE805F0331945551923195B03
:10C080005B483F00FFF7C0FFB4F1006FE1D2002230
:10C09000294B042DC3F8B020284B1D70E5D1022098
:10C0A000FFF7D1FDFEF7A2FB034601220192244ACD
:10C0B0000092244A314620460EF0C3FABEE71CF037
:10C0C000F5F80028B9D11C4B1F4AC3F8E021012321
:10C0D000324600932146032309F08BFDAEE71CF0A6
:10C0E000E5F80028A9D1144B184AC3F8F021184AE2
:10C0F000C3F8F421EBE700220192164A0092164A97
:10C10000D8E702220D4B1A70144B9A6C8AB993F837
:10C11000504074B9124AC3E912240EF0BFFA204607
:10C120008CE7002201920F4A00920F4AC2E70120D9
:10C1300084E7212082E700BF582B00204F360020E3
:10C1400049CE0108D59D0108F59D010825980108F3
:10C1500081CE0108E79D0108199D0108101C0020EF
:10C1600039970108A5CE01088D970108F8B5054655
:10C170001846033B012B0C46174602D918B121245F
:10C1800030E0FFF760FD1B4B1B78012B30D01A4BC2
:10C190001E78022E06D0032E2AD11DB9174B1B681C
:10C1A0009B0725D43320FEF7F5F910F0CBFBB4F153
:10C1B000006F21462CBF052203220620FFF736FF21
:10C1C000044688B901220E4E0E4B30731A70FEF7EA
:10C1D000F7FB70803046154400F8045BFFF7E6FE7D
:10C1E000747337612046F8BD3046FEF7D3F9F9E79E
:10C1F0000224F7E72035002017350020E83400201E
:10C20000683600206245002008B50348FAF734F884
:10C21000BDE80840F8E600BFB0480020F7B5144B71
:10C2200004461B780E46F3B183421ED9114F0025F8
:10C23000B7F8BE011CF0ACFA014609B9012009E0CB
:10C24000AC4209D1002416232246304600941CF04B
:10C250004DFA204603B0F0BDB7F8BE011CF09DFAC0
:10C2600001350146E9E71820F4E72720F2E700BF8F
:10C2700011390020582B00202DE9F04F404B414C44
:10C280001B7885B0033B012B25D81CF0D1F923780E
:10C29000022B38D13C49D1F87842A04233D0D1F8B2
:10C2A0007C22C1F87802121B1044384AC1F87C0283
:10C2B000127872B1013A93403C2253434FF47A72A0
:10C2C000534398421FD9032005B0BDE8F04FFEF755
:10C2D00061B90A23F2E71CF0ABF92378022B12D1E3
:10C2E000294ED6F87852A8420DD000274FF47A7A1A
:10C2F000B846DFF89C90C6F87802451B99F80030E4
:10C30000FCB2A34202D805B0BDE8F08F56F8243045
:10C31000204605EB030B46F824B01BF0A9FFC3072A
:10C320000FD5204608F01AFC68B1BBF1240F08D9DC
:10C33000102200232046CDF8008010F0EFF946F8D7
:10C3400024800137DAE7331993F8843013F00F03B0
:10C350001FBF03F1FF32022393403C220CBF0A238C
:10C3600053430AFB03F39B45EBD9204608F098FBA7
:10C3700002A908F0CFFB204609F0BEFAE1E700BFB2
:10C380002035002017350020582B00205C47002066
:10C390006047002008B51CF04BF90022024BC3F89F
:10C3A0007802C3F87C2208BD582B002010B5044643
:10C3B00040F62140FDF798FF01214FF4807008F00E
:10C3C000A7FC80B10022084B084883F8D621084A10
:10C3D000A3F8D4411288BDE81040A3F8D821054B3A
:10C3E00019881BF0A7BA10BD582B00202C4800203C
:10C3F000682900207A44002037B505460C460823FA
:10C4000069460120064AFEF72DF815B19DF8063061
:10C410002B700CB1009B2360BDF8040003B030BD4D
:10C4200025E1010030B505460C4685B079B90028F4
:10C430003AD010231F4A69460120FEF713F89DF8F1
:10C4400005305A1E052A26D9172005B030BD1822FE
:10C450000021204619F046FD002DEAD1164B1B782D
:10C4600003F00F02022A21D1144B204693F85820E2
:10C4700093F95A10B3F85C30A1722381E272FFF78E
:10C4800095FD002304F11401237304F11000FFF75C
:10C49000B3FFE08108E00A4A9DF804101278914247
:10C4A000D2D12B70002CD9D10020CEE7033B022B38
:10C4B000DAD9C9E764EE010017350020101C00200E
:10C4C000B429002013B5284B284CB3F86810237802
:10C4D000033B012B40D84FF6FF7399423CD1032018
:10C4E000FEF758F82248F9F7C7FE4FF6FF72214BC6
:10C4F000A3F82C21FFF74DFB2378033B012B23D915
:10C500001D4B1B78022B1FD100210DF10700FFF7F7
:10C5100089FFC8B92378013B012B15D8174C237824
:10C5200093B1EEF7DBFD2278154B4FF47A7183F867
:10C5300080220B23B0FBF3F202FB13000A3080B21F
:10C54000414310481BF0F6F90F4B1B784BB902B072
:10C55000BDE810400FF02DB90C4804F0CDFC0220CE
:10C56000BEE702B010BD00BF101C00202035002027
:10C57000A01E0020A447002017350020853600208B
:10C58000582B0020E01E0020401D00207A1C0020B7
:10C5900070B53E4B05461B788CB0002B74D11BF058
:10C5A00085FE044600286FD10123394A184606A9A2
:10C5B000FDF758FF374B9DF81820374E1A702B881F
:10C5C00021460DF10700A6F8E431FFF72BFF002804
:10C5D00058D102A8FDF786FF029BBDF80E0006A900
:10C5E0000893FFF759FB0446002848D12B4D9DF8CE
:10C5F0000700FFF728FB2B785A1E012A1AD8FFF7ED
:10C600002BFC2B78033B012B01D8FFF7C3FEFFF770
:10C6100059FF2B78033B012B31D8B6F8E40110F019
:10C6200002051FD00023052201201D490CB0BDE8E2
:10C6300070409BE5033B012B04D82046FEF73FF8F2
:10C640000028DCD12B78053B012B18D8FFF704FC20
:10C65000FFF738FF2B78052B0CBF04200520FDF7D2
:10C6600099FF0CE00F4E0223314601200E4AFDF7E0
:10C67000F9FE33885B0702D52846FDF715FE2046F4
:10C680000CB070BD1724FAE70224F8E71735002034
:10C6900029E101005A450020582B002020350020B8
:10C6A00000F8FF07A81F002027E1010007B50021BF
:10C6B0000DF10700FFF7A0FE9DF8070003B05DF83D
:10C6C00004FB07B508238DF80600ADF804100092AE
:10C6D00069460020024AFDF7C5FE03B05DF804FB81
:10C6E00025E1010030B5044685B068460D46FDF7EA
:10C6F000F9FEE4B100212846194AFFF7E2FF194B81
:10C7000020681B7861688DF80430174B1B788DF812
:10C71000053002AB03C347F2FF10144B196841F414
:10C720008042014041F480411A6003F0C1F9104B8E
:10C73000694693F8582093F85A308DF803208DF805
:10C740000230FEF73DF9ADF80000FEF709F9094A9D
:10C75000ADF8060010230020FDF784FE05B030BDC3
:10C7600000F8FF07B429002020350020E83400201D
:10C77000101C002064EE010010B5002208210446C0
:10C78000FDF792FF28BBFEF7EBF84FF6FF71FFF7BE
:10C7900013FB2046217CFFF7A5FF6269E189207C1D
:10C7A000FFF78FFF0C4B1B78012B0ED10B4B1B7827
:10C7B0005BB104F0B3F80A4B1B6813F0400304D1DB
:10C7C00019461846074A03F025F9FFF77BFE0020BB
:10C7D00010BD0120FCE700BF20350020A21F002073
:10C7E000E8340020F71B002038B51D46FFF78CFA0F
:10C7F0000446B8B92B7B2846032B02D1BDE838404C
:10C80000BAE7FFF79DF9084B01219C81FDF7F4FF82
:10C81000032281400620FFF709FC2546044608B1A3
:10C82000024B1D70204638BD6836002017350020A9
:10C8300038B5144C144B94F87422054683F85820EC
:10C84000124B1B780BB90EF0B4FF00210846FFF71E
:10C8500049FF0F4B1B78033B012B10D880220D4B57
:10C8600083F8A820284610F001FC40F61740F7F79F
:10C87000FDFC0023A4F88232A4F8843238BD08F00D
:10C88000D5FBEFE7582B0020101C0020401D002096
:10C8900020350020A447002038B5F9F7EDFC104BF7
:10C8A0001B78023B032B0AD84FF6FE730D4C4FF654
:10C8B000FF75B4F82C01984202D1A4F82C5138BD70
:10C8C000A842FCD0FEF782F800210846A4F82C51BB
:10C8D000FFF708FFBDE8384040F61640F7F7C6BC42
:10C8E00017350020A447002013B5044601A90020F5
:10C8F000FFF782FD019A01462046FFF7E2FE20463F
:10C9000002B010BD10B5084B1B78042B0AD0FEF7FF
:10C9100027F8002104460846FFF76EFD231A584207
:10C92000584110BD0020FCE720350020F0B500265E
:10C9300089B00546CDE90566ADF81C6009F007FB36
:10C940000A23024604462946009605A81BF0CEFE9F
:10C950009DF815309DF814701F2B25D803A8FFF7FC
:10C9600025FB08220DF1160103A81AF078F80646F7
:10C97000D0B9092F1AD1FFF7C5FFA8B11D4BB3F8E5
:10C980002C214FF6FD739A420ED91B4A1B4992F88F
:10C99000CE3109780433DBB20139B3EB810F82F871
:10C9A000CE3101DD82F8CE6109B0F0BD0A34E4B2C7
:10C9B00021462846F8F7ACFBFFF796FF2846611C96
:10C9C000F8F777FC4FF6FF7398420246ECD0FDF77C
:10C9D000F7FF8242E8D04FF6FD71064BB3F82C0109
:10C9E0008842E1D94FF47A710548A3F82C211AF056
:10C9F000A1FFD9E7A4470020582B00205947002069
:10CA0000A01E002008B5F2F7EBF9FF2806D10020A0
:10CA100008F0D6FBFEF740FF08F0ECF8FEF704FC48
:10CA200002F07BFDBDE8084002F0C4BF70B50FF016
:10CA300089FF0024374D384E2B789C422BD31B1B8B
:10CA4000DBB22B7013B93548F9F716FCFFF704F881
:10CA500000214FF6FF7007F0BFFF1BF027FC20B14D
:10CA600009F032F90C222E4B1A702E4C2378532BDE
:10CA70001AD1032323700023FF2219460120FFF758
:10CA800075FB294B1B780BB90EF093FE8022274BC8
:10CA900083F8A82070BD06EB041040F62141013454
:10CAA00004F048FBE4B2C7E7062B01D0212BE8D104
:10CAB0000120FFF719FA4FF6FE70FDF76FFF4FF6F2
:10CAC000FF70FDF783FF0020FFF786F80020FFF7D7
:10CAD000BAF8FFF75EF8FFF795FF0BF0F3FF237846
:10CAE000212B0ED100234FF6FE702370FDF756FF69
:10CAF0004FF6FF70FDF76AFF0D4B5869F7F7B6FB6D
:10CB0000BFE70020FDF746FD00214FF4004002F092
:10CB1000CFFFB6E716350020E02D00203847002073
:10CB20004F36002017350020401D0020A44700206C
:10CB30006836002008B5104A104B58611378032B53
:10CB400019D0C3B1332B01D0432B0FD10C4B1B7821
:10CB5000033B012B05D803231370BDE80840F7F70A
:10CB600085BBF7F783FBBDE80840ABE421231370D6
:10CB7000BDE808405AE708BD173500206836002098
:10CB8000203500202DE9F041284B04461B7888B061
:10CB9000033B012B06D8437BDB0703D590F9090043
:10CBA00009F0C6FC0025224E86F859502079FFF77F
:10CBB000E7F9FFF706FA6788B4F8008004462946CB
:10CBC0003846FCF7ADFE0DF11D0386F859508DF87F
:10CBD0001D40029301244FF6FF7360364CF620018E
:10CBE0000193204643460495039400960DF11E02DE
:10CBF000ADF81E700DF01EFB014628B1022228463A
:10CC0000FDF702FF044630B11720FFF793FF2046DF
:10CC100008B0BDE8F0811723064DC82106486B61B6
:10CC20001AF088FE03232B76F1E700BF20350020A1
:10CC3000101C002068360020504800202DE9F047E5
:10CC40000646FDF78DFEDFF81C81894698F8003016
:10CC50009246033B012B044606D8737BDB0703D5C2
:10CC600096F9090009F064FCFDF77AFE394F3A4D58
:10CC7000A7F82803FDF7A4FEB5F86830A7F82A0343
:10CC8000A7F82C33D5F86A30C7F82E33D5F86E30B4
:10CC9000C7F83233FDF7B0FD87F836033079FFF778
:10CCA0006FF970880021FCF73BFEFDF779FD60B15C
:10CCB0004FF6F672631E9BB2934206D902F0F4F966
:10CCC000B5F8683004468342F8D02046FDF766FE8A
:10CCD0003088FDF77BFE5146B5F86800C84704462A
:10CCE00028B91920FFF726FF1920BDE8F087B5F80D
:10CCF000681008F0DCFC002385F85930174D2B78BC
:10CD000003F0FB03022B02D02046FEF737FF002280
:10CD100020461146FEF7E6FD0446B0B117236B61CD
:10CD200098F80030042B09D1C8210D481AF002FEF2
:10CD300003232B7684F00100C0B2D6E74FF41671BE
:10CD400007481AF0F7FD0023F3E71720FFF7F2FE7C
:10CD5000F0E700BF582B0020101C00206836002090
:10CD600050480020203500200123F7B52F4E0546FE
:10CD70000F4600202E4914467373FFF74FFA0BF04D
:10CD8000BBFC90B9012D01D9042D1DD11C2301201C
:10CD90000DF103012246ADF800308DF80270F3F773
:10CDA00069F80721684610F095F91020002107F076
:10CDB000EFFE20B91F4B93F8B931002B33D003B0ED
:10CDC000BDE8F0400DF06ABC002CEED11A4B1B7888
:10CDD000212B03D0062B01D0532B02D1FFF726FEC7
:10CDE000E3E7FDF7DDFC0028DFD0144B1B782BB9FF
:10CDF000307BC0F11800FFF79DFED6E720460C49B6
:10CE0000FFF70CFA20B140F619010D4819F02EFF7A
:10CE100032781AB90648FFF7B5FEC6E70949044853
:10CE2000FFF70CFFC1E703B0F0BD00BF683600207C
:10CE300050360020582B00201735002011390020D3
:10CE4000669F0308E1BF01080C2270B50B4B054635
:10CE50001E781A7060B10B2425FA04F3DB0704D5A1
:10CE600044223046E1B2FFF77FFF01341B2CF3D19F
:10CE70003046BDE8704000221A2175E74F36002089
:10CE80000C2208B5054B1A211A7000221046FFF734
:10CE90006BFF0022024BC3F8B02008BD4F360020C4
:10CEA000582B00200C22034B1A211A700320002259
:10CEB0005AE700BF4F36002010B5094C0948F9F772
:10CEC000DBF92378062B02D10120FFF70DF8237838
:10CED000062B01D0532B02D1BDE81040A6E510BDB2
:10CEE00017350020D4480020064B1878112806D0AA
:10CEF00000F0FD00A0F14103584258417047012065
:10CF0000704700BF1735002010B586B0044609F001
:10CF10001EF8114B0246D3F8670093F86B1004908B
:10CF2000D86E93F8703001328DF80C3000238DF8F4
:10CF3000141002902146009392B2052302A81BF020
:10CF4000D5FB052202A904A819F089FDB0FA80F0EA
:10CF5000400906B010BD00BF749F03082DE9F04FD3
:10CF6000C24C91B094F8DE71002F00F05B8100207C
:10CF700011B0BDE8F08F284639F8156007F0EEFDD6
:10CF8000002860D0284607F08BFD16F4007B804611
:10CF900049D0B74B00210C9301230CAACDE90031F5
:10CFA00004230AF0DFFF064600284CD0414608F073
:10CFB0007EFB4FF40073002739F81520A4F8DA310E
:10CFC00022EA030329F8153028460023102200978F
:10CFD0000FF0A4FBA74B1B88D80708D5621992F85D
:10CFE000843044F8257063F00F0382F884301820F1
:10CFF000002300FB0540009301229F4B314690F82F
:10D0000038030DF067FB002814BF0123002384F8C8
:10D01000DE3106D1B4F8DA31B3F5807F01D1A4F85E
:10D02000DC010120A4E7730540F1EA8002F03CF83E
:10D030005B460246414658460DF05DF84FF480636A
:10D040000646002EB7D101379AF80030FDB2AB4248
:10D0500091D80023A4F8DA3194F8B931002B86D0A6
:10D06000B4F8B85028461AF0A1FB438A8046878A54
:10D0700007A92846029308F0EDFF284608F067FF4D
:10D08000014606462846F8F743F898F81030039012
:10D0900003F00303012B0CBF83464FF0FF0B1BF083
:10D0A000C2FA0490FDF75CFC98F8173081463846C8
:10D0B000B4F8BEA0059301F0DBFF002840F0B78074
:10D0C000029801F0D5FF002840F0C880049BA3EB34
:10D0D0000A0A6A4B1FFA8AFA1A78FDF761FB10B93F
:10D0E000FFF702FF10B1043A022A21D9644B1B78E2
:10D0F000033B012B1CD8BBF1060F00F0A281BBF152
:10D10000040F00F09E81FFF7EFFE20B1039B03F0B8
:10D110000303012B0CD05B4B1B7803F00B03022B9A
:10D1200040F0B880584B2846B3F8681008F0BFFAB2
:10D13000BBF1010F40F0E880284608F0A5FA4FF651
:10D14000FF73984240F0AC8000233146284609AA7C
:10D1500008F0FFFC8046002879D042799DF82D30F8
:10D1600093420BD9711D284689B2F8F76CF894F8F0
:10D17000BA3023F00F03023384F8BA30EDF7AEFF74
:10D180007E23B0FBF3F202FB13009DF82E3000F576
:10D19000807013F0180FA4F8BC0020D094F8BA30B7
:10D1A00019071CD1B9451AD07D2398F80520ADF890
:10D1B00030303B0A8DF8333007A90DAB03C98DF829
:10D1C000327083E803000D210CA88DF83C200FF08D
:10D1D00081FFD4F8501611B13846F2F7BBFD9DF827
:10D1E0002F30002B59D001220020B4F8B810FDF7E1
:10D1F0000BFC00287FF4BBAE012384F8DE3110E77E
:10D20000B4F8D40100283FF41EAFF6057FF51BAF3C
:10D21000414608F04CFAB4F8D4614FF48073A4F896
:10D22000DC610EE7DFF864A0DFF864900CE72846C5
:10D230001AF0BCFA4FF6F773428A9A4207D9059B57
:10D240002BB92846FFF760FE00287FF439AF94F829
:10D25000BA3023F00F0384F8BA301EE002981BF0B6
:10D2600078FA00287FF432AFF1E700BF582B002096
:10D27000030EFFFFA61F00207FA3010868360020D1
:10D280002035002017350020101C002060470020AA
:10D29000A43400202823A4F8BC30FEF7F7FBDBE61B
:10D2A0004FF6F773029A9A4204D898F81130DA07C9
:10D2B00040F1C7806D4B1B78033B012B40F2C180CE
:10D2C00040F6B8339A45C2D8EDF708FF684B00F036
:10D2D0003F001E78C0F5FA70664BA4F8BC0000222F
:10D2E000384698F81710013E1D78FEF74DFA032EC8
:10D2F0005DD801A353F826F0E7D10108AFD30108A8
:10D3000091D30108B5D301084FF6F773029A9A42F8
:10D3100003D898F81130DB0704D5544B1B78033B36
:10D32000012BCDD8BBF1020F49D10123314628464C
:10D330000CAA08F00EFC0746FDF712FBBDF83630CC
:10D34000984204D018461BF004FA002879D0002F28
:10D350003FF47DAF01227B883146284608F022FE4B
:10D36000454A13780133DBB288F8173013707B8895
:10D37000BDF832209A421FBF94F8BA3023F00F0351
:10D38000023384F8BA304FF4C873A4F8BC302AE7EB
:10D39000B9453FF428AF00283FF459AF4368013343
:10D3A0003FF455AFC378AB42BFF451AF1BE7B9456B
:10D3B0003FF419AF94F8BA301B09ECD113E7BBF175
:10D3C000030F3ED1B9453CD1711C284689B2F7F70D
:10D3D0009FFE0C2835D14FF00208DFF8A49099F891
:10D3E000006000270DE012237B43244A002132F81D
:10D3F00003B05846FEF774F810B1D6B1013EF6B24C
:10D40000013799F80030F9B29942ECD39E4218D016
:10D41000EDF764FE99F80030B8F1010FA3EB0603B5
:10D4200090FBF3F101FB1300C6B20AD04FF00108E4
:10D43000D7E74FF6FF72934503D05946284608F0C8
:10D4400036F9284608F020F994F8BA301B097FF421
:10D45000FEAEBAF1FA0F3FF6FAAEEDF73FFE00F07E
:10D460001F001030A4F8BC00BDE600BF203500202E
:10D47000DD290020E9460020A01F00204E370020B3
:10D480004C3700207FB50D461646ADF80E001AF059
:10D4900071F9841BE4B2BDF80E20631B9BB21046E9
:10D4A000294600937319F7F7F1FE21460DF10E009E
:10D4B000F7F703FE04B070BD10B50C4B04461B78A3
:10D4C000033B012B0ED900F108039BB2012B0BD8B3
:10D4D000FDF746FA024620460FF021F880F00100E1
:10D4E000C0B210BD0120FCE70220FAE72035002081
:10D4F0000022FEF725BA30B5154B85B01B78033BEB
:10D50000012B22D8002401210B22124B124D1B7833
:10D51000019400918DF80C208DF80D30B5F868005D
:10D52000032303AA8DF80E400AF01CFD68B1B5F87C
:10D530006810FFF7DDFF40B10522084B64211A7027
:10D54000074B08481C701AF0F5F905B030BD00BF54
:10D55000203500205C470020101C0020A41F002064
:10D56000A31F00207048002010B50FF0EBF9FFF763
:10D57000BBFCD8B10E48F8F77FFE0E480E4C017A7E
:10D580000E30FFF7AFF823781BB1FEF73DFD002307
:10D5900023700022094B1A73FEF794FF07F0BCF9C1
:10D5A000FFF7A9FFBDE81040FDF7B8B810BD00BFF8
:10D5B0005048002050360020843600206836002075
:10D5C0002DE9F7430D466C46814621462846904694
:10D5D00008F040FD074628461AF0E8F8467CB9F105
:10D5E000010F014606F0020620D0284608F0EEFAA8
:10D5F00000270446DFF8D49128461AF0D7F84044B3
:10D600000569C5F30F282D0E002F37D1002D3ED10F
:10D610004FF6F77398454CD8FDF7C2F800285AD159
:10D62000614B1B786BB90EF0C4F80AE0FDF7B8F84F
:10D63000E8B14EB15D4B1B78012B02D0043B012BAE
:10D640000BD803B0BDE8F083594B1B782BB1574B77
:10D650001B7803F0FB03022BF3D0002F01F1100025
:10D6600008BF002408F091FC01278146C4E7504B15
:10D670001B78002BF1D0002EEFD1E2E7B9F1000FBB
:10D680000DD195B14A4B1B78002B40F08780FDF7F8
:10D6900087F80028C4D04748F8F7EEFD09E048466F
:10D6A000FDF7A6F90028BBD03DB94FF6F7739845B2
:10D6B0004BD91720FFF73EFAB2E73D4B1B78002B02
:10D6C0006FD13D4B1B78022BE1D0FDF769F80028A4
:10D6D000A6D0002DDFD12046FDF7C2FBFF28364D36
:10D6E000DFF8EC9002D02B78012B04D12146B9F859
:10D6F0006800FDF725FEFDF7AFFE22464046B9F86B
:10D700006810FEF759FB2D4B2D4A93F906301B028A
:10D7100013802B78012B2FD0312B14BF43231123DF
:10D720002B70284B234819681AF004F9FEF732FED3
:10D7300000231E4C23761E4B1978F9B91D481AF0A8
:10D74000F9F840F61B4363616AE7194B1B7843BB4A
:10D75000194B1B78022BB8D1002D98D14046FDF70C
:10D760001DF928462946FEF7BDFF07F0D5F840F61B
:10D770000740F6F77BFD53E71123D1E71FB116B140
:10D78000FFF7F2FEDDE7104B1B78042BD9D1052102
:10D7900008481AF0CFF809232376D2E7002E90D15B
:10D7A00075E7002ED4D190E7401D00206836002098
:10D7B000A21F0020504800201735002050360020BE
:10D7C00014350020D446002020350020F71B00200F
:10D7D000101C002010B52348F8F74EFDFFF784FB1E
:10D7E00028B1214B1B782BB9BDE81040BCE6FCF7F3
:10D7F000D7FF80B11D4C237E53B1C82119481AF0C0
:10D8000099F8237E013B2376BDE810400CF04EBF13
:10D81000FCF7C6FF68B9164B1B78112B03D003F039
:10D82000FD03412B1DD1BDE81040104B5869FFF797
:10D8300081B90F4B1B78332BF5D10E4CB4F828036C
:10D84000FDF7ACF8B4F82A03FDF7C0F8B4F82C03E0
:10D8500004F22E31FCF764F894F83603FEF790FBDF
:10D86000E1E710BD50480020A21F002068360020CC
:10D8700017350020582B002010B51448F8F7FCFC91
:10D88000134B1B78F3B9134A137873B1013B137030
:10D89000114B1B78042B01D10CF008FFBDE81040A0
:10D8A0004FF4967109481AF045B80C4A128802F0F4
:10D8B0000302022A09D1BDE81040032201200849D1
:10D8C000FEF754BCBDE8104015E610BD70480020BE
:10D8D000A31F0020A41F002020350020A81F002027
:10D8E00000F8FF07042230B501F0400387B0002B99
:10D8F000054614BF012400248DF80C208DF80D106E
:10D9000004D004A907F006F938B304ABCDE900430D
:10D9100001210223284603AA0AF024FB0446F0B1A1
:10D92000104B1B78033B012B04D80F4BB3F8681046
:10D9300007F0BDFE4FF6F7739D4209D9322202214E
:10D940002046FDF7CFFF80F00100C0B207B030BD28
:10D9500029462046FFF7CCFDF5E70120F6E7192020
:10D96000F4E700BF20350020101C00202DE9F04115
:10D9700004460D4616460EF0E5FF23480378002BBB
:10D9800040D0212B3ED0DFF8908098F80020012A6B
:10D9900001D1A20636D41D4FD7F8402192BB1C4AB4
:10D9A00003F00F0316701B4A012B04F020041580AE
:10D9B00007D121230370FFF739F8DCB10020BDE85F
:10D9C000F081002C14BF53230623214603704FF629
:10D9D000FD70FFF787FF40F6020240F2262198F81B
:10D9E000003007F59870033B012B88BF114619F0F2
:10D9F000A1FFE2E721464FF6FE70FBF791FFFCF72F
:10DA00008DFEDBE70220DAE717350020A44700206F
:10DA1000BB290020DE460020203500202DE9F74FED
:10DA20000E460546511C3046F7F772FB0446304659
:10DA300019F0BCFE4E4B04F040021B78022B02D0C2
:10DA4000043B012B07D84B4B418A1B685F0205D56D
:10DA5000A70603D44AB303B0BDE8F08F2AB3464A01
:10DA60001278D61E012E16D8444BB3F86830AB425C
:10DA7000F1D1437C1E0713D5103008F086FAFCF76D
:10DA8000B7FF0028E7D00122294604F0200003B0A8
:10DA9000BDE8F04F6AE7022ADDD1DF01DBD4E8E719
:10DAA000FCF75EFF8842D6D1EDE7334B1B78013B94
:10DAB000012BD0D8437CD906CDD56946304608F035
:10DAC000C9FA68461AF002FCFF28074618D0A206D9
:10DAD00001D4FCF74BFF384606F0E2FF4FF0000898
:10DAE0008146C246264EDFF89CB09BF800205FFAC4
:10DAF00088F39A4225D802F0CBFC384607F0FCFEAA
:10DB000028461AF019FEFF280DD0FDF729FB14F066
:10DB1000200208D1FCF724FF58B1134669460222BF
:10DB200028460EF01FFEFCF71BFF002893D1A3062A
:10DB300091D44FF6FF73022269462846F6F71DFA84
:10DB400089E7708819F032FE438A4B450CD1708802
:10DB5000FDF752FF00230E211846728807F039FDA9
:10DB6000A6F800A0A6F802A0103608F10108BCE74C
:10DB700017350020E834002020350020101C00203C
:10DB8000E02D00201635002038B504460D461AF069
:10DB900017FBFF28034614D00B4A127842B10B4AF8
:10DBA00032F81020520403D507F0A6FE002038BD3D
:10DBB0001846FCF7DBFE204645F04001BDE8384042
:10DBC00090E60120F3E700BFA21F0020A43400204C
:10DBD0002DE9F04F4FF0000A8DB00746CDF820A098
:10DBE00019F0E4FD858A0646448A90F810B028466C
:10DBF0001AF0E6FA81462846FCF704FEB9F1FF0F59
:10DC00000CBF034601230493337C99070CD1FCF726
:10DC1000A7FE049BA84208BF01230393B37D33B939
:10DC200003200DB0BDE8F08FCDF80CA0F6E7FCF7AF
:10DC300097FEA04209D0AB4B1B78052B05D0033BC8
:10DC4000012B05D8A84BB3F868404FF0000A88E0D4
:10DC500020461AF07EFD737CB0B15A07F5D53846E0
:10DC600008F064F9014605463846F7F751FA421CB8
:10DC700052002946384602F0FE02FFF703FC737C8F
:10DC800023F004037374E0E713F0040A22D038464B
:10DC900008F04CF9014605463846F7F739FA81464F
:10DCA0006E1CB6B231463846F7F732FAB9F1000FBA
:10DCB00001D0FF2805D1002231463846F7F7C3FAD4
:10DCC000C3E7A91C01EB4001C9B23846F7F7F1FAE6
:10DCD0000446BAE7204608AA0DF11F0107F03DFBF4
:10DCE000039B8046ABB30BF0C00BBBF1800F1DD183
:10DCF000204608F073FD337C284603F03F0333745D
:10DD00001AF027FD10B9FCF72BFE05462A46002124
:10DD100020460EF004FC002882D0744B744A1B7815
:10DD200012781344052B26D101207AE7BBF1400F6E
:10DD30000FD19DF81F2062B1204608F04FFDFF284B
:10DD4000D9D06C4A00B202EB80029278FF2AD2D17D
:10DD5000A046089AE2B99DF81F20002A40F0B3803F
:10DD60004446524621463846FDF7EAFD00283FF476
:10DD700057AF002055E7C82008F08EFAC82303816A
:10DD800008230780837004461AF04DFCE080CBE73F
:10DD90001046059207F0D6F9059AFF2883461279B6
:10DDA00006D14FF4E1715448059218F05FFF059ACF
:10DDB000039B002BCFD002F03002102A1CD0202A67
:10DDC000C9D1049B002B6FD0BBF1FF0F14D0B9F168
:10DDD000FF0F11D0494AC9F3C7001178484A0731EB
:10DDE000C9100BFB0122024492F8542609F00709DE
:10DDF00022FA09F2D307AED4FCF7B2FD4FF6F7735F
:10DE00009845824696F8179039D8052385428DF8B3
:10DE100024304FF0010214BF012300234FF0000112
:10DE200018BF8DF82530CDE9002115BFADF82600CB
:10DE30008DF8253004230223204609AA0AF092F81F
:10DE40000646E0B1554516D019F0B0FCA9F180099D
:10DE50002B0A0575437580F817900AA9284606F025
:10DE600059FE20B928460AA9FCF7DEFC38B1304635
:10DE70000AA90EF03BFB41463046FFF739FB089AF2
:10DE8000A04513799DF81F1003F0F30312D113710D
:10DE9000B1B101212046FDF723FB88B9204608F0E7
:10DEA0009DFCFF280CD11BE0089A127912F00C0F90
:10DEB000A2D150E743F0040313710029E9D144468D
:10DEC0004FF0300A4DE701212046FDF709FB0028FD
:10DED0007FF4BBAE204608F081FCFF287FF4B5AE8E
:10DEE00002209EE620350020101C0020CF1F0020BD
:10DEF000CE1F0020AC1F0020A79D03086047002014
:10DF0000582B0020F8B5064619F050FC4FF6F77371
:10DF1000428A9A4238D9FBF73BFC10B100242046D4
:10DF2000F8BD1D4B1B78033B012B09D81B4BB3F8E5
:10DF300068104FF6FF739942F0D0304607F0B7FBF8
:10DF4000002202213046FDF7CDFC04460028E5D032
:10DF5000304619F02BFC878A0546C17DFCF700FD91
:10DF600002463846FDF758FC4FF6FF736A8A9A421C
:10DF700002D13046FEF71AFA2B7C9B07CFD1012144
:10DF8000304601F057F8CAE73046FFF721FEB0FAF5
:10DF900080F46409C3E700BF20350020101C002076
:10DFA0002DE9F04F00270446ABB01622394610A8E1
:10DFB0000E97CDE90C77CDF83B7017F093FF204614
:10DFC0000DF12F0222A90BF059F90228064600F0A4
:10DFD000EA80204619F0EAFBB0F81330012EADF8C4
:10DFE0004030B0F815300546B0F81090ADF842302A
:10DFF000204640F0DB8019F0D9FB204619F0D6FB13
:10E00000204619F0B7FB3D469DF84D30099043F08E
:10E0100001038DF84D3022AE3388022B4CD1F178BC
:10E0200020460231F7F774F81B2845D1F1782046D5
:10E030000331F7F76DF819283ED1F1782046043105
:10E04000F7F766F84A2837D14FF00508F1782046EF
:10E0500001314144F7F75CF8F178824641442046AB
:10E06000F7F756F800EB0A2083B2932B00F03F0B32
:10E0700040F0DB800023F2782146023242445FFA0E
:10E0800082FA524600930CA80F231AF02FFB0AF1D4
:10E090000F012046F7F70DF90AF111010546204658
:10E0A000F7F707F9ADF842000BF1020343445FFABA
:10E0B00083F833794345C9D803370F2F06F1060695
:10E0C000AAD1099BA3F110069DF84D20C5F3C033DA
:10E0D00063F3410220468DF84D2019F067FB837AE7
:10E0E00020468DF8443019F061FB037A20468DF804
:10E0F000453019F05BFB437AF6B28DF846309DF857
:10E100003230192EC3F3C3028DF84720DDF83320D7
:10E11000DFF8F882CDF84E20DDF83720B24FCDF889
:10E12000522094BF00229DF83E208DF8482003F035
:10E1300003028DF84A2098F80020022A9DF84D200D
:10E140000CBFC3F38003DB0963F382023B788DF8D5
:10E150004D20022B40F0B680FCF732FCBDF8402089
:10E16000824240F0AF8016A8FDF720FF192E71D92A
:10E1700008220DF14E0116A818F071FC002869D193
:10E18000B9F5004F62D140F6FF7325F440459D423A
:10E1900009D1002208210DF14E00FCF785FA064650
:10E1A000002800F0A5802BB0BDE8F08F19F0FEFA32
:10E1B000204619F0FBFA204619F0DCFA9DF84D30A4
:10E1C000064667F3000320468DF84D30B5F817502A
:10E1D00019F0ECFA804638F8103F204603F440432B
:10E1E000B3F5404F14BF0022062202F10A0318F8CB
:10E1F00003300B325F0007F00E075B08174403F093
:10E2000038031F4419F0B6FAA0F11002D2B29742B7
:10E2100009D2D21BD2B20F2A28BF0F2208EB070166
:10E220000CA818F02CFC103E4EE7412B7FF43CAFBD
:10E23000F178204602314144F6F76AFF6B4B1B78B8
:10E24000C3F1B30318448DF849002DE7B9F5624FC7
:10E25000A9D198E798F80030033B012B32D94FF64B
:10E26000FF73634CB4F82C219A422BD1FCF7A8FB26
:10E270004EF6602182465F4819F05CFB00214FF6A4
:10E28000FE730846A4F82C31FEF7B6F840F20913E5
:10E2900004460DF17200ADF87030FDF787FE0023E3
:10E2A0002046CDE9003364210C231CAAADF87AA0E6
:10E2B00009F058FE044628B1FEF724FBA0B1204621
:10E2C000FEF734FBB9F5004F03D0B9F5624F7FF488
:10E2D0006AAF40F6FF7325F440459D427FF463AF7B
:10E2E000192E7FF660AF54E72046FFF70BFEE9E7F3
:10E2F000DFF81C9199F80D3013B9FCF751FA38B9D1
:10E300003D4B1B78012B03D003F0FD03042B38D1C8
:10E3100001231CAC10AD89F80C300FCD0FC495E86B
:10E32000030044F8040B2180082234480DF17E01DB
:10E3300018F095FB60B1002208213048FCF7B4F9D1
:10E34000F8B1B9F80230BDF870209A4200D0C3B9D4
:10E350009DF87D30990704D43B7803F0FD03312B01
:10E360000FD127499DF83130097803F00F028A4216
:10E3700003D0012934D1022A03D19DF83020002A8C
:10E3800048D01D4B1B78012B02D0042B7FF40BAF20
:10E390001C4B9DF84D409DF831201F78DDF8521040
:10E3A000BDF840309DF84860DDF84E00C4F34004ED
:10E3B00002F00F0217AD8DF85A70ADF858308DF895
:10E3C0005B408DF864208DF8656003C50E49D1F877
:10E3D000C451002D00F0418110A916A8A847E2E61B
:10E3E0000229CED1012AC7E7173500209A2900203B
:10E3F000A4470020A01E00204F3600206C360020CD
:10E40000B4290020242B0020582B00202035002088
:10E41000683600201B09022BB3D198F800209DF824
:10E420003230022A33D15A07ABD516AC10AD0FCD1E
:10E430000FC495E8030044F8040B21801622002144
:10E440001CA817F04FFD964B1B78002B32D1944B34
:10E450001A78944B1B789A42C0F0DC80904C914B18
:10E4600022781B789A4209D98F48B0F8BE1100F57E
:10E47000DF700DF06FF92378013B23702378012BB7
:10E480007FF47FAF89498A4819F054FA79E71B066F
:10E49000CBD4884BB3F86820BDF872309A427FF431
:10E4A00070AF3B78332BC0D003F0EF03432B7FF4E6
:10E4B00068AFBAE7DFF8F0810025B8F8BE011AF0BE
:10E4C00067F9AA460446002C34D1754F35B1294668
:10E4D00079480DF03FF93B78013B3B703B78002BCE
:10E4E000B5D0DFF8C4914FF00008B9F8BE011AF0BA
:10E4F0004FF9C2460546002D60D1002EA7D0162147
:10E5000016A80BF079FC06460028A7D0664F2946CE
:10E51000B7F8BE0119F068F98442054640F08680DC
:10E52000314607F5DF70F6F7AFFD5D4A137801332A
:10E53000137093E7002221461623CDF800A01CA8F3
:10E540001AF0D4F816221CA916A818F088FA002888
:10E550003FF417AF9DF85C209DF874309A4226D1A5
:10E56000BDF87030BDF85890994520D108220DF1C2
:10E570007E010DF1660018F072FAC0B901AF16AD58
:10E580000FCD0FC795E8030047F8040B39809DF9BC
:10E590007A30484600939DF976209DF878309DF8B2
:10E5A00075100EF0DFF900283FF4EBAE254621464A
:10E5B000B8F8BE011AF0F1F8044684E716230022E9
:10E5C0002946CDF800A01CA801AE16AF1AF08EF8AF
:10E5D0000FCF0FC697E8030046F8040B31809DF972
:10E5E0007A309DF9762000939DF875109DF878306B
:10E5F000BDF870000EF0B6F9064620B1B8F1000F74
:10E6000004BF2C4680462946B9F8BE011AF0C5F869
:10E61000054670E7162116A80BF0EEFB0146002810
:10E620003FF41CAF24481AF09BF87EE700212846EF
:10E6300019F0DAF8844205D02846002119F0D4F800
:10E640000546F3E732462846002119F0E1F8224654
:10E650000021304619F0DCF867E71B218DF8733094
:10E660001B0A9DF845C09DF946508DF8743017ABD4
:10E67000ADF8701003CBCDF87500CDF879101CA85B
:10E6800012218DF872708DF87D408DF87E208DF806
:10E690007F608DF880C08DF881500EF01BFD82E503
:10E6A0001139002062450020582B002020BF0200B5
:10E6B000B0480020101C0020162D00202DE9F04F3E
:10E6C00091B00546894607F042FC002704462846DB
:10E6D000CDE903770597ADF8187007F027FA0646DD
:10E6E000284619F047F804F10E039BB2834256D82E
:10E6F0000E2322462946009703A819F0F7FF0DF1D3
:10E700000D000BF0C9FF9DF80C300746282B9DF833
:10E7100019A044D10DF11100FCF76AF980460028D8
:10E720003DD1504602F032F800283CD1834B1B7893
:10E73000AAEB03031B0632D4814B1C78012C14D1A5
:10E7400019F076FF7F4D0446D5F8983623B14EF682
:10E750005F22C31A934222D90023FF22194618468A
:10E76000FDF704FDC5F8984619E0022C17D10BA857
:10E77000F1F738FB07AA1546734B8DF82C4003F1CF
:10E780001007144618685968083303C4BB42224670
:10E79000F7D129460BA8F3F7F9FD0028D0D00022C5
:10E7A00031461920C4E043462246102128460BF08A
:10E7B000E3FE80460028F2D0DFF880B19BF80030FD
:10E7C00053456FD10BA831460DF1110219F076FCBB
:10E7D0000BA819F0B7FD08B118F0E8FF48F20301E3
:10E7E0000BA80EF0D1F92846ADF81C5018F0C2FF66
:10E7F0000446BDF81C0007F0AAFB00F10E03DBB2D3
:10E80000BDF81C200146E01A80B200901046F6F7D1
:10E810003DFDA4F10E0189B207A8F6F74EFC314682
:10E820000DF11100FCF754FFFE280446B7D0FF2875
:10E8300009D1304619F080FFFF28044639D00DF188
:10E840001101FCF762FE9BF800304049534522B2AB
:10E8500066D13F4B1B789C4255D3DFF800C1E31AC9
:10E86000DBB23CF8130010F4805F59D140F48050C3
:10E870002CF81300013741F8227099F800309B07FB
:10E880003DD1284607F063FB01462846F6F740FCD9
:10E8900000F00300012832D130460DF11101F1F7EB
:10E8A00059FA2CE05146012001F0E2FE002889D1FE
:10E8B00075E799F8003003F00303012B16D0254BC0
:10E8C0001A78234B1B789A4206D34FF6F773B9F8A0
:10E8D00002209A423FF663AF0DF111013046FCF77A
:10E8E0002FFD304619F028FF0446ACE7284607F014
:10E8F0002EFB01462846F6F70BFC0828DFD14046E0
:10E9000011B0BDE8F08F144B02EBC20003EB4003E3
:10E91000587910F0100F03D140F010005871A9E79A
:10E9200051F822309F42A5D222464FF6FF711520A2
:10E9300018F082FB4FF00008E1E700BFE629002055
:10E94000DA460020582B0020E59F03088836002077
:10E95000644500204C3700204E370020A4340020AE
:10E960000022064B59881A705A7001B15A80044B24
:10E970001A880AB100221A80704700BF183A002096
:10E98000202D0020F8B5064607F0D0FA05460446CB
:10E99000304618F00BFF437C5B071AD5304618F061
:10E9A000E9FEAC1CA4B2844201D90020F8BD29467E
:10E9B0003046F6F7ADFB0746691C304689B2F6F7DC
:10E9C000A7FB1FB1874201D8FF28EED104EB470413
:10E9D000A4B2304618F0CEFE84428CBF0020012045
:10E9E000E4E7F8B5054607F0B2FA0446284618F001
:10E9F000DDFE0746284618F0BDFEA31C9BB28342ED
:10EA000001D90020F8BD002CFBD021462846F6F79E
:10EA10007FFB611C064689B22846F6F779FB0F2E6C
:10EA20000346EED81A4A925D1444721EA4B2092A13
:10EA30000ED8DFE802F009050D0D150D0D1C222280
:10EA4000D80644BF0834A4B2990601D50834A4B24C
:10EA5000284618F08FFE84428CBF00200120D1E7A9
:10EA60007A7CD206CDD504EB40039CB2F0E700F0EF
:10EA70001F0303EB43032344F7E71F2805D8092EA0
:10EA80000ABF430002239BB2F5E7C828B9D1DFE7EC
:10EA900024A00308F8B5054607F059FA06462846AB
:10EAA00018F068FE731C9BB2834201D90020F8BDA8
:10EAB000002EFBD031462846F6F72AFB00F00C0367
:10EAC000042BF3D000F00307022F2AD1002BEDD145
:10EAD00010F0100F0CBF0824022434440306A4B223
:10EAE00017D5284618F046FE631C9BB28342DDD83A
:10EAF00021462846F6F70CFB012F00F00303D5D082
:10EB0000032BD3D01BB1022F14BF022303232344B2
:10EB10009CB2284618F02EFE84428CBF00200120B3
:10EB2000C5E7012F06D0C20604D40C2B14BF08245D
:10EB30000924D2E70224D0E707B50020054B064A96
:10EB4000186004230DEB03010190FBF78BFC03B06D
:10EB50005DF804FB7039002063E5110041F20333D6
:10EB600030B585B00D46ADF808300446FBF7F8FE29
:10EB70008DF80A00FBF7F4FE0021000A8DF80B0067
:10EB800005232046CDE9001102AA8DF80C5009F0AA
:10EB9000E9F910B12146FEF7ABFC05B030BDF8B580
:10EBA000064618F003FE092205460021103019F030
:10EBB00052FD00F11004E4B2214630462F8AF6F7E8
:10EBC000A7FA0546304618F0D5FDBA05A0EB0403B8
:10EBD000DBB20BD47C2D0BD0082D0BD8064A2A446F
:10EBE000107C98428CBF00200120F8BD1220F8E76D
:10EBF0000320F6E7FF20F4E724A003082DE9F04105
:10EC0000064607F0A0FA0546304618F0B3FDAB1CE7
:10EC10009BB2834202D90020BDE8F081002DFAD0DA
:10EC200029463046F6F774FA12280746F3D8DFF87B
:10EC30003880691C08EB00035C7E304689B2F6F729
:10EC400067FA2C44052FE4B206D10528E3D88044A6
:10EC500098F82C302344DCB2304618F08BFD844207
:10EC60008CBF00200120D7E724A0030838B5044654
:10EC70000D4619F06EFD40B1AC4206D0204619F0A9
:10EC80009FFABDE8384006F037BE38BD2DE9F041A7
:10EC900005460C4606F07CFC082835D02846A78897
:10ECA00094F8078006F042FF0646284606F066FC08
:10ECB000010610D5154B1B78042B0CD1144B1B7877
:10ECC000022B08D1134BB3F868204FF6FF739A421A
:10ECD00001D00BF0EBFC4FF6F77362889A4202D832
:10ECE0006378DA070ED523789B070BD1324641466D
:10ECF0003846FCF777FD80F00100C0B200F001005B
:10ED0000BDE8F0810120F9E70120F9E72035002076
:10ED100017350020101C002008B50648F7F7ACFA9C
:10ED2000054B1B78033B012B03D8BDE808400BF0D3
:10ED3000BDBC08BD904800202035002010B5044619
:10ED4000084619F0C3FAFF280DD019F091FA0346CE
:10ED500010F0010006D05B0843EAC17383F00103A1
:10ED600003F0010010BD04F00100FBE70148F5F7D6
:10ED700065BF00BF242D00200148F5F75FBF00BF2D
:10ED8000C8390020F8B500250A4E0B4F3378ECB295
:10ED9000A34204D8BDE8F8400848F5F74FBF07EB99
:10EDA0000414A01CF5F74AFF201DF5F747FF0135B5
:10EDB000ECE700BF16350020E02D00202C2D0020B0
:10EDC00010B5064CA01CF5F739FF0548F5F736FFDE
:10EDD000201DBDE81040F5F731BF00BF183A0020F4
:10EDE000202D00202DE9F04335488DB0F7F744FA87
:10EDF00019F01EFC334DAB68C41A4FF47A73B4FBA0
:10EE0000F3F4A4B214B119F013FCA8602E4F4FF61E
:10EE1000FF763B88DFF8B480ADF80A3000233B80F2
:10EE20000DF10A000BF0AAFF054658B9274B1B88C5
:10EE30002BB14FF47A712248714318F07BFD0DB06D
:10EE4000BDE8F0834FF0000924234A462946CDF857
:10EE5000009003A819F04AFCBDF81A30A34294BFF1
:10EE6000DB1A1B1B9BB2ADF81A30CBB9FBF778FD50
:10EE7000BDF8183003F04003184380B218B93221AE
:10EE800003A8F5F7D7F8BDF818301B0602D5089887
:10EE9000F1F7B9FAB8F80030013BA8F80030BFE745
:10EEA0009E4228BF1E460123294600934A4624233A
:10EEB00003A819F01BFC2946384619F051FCAFE7AE
:10EEC000001F0020183A0020C8390020CA3900204D
:10EED0002DE9F04F3B4C1E46638889B0049088466C
:10EEE00010469DF848505BB952B1F6F7C1F9608001
:10EEF0004FF4FA61344809B0BDE8F04F18F01ABD7C
:10EF0000DFF8CC90B9F80070002F49D0384618F0DF
:10EF100031FCC0F34705384618F048FCDFF8B4A0D0
:10EF20000295BAF80030DFF8B0B00193BBF80030BA
:10EF3000074600930022334601202449F6F7DFFB01
:10EF4000ADF81E00F8B13946012607EB4505A94288
:10EF50000DD1C6B9BDF81E30ABB13246414604985A
:10EF600005F028FCABF80060AAF800600BE0012374
:10EF70000DF11E001A460591F5F7F0FF05990646BA
:10EF800002310028E3D00023A9F800302378013BA8
:10EF9000DBB22370002BABD109B0BDE8F04FDFE44A
:10EFA000637823B919F082F908B9012363702A46FE
:10EFB00031460520FDF73AF80028EDD1607009B020
:10EFC000BDE8F08F183A0020F448002007A003089D
:10EFD000202D0020DC2D0020DA2D002038B5124D28
:10EFE0002B78023B012B1AD8104B1B78033B012BCB
:10EFF00017D80F4B1C78A4B9FDF73EF92B78032BDB
:10F0000007D12346FF2221460120FDF7AFF801205A
:10F0100038BD0BF04BFB003818BF0120F8E7172074
:10F02000F6E70220F4E700BF173500202035002066
:10F03000F639002038B5044689B118F0B7FBFF2334
:10F040000372204618F0B2FB002343724FF0FF30EA
:10F0500017F00AF80546204618F0A8FBC5602146BF
:10F06000BDE83840014819F07BBB00BF2C2B0020C5
:10F0700038B50B4B05461B7873B101335C08094B5F
:10F08000188818F093FB002330F81320AA4205D00B
:10F090000133DAB2A242F7D3002038BD0120FCE7E9
:10F0A000222D0020242D002037B54FF6F675ECF701
:10F0B00015F8431E9BB2AB420446F8D8FBF76AFF33
:10F0C0000028F4D169462046FCF76AFA0028EED001
:10F0D000204606F02FF901460028E8D101222046FB
:10F0E000FCF752FB0028E2D12046FFF7C1FF0028C1
:10F0F000DDD1204619F02DFB0028D8D12046F4F7A9
:10F100009DFD0028D3D1204603B030BD70B5044624
:10F1100008460D4619F0DAF8FF2807D0FFF7C4FFBC
:10F1200001230246214628460AF0E5FF204619F051
:10F1300047F8FF2805460CD019F09AF8C20709D500
:10F14000830707D4084A32F8153043F4806322F865
:10F15000153070BDFFF7A8FF2146BDE8704002469C
:10F16000012300200AF0C7BFA43400202DE9F04F8E
:10F1700011F00F0904460E4615468FB056D1DFF840
:10F18000B8A0DFF8B8B0DAF8003009A8CBF80C3036
:10F19000F0F728FE09238DF82430264B09A80D939B
:10F1A000F2F75CFF01A909A8F2F778F826F00F083A
:10F1B000A84405AF45450ED1236901A93344236115
:10F1C00009A8F2F7A5FDDBF80C30CAF80030484674
:10F1D0000FB0BDE8F08F94E80F00A44687E80F0059
:10F1E0002B4605F1100E624618685968083303C2B1
:10F1F00073459446F7D1394609A8F2F789FD09A865
:10F20000F2F72CFF2146012022460DF08AFF631EF3
:10F21000691E04F10F0013F8012F11F801CF83428A
:10F2200082EA0C021A70F6D11035C3E74FF00209DA
:10F23000CDE700BF004440046C390020183A00209C
:10F24000F0B5174685B005460C46102200216846E9
:10F2500016F048FEBFB3C4B30F2C04F00F0608D954
:10F2600024F00F043A4621462846FFF77FFF40BBB3
:10F27000274432463946684617F001FC80222F6940
:10F2800006F1100337446B44B7F5005F03F8102C08
:10F290002F61C6F110061AD3062E1FDDFB001A0ED1
:10F2A0008DF80A201A0C5BBA8DF80B20ADF80C30E3
:10F2B0006A4610212846FFF759FF00202B69103BB2
:10F2C0002B6105B0F0BD3E46D8E72646D6E7022EB4
:10F2D00004DDFB005BBAADF80E30E9E76A461021A9
:10F2E0002846FFF743FF2B691022A3F110040021E9
:10F2F00068462C6116F0F6FDB7F5005F4FEAC403CF
:10F30000CDD2E7E770B505460E4686B0144600211B
:10F31000142201A816F0E6FD3246294601A8FFF79F
:10F320008FFF2246054601AB05AE1C4603CCB44216
:10F3300010605160234602F10802F6D1284606B05B
:10F3400070BDF7B5044600200E46FFF74BFD104B8D
:10F350001B88A34202D8212003B0F0BD0D4F002529
:10F36000388819F015FA01460029F4D0A54208D1D1
:10F370000024242322463046009419F0B7F9204691
:10F38000EAE7388819F009FA01350146ECE700BFD1
:10F39000CA390020C83900202DE9F04780461746B9
:10F3A0000E468CB061B903ADDFF86C904FF0000AE7
:10F3B000B9F8000019F0ECF904461CB920461CE02D
:10F3C0000D46F1E70022214624232846CDF800A06F
:10F3D00019F08CF908224146284617F040FBA0B9E5
:10F3E0002B7C93B967B93EB921460B480CF0B2F9B2
:10F3F0000A4A1388013B138001200CB0BDE8F08756
:10F400003B88AA8953405B06EDD52146B9F8000038
:10F4100019F0C3F90446D0E7C8390020CA390020E2
:10F42000F0B58BB00C4601A9FFF7B6FF064648B30E
:10F4300025220021E01C16F055FD0123A3700E23A8
:10F44000BDF810702380FA0509D525464FF487735F
:10F4500025F8043B0AAB13E90F0085E80F003B06D3
:10F4600005D5238843F080032380069B636001ABAE
:10F4700003CB039BC4F81D00A361044BC4F8211007
:10F480001B68636130460BB0F0BD00BF74390020CB
:10F4900030B504460D4687B001A8F0F7A3FC2068FC
:10F4A000616802AB03C39DF8113001A843F002026A
:10F4B0008DF811202A88510644BF43F006038DF8C9
:10F4C0001130530542BF9DF8113043F008038DF809
:10F4D0001130F0F7D1FFB0FA80F0400907B030BD2D
:10F4E00070B58AB00D46002201A90446FFF754FF0B
:10F4F00088B1204604A9FFF7CBFF60B1BDF81060CA
:10F50000FBF72EFA38B9720601D5730503D52946E3
:10F510002046F4F78FFD0AB070BD042307B5012023
:10F520000DEB0301044AFAF79DFF019B034A1B03FD
:10F53000136003B05DF804FB63E51100703900202F
:10F540007FB511230120094A01A9FAF78BFF084B67
:10F550009DF814201A70074B187828B1431F5842A1
:10F56000584107B05DF804FB0120FAE779EB010090
:10F57000E6290020A21F002070B50C4611460E4A55
:10F5800023781278064613F0200542EA030222701F
:10F5900018BF611D082216F0ADFC002D0CBF052020
:10F5A0000D20D4F80130B3602378337303F01803CF
:10F5B000082B08BF013070BDA21F00202DE9F041CB
:10F5C000002686B0074608460C4615469846CDE903
:10F5D000026604968DF8146018F0CCF8411BCBB28B
:10F5E0000D2B28BF0D232A462146009602A819F0AC
:10F5F0007DF8424602A93846FFF7BEFF0646294677
:10F6000020469DF80820F5F71EFE304606B0BDE8FE
:10F61000F0812DE9F3410F460546164618F0AAF889
:10F620004FF00008C41BE4B2294623463A46304650
:10F63000CDF8008019F05AF80121284618F0D4F8C6
:10F6400088B10121284618F0CFF8074618F092F843
:10F650000546C3B2424630193946CDF8008019F04C
:10F6600045F82544ECB2204602B0BDE8F0812DE912
:10F67000F04F85B00C46054691461F464FF0010AF3
:10F68000DDF838809DF83CB018F074F822463B460F
:10F6900029460646CDF800A0484619F027F85146FD
:10F6A000284618F0A1F83C4418B35146284618F0F3
:10F6B0009BF8F6B2B442814610DAE7B2F31BDBB234
:10F6C000404622462946CDF800A003935F4419F036
:10F6D0000DF8039BBF1B984407F0FF0B012300228A
:10F6E0000E9349465B46404605B0BDE8F04F18F022
:10F6F000FDBF5B4622462946CDF838A0F3E738B572
:10F70000104B04461B7808468BB9012038BDA24235
:10F7100005F101050DD19B6B98470028F5D11E20FE
:10F7200022464FF6FF7117F087FC0020EEE7002518
:10F730000549EBB201EBC30393F83420002AE6D16C
:10F740001446ECE76646002024A00308002313B506
:10F7500002220380044601A91248F1F771FC2D280A
:10F7600001D011280BD14FF6FF7302220D480DF185
:10F770000601ADF80430ADF806300EF041FF9DF8FB
:10F780000430BDF804201BB1238843F0010323801B
:10F790000020FF2A82BF238843F00203238002B0A7
:10F7A00010BD00BF603202E013B5044601A8FFF7A8
:10F7B000CDFFBDF80430DA0710D49B0707D4102220
:10F7C0000021204602B0BDE8104016F08BBB224657
:10F7D00021461020FFF796FD0028F0D102B010BDA1
:10F7E000F7B50F469DF828100446DDE90B061D46C7
:10F7F000D1B94FF6FF7300209C421FBF134B1C80F2
:10F80000134B1A70BDF82420124B39461A80009011
:10F810002A4606209DF820300CF07EF810B90EB173
:10F82000AB7A337003B0F0BD68B14FF6FF739C4202
:10F830001FBF064B1C80064B1A700AF0DDFA002829
:10F84000E0D11920EEE72120ECE700BF5046002070
:10F850006A29002068290020034B1B78002B14BF65
:10F86000442056200E307047A21F0020024608B5E3
:10F87000FFF7F2FF510544BF0838C0B2130544BF7B
:10F880000838C0B208BD30B50C4605460E4B87B0EF
:10F890001868596803AA03C298680C4910609A88CE
:10F8A000DB8852BA009423F04003ADF81020ADF885
:10F8B00012300988FF2303AA0720ADF80E500CF080
:10F8C0002BF807B030BD00BF9634002094340020E0
:10F8D0002DE9F04F074689B0104615461C468A466A
:10F8E00006F035FB01462846F5F712FC0646284689
:10F8F00017F05CFFB0F81480FBF732F840454FD0AA
:10F90000B2074DD1DFF8A880284605A9B8F800B0A5
:10F9100006F03FFC9DF81930A8F80070FBB9BDF85F
:10F920001430E3B9284617F041FF4FF6F773B0F8EB
:10F9300012900134994594BF4FF000094FF001092E
:10F940000123E4B22A463846CDF8009005A9039376
:10F9500007F07EF9039B40B90133A3421ED9002072
:10F96000A8F800B009B0BDE8F08F022CF8D1012B47
:10F97000F6D10C4A0C4BA3F800A01378591C117057
:10F980000A4A7F3B16F00C01137007D1BDF81A30FC
:10F990005B0603D5BDF81600FFF775FF0223D1E71C
:10F9A0000020DFE7A01F0020504600206A29002029
:10F9B00094340020042307B501200DEB0301054A10
:10F9C000FAF750FD019B044A1B03136003B05DF876
:10F9D00004FB00BF23E111007439002038B5002278
:10F9E00004460D46FAF760FE50B9FF22294620462C
:10F9F000FAF75AFE80F00100C0B200F0010038BDF5
:10FA00000020FAE701461A230120014AFAF72ABD2D
:10FA100024E10100F0B5164691B0074609A80D464D
:10FA20001C46FFF7EFFF3EB1336845F04005CDF8C7
:10FA300026307368CDF82A301B4B1A6822EA070279
:10FA400042EA050119604B040DD5BDF824200B0ACC
:10FA500003F4E243C9B222F4E3420B4322F07F02F3
:10FA60001343ADF824301A230020104A09A9FAF7ED
:10FA7000F9FCB4B104A8F0F7B5F902236A468DF891
:10FA800010301546234604F11006144618685968CC
:10FA9000083303C4B3422246F7D1294604A8F2F73B
:10FAA00037F911B0F0BD00BFE834002024E10100B7
:10FAB00000231A46AEE710B50C4B0446186888B010
:10FAC000830706D54FF0FF3323600120636008B041
:10FAD00010BD10F04000FAD001A8FFF793FFDDF849
:10FAE00006302360DDF80A30EFE700BFE83400207D
:10FAF0002DE9F04FA5B007460C461E4692469DF8EC
:10FB0000B880B2B115462846F0F76CF918F0020F2C
:10FB10000DF11C090FD004B91DAC4B4622462946F5
:10FB20003846F2F7A6FC0EB10023336025B0BDE8DD
:10FB3000F08F13ADE7E74B462946384603AAF2F7A4
:10FB4000A7F86B7808F00108FF2B25D0002840F0BB
:10FB5000A5804CB103AA174603CF4F4520606160D2
:10FB60003A4604F10804F6D126B16A784C4B03EB0F
:10FB700082033360B8F1000F01D10020D6E7BDF851
:10FB80001C30DB06F9D418204FF6FF716A7817F0A5
:10FB900053FA40F60E40C9E7DFF80C91D9F800B0EF
:10FBA0003EB1FAF7DDFE10B11BF0020F46D0002384
:10FBB00033600BF0300BBBF1100F02D0BBF1200F04
:10FBC0003ED11DA8FFF71EFF082238460DF1760131
:10FBD00016F045FF28B1D9F8003003F04403402B5C
:10FBE0002ED0B8F1000F2ED1CDF804804FF0020BCB
:10FBF00018A80DF13C08F0F7F5F80BAE414618A82F
:10FC00008DF860B0F1F74AFB98E80F0085F800B076
:10FC100086E80F008CBBBAF1000F0BD0FAF7A0FEFC
:10FC2000002837D1D9F8003003F08403842B31D178
:10FC300010236B80019B002B9FD0A4E7194BB7E7E3
:10FC400040F60A4072E7B9F8023003F0010301936D
:10FC5000CCE7D9F8003003F08403842B11D118A825
:10FC6000F0F7C0F818A88DF860B0F2F7F7F922465F
:10FC700008213846F0F77DFDDAE7FAF771FE002833
:10FC8000E7D0334603CB4345206061601E4604F154
:10FC90000804F6D1281DFFF70EFFCBE72D2045E71E
:10FCA00018390020C4390020E83400202DE9F04F35
:10FCB00099460023D5B0DDE95E8797F800B0054688
:10FCC0000FA80E4614460693F0F78CF81BF0030AB3
:10FCD0003CD08DF81C900DF11D03002208214046F8
:10FCE0000393FAF7E1FC00286DD0208817F05EFD41
:10FCF0003B7814A91B074CBFB0F814A0B0F812A0B1
:10FD00005046FAF791FD9DF81C30990632D52088AF
:10FD100017F030FD06F10D03834214D80023009341
:10FD2000404608232188721D18F0E0FC3B7803F060
:10FD30001803182B47D1BAF1000F44D0B44BB3F8D5
:10FD4000683053453FD040F60A4325E0208817F03D
:10FD500011FD731D8342F6D8CDF800A0052332466D
:10FD6000218807A818F0C2FC9DF81C9007AB09F089
:10FD70001809B2E700BB41465046FBF711FC0028CA
:10FD8000D4D03B789A07DED053464022012150461A
:10FD90000BF0A6FD40F609433A7812F0030540F057
:10FDA00033812088039305F0C1FE2A4601461A20BC
:10FDB00017F042F9039B27E114AB03CBC8F800000E
:10FDC000C8F80410B2E7609B002B00F0B080092354
:10FDD00060990FA88DF83C30F1F79AFF629B0BB148
:10FDE000629B0693B9F1000F40F0E1800FA8F2F793
:10FDF00035F997F800B01BF0030900F0EF80DFF849
:10FE00001C82D8F80030C3F30B0313B981480EF0FD
:10FE100089FDD8F800200120531C0399C8F8003050
:10FE2000F0F728F83B789B070DD52946208806F087
:10FE300061F9093550FA85F5EDB22946208806F0BA
:10FE400024F94619F6B23B7807A813F0C20F039BBA
:10FE500003F104030BD002786F4942F02002039FA4
:10FE600002700A687A604A685A603B460C33012780
:10FE70001B1A009732469BB2218818F037FC39468E
:10FE8000208817F0B1FC644B32462188ADF816008B
:10FE90000BA8FFF793FB0DF150082946424637188F
:10FEA0002088FFF7B6FBFFB22B18BB4208BF0746FE
:10FEB00082461CBF7F1BFFB23B4642460121CDE973
:10FEC00000080BA80AF058FAAAEB0700C0B208EB2A
:10FED0000703009301903B46424629462088FFF7DE
:10FEE000C6FB258831462846F5F712F9314600F061
:10FEF000F8022846F5F7A7F90121208817F074FCCD
:10FF000008EB0A09012304224946002861D00DF1BB
:10FF10001600F5F723F801210546BDF816202088C4
:10FF200017F076FC002D40F0968000236CE0619B7A
:10FF30005BB19E460DF13C0CBEE80F00ACE80F0033
:10FF4000DEF80030CCF8003048E729462088F5F785
:10FF5000DFF80BF0200A10F0030F0CBF4FF0010B7D
:10FF60004FF0000BBAF1000318BF01234BEA430323
:10FF70000093404606AB61990FAAFFF7B9FD03460F
:10FF8000BAF1000F0FD000283FF42CAF06AB0FAA38
:10FF900040466199CDF800B0FFF7AAFD03463A78D4
:10FFA00022F020023A70002B3FF41CAFF4E6B9F1C6
:10FFB000100F06D1BDF83E3043F00103ADF83E30DE
:10FFC00014E7B9F1180F43D1BDF83E3043F00203F6
:10FFD000F4E72046F4F7C2FF0546A3E70DF11D0044
:10FFE0000AF05AFB1BF0040B8246208818D1069BAE
:10FFF0004BB31B68534528D905F098FD5A46014676
:020000040802F0
:10000000162017F019F80123184655B0BDE8F08FF7
:10001000101C002023E11100F71B00207439002080
:10002000DFF838804346324629460AF0A5FA002810
:100030003FF489AEB9F1000F3FF477AF069A0AF1A9
:100040000103136071E79946ECE74FF00109E9E716
:1000500040F60A43D8E71923D6E700BFF71B002074
:100060002DE9F04F0446B1B000888DF82F301646C8
:10007000894605F06CFF01468046208806F005F8A9
:1000800000EB0807208806F05EF800239DF82F504B
:10009000FFB215F0010A0790ADF8363008D10146DD
:1000A0000DF13602208805F00DFF08B1ADF836A03D
:1000B00016B9CDE90E660EAE904B1B881BB145F00C
:1000C00020058DF82F500023CDE9033302930DF165
:1000D0002F03CDE9006322464B4639464046FFF7E1
:1000E000E5FD0546002800F0CB809DF82F3013F089
:1000F000010A49D123F020038DF82F30FAF730FCA4
:1001000070B17F4A12AB1068516803C310A8FFF7A3
:10011000D2FC0546794B1A881FFA8AF39A423CD8DA
:100120003A9B13B100233A9A1370BDF83630D3B11D
:100130000121208817F058FBB4F800A005460028DC
:1001400000F0BC800121504617F04EFBBDF836A0F0
:100150000546504617F00EFB002300905246194604
:100160002846F5F793F80023CDE9033302930DF108
:100170002F03CDE9006322464B4639464046FFF740
:1001800095FD054600287BD0FAF7EAFB002840F0F1
:10019000BD80284631B0BDE8F08F14AB18AA26A95F
:1001A0005FFA8AF0F2F787F9002840F0848008228D
:1001B00012A927A816F053FC8346ADB19DF8A530CF
:1001C00013F0020F08930FD0082210A927A816F0E9
:1001D00046FC48B9089B590706D53A9B13B1012341
:1001E0003A9A1370089507E03A9B002B51D1BBF166
:1001F000000F60D1002308930DF1740C18AB0FCBE6
:100200008CE80F00BDF83630CBB10121208817F003
:10021000EBFAB4F800B000283FD00121584617F09F
:10022000E3FABDF8362083461046099217F0A2FA89
:1002300000231946099A00905846F5F727F8314BE4
:100240000DF1740B0493002303930DF12F03CDE9FB
:10025000006322464B4639464046CDF808B0FFF7CA
:1002600025FD40BB2DB310AA5B464FF482714FF4BD
:100270000050FFF7CFFB089B13B126A8F0F7FCF85E
:10028000FAF76EFB18B1204B1B689A0721D50025A1
:100290007FE700233A9A1370A9E7BDF836200A9049
:1002A0001046099217F066FADDE9092307990090D4
:1002B000C2E72A46D8E70AF1010A2BE7BDF836B0B3
:1002C000584617F057FA2B4600905A465046079961
:1002D00047E70A4B1B88002BD9D0094A18AB106896
:1002E000516803C3002226A918A8FFF799F800282F
:1002F000CDD026A918A8FFF7CBF8F3E7CA3900201C
:10030000969B0308C4390020E83400209DF82F3064
:1003100003F01103102B7FF43CAF464B1B78432BAB
:100320007FF437AF444B1B685B067FF532AF208804
:1003300017F020FA7B1D83423FF62BAF3946208809
:10034000F4F7E6FE3D4B10F0200F08BF1E4612A842
:10035000FFF7B1FB0822314612A816F080FB0028F7
:1003600064D0802112A80AF079FAFF2882460AD0C8
:1003700026A9F0F7C1FE3068716826AB03C350466A
:1003800026A9EFF76BFD4FF0010A012326AA00937F
:1003900018A9002312A8FFF7ABFB00287FF4F9AEE1
:1003A00026ABCDE902030DF12F0612AB04900093AA
:1003B00022464B46394640460196FFF777FC002817
:1003C00036D0BDF89A30102043F0080314AA18A9BB
:1003D000ADF89A30FEF796FF00287FF4DAAE26AB30
:1003E000CDE9020312AB0490009322464B463946F6
:1003F00040460196FFF75AFC054600287FF4C9AE37
:1004000014AB4FF49071002012AAFFF703FB4FF0DA
:1004100000510020FFF74CFBBAF1000F3FF437AF5B
:100420004FF080510020FFF743FB30E78246ACE7F6
:1004300018ABE6E717350020E83400207A1C0020CE
:100440001FB502A8FFF737FB002340B11A46194633
:10045000009302A8FFF74CFBB0FA80F0400905B00A
:100460005DF804FB49B9084B197849B14EF6602391
:10047000594328B1054817F05DBA41F28831F8E7D1
:100480000248F5F7F9BE00BFB6290020801F002002
:1004900038B500240F4B104D2A78A24205D8C2B9B6
:1004A000BDE838400D48F5F7E7BE598869B9013A0B
:1004B000D2B2A2422A70EFD0121B184603F11001EB
:1004C000120115F017FD0346E6E701341033E4B2DC
:1004D000E2E738BDE02D0020163500203847002027
:1004E000002230B5094B1D78094BD4B2A54201D882
:1004F000002030BD1C7A844202D19C798C4202D00B
:1005000010330132F1E70120F3E700BF1635002078
:10051000E02D002008B500220346C3F80220C3F8EE
:1005200006200B4A02301268D1B212F0200F18BF19
:1005300041F010011980930701D4FFF7BCFA054B75
:100540001B78023B032B8CBF1720002008BD00BF87
:10055000E83400201735002038B505460C46FEF774
:10056000EFFF98B10E4B187878B10E4B1B681A0448
:100570000FD58CB113F0420F00D17DB103F440735D
:10058000B3F5407F0CBF0020232038BD40F6084063
:10059000FBE740F60B40F8E72046F6E72320F4E7B8
:1005A000A21F0020E8340020F0B504468DB007A853
:1005B0000D461646EFF716FC1022002103A815F091
:1005C00091FC5CB1234603AC03F110072246186886
:1005D0005968083303C2BB421446F7D1012703A967
:1005E00086EA070307A88DF81C708DF81D30F1F717
:1005F000CDFE80EA070401A8E4B2F0F717F9F6B1DE
:1006000001A88DF80650EFF7F9FBA4B1002403A967
:1006100007A88DF81D40F1F77BFB104B1B78432B8F
:1006200009D10F4B21461A780E4B0F481B781A44FC
:10063000920015F057FC0D4B1D700DB0F0BD01A8D8
:100640008DF80750EFF7DAFB002CF6D003A907A8C6
:100650008DF81D70F1F75CFBEFE700BF1735002048
:10066000644500206047002088360020E6290020ED
:100670002DE9F041012492B080460DA80D46EFF718
:10068000B1FB09A90DA8ADF83440F0F707FE03A8A7
:10069000F0F7CCF805A90DA88DF835409DF80E703F
:1006A000F0F7FCFD0DA89DF80F60F1F763FE04461E
:1006B00000285AD1BB1BDBB2802B3DD9B8F1000F0B
:1006C00003D0AF4238D0AE4236D109A90DA8F1F718
:1006D0001FFB01A8F0F7AAF801A88DF80770EFF743
:1006E0008DFB012205A83146FFF75EFF0022204B5B
:1006F0001878204BD1B2884203F1120320D81E4B48
:100700001B78013B012B23D901214FF4007004F029
:10071000FFFA1A4B1B68B3F1004F01D9FEF70CFA30
:100720006E22174B03211B786846ADF800208DF828
:10073000023001240CF0CEFC204612B0BDE8F0815E
:1007400013F80D1C013221F0100103F80D1CD1E744
:100750000C4B19780C4BE2B29142D5D91A8801346E
:1007600022F4805223F8022BF5E70024E4E700BFCF
:100770004C3700204E3700202035002070390020F3
:10078000E629002060470020A434002030B5012471
:10079000054689B003A8EFF725FB01A88DF80C40AA
:1007A000F0F744F89DF806209DF80730AA4209D0DA
:1007B000AB4209D103A88DF80D40F1F74FFC0120A1
:1007C00009B030BD0024F5E70020F9E70022102130
:1007D000F9F76ABF70B58EB0068804461022002172
:1007E000684615F07FFB464B1B78002B40F0858058
:1007F000B50507D504F11200FFF7E8FF10B1292075
:100800000EB070BD06F08403842B01D1B00716D45E
:1008100000223C4D11461046FFF7C6FE16F4045F59
:100820002E6040D0B10435D51422374809A9F0F71D
:1008300007FC0028E4D1BDF82430DA0701D52320D5
:10084000DEE713F0060FC3F3410208BFC3F34122F2
:100850002E4B0DF12601134493F8646004A8324630
:1008600016F00DF9BDF8363006F138026A4402F888
:10087000283CB01C1B0A02F8273C04A9A21CC0B2E9
:10088000FEF740FD0028BBD12B6823F4005343F44E
:1008900080732B60A01CFFF799FF0028AFD12B6855
:1008A00043F020032B602E6846F4004216F4805675
:1008B0002A6009D1FEF740F9154B0422154809A911
:1008C00009961E600DF09CFE2968A31C11F04002E1
:1008D00018BF04F123024FF07F60FFF79BF82B68ED
:1008E0009B0506D5012294F8221004F11200FFF7AF
:1008F0005BFE0020084B186082E7022080E700BF03
:1009000017350020E8340020703214E024A00308DA
:100910007439002023E11100C4390020044B1B6806
:1009200013F0300F03D020213020FFF7C1B87047FB
:10093000E834002008B5FAF713F8044B1B6810B927
:10094000C3F3800008BDC3F30050FBE7E834002088
:100950002DE9F047074688461046002188B09146A9
:100960001D46F4F7D5FB102806460CD8594B034119
:10097000DA0708D4C5F34004B9F1000F13D1002001
:1009800008B0BDE8F087544B1C78002CF4D0FFF77A
:10099000D1FF00280CBF4FF4F0744FF4D074F44032
:1009A00004F00104E8E7C82315F0010F00933A466C
:1009B0004FF000030CBF08214FF40271484607F0C6
:1009C00019FAADF80E000028D9D0DFF8109115F013
:1009D000080A99F800202FD14FF6F773A6F10F02FD
:1009E000D2B29F428CBF09230123012A01D843F0D0
:1009F00040038DF8103099F800305A1C89F8002017
:100A00008DF81130A4B39DF81030052E43F020036B
:100A10008DF8103054D10121BDF80E0016F0E4FE1F
:100A20000121F4F775FB0123834013F0620F0CBF23
:100A3000182610260F221DE001238DF81120D11851
:100A40000E228DF81220D8F8002089F80010CDF879
:100A50001320D8F8042004A9CDF817200DF10E00BA
:100A60000B228DF81030F4F779FA0028B4D086E71D
:100A700026460222012304A90DF10E00F4F76EFAB6
:100A800000287FF47CAF84B1BAF1000F1AD00223A2
:100A90004246009031460DF10E00FFF7E1FA0038B2
:100AA00018BF012000287FF46AAFBDF80E000028AF
:100AB0003FF465AF6B070AD53946FCF719FD5FE7D0
:100AC0000026B7E741235246CDF800A0E2E7FDF744
:100AD00019FA55E79FFEFEFFA21F0020A11F00206C
:100AE000F0B587B00546F9F73BFF10B9022007B013
:100AF000F0BD354B1B78002BF8D001A8FEF7DBFFCB
:100B000007460028F2D05DB9304B1C6814F002048F
:100B100030D14FF481633E460221ADF80C3022E023
:100B20002846F9F765FF06460028DFD1274B1B68EA
:100B30009B0727D5264B1B78112BD7D1254BB3F814
:100B400068400822294601A815F089FF0028E0D056
:100B50004FF402730A21ADF80C302B68CDF80E303B
:100B60006B68CDF8123003A809F046F9024658B96F
:100B70001920BCE7164B1B78112BB7D1154BB3F8D6
:100B80006840C6E70446DCE7104B196801F0300303
:100B9000102B17D0202B14BF01230323490001F091
:100BA00004010B4320460021FFF7D2FE0028DFD0CE
:100BB00000210120FFF756FC16B10122064B1A74E2
:100BC000002094E70323E9E7A21F0020E834002077
:100BD00017350020101C0020183A002030B5104CAA
:100BE00085B024681D4614F00204089B15D1CDE998
:100BF0000002CDE9023406220B4620460949F4F7EB
:100C00007EFD024648B1002D0CBF0123032321467F
:100C1000204605B0BDE830409AE6002005B030BD62
:100C2000E83400200DA003082DE9F04F8DB0804678
:100C300089469B4692469DF85C6042B903A8FEF740
:100C40003AFF002848D100200DB0BDE8F08F1746CC
:100C50000021232016F004FEADF80A000028F2D08F
:100C600016F0A4FD05230446F20600F8023B84F8C2
:100C700001B033D51122002115F034F904F1130528
:100C8000BBF1030F4FF0080247D15146284615F03B
:100C900031F9C6F3801305F109012B72091B89B2E2
:100CA0000DF10A00F4F709FA0028CCD173070BD52F
:100CB000404617F085FAFF281FBF214A32F810304E
:100CC00023F4804322F81030334649464046BDF8AD
:100CD0000A20FFF73DFEB7E703AFB9E710221699E8
:100CE00015F008F9012303FA0BF313F0620F02D198
:100CF00004F11205C4E707A8EFF774F805A8EFF7A9
:100D000095FD9DF8162016F0200F9DF8173008BFAE
:100D1000134604F11305A374B2E74946284615F0BB
:100D2000E9F8012305F10802121BBDF80A1000932F
:100D30003846082392B217F0D9FC05F11001ADE74F
:100D4000A434002070B5032690B08DF80760F9F741
:100D500007FE18B90224204610B070BD204B1B7846
:100D6000002BF7D002AD2846FEF7A5FE0028F1D0F3
:100D70001C4B1C6814F00204ECD140F20F431A4AD9
:100D8000ADF82430136804A8CDF826305368CDF8A8
:100D90002A30EFF727F895E8030005AB83E8030056
:100DA000062304A88DF81D308DF81060F1F756F970
:100DB0000DF12E0201210DF10700EFF7DAFC1A21E7
:100DC00009A809F019F8024608B91924C3E7012354
:100DD00029462046FFF7BCFD0028BCD1F5E700BF3F
:100DE000A21F0020E8340020F71B002030B50025AA
:100DF00085B0CDE90055F5F73FFAF9F7B1FD1C4C88
:100E000060B904F0AFFB0D25002108462170FFF703
:100E100029FB29466846F3F70DF914E0237813B34C
:100E2000144915480A78007890421CD90132012BE8
:100E30000A700AD109F016F9C0B2A0B941F288319E
:100E40000E4816F077FD05B030BD022B09D12846BB
:100E500002A9FAF7A5FB0028EED102A8FFF740FE91
:100E6000EAE7032B01D00425CEE7FFF76BFFE3E7AA
:100E7000E3290020E4290020FC460020801F0020F8
:100E80007FB50D4600F582300D22694600F5807071
:100E9000F0F7D6F86B462A4602AE1C4603CCB442A5
:100EA00010605160234602F10802F6D120681060FC
:100EB0002379137100236B7304B070BDF0B585B056
:100EC0006A4605460B46164601F10807144618689F
:100ED0005968083303C4BB422246F7D118680D2273
:100EE00020601B7905F582303146237100F5807052
:100EF0000DF086FB05B0F0BD2DE9FF474FF6FF73FF
:100F0000994280460F4610D1F9F772FD044670B938
:100F10004FF6FD79DFF870A01A4E9AF80030E5B26E
:100F2000AB4209D84FF6FF701BE00024F0E704B095
:100F3000BDE8F047F9F714BD36F815304B4515D824
:100F400069462846FFF79CFF082241460DF105003F
:100F500015F085FD4FF6FF7350B99F4204D136F866
:100F6000150004B0BDE8F08726F815700134D4E709
:100F70009F42FBD036F81530BB4208BF26F81590CB
:100F8000F4E700BF4C3400201D45002008B5054B98
:100F90001B78834203D9FFF773FF002008BD282088
:100FA000FCE700BF1D4500202DE9FF410446002657
:100FB000DFF86880164F98F80030F5B2AB420BD8D6
:100FC00000224FF6FD75134B1878134BD1B28842AF
:100FD00014D804B0BDE8F08137F81530A3420BD126
:100FE00069462846FFF7D2FF9DF80030022B1CBF50
:100FF0004FF6FD7327F815300136DCE733F80C1C8B
:101000000132A14208BF23F80C5C0C33DEE700BFBD
:101010004C3400209C440020AC1D00201D450020C5
:101020004FF6FA72431E9BB2934273B5044632D810
:10103000FEF71EF878BB1E4B1B78042B2BD02046E6
:1010400017F07AFBFF2801D0FAF78AF8204601A9A9
:1010500004F05AF808B104F08BF82046FFF7A4FF1B
:1010600004217C23134E0DEB0100ADF80430ADF8E4
:1010700006400CF02FF831780F4D71B1288816F02A
:1010800095FB054601461E22023014F033FF3378EB
:101090002C801E2B08D902B070BD202016F0E0FB7A
:1010A00028800028EAD1F6E702333370F3E700BF67
:1010B00020350020222D0020242D002038B5114B92
:1010C00005461B78022B1CD1F9F74AFC0446F9F7B8
:1010D00047FCFFF7A5FFFDF7E7FFF9F75FFC0020EE
:1010E000FAF702FF40F60740F3F7C0F82DB10D22E2
:1010F00021464FF6FD7008F0CBFFBDE8384003F005
:101100000BBC38BD2035002038B504460D46FDF730
:10111000AFFF70B92046FFF783FF21464FF6FD7001
:101120000D2208F0B5FF29462046BDE83840FDF7FE
:10113000EDBF38BD2DE9F04F0446408891B00E292F
:101140008846ADF81A0000F0818094F80890A779DD
:1011500016F02CFB09A90546BDF81A00E67905F042
:1011600018F8BDF81A0004F009FA420542BFBDF8AC
:101170002A3043F40053ADF82A30E379DB0642BF4E
:10118000BDF82A3043F48053ADF82A30BDF82A3038
:10119000980613D5022F5ED10CA9207AFFF7F6FE30
:1011A000DDF83500DDF8391007AB03C307AA0021CD
:1011B000042300910DF11A00FEF752FF0121BDF842
:1011C0001A0016F011FB022F824650D1494B33F81A
:1011D0001950B8F1000F00F08280BDF82A205106A6
:1011E0007DD54FF6FB739D4279D8434B1B78033B6B
:1011F000012B04D8414BB3F86830AB426FD0D30514
:1012000006D5F9F7ADFB0021024628460BF087F919
:10121000BDF82A30D80462D5002F32D1BDF81A00AB
:1012200004F0ACF9C10662D548F23403BDF82620BB
:101230009A420BD1324E96F82000FF2806D00322A6
:101240002946FCF793FBFF2386F820300023236018
:1012500011B0BDE8F08F012F01BF237A294A03EBBB
:10126000430302EB830314BF00229A1C9FE7012F64
:1012700003BF0C2303FB09F3224A6D8A08BFD55A2A
:10128000A7E72846FFF790FEBDF81A0004F076F9AC
:10129000C206C9D463895046059316F06BFA83469B
:1012A000504616F083FA059B02905FFA8BF04A468F
:1012B000394601900093404609ABF3F7D3FDB8F1EE
:1012C000000F14BF0B20092016F0030218BF02F113
:1012D000FF32294618BFD2B215F0AEFEA4E7BDF822
:1012E0001A0004F04BF9C3069ED4002FD2D1A946B0
:1012F000D0E700BF4C34002020350020101C002017
:10130000F4480020A01D002070B51A4B1A4A1D7821
:101310000023DCB2A54200D870BD144666880133B4
:10132000864202F11002F4D1E379A588E16003F06E
:1013300040028DB9CAB123F00403E37116F036FA06
:10134000037C03F07F03037421880029E4D1BDE806
:1013500070400A4816F0EEBA00216580A180002A8C
:10136000E9D1BDE87040FFF793B82046FFF7E2FEF1
:10137000F7E700BF16350020E02D00203847002099
:101380002DE9F04F89B004460E4604F0E0FD014619
:101390002046F3F7BDFE10F0030340F08E8010F0FE
:1013A0000C0F05D13146204609B0BDE8F04FABE740
:1013B000204604F0E3F8C00651D4204604F0C7FDEF
:1013C00001462046F3F7A4FE0746204616F0EEF944
:1013D0000546B0F8128090F816B005A9204604F032
:1013E000D8FE07F00C076B7C0C2F0CBF03270627D9
:1013F000012113F0010F204618BF032716F0F4F95E
:10140000314B81461B78DFF8CCA0033B012B32D94E
:10141000BBF1010F2FD94FF6F773984502D82B7EF9
:101420001F2B28D9B5F814B0E97D00225846FAF7E9
:10143000ABF905465846FAF723F89DB9BAF80030DB
:10144000A34223D1214A137843F0010313702046AD
:1014500004F01AF900220146072015F0EDFD09B04D
:10146000BDE8F08F6B68BAF80020591C03D08343A5
:1014700001D19442E5E7BAF80030A34208D1134AFB
:101480001378002EE0D143F00303DFE740F628464F
:101490000F4B4846B3F800A016F06CF905464846D5
:1014A00016F084F9EDB20290424639463046CDE955
:1014B00000A505ABF3F7D6FCC9E7012BCFD110F09F
:1014C0000C0FCCD16EE700BF203500202E2D002060
:1014D000682900202C2D00202DE9F04186B004461B
:1014E0000E46174604F054F80C28204640F0908031
:1014F00016F05CF909220021103017F0ACF800F169
:101500001005EDB229462046F3F702FE042868D004
:1015100006D8012823D002282FD006B0BDE8F081DC
:101520007C28FAD1204616F025F9C5B2204616F0DF
:101530003DF99323044632460DF112010120ADF826
:101540001030EEF797FC00232246CDE90033072147
:101550002B4604A88DF81650F3F73AFCDDE746B9A0
:1015600013212046F3F7A5FE06B0BDE8F041F9F7D8
:101570002DBA0022AA4B1A76CFE7AA4B1B78013B63
:10158000012BCAD82046E91CF3F7C2FD0746D6B99D
:10159000C8B9691C2046F3F78CFE0546204604F0C6
:1015A0008CF80446F9F7DCF92A4601462346012067
:1015B000009704F0B9F93A462946102006B0BDE874
:1015C000F04115F039BD0023152200932146082370
:1015D00004A817F08BF804A816F078FE04F08CF934
:1015E0009BE7914B1B78022B97D15EB98F4B1B88E1
:1015F000DC0702D4C3F30E030BB9FAF7CBFE002FBE
:1016000008BF3F26304606B0BDE8F041F2F70BBEFA
:1016100016F0CCF84FF6F773458A80469D42878ACC
:101620000CD8834A138801339BB213800BB9814ACB
:1016300013801EB17F4A13880133138098F810304D
:1016400003F00303012B40F09F80204604F07FFC51
:1016500001462046F3F75CFD043809283FF65DAFEC
:1016600001A353F820F000BF911602081B150208D1
:101670001B150208EB1602081B1502081B150208B1
:101680001B150208D71602081B150208D7160208F8
:10169000204616F08BF80546204604F058FC411C05
:1016A00089B22046F3F734FD40060ED56B7C19074E
:1016B0007FF533AF05F1100004F067FC16F006FE6D
:1016C00006B0BDE8F04104F017B95B4806B0BDE8CC
:1016D000F041FBF7F1BB534B1B78042B7FF41DAF9C
:1016E00006B0BDE8F04108F0E1BF4E4B1B78013B6E
:1016F000012B3FF612AF08F1100004F046FC002762
:101700004E4B8DF81270B3F86830ADF810300028E9
:101710003FF403AF16F0DAFD0546204604F017FC4F
:10172000421C03232146009792B204A816F0DEFF64
:101730009DF81230E6B93C4A1278022A18D1BBB99A
:10174000FF2DBDF810400AD03D4A214632F8153031
:10175000284623F4806322F8153003F037FC204636
:1017600003F05CFD00222146102015F065FCD4E654
:10177000022B3FF4D2AE2BB9314B33F815305A055A
:101780003FF5CBAE284629E7002B7FF4C6AE3146A5
:101790002046FFF7F5FD002E3FF4BFAE4FF6F7737E
:1017A0009D423FF6BAAE98F811305B0705D5284642
:1017B00003F00AFA88BB0B2221E0284604AA0DF1A7
:1017C0000F0103F0CAFD9DF80F3093B9049B83B15C
:1017D0001B7913F0300F0CD0284603F0F5F9A8B9A7
:1017E0000C222946384608F053FC0C22394628467C
:1017F00007E0284603F0E8F978B9124B1A78294631
:10180000384606B0BDE8F04108F042BC0622294641
:10181000384608F03DFC0622E8E70622EFE700BF65
:10182000683600202035002017350020A81F002032
:10183000DA2D0020DC2D0020D448002024A003084D
:10184000A43400206745002030B5124B04461B78B5
:1018500085B0834219D90221FEF742FE0546B0B990
:1018600069462046FFF70CFB9DF800302BB1694616
:1018700020468DF80050FFF721FB4FF6FF72002045
:10188000054B23F8142005B030BD2820FBE740F6B7
:101890000440F8E71D4500204C3400202DE9F04FAE
:1018A00006460D46174698464FF0000A85B09DF84B
:1018B00038B0DFF86490174B5FFA8AF41A78A242C6
:1018C00001D8FF2417E04FF6FD7239F81410914249
:1018D0001DD869462046FFF7D3FA3FB99DF801208D
:1018E000424514D19DF804205A4510D13DB939F82C
:1018F0001420B2420BD1204605B0BDE8F08F08227B
:1019000028460DF1050115F0AAF80028F3D00AF1D8
:10191000010AD0E71D4500204C3400202DE9FF418D
:101920004FF00008174D184E184F2B785FFA88F4C7
:10193000A34202D804B0BDE8F08169462046FFF713
:101940009FFA9DF80030032B06D9002369462046F4
:101950008DF80030FFF7B2FA9DF8002072B14FF613
:10196000FD734FF6FE71032A08BF0B4626F81430AC
:1019700000233C44637408F10108D6E74FF6FF7377
:10198000F4E700BF1D4500204C340020183A002029
:10199000F8B504460C4B0D461B781046A3420DD9F2
:1019A0000C27022117FB04117C43084E0822314406
:1019B00014F0A0FA335B00202B80F8BD00231360E5
:1019C00053604FF6FF73F6E79C440020A01D0020F3
:1019D000F8B50E4604464FF6FF770C4B0C4D1B78BE
:1019E00003EB430305EB8305A54202D80024204600
:1019F000F8BD2388BB4206D008223146A01C15F052
:101A00002EF80028F3D00C34EEE700BF9C440020F1
:101A1000A01D002038B504460D460846FFF7C4FA5D
:101A200029462046FFF768FA21460448FFF7D0FF11
:101A300000B938BD214620F80C5BF7E7A01D002057
:101A4000F7B504460D461746F8F78AFF0646002DFF
:101A500064D04FF6FB739C4260D82046FDF708FB2C
:101A600030B1A64204D12E4B1B78033B012B55D934
:101A70002046FDF7FDFA28B92046F2F7DFF820B13D
:101A8000A64214D1012003B0F0BDA6420FD12846D2
:101A9000F8F7AEFF064608BB0120FFF70FFB214811
:101AA000F4F7EAFB31461F4815F044FFEAE7ACB112
:101AB00069462046F9F774FD024678B90821684660
:101AC000F8F7F2FD50B908226946284614F0C7FF1E
:101AD00020B129462046FFF717FBD3E7F7B1204690
:101AE00016F02AFEFF28064610D02846F9F7B8F966
:101AF000FF2807D00C4B1B7823B90C4B53F8202040
:101B000043F8262029463046F9F7FFFC21462846AF
:101B1000F9F7F0FB21462846FFF77CFF0020B2E7EB
:101B200020350020C01E0020684500208836002097
:101B300037B5014605460E48FFF74AFF044640B157
:101B4000807A2946FDF7FAF880F00100C0B203B0B0
:101B500030BD03460090012229464FF6FF70FFF783
:101B60009DFEFF2817BF034B20461B18587CE8E753
:101B7000A01D0020183A00202DE9F047044688B047
:101B800040888946154615F011FEA3798046082B3A
:101B90005AD8DFE803F0052D16595959595905004F
:101BA000002D48D0408A02A9F9F7FAFC00284BD151
:101BB00002A8FFF7BDFFB0FA80F0400908B0BDE809
:101BC000F08704A9207AFFF7E1F9DDF81500DDF8C8
:101BD000191002AB03C3227A384B02AF33F81260FC
:101BE000374B1344587C75B13946FDF7A7F8E5E744
:101BF000237A344903EB430301EB830231F823607A
:101C0000907A971CEFE74FF6FB7A56450ED9384687
:101C100002F05EFF4FF6FF73984205460DD0014675
:101C20003846FFF7F7FE554508D82E4688F812606B
:101C3000360A88F813600120C0E73546E379DA06F2
:101C400004D440F62243E3600020B7E74FF6FC7669
:101C5000B54214D103F00C030C2B27D1B9F1000FBE
:101C600024D038464FF6FD71FFF7D4FE40F61F41F1
:101C70002046E160FFF75EFAFEF70AFCE4E74FF664
:101C8000FD739D4212D100234FF08062CDE90033F5
:101C9000CDE90432ADF8183004A93B4628460A4A7B
:101CA00002F088FD31463846FFF7B4FEE37943F091
:101CB0000C03E37140F62343C5E700BF4C3400201A
:101CC000183A0020A01D002013A0030873B50E468B
:101CD0000446408815F06AFDDEB1E5790135EDB2C4
:101CE000E57115F0400513D03A4B01220021204642
:101CF0001D88FFF741FF18B1374B1B882B449DB25D
:101D0000364B1B78042B01BF334B1B885B199DB2EC
:101D10002580002231462046FFF72EFF10B3608851
:101D200015F044FDE2792E4922F00C03E3710B78A3
:101D300005460133DBB20B70C3752A4B1B7803B326
:101D4000E37998061DD5590604F102060CD59207D1
:101D50000AD500220423114630460092FEF780F98E
:101D600010B1E06002B070BD002201231146304680
:101D70000092FEF775F920B1E37943F00303E371B4
:101D8000EFE76088FBF724FF0328EBD8DFE800F0DB
:101D9000020E1E1AE37943F00403E3711B06E1D53A
:101DA000114B1A78114B83F83220DBE740F62443BD
:101DB000E360E37943F00803E3712B7C03F07F03D6
:101DC0002B74CFE740F62543E360CBE740F626438C
:101DD000FAE700BFD04600207A44002020350020DA
:101DE000A01F0020A21F0020502B0020183A002026
:101DF0002DE9F04F85B0064616F015FC5D4BDFF877
:101E00008CA1B3F800901880A0EB09049AF8323046
:101E1000A4B2A342054620D800234FF000084FF695
:101E2000FF778AF83230DFF868B1A9EB0503019338
:101E3000514B5FFA88F21978914211D80EB1FEF732
:101E400027FB4FF6FF739F4200F08D8039464B48C9
:101E500005B0BDE8F04F15F06DBD1B1BDBB2DCE734
:101E6000BBF80220002A3AD0454B9BF8072018788F
:101E7000BBF80010042817D00020002908BF214615
:101E80002044884222D2BBF80010019B1944ABF8D1
:101E90000010002E4DD002F04802482A49D10021FE
:101EA0005846FFF713FF44E0CDE90212F8F7F8FCBB
:101EB000DDE9021230F01003DED132480368324807
:101EC00000889842D8D9C01A80B2D6E702F00C0038
:101ED000042807D10022ABF800200BF1100B08F109
:101EE0000108A5E7530602F0030C02F008000ED526
:101EF00028B3BCF1030F25D1DEB1DBF80C10584636
:101F0000002908BF4FF44261FFF714F911E030B324
:101F1000BCF1010F23D11206EED44FF4C862ABF826
:101F200000209BF8072022F0030242F002028BF807
:101F30000720BBF80020974228BF1746CDE70320B3
:101F40008445D9D213060CD59AF8322088188442D9
:101F500007DA4A44521B1144ABF80010E9E70120AC
:101F6000EEE701219CE7054805B0BDE8F04FF4F726
:101F700083B900BF442B00201635002038470020CD
:101F800020350020D42D00207A440020183A00206B
:101F9000E02D002001202BE72DE9F04191F8008091
:101FA00005460E46B8F1000F02D1BDE8F0414BE402
:101FB0001A4B1B7883422BD90221FEF791FA48BBBA
:101FC000771D4FF6FF713846FEF796FF04463846F8
:101FD000FFF7AEFDB0FA80F0B8F1030F4FEA5010F2
:101FE00013D04FF6FF724FF6FD73944208BF1C46A4
:101FF0000B4B314623F815400A4B2B4458742846A6
:10200000FEF75CFF0020BDE8F0814FF6FE74EFE7BD
:102010002820F8E740F60440F5E700BF1D45002002
:102020004C340020183A00202DE9F3412B4B044694
:102030001B780F46834215464BD90121FEF750FA13
:10204000002848D14FF6FD739D42254E1FD004EB6A
:10205000440326F823504FF6FF739D4230D1214BA5
:102060001978214BC2B2914205D8FEF711FA00202F
:1020700002B0BDE8F0811A7AA24205D19A79012A0C
:1020800002BF00221A805A8010330130EAE70DF1B6
:1020900006013846F8F702FF4FF6FF72BDF806302A
:1020A0003846934218BF1D460C23634306EB0308D2
:1020B000F552FFF73DFDB0FA80F0400988F80A00BC
:1020C0000C2303FB046008223946023013F012FF90
:1020D000CDE72820CCE740F60540C9E79C44002026
:1020E000A01D002016350020E02D00202DE9FF471F
:1020F00005460E460027DFF85C80DFF85C90DFF8CD
:102100005CA098F80030FCB2A34207D829461048DA
:10211000FFF75EFCB8B904B0BDE8F0874FF6FD7379
:1021200039F814209A420CD869462046FEF7A8FEDA
:10213000082229460DF1050014F091FC08B9544419
:1021400066740137DDE7867229460C30E0E700BF90
:10215000A01D00201D4500204C340020183A00200E
:1021600010B5044607F0EDFFFF2810D10022094BFF
:102170001878094BD1B2884201D8002010BD1988C7
:10218000A14201D1997811B904330132F2E701205B
:10219000F4E700BF58450020EE3400202DE9F04F51
:1021A00089B0044615F002FB0546204603F0BEFC4C
:1021B000804616F0CEFA2B7C03909807B5F8149061
:1021C000B5F812A095F817B073D121460420FDF799
:1021D00096FA00286DD0204603F0B9FE014620464D
:1021E000F2F796FF810764D1204603F0B0FE014666
:1021F0002046F2F78DFF10F00303049359D12046D7
:10220000FAF782FE002854D0204603F09CFF471CBA
:10221000204615F0AFFAFFB207F10A02824205929A
:1022200080F2B4805B4906AB0868496803C3791C37
:102230002046F2F76DFF394606462046F2F768FF62
:10224000059A00EB062611462046F2F761FF049B33
:10225000BA1C21460590009306A8082316F046FAFA
:10226000204603F063FC074606F0F7F90228B6B2F1
:1022700010D8494B1B786BB1BE420BD1059B9A0716
:1022800008D53046F8F786FE20B1017911B94348E8
:1022900015F050FB0122304606A9FFF7D1FB0028BC
:1022A00074D104F0D1F9013003D1304606A9EDF71D
:1022B00051FDF8F755FB4845424659460DD1F9F70F
:1022C00091FA002862D1364B1B78002B5ED1012099
:1022D00009B0BDE8F04FFEF7F1BE4846F9F782FAC3
:1022E000002853D12E4B1B781BB941464846FCF7BA
:1022F000BDFC424659464846F9F78EFA002845D0BB
:10230000297C11F0030102D12046FCF793FEAB7D3E
:10231000002B3BD0234B1B78DA1E012A36D9062B23
:1023200034D06B7CDB070DD550462E7EFFF718FFAF
:1023300008B3F30803F01C0326F01F06334343F0F1
:1023400001032B764FF6FF71204603F0B0F9039B93
:10235000D3B9E8F7C3FE00F03F0202212046F9F7A7
:10236000C1FA4FF6FF739A4510D1204609B0BDE877
:10237000F04FFAF71BB806F01C031C2BE2D0042B1D
:1023800004D9043E2E76DDE70022E6E709B0BDE879
:10239000F08F00BF969B030885360020C01E0020EA
:1023A000C42A002020350020F7B5044615460C2924
:1023B00014D8DFE801F02A132A1313130713131399
:1023C000132222006946F9F7EBF818B90121684693
:1023D000FFF78CFE4120214604F0A0F9002D39D0F2
:1023E000284615F0E3F94FF6F773428A9A4231D93D
:1023F000284603B0BDE8F040D0E640F6144040F671
:1024000013430B2908BF1846E5E7694602F07CFE36
:102410000028E3D003799A07E0D113F0300603D007
:1024200043F003030371D9E7204602F0F7FE0A4B9D
:102430004FF6FF711C7833469DF80070074AD8B2FA
:102440008442CBD9D0790133B84204BF11801172D4
:102450000A32F4E703B0F0BD34470020D02A002050
:10246000F7B50C46054615F0A1F9611C064628464D
:10247000F2F74EFEA11C07462846F2F71AFFC423C6
:102480008DF80300ADF800300446030A05216846C4
:102490008DF802708DF804300AF01CFE0D2F2FD13C
:1024A0002046FCF7E5FD60B12846B48AF67D03F0CE
:1024B0003DFB31460246204603B0BDE8F040F9F747
:1024C00091B94FF6F773728A9A4202D92846FFF7FC
:1024D00065FE2046FEF7A4FDF8F742FAA04205D1BA
:1024E000002003B0BDE8F040FEF7E8BD6B46B069E0
:1024F000F16903C369462046FCF708FE03B0F0BD4E
:102500002A463946204603B0BDE8F0404CE72DE9A5
:10251000F04FBDB0044603F03BF80546204603F0FB
:1025200037F8082840F03A854FF400431022002184
:102530002046ADF84230FAF7A5FF204615F036F9EF
:10254000204615F033F90DF1420102461020F8F74C
:10255000A7FB0546204615F029F90DF14201024678
:102560004020F8F79DFB10B12046F3F747FD2D0101
:10257000EBB220460A9315F019F90DF1420102461B
:102580008020F8F78DFB48BB0A9B23B310251CA8BD
:1025900002F0E2F92046BDF8427015F0EBF8C6B241
:1025A000204615F003F9462304460DF1A1011CA8AD
:1025B000ADF89C30ADF89E708DF8A050F1F716FE86
:1025C00000232246CDE900331821334627A88DF891
:1025D000B360F2F7FDFB3DB0BDE8F08F0023DFF8FC
:1025E0002483CDE9113398F80030BDF8426013F030
:1025F000010AC9D0BD4B93F90050BD4B93F921702E
:1026000006F088F938448542BEDB062E00F06B8167
:102610000A2E14BF172511250023A5F1080211AFBA
:10262000009321460823384692B216F05FF800283E
:10263000AAD1204615F09EF805F10D038342A3DAD6
:1026400029462046F2F735FE8146A91C2046F2F7BE
:102650005FFDB9F10B0F00F05781204605F10A012B
:10266000F2F7DEFE834600288ED0FF26DFF88C824C
:10267000D8F834305B4503D09E4B1B685B4583D153
:10268000D8F83830002B3FF47FAF15F0D1FFD8F8E1
:102690003830C01AB0F1004F7FF676AF06F0C0F8C0
:1026A000F31EDBB20C2B40F29881162E00F29581BE
:1026B0000F2E40F28081A6F10C085FFA88F82046C0
:1026C00015F058F88C4B434493F86B302B449842E8
:1026D00000F0A981012E7FF457AF204615F04AF88B
:1026E00005F12E0398427FF44FAF204605F1080113
:1026F000F2F70EFD814B05F10E0883F83C002C2209
:1027000000211CA813F0EEFB97E803004FF000092E
:1027100023AB83E80300022313AECDE9159986E8C5
:102720000300414620468DF87C30CDF880B0F2F7AA
:10273000EFFC05F10F018DF89B002046F2F7E8FC55
:1027400005F110018DF898002046F2F7E1FC05F143
:102750001101ADF896002046F2F7ABFD05F113012B
:10276000ADF888002046F2F75BFE05F1170208235A
:1027700021462190CDF800901DA815F0B7FF05F176
:102780001F012046F2F7C4FC05F120018DF87D0001
:102790002046F2F7BDFC05F121018DF872002046BC
:1027A000F2F787FD05F12301ADF870002046F2F73E
:1027B00080FD05F12501ADF894002046F2F7A8FC54
:1027C00005F126018DF899002046F2F7A1FC4A4652
:1027D0008DF89A0008211DA8F7F766FF002800F081
:1027E0009981474B1B788DF872309DF8982002F044
:1027F0000303012B00F0A181022B00F09681002B36
:102800007FF4C2AEBDF888008DF898A006F028FAD3
:10281000FF283FF4B9AE9DF89930012B2AD120460C
:1028200014F0A8FF05F12707C01B06287FF7ACAE00
:1028300039462046F2F76CFC05F128018DF854006A
:102840002046F2F736FD05F12A01ADF85600204684
:10285000F2F72FFD05F12C01ADF858002046F2F7F4
:1028600057FC05F12D018DF85A002046F2F750FC77
:102870008DF85B009DF8995017A802F06DF8012DB6
:102880004FF04C024FF0000127A818BF002613F0AC
:1028900029FBB6230DF19E011CA88DF89C3005F094
:1028A00055FE012D40F04C8100238DF8C630334693
:1028B00003CB337ACDF8C7008DF8CF307389CDF8CC
:1028C000CB10ADF8D030B389ADF8D230F389ADF884
:1028D000D4300DF1D60117A8F1F788FC4C2127A8B8
:1028E0000AF0F8FB50E6112596E600BF9A29002071
:1028F000F44800200C3A002024A00308183A0020D5
:10290000604600209829002020F00C03032B7FF460
:10291000A4AE062E00F00C0001D00A2E30D10828FB
:102920007FF432AE2046E91CF2F7C3FCB0F5805FBD
:102930007FF493AE2046691DF2F7BBFC4CF25E03B8
:1029400098427FF48AAEE91D2046F2F7E1FB05F1DB
:10295000090181462046F2F7DBFB162806463FF6C2
:102960007CAEB9F1000F0ED1C20711D5204605F19A
:102970000A01F2F755FD834600287FF477AE03E69F
:102980000028CFD000E6B9F1110F16D1C30719D432
:10299000072EEBD098F8003099077FF5F5AD20466B
:1029A00005F10A01F2F73CFD834600283FF4ECAD47
:1029B000002E7FF45BAEB04681E6B9F1190F01D16C
:1029C000F007D3D4072E7FF448AECFE713F4A81F47
:1029D00040F03A81162E00F09D820A9B43F080055C
:1029E000D5E50123B34013F42812EFD0112E414650
:1029F000204600F05F82132E00F05882F2F788FB29
:102A00004FF0020A0646814D2B78042B7FF4BCADB3
:102A10007F48F3F731FC00232B70002E00F0568224
:102A200005F0B0FEB0E54FF42813F340DA0712D5F5
:102A3000784A1378FF2B3FF4A7AD0133B3427FF4FC
:102A4000A3ADFF23384613707349082214F007F82A
:102A500000287FF499AD204605F10801F2F758FBF4
:102A6000DFF8D491022E05F10E0889F83C006BD0F6
:102A7000B7D8002E7FF443AE204605F10F01F2F7E0
:102A800047FBD9F83430A9F83E005B453FF47CADF4
:102A9000C3067FF579AD614B93F92150604B93F9F3
:102AA000008005F037FF404485423FF76DAD574D3C
:102AB0002B78012B24D105F069FFC6077FF564ADA3
:102AC000B9F83E30D8073FF55FAD2A78012A7FF488
:102AD0005BAD0193534B3A461B780020009352495B
:102AE0005B46F2F70CFEA9F8400000283FF44CAD1D
:102AF00002232B7003F0E8F80C224C4B1A7043E5CC
:102B0000B9F83E30324639465846C3F3C01309F08F
:102B100059FB39E59DF87230002B3FF435ADBDF817
:102B20007030002B7FF461AE2EE512F0040F0CBF65
:102B30004FF0040A4FF0030A64E64FF0020A61E620
:102B400001238DF8C630C4E641462046F2F7E0FA8C
:102B5000B9F83E30054603F08003099305F048FEBE
:102B60000022064611460323CDF800B027A805F041
:102B700075FECDE900650E2251212D4B27A8F2F7F5
:102B8000ADFD11264FF00008DFF8B090DFF8B0A0DF
:102B9000DFF8B0B099F80030AB4202D9B8F1040FB9
:102BA00007D13A46314627A88DF8AC8005F088FE5B
:102BB000EAE42846F2F7FAFA1CA90B90F2F70CFBAC
:102BC0000135E8B1099A0B9BE2B1BDF8702006957A
:102BD0009AF8001027A805919DF87410CDE900B36C
:102BE0000491BDF87210134BCDE9022132465121F8
:102BF000F2F774FD08F1010810365FFA88F8F6B2B2
:102C0000EDB2C7E74CF25E02E1E700BFF639002003
:102C1000904500208F450020F9390020F44800201D
:102C20009A2900206046002017A003084F36002094
:102C3000E8A003081CA00308183A002094290020EB
:102C4000F7390020F71B0020102E00F09180122E83
:102C500018BF4FF0020A00262C22002127A813F0EB
:102C600041F9082342462146009628A815F03EFD6A
:102C700005F116012046F2F74BFA00960B9010234F
:102C8000214605F1170217A815F030FD05F12706BA
:102C9000BAF1000F07D031462046F2F739FA05F1B4
:102CA00028068DF8A90031462046F2F731FA711C4A
:102CB0008DF89E00C9B22046F2F7FBFAF11CADF880
:102CC0009C00C9B22046F2F7F4FA711D0C90C9B20B
:102CD0002046F2F7EEFAF11DC9B207462046F2F798
:102CE000E8FA06F109010D90C9B22046F2F7E1FABF
:102CF00006F10B010990C9B22046F2F7DAFA06F1A3
:102D00000D01C9B205462046F2F7D3FA06F10F01CC
:102D10008146C9B22046F2F7CCFA0DF1B80C8046D4
:102D2000BAF1000F26D106F11102214608236046B0
:102D3000CDF800A0D2B215F0D9FC06F11901204659
:102D4000C9B2F2F7B6FA01230B9A8E4E03FA02F2D9
:102D5000ADF8B420726CADF8C0002C928A4ACDF860
:102D6000ACB01278D1070CD45146012027AA19E043
:102D7000924670E7DDE911018CE803004FF6FF7021
:102D8000E1E7520703D405F001FEC307ECD50021AB
:102D900013A8F9F747FB48B99DF84C00012805D165
:102DA000514627AA09F0D8F9FFF7EEBB05F055FC0C
:102DB000BAF1020F35D002283FF6E6ABBDF8B400F9
:102DC00005F04EFFFF28CFD000201CAB17AA2BA97F
:102DD00005F067FF0028C7D10D9B9F4288BF0027E1
:102DE000099B3A46AB4284BF05460995C14584BF5D
:102DF0004FF00008C14629464B460998CDF800809F
:102E000005F096FD0028AFD19DF89E70BAF1000F35
:102E10000FD157B95D4B1F68042128A8ECF700F8C3
:102E20000AE00228CAD8FFF7AFBB012303FA07F76D
:102E3000F2E7012303FA07F7554D0DF19C0CBCE8AE
:102E40000F000FC5BCE80F000FC59CE807000C9BE6
:102E500085E8070086F874A0A6F876301CAA10351D
:102E600020AE134603CBB342286069601A4605F1D1
:102E70000805F6D1BAF1000F06D103213846454ABC
:102E8000F7F7A4FFFFF780BB00230DF19E0228A9EE
:102E900027A805F0BFFB00287FF466AF9DF89E10C1
:102EA000BDF89C0005F0D2FDFFF76EBBF2F730F9DC
:102EB0000646A8E5F2F72CF91CAA064605F10F0113
:102EC000204609F03DFA4FF0000A9CE5F7F748FD6F
:102ED0000546BAF1000F16D0102301202E4A27A96B
:102EE000F7F7C0FADDE929011DAB83E803009DF87F
:102EF0009F308DF87230BDF89C30ADF87030F9F726
:102F0000D5FB8DF87D00012229461CA805F04CFD5B
:102F1000FFF73ABB414627AA204609F011FAF7F716
:102F20001FFD1CA8F9F742F808221CA928A813F0D5
:102F300096FD00287FF428ABBDF89C50F7F740FDC4
:102F400085427FF421ABF9F7B1FB02469DF8A90059
:102F5000131A002BB8BF5B42C82B13460EDD82420A
:102F600028BF0346DBB29A423FF40EABF9F7BCFC34
:102F70009DF89E00F9F704F8FFF706BB824238BFC0
:102F80000346EFE7183A002098290020043A002071
:102F9000603A00204D8A020864EE0100204602F0EB
:102FA000B5FDB0F5006F40F0BF80204602F0BEFDD9
:102FB0000646042D40F0BB80204602F0DFFA80F484
:102FC0000060C0F3C02000223146400014F034F805
:102FD000B94B1D78022D0AD0F9F786FF38B905F0F4
:102FE000FD03312B03D0043D012D3FF6F4AA214609
:102FF0000220FCF784FB824600283FF4ECAA20461E
:10300000ADF85C4014F0D2FB0646BDF85C0002F05F
:103010008DFD27A90446BDF85C00B6F814B0B6F8DB
:10302000128003F017F8737C0990BDF85C000C93D4
:1030300096F8109002F08BFF737C054620460D93A6
:10304000F7F7E0FB9D4B0E901C80337C03F03C03B4
:10305000082B7FF4C0AABDF85C0014F08BFBA842DB
:103060007FF6B9AA09F00309B9F1010F03D0337C47
:103070009F077FF4B0AA924BB3F86830A3420DD1FA
:10308000904A914BB2F9001093F90030002900F0FA
:103090001A8301EB0313A3EB2113138006F1100332
:1030A0000B930C9BBDF85C0013F002030A9340F0F5
:1030B0000C83BDF85C0002F061FA000440F1128359
:1030C000338A43F4007333741B0A7374BDF85C00D5
:1030D00014F06CFB0388C3F30E030380204615F045
:1030E00038FB0346002840F05183B9F1010F40F04E
:1030F00073830320BDF85C10FCF701FB002840F04F
:103100006B832946BDF85C00F2F702F80F280146F0
:103110007FF661AA4FF6F77398453FF65CAA204602
:10312000FBF71CFDFFF757BA4FF6FD7641E74FF668
:10313000FF70301A18BF012000223146400013F002
:103140007BFF0C2D40F0B48221460120FCF7D7FA1A
:1031500000283FF440AA204614F028FB00F1100795
:1031600009220021384615F076FA0546204602F07D
:103170002DFD0DF14202064627A9204606F07EF8F5
:10318000022880463FF427AA9DF842301D44EDB244
:103190007B5D072B18D8002B3FF41DAA013B062BA3
:1031A0003FF619AA01A252F823F000BF75320208B7
:1031B00097320208D725020847360208D7250208A9
:1031C000D93202084F3302087C2B7FF404AA3F4B0C
:1031D0001B78013B012B3FF6FEA92F447A78BB7880
:1031E000652A7FF4F8A96D2B7FF4F5A9204614F029
:1031F000C1FA1335EDB28542BFF4EDA930687168AC
:1032000013AB03C311AA2046294602F05BFE044615
:1032100000287FF4E0A9BDF84450002D3FF4DBA95D
:1032200017A801F099FB0123294F28463B7014F0A1
:10323000A1FAC5B2BDF8440014F0B8FA92230646CC
:10324000ADF8703013AB03CBCDF87200CDF876102B
:1032500017A80DF17A01F0F7C9FF2B4632461D2160
:10326000CDE900441CA88DF88C50F1F7B1FD3C70FD
:10327000FFF7B1B9154B1B78013B012B3FF6ABA90A
:10328000204602F080F900222B462146104609F024
:10329000A5FCFFF7A0B9084B1B78012B7FF49BA975
:1032A0000C4B187800287FF496A92A462146FAF795
:1032B00087F9FFF790B900BF17350020943400203C
:1032C000101C0020143500209A29002020350020F1
:1032D000A2340020683600209D4B1B78013B012B57
:1032E0003FF679A9304601F0F3FB4FF6FF77B8427D
:1032F00005463FF470A9204602F045F9954A044678
:1033000092F85810D06D8DF874101C900721002091
:10331000B2F85C30CDE9031060321CA9CDE901316F
:103320008DF875504CF6204100923B4632460820FD
:103330002D0A8DF8765006F07DFF014600283FF4F7
:103340004AA902222046F7F75FFBFFF744B9804BFA
:103350001B78013B012B3FF63EA9204602F036FCCC
:103360007D4B09901B78022B7FF435A97B4B1D699F
:10337000002D7FF430A97A4E3388002B46D1B8F166
:10338000000F4DD0204602F021FC00230B9027AD0A
:103390000A932B88012B40F08D80E9782046033179
:1033A000F1F7B6FEE978064602312046F1F7B0FEA5
:1033B00041F6016300EB062080B2984246D00A9B9A
:1033C000063503330F2B0A93E3D1E7F787FE054653
:1033D000204602F0D8F8634BB8F1010F1A7827D1D4
:1033E000614B624983F80080099B1B680B60099B55
:1033F0005B684B601CE0F9003088F1F776FE08222C
:10340000099913F02CFB01350028B8D0308814F04E
:10341000B1F9EFB2C0F3CF008742ECD3FFF7DBB8CE
:10342000E7F75CFE0546204602F0ADF84D4B1A78F2
:103430000F2393409BB2B5FBF3F203FB1251013112
:10344000464889B214F076FAFFF7C5B8EF782046FF
:10345000B91CC9B2F1F75CFEF91CC3070646C9B234
:1034600004D5434B1B78002B3FF4B5A8B0070DD50E
:103470002B798B42FFF4AFA82046F1F749FE3D4B74
:1034800004371B78F9B28342FFF4A5A8720796D5DA
:103490002B798B42FFF49FA82046F1F739FE642870
:1034A0007FF499A8E7F71AFE00F07F00642886D918
:1034B000FFF791B8022B82D1E97820460231F1F76B
:1034C00027FE1B287FF47BAFE97820460331F1F714
:1034D0001FFE19287FF473AFE97820460431F1F715
:1034E00017FE4A287FF46BAF0527E97820460131A3
:1034F0003944F1F70DFEE978064639442046F1F7E4
:1035000007FE00EB062083B200F03F020A2B0C926C
:1035100032D1002617A8CDE91C66F8F747FDEA78F6
:10352000214602323A44082300961CA815F0DEF822
:1035300008221CA917A813F092FA00287FF44BA8C0
:103540000C9B02333B44DFB22B79BB42CDD836E72C
:1035500020350020101C002017350020601E0020A0
:10356000142D00205A4700203E2D0020402D002021
:10357000123900209B290020412BE1D1E978204617
:1035800002313944F1F7C4FDB34B1B78C3F1B303E7
:103590001844B24B40B293F95A90484504DC6FF09E
:1035A0000E098145B8BF8146AD4B1988D1B920209D
:1035B00014F056F9AA4B18800028C1D020211846D3
:1035C000F1F77BFD06460028BAD1A54BB1B2FF2228
:1035D00018880136F1F737FE202EF6D10022A14BD4
:1035E00083F88820DFF87CB29BF88860022EA7D889
:1035F0004FF0000A06EBC606994BF6B20B9A06EBA3
:103600000A0112F80A201888C9B20AF1010AF1F772
:103610001AFEBAF1080F924BF0D106F10801188892
:103620005FFA89F2C9B2F1F70EFE9BF8883047F2D3
:10363000E86101338BF8883001238B488BF889309F
:1036400014F078F97CE7894B1B78013B012B3EF69F
:10365000C2AF06220021384614F0FDFF3F5A38461B
:10366000F7F7D0F8054600287EF4B5AF204601F004
:1036700085FFC3047EF5AFAF46F204030121ADF828
:10368000703038460223CDE900551CAA04F06AFCCC
:10369000064600283EF49FAF394602F008F820465F
:1036A00001F071FF2A463146F7F7AEF9FEF793BFF6
:1036B0002DB920463DB0BDE8F04FFAF771BC042D9E
:1036C0007EF489AF84E41B02E7E4694B1B78002B8E
:1036D0003EF481AF0B99FAF7F1FF00287FF4E9ACD3
:1036E000FEF779BF204615F034F8824600283FF4F3
:1036F000FCAC0A9B002B48D1B9F1010FBDF85C006E
:1037000067D02946F1F704FD0746594B1B78002B7B
:103710006DD0F7F725F940457EF45DAFB9F1010FA3
:1037200040F08F80072F00F28480052F7EF653AF84
:103730000D9B9A0640F117810E9B002B40F00F81E4
:10374000204614F03DFDFF2840F009815C457EF4E1
:1037500042AF099B002B00F0008127AB46F2040228
:103760000124ADF8702021460193584602230094AD
:103770001CAA04F0F7FB014600283EF42CAF2246B9
:103780000020F7F741F9FEF726BF002320460F93EC
:1037900014F016FDFF2807460F9B18D0DFF8E0A0B5
:1037A0003AF81020110712D5324A334912780A54D8
:1037B000014400F58330012200F580700AF020FFFB
:1037C0003AF817200F9B22F008022AF817209A4691
:1037D0008BE4DDF828A08CE42946BDF85C00F1F705
:1037E00097FC0A9B074613B9BAF1000F8DD0234B03
:1037F0001B78022B02D0043B012B99D82046FBF703
:1038000037FC00287EF4E7AEF7F7AAF8844239D1F6
:10381000164B1B78033B012B19D8104BB3F86840AB
:10382000F7F79EF80D220146204606F031FCFEF720
:10383000D2BEA7F10E03DBB2012B7FF679AFFEF704
:10384000CABE07F00303012B7EF4C5AE70E701206A
:10385000FDF734FCFEF7BFBE9A290020101C0020A3
:10386000122D0020183A0020184900202035002091
:10387000A21F00205C470020DC2B00201735002011
:10388000A4340020204614F064FFF8B9F7F798F844
:103890004FF6FF73984219D014F008FDB0B94FF6F7
:1038A000F7739C4212D82046F7F7DCFCFF280DD0B6
:1038B0009D4A00B29D4B00EBC00002EB40025188D4
:1038C0001B7801EB0313A3EB11135380204614F074
:1038D00040FF40B3F7F774F84FF6FF73984222D0D9
:1038E00014F0E4FCF8B9B9F1010F01D1062F1AD098
:1038F0008E4B204693F800A014F062FCFF2812D0F3
:10390000BAF1010F38BF4FF0010A894A4FEA0A2382
:1039100002EB4000B0F88A201AB102EB1313A3EBBC
:103920001213A0F88A30099BABB9194601225846F8
:10393000FEF786F8824600287EF44DAE0B9802F022
:1039400024FB524601464046FEF77AF800283FF431
:10395000EFAEFEF740BE27A9E8E7099BFEE6737CC1
:1039600023F0200373744FF6FC73984540F08A806F
:10397000704B1B78033B012B7EF62DAEB37D0BB154
:10398000013BB375737C5B0735D500231CAA5846F1
:1039900013A91C9301F0E1FC1C9A62B31046099232
:1039A00001F0D0FB8246404614F00AFC099A034617
:1039B000117901F03000102806D001F00C00082821
:1039C0001CBF21F00C011171127902F03302202A80
:1039D00011D1FF2B0FD003F00701C3F3C700012360
:1039E000554A8B4012780732D2100AFB0200534A24
:1039F000115C0B431354204614F0E2FBFF281CBF5C
:103A000000224F4BA5F1100A18BF43F820200C9B51
:103A10005FFA8AFA03F001024FF6F773984500F255
:103A2000FE80002A40F00681214658460992FBF7A5
:103A30001DF9F6F795FF4045099A00F0D9804046F8
:103A400014F087FE00284AD0B9F1010F099A25D158
:103A5000012F3BD12946BDF85C0004F011FB404624
:103A600014F077FE374B1B78002B74D1584614F0B6
:103A700070FE00286CD1404614F06BFE002867D120
:103A8000FEF7A9BD4FF6FD7398457FF477AF294B3C
:103A90001B78042B7FF472AFFEF79DBD404614F0F7
:103AA00058FE404601F090F800284DD000234146D2
:103AB0005846BDF85C20FBF70BFF002844D00021DE
:103AC000BDF85C00FBF7B6FAFEF785BD032F09D100
:103AD0002946BDF85C00FEF7C3FCFEF77CBDB9F1DA
:103AE000010FDED1174B1B78002BBFD0052F32D131
:103AF000F6F736FF8DF87000F6F732FF000A8DF802
:103B00007100012302221CA917A8F1F727FA002847
:103B10007EF461AD691CBDF85C0089B2F1F7E5FA8D
:103B200003780133037016E04E3700209B290020F4
:103B3000183A00202035002060470020AC310020DA
:103B4000582B0020CE460020AD4B1B78002B8DD08B
:103B5000B9F1010FCAD0737C5D070CD5BDF85C507C
:103B6000284602F0E3F9411C89B22846F1F7BDFA74
:103B70000378013B0370A34B1B78033B012B2FD829
:103B8000B9F1010F05D1052F1DD1F6F7E9FE584512
:103B90001FD1BDF85C00FAF71BF8022819D10021EB
:103BA00058461CAA01F074FB30B10379448003F03D
:103BB0003C0343F040030371934B414658461A7847
:103BC00006F066FA05E0BDF85C00FAF701F8032F8D
:103BD000E3D1002241461C2013F02EFAFEF7FBBC75
:103BE000BDF85C00F9F7F4FFB9F1010FD5D1EEE7AC
:103BF000B9F1010F40F0EA827B1E0C2B00F2E0824B
:103C0000DFE813F0220022002C0033003B004D00BF
:103C10005C0071008F018F019F0107024A02B9F118
:103C2000010F00F0DA8242B9BDF85C00FEF7B6FA87
:103C3000FEF7D1BCB9F1010FDED0337E03F00303F0
:103C4000012B7EF4C8ACEFE7B81E42424241294640
:103C5000BDF85C0004F014FAFEF7BDBC2946BDF8BF
:103C60005C00FEF7FDFBFEF7B6BC2A465846BDF8E1
:103C70005C10F9F7D3FEFEF7AEBC691CBDF85C0022
:103C800089B2F1F745FA0235EDB20246BDF85C3073
:103C90005846009527A902F01BFFFEF79CBC594B24
:103CA0001B78013B012B3EF696AC534601200B9A44
:103CB000BDF85C1008F092FFFEF78DBC514B1B78ED
:103CC0005A1E012A07D8022B7EF485ACF6F768FD50
:103CD00000283EF480AC52460120BDF85C10F9F794
:103CE0006FFCFEF778BCBDF85C800024404601F014
:103CF0001DFF0990404602F02AF9411C054689B291
:103D00004046F1F705FAA346A246A146264600F032
:103D10001F00023500EB4000EAB23C4F50FA85F537
:103D2000EDB295427AD23A4F3B7833B1A400E4B277
:103D3000B4FBF3F4042C08BF03240998F7F72AF91D
:103D40008346002850D101F0A9F9FF2802463EF42D
:103D500042AC304903B22D4D03EBC30309782E4822
:103D600005EB43034FEA5B0C10F80CC00BF1010BA1
:103D700061455FFA8BFB04D2BBF1060FF2D14FF025
:103D8000070B5E452CBFA01904EB0B00002E14BFDF
:103D90000121022151FA80FB18460A930B92F7F792
:103DA0001DFB0A9B19795B7901F0070103F00303FE
:103DB00088422CBF1B185B18DBB29B45BEF60BACD0
:103DC0000B9A2EB921B13B78033B53453EF703AC28
:103DD0001046F7F7C5F90998F7F7EEF80FFA80FBE8
:103DE0000BEBCB0B05EB4B0B9BF804301A09002EA9
:103DF0006DD023F0070333438BF8043003266AE0C9
:103E0000CE46002020350020674500204E37002098
:103E1000644500209B290020C59D030852D0B94B62
:103E200041461B881CA8ADF870304FF000038DF898
:103E300072300023009303230B9214F057FC9DF87B
:103E40007210BDF870300A090A920B9A18BF09F176
:103E50000109CDE90C3118BF5FFA89F90B92F6F729
:103E60007FFD0C9B0B9A83420D9901D101F00F0647
:103E7000A54991F800C017E017F80E1C11F00701D2
:103E80001CBF0AF1010A5FFA8AFA954208D037F896
:103E9000120C984204D10A9810B109B10134E4B26D
:103EA0000BF1010B5FFA8BFB954207F1120703D070
:103EB00037F8121C994201D8E345DDD30332123F93
:103EC000D2B22EE700230A934FF6FF73D0E7022AFF
:103ED00025D9590792D09BF8043003F00F0343EA29
:103EE00006138BF80430B9F1000F0AD1013A052A04
:103EF00000D836B9E7F7F2F8C0F30B01834813F0A6
:103F000019FD9BF80530404623F003031C448BF851
:103F1000054001F038FB8BF80E00FEF75CBB16463F
:103F2000D9E7BDF85C00F8F701FDFEF754BBBDF81A
:103F30005C00F8F7FBFCBDF85C00FEF72FF9FEF71C
:103F40004ABB734B1B78013B012B3EF644ABBDF8DB
:103F50005C70384601F0EAFD0646384601F0F7FF8E
:103F6000411C044689B23846F1F7D2F8A11C054637
:103F700089B23846F1F7CCF88DF870500446002825
:103F800045D10E2D43D8634B1B882B41DA073ED514
:103F9000304614F015F9FF283EF41DAB5E4B0122AC
:103FA0001D5400F583301CA900F580700AF028FB31
:103FB0000C238DF87140594C8DF870302388012105
:103FC00023F004038DF8723000233046CDE900134E
:103FD0001CAA032303F0C6FF10B13146F9F788FA93
:103FE000238803F00303022B7EF4F5AA304614F075
:103FF000E7F8FF283EF4EFAA0022494B43F82020BF
:10400000454A135C63F00F031354FEF7E4BA01242E
:10401000CEE74448BDF85C50F2F72EF90122424B3E
:1040200028461A7001F093FF411C044689B22846C5
:10403000F1F76EF8A11C064689B22846F1F768F838
:104040003A4D0223288029460020394AF6F70AFA19
:10405000002E7EF4C0AA2C8804F00304022C0FD199
:10406000F8F798F9334B1B789BB1013B9C404EF617
:1040700060235C4303212B48B4FBF1F113F05AFC9D
:104080002B885B077EF5A7AA2B48F6F70DF9FEF7FC
:10409000A2BA42F21074EDE7BDF85C60304601F060
:1040A00045FD0746304601F052FF411C044689B2E7
:1040B0003046F1F72DF8A11C89B282463046F1F75F
:1040C00027F8033400EB4000E5B250FA84F43046A0
:1040D00013F050FBE4B284423EF67DAADFF860B0F4
:1040E000AC422FD8BAF1010F7EF475AA134B3946B2
:1040F0001A780220C2F1B302D2B204F0E1F9FEF75D
:104100006ABA00BF8CA003084C370020C01E0020F4
:1041100020350020E2460020DC2B0020A61F0020D6
:10412000582B002070480020A31F0020A81F00204B
:1041300027E101005C4700200C4800209A2900205C
:104140004C480020354B2A461B883146ADF870306C
:1041500000231CA88DF872300093032314F0C6FAD4
:10416000BDF870909DF87280F6F7FAFB814517D183
:104170002B4B1B78033B012B15D89BF9000010F14A
:10418000800F04BF274B93F95A00404440B202F01D
:10419000CFF9254B254A1B78C3F1B30382F8CC3005
:1041A0000335EDB29CE7384614F00AF8814602F078
:1041B00007FA08EB000149B2484602F019FAEFE7A6
:1041C00039462046FAF7CAFCFEF705BA1146BDF893
:1041D0005C00FAF72FFFFEF7FEB97B1E0C2B3EF6B4
:1041E000FAA901A252F823F0493C0208493C02080E
:1041F0005D3C02086B3C02087B3C02089F3C0208C5
:10420000BD3C0208E73C02082F3F02082F3F02088E
:10421000433F020813400208994002088CA003089B
:1042200020350020101C00209A290020183A002078
:104230002DE9F04F89B089460446CDE905239DF864
:104240004870DDF84CA030B31AF801BBBBF1000F89
:1042500023D00BF1FF34A400E4B2504606F01CFA60
:10426000C20E6BD13C4E544496F8CD502279002DAD
:1042700064D1DFF8F480FF2A00EA08080FD1424633
:10428000E379A179607901EB032189B209B0BDE836
:10429000F04FF8F716BA8346DFE75C46DDE72F49B3
:1042A00009688B070BD5FE2A2AD101230135EDB20F
:1042B000202D4FEA43030BD109B0BDE8F08F29460A
:1042C00028460792F8F798F8484537D1079AEAE761
:1042D0009845EBD1284606F054FA0028ECD096F821
:1042E000CD306479002BE7D1FAF73AFB1C484FF444
:1042F000105113F01FFB86F8CD5086F8CE40DBE757
:10430000052A1BD8BBF1010F18D8B8F1000F15D042
:10431000002FD1D19AF80530002BCDD0718819B972
:10432000082B28BF08233370434648461292DDE924
:10433000051209B0BDE8F04FFAF7CABD002FBBD196
:1043400080234846CDE90277CDE90077054A0599F3
:1043500000F030FAB0E700BF183A0020E83400203F
:10436000F448002007A0030800F8FF0730B5134DFC
:1043700087B06C8894B94FF0A073114A214620464B
:10438000CDE90323ADF81440F8F736F822460D4B7B
:10439000009403A9FAF79CFD07B030BD204613F046
:1043A00005FA03A9848A688801F0F3FE00230093CC
:1043B00020466A8803A902F04BFCEDE7183A00207A
:1043C0000000388000F8FF0713B5002001A9F8F7B6
:1043D00013F80E4C014694F8CD308BB1019A94F845
:1043E000CE00F8F76EF994F8CD00F7F799FD0023A9
:1043F00084F8CD3023700648F1F73EFF02B010BDBF
:104400002378002BF7D0FFF7B1FFF4E7183A00202C
:10441000F44800200023064906480B600649074A75
:104420000B600749136008600120536008717047F2
:104430004C2D0020018E0208382D0020E83A002083
:10444000384900200E4B30B59A68A2B10D4B1B784D
:10445000834212D900EB400002EBC003C1000024EC
:1044600000200025C3E9044550544FF0FF32588026
:104470005A609A6030BD0220FCE72120FAE700BFB5
:10448000E83A002035470020F0B5144CDDE9056717
:10449000A568EDB1F0B91248007888421AD901EB4D
:1044A00041014FEAC10C05EBC10415F8311011B9F7
:1044B0002169C90710D4002005F80C0062801A6831
:1044C00046F0010662605A68C4E90467A260F0BD64
:1044D0000220FCE72120FAE72E20F8E7E83A002046
:1044E0003547002008B50748F1F7C6FE0649074AD8
:1044F0000B780BB9137823B100231370044A0B70A7
:10450000138008BD18490020A13A0020A03A0020DD
:10451000122D002038B5094B05461C7824B1F6F75A
:104520001FFAB0FA80F46409F8F7ECF908B144F026
:10453000400444F4305404EA050038BDA21F0020B2
:1045400008B50448F0F77AFBBDE808400248F0F7E8
:1045500075BB00BF581D00205A1D00200148F0F710
:104560006DBB00BFF43A00200148F0F767BB00BF05
:10457000F63A0020F8B50024084D094F094E3B7863
:104580003178E2B20B449A4204F1010400DBF8BD39
:104590002846F0F753FB0A35F1E700BFD01F002093
:1045A000CE1F0020CF1F00200148F0F747BB00BFFF
:1045B000583A002038B5084B04461B78074D1BB904
:1045C000287808B9206038BD054B00211888F0F71D
:1045D0008CFD20602878F6E7A13A0020A03A002060
:1045E000122D00202DE9F04F85B0814603A8FFF77A
:1045F000E1FF002844D105B0BDE8F08FA8EB050528
:1046000005EBC5052A46304606F1090111F072FC9A
:104610004FF0FF3372191C44735187F800A05360A8
:104620001372E4B20134E4B297F80080A0451CD9BB
:10463000039B04EBC40B03EB0B06082249463046F0
:10464000019312F00CFA0028ECD1651C08F1FF3A36
:10465000A845019B5FFA8AFAD0D14FF0FF3287F864
:1046600000A043F80B20726032723B78002BC2D15D
:10467000054A06481370064A1380F1F7FDFDBAE7B4
:104680000024044FD0E700BFA13A002018490020C1
:10469000122D0020A03A002070B51646FF220446D5
:1046A0000D46F6F701F8024620B929462046F5F7EF
:1046B000FBFF38B12EB120466908BDE87040EAF72B
:1046C000AFBB022070BDB72307B502460DF1020152
:1046D0000120ADF80030EBF7CDFB0621684608F06D
:1046E000F9FC03B05DF804FB38B5094D0948F1F752
:1046F000C3FD6879084CFF2803D023780BB907F075
:10470000DDF8FF236B710023044A2370137038BD5A
:1047100038490020B0450020CA2D0020113A002061
:104720007FB5012000261E4CADF80E60237C227E52
:1047300000FA03F30344636102B3824218D1194DB6
:104740000DF10E012B68607E9847BDF80E102871A0
:1047500081B102223046144B009605F0BBFF637E08
:104760002A7922B1012A12BF1B230133DBB26376FF
:1047700004B070BD013818BF0120F0E77822534320
:10478000013B6361094B5A6D42B9094A08205A65D9
:1047900013F0C0FC034A637E1279E2E70220F9E7D6
:1047A000E83A002038490020215E0208101C002051
:1047B000458103080CB42DE9F04F89B012AA0E46CA
:1047C00052F8041B0746079200297FD1BDF84C50D0
:1047D000002D00F0958033794FF6F778002B7AD1D1
:1047E00047458CBF4FF009084FF00808454B93F838
:1047F0002840FF2C77D1B6F90230002BA9BF424BDD
:10480000347A1C780134A2BFE4B21C7044F08004F6
:10481000DFF80091224600212846F0F714FD99F8B0
:104820002130002B63D02846B9F822B012F0A2FF45
:104830008046284612F0BAFF4FF0000AFF23CDE968
:10484000030A5FFA88F0CDE901A0009322463346BF
:1048500039465846FAF7C4FF4FF6FF73054689F804
:1048600021A0A9F82230382D2AD14FF6F7739F42A4
:1048700026D8B6F902307088002B21DA48F20402FB
:104880002249234B4FF00009904214BF88469846B6
:10489000F6F766F8414603468A220120CDF80090DB
:1048A000F0F72DFF804658B122464946F0F7CBFC81
:1048B000FF23324639464846CDF8008007F02CF8F1
:1048C000284609B0BDE8F04F02B070470120F0F76C
:1048D000E3FE05467CE7002347458CBF4FF0060802
:1048E0009846337182E7FF2283F8282090E70095ED
:1048F000FF2332463946404607F00EF80546B2E738
:104900001925DDE738490020BA290020729B0308E9
:104910009AA00308E83A00204FF498124FF0806301
:1049200010B586B0CDE903230023ADF81430F6F7B7
:1049300017F80446F7F745FB054B01900093054A2D
:10494000234603A94FF6FD70FFF734FF06B010BDF4
:10495000F71B00209EA00308F8B5174B04461D88DE
:10496000164B20F8025B196881B1082211F0C2FAD7
:10497000134B0C2093F82430124EA372124B19786B
:104980000023DAB2914205D8FF2209E0C4F80210F0
:104990004160EDE7013300FB03F7F75BAF42F0D175
:1049A0000A4BE2721B782373094B1B786373094B24
:1049B0001B682361F8BD00BF94340020A83100209B
:1049C000E83A0020941D00209C4400209B290020F0
:1049D0009A290020282B002000232DE9F3410646C8
:1049E0004FF6FF771D4DDFF87880ADF80630288848
:1049F00038B113F0CDFE044612F0D8FE0389B3425D
:104A000012D9454501D108F079F8288813F0C0FE85
:104A10000446A0B9454510D1BDF8060006F0CCF912
:104A2000384602B0BDE8F081284606F0A7F92146D5
:104A30000DF1060013F094FED9E74546D7E720466E
:104A400012F0B4FE038921469B1B9BB203819F4257
:104A5000288828BF1F4613F0A0FED9E7581D002064
:104A60005A1D002008B513F0DEFD0B4AFF21D38C40
:104A7000D084C31A98B2FFF7AFFF4FF6FF73014619
:104A80009942064803D1BDE80840F1F7F5BBBDE8FF
:104A9000084012F04FBF00BFE83A00207C440020DD
:104AA000094B9B6863B1094A1278824208D900EB2E
:104AB000400003EBC0031A69D20701D5588870473C
:104AC0004FF6FF70704700BFE83A002035470020DE
:104AD000F8B50E4B05469C6834B128B100260C4B46
:104AE0001F78F3B29F4202D84FF6FF7009E0082208
:104AF0002946201D11F0B3FF20B92369DB0701D53A
:104B00006088F8BD01361834EBE700BFE83A0020B2
:104B10003547002010B50C4613F052FBFF28034622
:104B200015D00C4A906888B10B4A12789A420ED977
:104B30001BB203EB430300EBC303186910F0010041
:104B400004D001205A6822609A68626010BD00207B
:104B5000FCE700BFE83A0020354700200A4A034638
:104B6000906878B1094A12789A420AD903EB430354
:104B700000EBC300036913F0010003D0C3F300107E
:104B800070470020704700BFE83A002035470020FA
:104B90000B4B70B59B682BB100240A4A1678E2B221
:104BA000964201D8002070BDD3E9042502400D4093
:104BB0002A4304F1010403F11803F0D00120F2E7C5
:104BC000E83A00203547002008B513F0F9FAFF282D
:104BD0000CD013F04DFB10F0010309D0400840EA5F
:104BE000C17080F0010000F0010008BD0020FCE76A
:104BF0001846FAE72DE9F0433C4E87B0F7F7CAFBB9
:104C00003478402C18D83A4A3A4B3B4993603B4A97
:104C10004FF0000811603A4A4FF00009147000226A
:104C20004FF0FF351046A24203F1180116DB0021B8
:104C30003148620011F056F922460921314811F03D
:104C400051F900252C4FDFF8C080DFF8C090337891
:104C5000ECB2A3420DD807B0BDE8F08341E9028968
:104C600001F8180C21F8160C0132C3E901550B4666
:104C7000D9E704F582300B2203A900F5C070ECF7E8
:104C8000DFF94FF6F670BDF814209DF81630511E6E
:104C900089B2814215D80020C3F3C003DB1840EB72
:104CA0000001CDE90031214603ABFFF7EDFB002801
:104CB000D1D14FF4805348F8240027F8143029F854
:104CC000140004F5833001220DF10A0100F5807013
:104CD000ECF7B6F90B4BBDF80A2001351A558022C6
:104CE000034B234483F82820B1E700BF604700202E
:104CF000E83A0020902E0020A4340020402B002011
:104D000035470020DC2B0020582B0020A23A002041
:104D10002DE9F843002406460F46A0460D4B0E4DE4
:104D200093F80090E0B2814502D84046BDE8F88390
:104D300013F09EFAC20707D5830705D42B8837B135
:104D400033434FF001082B8001340235EAE723EAB0
:104D50000603F6E760470020A43400207FB5294B06
:104D600005461B780C4683424AD913F081FAC107E5
:104D700046D501AE05F582300B22314600F5C070F4
:104D8000ECF75EF996E803009DF80E3084E8030026
:104D90009A0733D413F0080F0CBF042303232372A4
:104DA0002846FFF77DFE184B60812B4493F828308E
:104DB0002846637313F044FA144A2073535D4FF48A
:104DC0007A7103F00F03A373535D002013F00F03F8
:104DD0001FBF03F1FF32022393403C2218BF53430D
:104DE0000B4A08BF0A2352F82520B2FBF1F29A427F
:104DF0002CBF00239B1A236104B070BD0223CEE7B1
:104E00001720F9E763450020E83A0020DC2B00205A
:104E1000582B00202DE9F043A5B0F1F72DFA354BC2
:104E200000241E784FF4F813334F039397F849503A
:104E3000ADF81040F7F7C5F8A9464FF002082F4A21
:104E4000ADF812001378ADF814400133DBB21370E3
:104E500063F07F038DF82C308DF82D604E4525D8FA
:104E600041460BA887F849508DF82D4004F0C4FF47
:104E7000C8B13CB10090FF234FF6FC71062003AA95
:104E800006F04AFDAE4230D9E6F728F90B23B0FB15
:104E9000F3F24FF47A7102FB13000A3080B24143FF
:104EA000174812F047FD25B0BDE8F083484606A933
:104EB000FFF754FFA0B9B8F1510F11D808F19003D2
:104EC0000DEB030208F1080806AB0135013403CBF2
:104ED0005FFA88F842F8640C42F8601CEDB2E4B264
:104EE00009F101095FFA89F9B8E70548F1F7C4F952
:104EF000D9E700BFD82D0020E83A0020BA290020C9
:104F0000E01E0020F0B58FB001F0010504A90446B1
:104F1000FFF724FF8DB180B9204613F0A9F90B46A5
:104F200010F001011FBF400840EAC37080F001008B
:104F300000F0010104A8FDF7D9F8204E3378A34210
:104F400004D840F24B211E4811F090FE1D4B04F096
:104F500007021F7801239340DB4331781A4A073157
:104F60000020DBB2C91002EBD40204E01678013055
:104F70001E4016700A44C6B2B742F7D809A92046A7
:104F8000FFF7ECFE2323ADF80030BDF82E308DF88E
:104F90000240ADF8043009AB03CB9DF82C30CDF8BE
:104FA0000600CDF80A1068460F218DF803508DF8E1
:104FB0000E3008F08FF80FB0F0BD00BF6047002042
:104FC000A2A0030866450020AC3100207FB504464E
:104FD000FFF766FD88420D4622D04FF6F7739942DF
:104FE0001ED804F5823606F5C0760B2201A930469C
:104FF000ECF726F80B22304601A9ADF80C5009F069
:10500000FFFA084B9B685BB1074A1278A24207D9A6
:1050100004EB440403EBC4031A69D20748BF5D8064
:1050200004B070BDE83A002035470020024B8021D3
:105030001A78024810F056BF60470020103B00204D
:105040004FF6FF73984210B50C4605D013F074FB71
:10505000FF2801D0F6F784F82046BDE810404FF64F
:10506000FF71F6F747B9002210B50A4B1C780A4BBE
:10507000D1B28C4201D8002010BD5988814204D1A0
:105080001979890701D1997911B108330132EFE714
:105090000120F1E766450020803800202DE9F04727
:1050A0000026FF27B246164DDFF8588098F80030EA
:1050B0005FFA86F94B4502D83846BDE8F0872B7970
:1050C0002F2B0FD92846F6F789F92B796C7903F045
:1050D000070304F0030483422CBFE4182418E4B24D
:1050E000A24506D95446B946A2464F461235013666
:1050F000DCE72888FFF7B7FF0028F3D1F4E700BF0B
:105100004E3700204C37002070B50C4B4FF6FF7522
:105110001C78002302460A489C4201D1002005E089
:105120000688964206D1AA4201D10B7070BD8679DD
:10513000002EFAD001330830DBB2EDE766450020DF
:105140008038002010B5084B01461C780023074A20
:10515000D8B2844201D8FF2010BD914203F101036F
:10516000FAD00832F4E700BF6645002080380020FE
:1051700038B50446FFF7E6FFFF28054603D13F2177
:105180000C4811F073FD4FF6FF732380A371237950
:10519000094803F03C0343F003032371074B00214C
:1051A0001A780732D21002FB0500BDE8384010F033
:1051B00099BE00BFA2A00308AC31002060470020C8
:1051C000F8B504460026114D114F3A78F3B29A42D1
:1051D00009D800224FF6FF710E4B1D780E4BD0B24E
:1051E00085420AD8F8BDFF2C01D0AB7913B9284607
:1051F000FFF7BEFF08350136E7E7FF2C01D0187A2C
:1052000008B9198019720A330132E8E780380020A2
:105210006645002034470020D02A002007B50DF154
:105220000701FFF771FF18B103B05DF804EB9FE7CA
:1052300003B05DF804FBF0B500244FF6FF7703469A
:105240001048DFF848C006780F48E5B2AE4201D8F2
:1052500000200FE005889D4210D13AB1012A16BF07
:10526000C57905793CF83550A94207D1BB4202D136
:1052700014238371F0BD057A002DFBD00A30013470
:10528000E3E700BF34470020D02A00208038002008
:10529000F8B50D46114607461646FFF735FF0028BC
:1052A00036D102464FF6FF7C1E4B1F4C1978D3B205
:1052B000994206D800231C4C8B4221D1F8BD0834FA
:1052C000F5E7B4F800E00132E645F8D13370012388
:1052D000278023710021A17165B1144B45F00805A9
:1052E0001A782571D31DDA103078114B02FB00308B
:1052F00010F0F8FD2379204603F03F032371DDE72A
:1053000022799209022AE1D001330834DBB2D3E7D3
:10531000037904469A071EBF23F0030343F00103F9
:105320000371D7E7664500208038002060470020E1
:10533000AC31002013B50DF107010446FFF7E4FE80
:10534000024640B901462046FFF775FF003818BFF6
:10535000012002B010BD0120FBE7F7B50E460DF1AC
:10536000070117460546FFF7CFFE0446386070B1C7
:10537000037903F00303337023B93A68137903F018
:105380003F0313713B685D88284603B0F0BD0146BA
:105390002846F6F7A5F828B1054B1B78834201D3C0
:1053A0003470F1E703234FF6FF753370ECE700BF6D
:1053B000654500202DE9FF41064610468846154602
:1053C000FFF786FB0746F5F7CBFA044640BB4FF6DE
:1053D000FF739E4224D09F4206D00146384604B057
:1053E000BDE8F041F8F7D0BB07238DF804302B68F7
:1053F0000921CDF805306B6801A8CDF8093004F01B
:10540000FBFC024618B9192004B0BDE8F081012365
:1054100041463046FBF79CFA0028F4D02046F3E7DB
:105420000220F1E72DE9F04397B006460F461446F7
:10543000F5F796FA20B10225284617B0BDE8F083AB
:10544000344B1D6815F00205F5D12046FBF7BEF977
:105450000DF1140838B108214046E9F7E1FC70B1BC
:1054600040F61245E8E72246444602F1100C234676
:1054700010685168083203C362451C46F7D14FF0EB
:10548000010911A8EAF7AEFC0DA911A8ADF84490E6
:10549000EBF704FF03A8EBF7C9F909A911A89DF8D8
:1054A0000E408DF84590EBF7F9FE9DF80D209DF824
:1054B0000F3032B31B1BDBB2802B22D810224046A8
:1054C00009A911F0CCFA0028B5D14FF6F7739E4226
:1054D00089BF002323233B607B6088BF21230022F8
:1054E000CDE90083394601233046FBF79DFB78B1B7
:1054F0004FF6F7739E429FD9074B1A78074B1A70E5
:105500009AE7611C00224046C9B2FBF74DF8DCE780
:10551000192591E7E8340020A01F0020E52900208C
:105520002DE9F04390460F4606464FF0010991B031
:105530000BA807ADEAF756FC03AC29460BA8ADF85B
:105540002C90EBF7ABFE95E80F0084E80F004B467C
:10555000002239463046CDE90048FBF765FB11B023
:10556000BDE8F083044B9A890AB100229A81002198
:105570000846FAF777BF00BFE83A002008B512F0F6
:1055800015F9008808BD08B512F010F9C07808BDFB
:1055900008B512F00BF9008800F00C0008BD08B542
:1055A00012F004F9008800F00C00031F5842584123
:1055B00008BD38B5054612F0F9F804462846FFF74D
:1055C000EEFF18B9208A00F4406038BD4FF4006047
:1055D000FBE72DE9F74F10460E4617460193FFF7FC
:1055E000E8FFB0F5006F0CBF244D254D4FF00009CA
:1055F000288813F0CDF84FF0300A0446DFF884B065
:1056000014B903B0BDE8F08FBC422AD1204612F095
:10561000CDF8837A80F80B90013BDBB2837216B130
:105620003F2E00D03BBBEFF311888AF31188204650
:10563000FFF7BFFFB0F5006F214618D10F4806F005
:1056400089F807F05BFA88F31188BFF36F8FDBF8F6
:105650008880B8F1000F04D03A4631460020019B03
:10566000C0472146288813F098F80446C8E7044844
:1056700006F070F8E7E707F041FAF2E75A1D00205C
:10568000581D0020101C002038B5054612F08EF879
:1056900004462846FFF783FF014608B1A08838BDBD
:1056A00010340422204612F0D6FF205AF7E710B536
:1056B0000C4612F07BF8848010BD38B5054612F018
:1056C00075F804462846FFF76AFF014608B1201D19
:1056D00038BD10340422204612F0BDFF2044F7E705
:1056E00010B50446FFF765FFB0F5006F204605D101
:1056F000FFF7CAFFBDE8104012F062BDFFF7DDFF03
:10570000BDE8104012F0E2BD2DE9F34104468846A1
:1057100012F089FF344B074620461E88FFF7E0FF52
:1057200005462046FFF745FFB0F5006F35D1FF2D48
:1057300006D00123042200932846002306F0EEFF42
:105740003023B8F1000F1FD1EFF3118583F31188D7
:1057500021462648EFF798FC85F31188BFF36F8F39
:105760002348244B0269002A37D0D98C711A17FAC2
:1057700081F086B2204612F019F803230681837265
:10578000002002B0BDE8F081EFF3118583F31188AA
:105790002146164812F0E4FFDEE71748EFF77CFCDD
:1057A00004281FD8FF2D06D0012308220093284685
:1057B000002306F0B3FF3023B8F1000F06D1EFF35A
:1057C000118583F311880C482146C3E7EFF3118557
:1057D00083F3118808482146DCE73146DF8412F064
:1057E000A9F8C7E71C20CCE75C1D00205A1D00204B
:1057F0007C440020E83A0020581D002000232DE9B9
:10580000F3410646ADF8043012F032FD10F00C0FF3
:1058100023D00227124CDFF84C802388ADF80630E5
:1058200000232380BDF8063023B9012F11D00127B2
:105830004446F2E70DF1060005F0A0FA0546FFF731
:105840004FFFB042294614BF204601A812F088FF3E
:10585000E8E7BDF8040005F0AFFA02B0BDE8F0815A
:10586000581D00205A1D0020F8B51E4E044696F81B
:105870002930834235D0FFF713F94FF6FF77B8424E
:105880002FD0204686F82940FFF7B8FF2046FFF7C3
:1058900007F90546F5F764F8284606F0AFFD2046FF
:1058A000FEF7D0FD0546E0B90F4A1378013B1370AF
:1058B000F6F76FF929462046FFF788FB80220B4B4D
:1058C000394623F814500A4B1120234483F828202A
:1058D000084B2A4623F8145011F0AEFBFF2386F83C
:1058E0002930F8BD3849002085360020A434002036
:1058F000E83A0020A23A002010B50A4B04461B7873
:1059000083420DD9FFF7CCF84FF6FF73984207D0CA
:1059100020460021FFF7F6FA2046BDE81040A3E735
:1059200010BD00BF634500202DE9F0471E465D4BCA
:105930008CB01B7807460C461546DDF85080002BCE
:1059400000F0A080F5F70CF828B3574B1B689A07B6
:1059500021D44FF6F7739D4200F2948043463A46B5
:105960003146284606F0FEFEF4F7FAFF844200F0C6
:1059700086803046FFF7ACF8A84203D112F020FC35
:10598000FFF7BAFF022F40F0858028460CB0BDE833
:10599000F04706F033BD002F5FD0FB1ED3F10009A6
:1059A00049EB03094FF6F7739D426BD823463A46FD
:1059B00031462846EEF7E1FA8046002850D1B9F189
:1059C000000F3ED0002F3CD003AA9246374B03F184
:1059D000100E9446186859680833ACE80300734504
:1059E0006246F6D107A8EAF7FDF90323306871682B
:1059F0008DF81C3008AB03C39DF8293007A843F08D
:105A000002038DF82930ECF7B5FC88B13068716875
:105A100008AB03C3042307A88DF81C30ECF7AAFCDD
:105A200030B1022307A88DF81C30ECF7A3FC40B975
:105A3000514607A8ECF7AAFC18B11D4B1B78002BA8
:105A400092D088F00103224631462846CDF80090D6
:105A500003F0010304F0FEF986E74FF00109A1E726
:105A60000128EED002287FF47FAF204607A9F5F782
:105A700097FD20B93246204607A9FFF79BFC0CB0E2
:105A8000BDE8F087F4F76CFFA042F8D04FF6FF7343
:105A90009D426CE7214628460CB0BDE8F04706F071
:105AA00072BC00BFA21F0020E8340020F4A003084D
:105AB00095290020F8B50026104F3C78F5B2AC428D
:105AC0000FD800250E4B6400224629460D481D7054
:105AD00010F008FA22462946BDE8F8400A4810F0BE
:105AE00001BA2846FFF78AFE00212846FFF76EFA22
:105AF0002846FEF7A7FC0136DFE700BF604700201D
:105B000085360020A4340020A23A002038B505468E
:105B100011F04CFE04462846FFF741FD18B9208AD3
:105B200000F4404038BD4FF40060FBE738B505464F
:105B300011F03CFE04462846FFF731FD014608B14E
:105B4000A08838BD10340622204612F084FD205A69
:105B5000F7E72DE9F04114460F460546984611F047
:105B600025FE838A064623802846FFF7DFFF6080F4
:105B7000B37D791CE372C9B22846EFF7C9FAB91CA4
:105B8000A072C9B22846EFF7C3FAFE1C2072F6B223
:105B9000B8F1000F18D031462846EFF78AFB0537D9
:105BA000FEB23146A0802846EFF783FBB11CE080AF
:105BB000C9B22846EFF7ACFA6072217AA0880122B8
:105BC000BDE8F041FFF737BB2088EAE738B5054666
:105BD00011F0ECFD04462846FFF7E1FC014608B150
:105BE000201D38BD10340622204612F034FD20441A
:105BF000F7E70E2A2DE9F04180460C461746184675
:105C000005D9FEF707FC50252846BDE8F081B8F11C
:105C1000010F06D104F0ECFDA8B1FEF7FBFB212536
:105C2000F2E780230021234D85F82030224BE961E3
:105C30001B6843B1342011F013FEE88118B9FEF758
:105C4000E9FB0125E0E724F0FF6525F4FF251DB100
:105C5000FEF7E0FB4F25D7E76CB901240327174A6D
:105C6000137892F90020002ABBBF03F01F039C4069
:105C7000944044F0784400230E4E24F07844737628
:105C80000F4B3268996C86F818803774746061B96C
:105C900093F8501049B90B49C3E9121204F0FEFC05
:105CA0009DF8183086F84A30AEE7FEF7B3FB0425BE
:105CB000AAE700BFE83A0020382D00206046002007
:105CC000101C0020855E02082DE9F0411C4C237851
:105CD000BBB101221B4B1146186810F039FD2C2076
:105CE00012F064FD0A2012F061FD0021042011F081
:105CF000A3FC0021022011F09FFC00232370EEF78B
:105D000041FD114B114C1E68E089114BD4F8048001
:105D10001D6818B194F84B10EFF708F8002784F8C5
:105D20004B70FEF777FB384607F0A0F90EB14046FE
:105D3000B0471DB1E089A8470023E381BDE8F081A9
:105D4000401D0020441D00204C2D0020E83A00207A
:105D5000382D002070B52C4C2C48F0F78DFA237E9E
:105D600033BBE36923B32A4B1D782A4B1E682EB13F
:105D700094F9203028461A461946B047264B1B682E
:105D80008BB194F84B30312B0DD8E08911F00EFD1A
:105D900094F84B3094F82020C2549A1C0133DBB2A3
:105DA00084F84B20C554802384F820300023E3611D
:105DB000637E1A2B20D8194A1279012A08D10021B2
:105DC000656825FA03F0C007DAB20DD501B1627635
:105DD0000F4B607E1B78834211D1002384F84C3036
:105DE000FEF79EFC40B970BD0133D8B21A284FF0BF
:105DF0000101E6D90A446276BDE8704064E704F028
:105E0000CDFC0028E9D0F7E7E83A0020404900201F
:105E100060460020482D0020382D00203849002001
:105E200008B5134A107E012821D181B9114B197888
:105E3000536800FA01F123EA010353600E4B5A6DD7
:105E4000AAB90E4A5A65BDE8084012F063B992F843
:105E50004C300133DBB2022B82F84C3003D9BDE861
:105E60000840074876E7FEF75BFC0028F7D108BD3D
:105E7000E83A002060460020101C002045810308FD
:105E80004049002008B504F0C1FC0A4B93F84A30A1
:105E900063B1094B00224FF6FF71186810F0EBF860
:105EA00020B140F2FB41054810F0E0FEBDE808409B
:105EB00003484FE7E83A0020441D00209289030878
:105EC000404900202DE9F7430F460121814616463F
:105ED00011F08AFC054658B1EFF7CAF9308088B94D
:105EE000284611F047FC68B1192003B0BDE8F083E3
:105EF000484611F03FFCFF2FA0EB0704E4B213D09B
:105F000014B934800020F0E72946204611F0A8FC9F
:105F100080460028E8D03B464A4629460094EFF7E1
:105F2000B5F9A6F80080EDE70120DEE708B511F02D
:105F30003DFC437C03F001001A074CBF10300830D1
:105F4000DB0644BF0830C0B21030C0B208BD38B55F
:105F50000546FFF7EBFF0446284611F00BFC631CD7
:105F60009BB283420FD8284611F020FC437C5B078C
:105F700007D521462846EFF7CBF8013004EB400463
:105F8000E4B2204638BD0024FBE74278034612F015
:105F9000080006D0D20702D403F10800704703F1CD
:105FA000090070472DE9F74389461E46074690468B
:105FB00011F0FCFB002104463046F5F791FA054646
:105FC00009F107013846EFF790F8A5B1B8F1000FD5
:105FD00002D103781D44EDB20570637C1A0716D513
:105FE00069463046F5F7DCFA024620B908216846D2
:105FF000F4F75AFB18B1002003B0BDE8F08304F1B8
:106000001000FFF7C2FF694608220FF073FFF4F794
:10601000A7FC030A6375637C2075DB0603D538464D
:106020000A4906F063FA330AE37431463846A67427
:10603000FFF73DFB064A13780133DBB21370E375BB
:10604000A37D0BB90123A3750120D5E7F71B002021
:10605000A01F002037B505460C4611F0A7FB437C76
:1060600013F010000FD003F001021B074FF00003E4
:106070002946009320464FF0080354BF18322032BF
:1060800012F034FB012003B030BDF8B50C460646D3
:1060900011F070FB631C834202D900252846F8BD2D
:1060A00021463046EFF734F800F00307012F1FD0E8
:1060B000C2061DD400F00C030C2B0CBF09250825CB
:1060C0000306EBD5304611F055FB2C44631C9BB204
:1060D0008342E2D821463046EFF71AF810F0030069
:1060E00003D0022F14BF022003202844C5B2D5E7F5
:1060F0000225E5E770B506460D46FFF7C6FF0446E4
:1061000010B90024204670BD29463046EFF700F84C
:106110008206F7D5304611F02DFB2544ADB26B1C3D
:106120009BB28342EDD829463046EEF7F1FF00F0EE
:106130001803082B14BF05340634E4B2830644BFA9
:106140000834E4B2DEE738B50546FFF700FF044641
:1061500008B9002038BD01462846FFF7CBFF0028CC
:10616000F7D02044C0B2F5E738B50D46012104460A
:1061700011F03AFB30B10121204611F035FB2880A7
:10618000012038BD20462C80FFF7DDFF0130C0B272
:10619000F7E72DE9F04186B006460C4611F006FB04
:1061A000078A05463046FFF7D2FE01468046304654
:1061B000FFF76BFF002203463146009202A84246D9
:1061C00012F094FA9DF8081001F00C030C2B01F06A
:1061D000030345D1FF22BDF8090062710DF10B02E6
:1061E0002081687CC00748BF688ADDB248BF208133
:1061F000012B44D0CE0642D413880532638032F896
:10620000033C238012F8013C237113788806A372A3
:1062100001F0400348BF43F020033E0631D543F46C
:106220000073FE0448BF43F48063380548BF43F45D
:1062300000630906E38010D5517811F003010CD0FA
:106240006FEA43436FEA53439078022DE38003469D
:106250001CD1D37840EA0320208106B0BDE8F0814C
:10626000012B08D0CE0606D49DF809000DF10A02D4
:1062700060710020B4E7FF200DF10902F8E7FF2369
:10628000C2E7780648BF43F48073CAE7012904BF18
:1062900003029BB22381E0E72DE9F843074612F0A1
:1062A000C7F91B4B1A691B4B62B31C6D3C1B0444A2
:1062B000A4B20022184BDFF868901B78174D03EB4F
:1062C000830399F8006005EB43055FFA82F8B04557
:1062D0000AD2AB8805F10A00A34216D90A23B21AE2
:1062E00029465A430FF006FE013689F80060AC805B
:1062F000B8F1000F03D13946054811F01BFB2846C1
:10630000BDE8F8833C461865D3E705460132DCE773
:10631000A0440020E83A0020CF1F0020D01F00201A
:10632000CE1F00201FB5154A154C13786168013B3C
:10633000DBB22068137001AA03C221891180114ABF
:106340001278D21805D00A2320465A43E1180FF0DC
:10635000D1FD9DF806301B070DD0BDF80C00FFF7EE
:106360009BFF03468288ADF8082001AA03CA128861
:10637000186059601A8104B010BD00BFCF1F002003
:10638000D01F0020CE1F00202DE9F04F002685B041
:1063900012F04EF9DFF89091B24699F80070B346CA
:1063A0003A46DFF888811FFA80FEB8F850C05A4D8F
:1063B000AEEB0C039BB201932B78584C009303EB8C
:1063C000830304EB4303ACEB0E0C5FFA86FE7745C8
:1063D00015D8BAF1000F01D0009B2B70BA422AD316
:1063E000002F38D00A222B78C8F8500002FB034354
:1063F0004B48998805B0BDE8F04F11F09BBAB3F84F
:1064000004E001998E4512D84FF0010A009993F8E3
:1064100002E001310EF1FF3EC9B2013AA3F804B027
:1064200083F802E00091D2B20A330136CDE7E644A8
:10643000A3F804E0F8E789F800204AB10A222B7893
:10644000C8F8500002FB03433548998811F072FAEE
:10645000344F2B7843B905B0BDE8F08FA37823F013
:106460000F03A370FFF75EFF2B78002BF1D020887D
:1064700011F09CF9B0F814A0B0F8128012F0D3F823
:1064800006465046B4F80690F8F7F2FD0028E5D12C
:106490004046F8F7EDFD20B1404612F05AF90028C9
:1064A000DCD03A78A378033A012AD7D91B09D5D191
:1064B000A6EB0906B6B2B6F5C86FCFD80DF10B0141
:1064C000404603AA0393FEF748FF9DF80B60014680
:1064D000002EC7D14FF6FF739842C3D02088FFF734
:1064E000E6F8A6802688002EB3D03046FFF7CCF819
:1064F00001463046F6F7FCFF2B7848B1002BA8D0B8
:10650000A378103323F00F03A370FFF70BFFA0E76E
:10651000002BFAD19DE700BFCF1F0020D01F002025
:10652000A044002020350020CE1F0020E83A0020A3
:1065300010B50B4B04461B78033B012B03D98C2170
:10654000084810F093FB084B93F95A30A34204DB40
:106550006FF00E03A342B8BF2346044A137010BD68
:1065600020350020B0A00308101C00204C4800205B
:106570002DE9F341064601A8FEF71CF838B10024C6
:106580000D4BDDF804801F78E3B29F4205D80B4B1A
:1065900093F95A0002B0BDE8F08104EBC40545440C
:1065A00008223146284610F05AFA01340028EBD16F
:1065B00095F90800EEE700BFA03A0020101C00206B
:1065C000FF2810B504460AD011F052FEC30706D5C5
:1065D000054B234493F9280010F1800F02D1034B9F
:1065E00093F95A0010BD00BFE83A0020101C0020AB
:1065F000FF2838B504460D461ED011F039FEC307FA
:106600001AD50E4B93F95A309D4204DC6FF00E03FD
:10661000AB42B8BF2B460A490A4A91F82A001444F3
:1066200084F8283018B992F95400984204DA00200E
:1066300082F8543081F82A0038BD00BF101C0020B9
:1066400038490020E83A002038B505460D4B0E4881
:106650001C88EFF761F8012D0CD10C4B1C88FA2136
:10666000614358B1884209D28408012C204638BFC2
:10667000012038BD022D08BF0224F0E7024811F0C6
:1066800059F9F2E708390020401F00200A3900209C
:106690001B4B70B51A8802F108039BB2012B02D87C
:1066A000184B1B781BB9BDE87040EFF7E5BD00241F
:1066B000154B164D1C70164B1C702B786BB1154E7C
:1066C0004FF6FC7322462146308805F009F94FF653
:1066D000FD732C70338001200FE00F4B10461978AA
:1066E000F6F7EAFE0028F6D10A4B1A884FF6FD733A
:1066F0009A42F0D0012302202B70BDE87040A3E73E
:106700000C390020CD1F0020C81F0020CC1F002006
:10671000C91F0020CA1F002010390020A0F6134313
:10672000012B37B505460C4615D8134A13780133AB
:10673000DBB21370114A12789A420CD84FF6FD72F0
:106740000F4B00201988914201BF00221C800D4B85
:106750001A70FFF779FF80232A460DF1020101200C
:10676000ADF80030E9F786FB08216846ADF8064031
:1067700006F0B0FC03B030BDC81F00200E39002069
:10678000CA1F0020CC1F0020012208B5044B054879
:1067900000211A7011F0CEF8BDE80840002053E740
:1067A000CD1F0020401F0020012808B50AD0022874
:1067B0000BD020B9074B18700748EFF75DFD4FF07D
:1067C000FF3008BDBDE80840DEE70020BDE8084016
:1067D0003AE700BFCD1F0020401F002030B5094B15
:1067E00002461B7833B1084B084C19780023D8B205
:1067F000884201D3FF2004E0013334F8235095424E
:10680000F5D130BD9F440020AA1F0020A81F002002
:106810002DE9F041244B05461E780C46002E40D051
:10682000FFF7DCFF214FFF283978214B05D1214AA2
:10683000107886422DD9461C167088421BD01D4AFE
:106840001B4E92F800E000225FFA82FCE6450DD96B
:10685000B4469CF803800132804506F10406F3D16A
:1068600002B203EB8202D2788CF8032002B203EB6F
:106870008202D170387002B203EB820123F82250F9
:10688000FF2294428A7002D003EB84039870BDE823
:10689000F0810A46104603EB8202D278FF2AF9D132
:1068A000CBE7FF20F3E700BF9F440020AB1F002091
:1068B000AC1F0020AA1F00202DE9F04F0E461746FE
:1068C0004FF0000989B01D469DF848309DF84CA056
:1068D000DFF8F4B1029003939BF800305FFA89F47B
:1068E000A3426AD84FF6F7739F427FD815F002098A
:1068F00040F0A480DFF8D481694B98F800201B7821
:106900009A4273D0002011F0E1FCFF2804466DD0BC
:106910003068716805AB03C39BF80030ADF81C709C
:10692000A34263D900238DF81E50AD1005F0020577
:10693000009501933A46334621460298FDF7A4FD9F
:106940000546002852D1574B574A43F824004FEAD6
:106950000A2322F814304FF4A042544B04F582303D
:1069600023F8142005A90B2200F5C07007F048FE9B
:106970004F4B50491B7804F583300B5501222144BD
:1069800000F5807007F03CFE4B4B4C4A1B783046BC
:10699000234442F82350FFF7EBFD494B234483F88F
:1069A00028003046FDF71EFE98F80030013388F8C5
:1069B0000030F5F7EEF8C84654E02046FEF770F8D0
:1069C000804604F582300B2205A900F5C070EAF775
:1069D00037FB4FF6FF7366B9984513D14FF6F77240
:1069E0009DF81E30974203F0EF030ED94FF6FF7764
:1069F00024E0984506D00822304605A910F02FF86B
:106A00000028EBD009F1010966E79D4205F0020874
:106A100004D12046FEF744F8B84216D0294B1B7823
:106A200083B9254B254A1B78234412F8239020462E
:106A3000FEF762FFB8F1000F3FF45CAF384609B0D3
:106A4000BDE8F08F4FF00009F1E7B8F1000FF5D184
:106A50003046FFF78DFD1A4B234483F8280030465B
:106A6000FDF7C0FD03992046FEF74CFA2046FEF7DD
:106A700017F80546F3F774FFFF212846FFF7C8FE15
:106A8000104B1B782BB90C4B0C4A1B78234442F853
:106A90002380204609B0BDE8F04FFEF701B800BFE3
:106AA00063450020582B0020A23A0020A434002087
:106AB0005C470020DC2B0020644500208836002045
:106AC000E83A002068450020604700208536002015
:106AD0002DE9F043064688468DB007A891461F462B
:106AE0009DF85040FDF738FFADF81C60B8F1000F7D
:106AF00007D0D8F80030CDF81E30D8F80430CDF8E3
:106B00002230384610F052FE5923DDF8221002469A
:106B1000DDF81E00ADF80C3004AB03C3BDF828301F
:106B20004FEA4905ADF8183000230F21CDE90033B5
:106B3000224405F0FE0303A8ADF80E608DF81A900C
:106B4000EEF746F941463046E9F704F90E4B1B785B
:106B50005BB1B9F10B0F08D83046FF21FFF758FEA3
:106B600006462544EDB2AC4202D10DB0BDE8F0833B
:106B700021463846EEF79DFB3146FFF749FE0234C9
:106B80000646E4B2EFE700BF9F4400202DE9FF472F
:106B90000E46FFF723FE04465EB1308810F0EAFD92
:106BA0005FFA80F8FF2C4DD10025284604B0BDE8DF
:106BB000F087B046F6E701320C2AF5D02DB207EB8C
:106BC0008505AD78FF2DF6D112F0FF0AECD04FEA23
:106BD0004A050235EDB2002EE7D0304605EB08013C
:106BE000EEF76BFA0028DFD1414652463088EEF7C7
:106BF0002AFB08F101010AF1FF323088D2B2C9B292
:106C000008F10209EEF71FFB4FF001085FFA89F95E
:106C100024B207EB8404A478FF2CC6D023B237F843
:106C20002330CDF80080ADF80C304A46022331887D
:106C300003A811F05BFD0028B6D109F102095FFA43
:106C400089F9E5E725460022004FB7E7AC1F002091
:106C50002DE9F04FC1B00F460D9017A9104691468F
:106C60001E469DF82881FFF77FFABDF85C30119031
:106C700018460F9310F07EFDFB8804461093B7F979
:106C80000230B7F802B0002B04DA0022AB4B83F8D5
:106C90005520F8E00F9810F06DFD119B9842F4D349
:106CA000B8F1000F109B18BF4FF4A0731093119B05
:106CB000119AE41AE3B2152B0E9328BF1523002472
:106CC0000133013A0F99DBB292B2009421A811F07E
:106CD0000DFD6FEA4B436FEA5343DFF880A2ADF836
:106CE0006A30109B9DF88420DAF80000DAF804106E
:106CF000ADF86E3027AB03C3ADF86C40ADF868401B
:106D0000ADF8702027ADBBF1000F25D10DF1850046
:106D1000F3F76EFEA8B1F3F723FE5C4607460DF1CC
:106D20008D090DF18503012E99F800A02FD1B8F13E
:106D3000000F2AD084F0010404F0010041B0BDE846
:106D4000F08F0DF18500FDF7C3FE4FF6FF74021BB7
:106D5000544207465441E2E7BBF1010F40F09280F4
:106D6000BDF88570F3F7FCFD87420AD02946384606
:106D7000FDF7D0FE80F001042B46E4B20DF1870947
:106D8000D1E76F4B0DF18709CDE73446D4E7B8F171
:106D9000000F31D0002C71D1BAF1010F6ED836D16D
:106DA000F3F7DEFDF3F7DCFD2246074699F80150C4
:106DB000634B00210120CDE9007102956149EEF796
:106DC0009EFCADF87400002858D0002C50D1BAF1C8
:106DD000010F4DD12646DFF8889199F80030E7B2CF
:106DE000BB4236D9384611F043FAC30702D5BDB1CC
:106DF000013DEDB20134F0E7BAF1010F05D1002CED
:106E0000CED0812299F80150D3E7002CF9D1BAF104
:106E1000010F94BF0022012299F80150D201C8E766
:106E20003846FDF73DFE18A9ADF8600001230222A7
:106E30001DA8EEF793F808BBBDF8740010F09AFC9B
:106E400007461098F8F712FD013701368742F6B26F
:106E5000D0DBAEB132460C21BDF87400EEF7F3F989
:106E60000022BDF874300D981AA9FDF7A3FC05E0C7
:106E70000C211DA8EEF721F90028F1D001205DE7D3
:106E80000D21F6E70EB1002058E7B7F802B0BBF1CC
:106E9000340F67D10E9B092BF5D1B8F1000FF2D159
:106EA0009DF98D504246AC1008210DF1850004F08B
:106EB0002004F3F7F9FB20B90DF18500F3F798FDF5
:106EC00038B3214B1B78012BDDD0022B13D11F4B84
:106ED0001B6813F0807F24D11C4B1B68580201D51E
:106EE000002D28DA00231A4A0D981AA9FDF762FC32
:106EF000184B1C70C7E7033B012B12D8164B0D9A99
:106F0000B3F868309342E7D0104B1B6813F0805FF2
:106F1000E1E70DF18500FDF7DBFD4FF6FF739842C9
:106F200002D1C8230A4A3BE22146F6F72DFE03466A
:106F30000028F6D1F6E78D23F4E700BFE83A0020F9
:106F4000F71B0020C5A0030820350020E8340020EE
:106F5000E9A0030814490020101C0020969B030898
:106F6000604700209DF88530BBF1110FBDF88540CA
:106F70000E9300F28D80F3F7F3FCA04200F09280B4
:106F8000BBF1060F1CD14FF6FD739C4240D0B8F107
:106F9000000F7FF47AAEBF4B1B78033B012B35D932
:106FA000204611F00DF9FF2814BF89238123002208
:106FB0000D98CDE900421AA9B74AFDF7FBFB64E63C
:106FC000B8F1000F7FF461AEBBF1030F16D8BBF12F
:106FD000010F7FF65AAEAF4B1B78033B012B13D941
:106FE000204611F0EDF8FF2814BF89238123AB4A16
:106FF0000D9800941AA9FDF7DDFB46E6ABF10403FA
:10700000022B3FF642AEC6E78023F0E78023CEE7AF
:10701000A34B1B7859074DD4F3F7A2FC0024034679
:10702000224601209C490094EEF769FB9DF8899067
:10703000ADF8740000283FF426AF119B0F9803EBC6
:10704000490510F097FBEDB26F1DFFB28742BFF408
:107050001AAF39460F98EEF75BF807EB4007064684
:107060000F9810F087FB8742BFF60DAF49EA060381
:10707000DBB2002B40F00482B8F1000F7FF403AFC5
:10708000444622460421BDF87400EEF7DCF854E1D2
:10709000834BBBF13A0F1B7811D948F23B02934561
:1070A00008D014E07E4B1B785A070BD5ABF10402D5
:1070B000022A07D8FB8843F48043FB80E3E6BBF158
:1070C0001B0F10D8ABF1020291B2132950D9012144
:1070D000744A9B0782F8551040F1E983B8F1000F1C
:1070E0007FF4D1AEE6E7ABF11C021E2AEFD801A176
:1070F00051F822F0397C0208CF700208CF700208E4
:107100005B750208CF7002086B7602086B76020886
:10711000CF700208CF700208CF700208CF7002084B
:10712000CF700208CF700208CF700208CF7002083B
:10713000CF700208CF700208CF700208CF7002082B
:10714000CF700208CF7002086B7802086B780208D3
:10715000D37A0208CF700208CF700208E97B0208D8
:10716000CF700208877C02089F7C0208E17C02083D
:10717000132AACD801A151F822F000BFCD7102084A
:1071800047720208617202086573020819700208EA
:10719000CF700208CF700208CF700208CF700208CB
:1071A000CF700208CF700208CF700208CF700208BB
:1071B000CF700208CF700208CF700208CF700208AB
:1071C0008D740208CF700208697C0208F3F7C8FBCF
:1071D000304B04461B78012B33D0022B14BF0227FF
:1071E0000127F4F7EEFE304B0546B3F80080F8F7C0
:1071F00033FB2E4B06464FF6FF70B3F80090FDF7B9
:1072000089F92B4B1988264B1B7813F0020F4FF08E
:10721000000316BF274A1A461278CDE90A334023E5
:10722000CDE90812CDE90690CDE90173CDE90486D8
:107230000023214A0D98039500941AA9FDF7BAFA84
:1072400021E60027CDE7F3F78BFB1C4B1C4A1B887C
:10725000CDE9000300230D981AA9FDF7ABFA12E659
:107260009DF887402946631EDBB2EF2B204601D9EB
:10727000F22C0BD1EDF7B0FF20BB8324F3F770FBAA
:107280000023054ACDE900032346E4E7EDF7A4FF18
:107290008224F3E7203500209AA00308729B03089C
:1072A0004F2B0020E83A00205E450020E4460020F5
:1072B000E6460020DC290020CBA003086045002022
:1072C000329C0308F3F74CFB9DF8A0209DF8A21018
:1072D0000492BDF89E2049000392BDF89C20C9B2DB
:1072E000CDE901429DF8A12003465200D2B20832F6
:1072F0000A44009201200022BF49EEF700FA9DF8EF
:10730000A130ADF874008DF85E3000283FF4BBADBD
:1073100001230DF15E011A461DA8EDF71FFE05467B
:1073200000287FF4B0AD9DF85E30EAB2934209D8F0
:107330009DF8A2308DF85E3016B1BDF874302EE0A5
:107340000126E5E731462046EEF74AF80123ADF87D
:107350006000022218A91DA8EDF700FE01350028E3
:10736000E1D090E5F3F7FCFAA44C03462278012023
:107370000092A3490022EEF7C2F900283FF483AD42
:107380000027ADF89C002378F8B283420DD832462E
:107390000421BDF89C00EDF756FFBDF89C3000229B
:1073A0000D981AA9FDF706FA6DE5EDF7FFFEFF2827
:1073B0008DF874000AD0012301361A4628461DA90B
:1073C000F6B2EDF7CBFD00287FF45DAD0137DAE7CB
:1073D000BDF88750EDF7EAFEFF288DF8600000F059
:1073E000F18427A9EDF7F8FEBDF89C309D4207D047
:1073F0004FF6FF72954240F0E5841B0400F1E284F1
:107400004FF0000A9DF8A130CDF848900E93119BE3
:107410000533DBB210930025AB460EE0109B49000C
:10742000C9B219440F9889B2EDF743FF00231390B6
:107430000E99DAB28A4215D30135129BE9B28B421A
:10744000ECD89DF8A2300E93149B1093BBF1000F63
:1074500040F0AD84BAF1000F40F0B4844FF0010A5F
:107460001296D8E751469DF860001593EDF7B8FFE6
:10747000139B834208BF4FF0010B159B0133D7E7E5
:107480000635EBB22746149300F09DBC20469DF8CC
:107490008F70ECF7D3FB48B3FF2208210DF1870072
:1074A000F3F702F9034608BBDAF80000DAF8041033
:1074B0001DAA03C20121534A4FF4981C82F82110DF
:1074C0005484514AADF8A43082F828304FF4003289
:1074D0008DF8A63001931DABCDE927C20093294654
:1074E00023464FF6FD70494AFDF764F901220DF17C
:1074F00087012046FAF7A4FA2046FDF78FFE0DF12A
:107500008700FDF7E5FABDF88520824207D04FF6E7
:10751000FF72904203D010F053FEFEF7EDF917F022
:1075200008070CBF012100210DF18700FAF7DEFDED
:10753000002329461A460DF18700EAF7A9FB9DF8BA
:107540009D00FF283FF49FAC2FB904263A463146F0
:1075500005F0CAFD97E40427F8E72D4B1B78033BA1
:10756000012B7FF690ACF3F7FBF90D9B83423FF4C0
:107570008AACE3F7B3FD0B23B0FBF3F24FF47A715F
:1075800002FB13000A3080B24143224810F0D2F9C6
:10759000214B1B78002B3FF476AC012300221846C8
:1075A0001E499DF88590EEF7AAF8ADF86000002816
:1075B0003FF469AC0024A046119BDFF864B003F1EE
:1075C000010A1DAF5FFA88F291452BD8002C3FF4D9
:1075D0005AAC01233246294618A8EDF7BFFC002813
:1075E0007FF451AC22460221BDF86000EDF72BFE7E
:1075F000BDF86030D3E600BFD8A00308942900206E
:107600009AA00308E83A0020384900209EA0030809
:1076100020350020E01E002085360020E8A0030869
:10762000DC2B00200023D200D2B252440F990093E9
:1076300092B20823384611F059F8384610F046FE49
:10764000FF280FD01BF800300F2B0BD997E8030051
:1076500006F580736B44643B83E80300083601340D
:10766000F6B2E4B208F10108ACE7B8F1000F7FF41C
:107670000AAC13F008047FF41DAD9DF88D60731EF5
:10768000DBB2EF2B00F2EF800E2241461DA80EF078
:1076900029FCBDF88E308DF87560ADF876309DF818
:1076A000903003F07F02032A0AD0012B40F00381BF
:1076B00003238DF87430BDF89130ADF8793011E0C6
:1076C000032B14BF022301238DF87430DDF89130B1
:1076D000CDF87930DDF89530CDF87D309DF89930D2
:1076E0008DF878300822AE490DF185000FF0B7F91A
:1076F0000646002840F0DF80DFF8CC82DFF8CC922D
:1077000098F800705FFA86FA57454ED8BBF1210F02
:1077100040F0A780A34B9DF875401B78112B72D1C8
:107720009DF8750018A9EDF757FD002698F8003070
:10773000F7B2BB427BD929463846F9F727FC9DF8BA
:107740009C400136002CF1D138461DA9FAF724FCE3
:1077500028B140F60444A04214BF8C248D24312368
:10776000ADF89C30BDF874301221ADF89E30BDF8F4
:1077700076302846ADF8A0309DF878308DF8AC70A2
:107780008DF8A230DDF879308DF8AD40CDF8A3301A
:10779000DDF87D30CDF8A7309DF881308DF8AB3025
:1077A00005F098FC2346FFF7BDBB4FF6FF7339F891
:1077B0001A209A4225D029465046F9F761FB9DF8D8
:1077C00075209DF89D309A421BD1BDF87620BDF8FA
:1077D0009E309A4215D19DF878209DF8A0309A42AB
:1077E0000FD108220DF1A1010DF179000FF037F949
:1077F00038B9BBF1210FD5D05046EDF7C5FD044691
:10780000D0E701367CE7122B11D129462046BDF87E
:107810007690EDF7E1FC60B929462046EDF7DCFCF7
:1078200028B100269DF8A2A0F2B2524510D38C24B4
:1078300095E700269DF8A1A0F2B25245ECD20021B6
:107840002046EDF7CDFD814506F10106F4D167E74D
:1078500001212046EDF7C4FD484506F10106E3D1BC
:107860005EE7FF20C9E782249CE71098F7F7FEFF48
:10787000002105460D98FFF789F94B4BBBF1310FFD
:107880001B780646A3F103030BD1012B16D9474BF6
:10789000474A1B7812781344DBB20F9316231193D7
:1078A00010E0012B03D9434B1B780F936BBBB8F14E
:1078B000000F7FF4E8AA8423FFF734BB162311934B
:1078C00001230F9300240E9B2246009301202346A0
:1078D00039490194EDF713FF00283FF4D4AAAD1BFA
:1078E000EBB2364E364F1393ADF8740010941294E9
:1078F0009DF848500F9BAB4209D80221109ABDF861
:107900007400EDF7A0FCFFF7BCBB0523C7E7162208
:10791000002127A80EF0E6FABBF1320F58D13379D7
:1079200003F00302032A22D18DF89E20109B0E9AA9
:107930000133DBB29342109313D9BDF874000FF0FA
:1079400019FF119B1844139B98420ADC0123119ADA
:1079500027A91DA8EDF702FB00287FF494AA0134A3
:10796000E4B2129B0836013312931237C0E7B179A3
:107970000029DBD11349C3F3C2030B441B7C012A4A
:1079800008BF43F001038DF89E303388ADF89C307A
:1079900073888DF89F301B0A8DF8A030C6E700BFB2
:1079A000F71B002065460020203500204C370020C2
:1079B0008536002066450020E6A0030880380020B8
:1079C0004E370020F4A003081D4500204C34002051
:1079D00027A8F4F7EBFA4FF0FF33CDE92933B44B86
:1079E00093F800A0AA4545D93B796F2BB9D8284612
:1079F00029A9F3F7A9FD0028B3D0AE4BB7F8008052
:107A0000B3F86830B8F1000F11D1003B18BF012363
:107A10005B0143F004038DF8AE3002238DF8AF30E4
:107A20007B881B0A8DF8B130ADF8AC807EE7B3EBF4
:107A3000080318BF01235B0143F005038DF8AE3046
:107A400002238DF8AF300F238DF8B030E8E709F14D
:107A500001095FFA89F909F1FF35EDB2284610F006
:107A600007FCC007F3D5C2450CD008F101085FFA46
:107A700088F8ECE7129B4FF000084FF00109A3EBE8
:107A80000A0AE8E78C4B29A918782844C0B2F3F712
:107A90005BFD00283FF465AF2846FDF701F88046FE
:107AA000284610F0E5FBC10711D582070FD4122339
:107AB0008DF8AE30814B1B780133DBB20F2B28BF22
:107AC0000F238DF8B0307E4B33F81530A9E716231D
:107AD000EEE713F008047FF4EDAA0E9B2246009314
:107AE0000120234677490194EDF709FEADF85E00C9
:107AF00000283FF4C8A926462746A146DFF8D4A1AE
:107B0000714BF8B21B7883420ED832460221BDF881
:107B10005E00EDF798FB22460421BDF85E00EDF70C
:107B200092FBBDF85E303AE41DA9F9F7A9F9DAF83D
:107B30000000DAF804109DF8742018AB03C318ABEA
:107B4000002A47D00E99002949D1B9F1000F3FD141
:107B500093E803009DF8753085E803008DF8A430A4
:107B6000BDF87630032A8DF8A5304FEA13238DF83F
:107B7000A63017BF032301238DF8A7309DF8783076
:107B8000DDF87900DDF87D100CBF8DF8A7308DF899
:107B9000B0302AAB03C310980CBF4FF00E084FF063
:107BA0001508F7F763FE8346BDF85E000FF0E2FDAF
:107BB00000EB08039B450FDB0123424629460DF1EC
:107BC0005E00EDF7CBF900287FF45DA90134E4B243
:107BD0000136F6B2013793E74FF00109F8E70E9B43
:107BE000013BDBB20E93F3E7B8F1000F12D0374B35
:107BF0001B78033B012B7FF646A9F2F7B1FE18B9BB
:107C00000D9B002B7FF43FA99DF88500F3F7E4FF5F
:107C1000FFF739B9F2F7A4FE20B12C4B1B78033BD8
:107C2000012B02D88023FFF77DB94346284A0D98DF
:107C30001AA9FCF7BFFDE7E7F2F792FEA0427FF436
:107C400022A90DF18700F2F7D3FE00283FF41BA90B
:107C5000F2F786FE0446F2F783FE1E4B1E4ACDE97C
:107C600000032346FFF7F7BA2046FCF753FC002831
:107C70003FF409A900900023184A0D981AA9FCF7AF
:107C800099FDFFF700B90DF18503CDE900830020D0
:107C90004B460D991AAAFCF7CBFAFFF7F4B80DF191
:107CA0008503CDE9008301204B460D991AAAF2E71E
:107CB0004C370020101C002064450020CB2D0020F4
:107CC000A23A0020E6A003081D4500202035002030
:107CD000E9A00308F71B0020E0A00308729B03083B
:107CE000DFF80881B8F8000080B90024CDE901442C
:107CF0003A4B00942246012093F856303849EDF76C
:107D0000FEFC0346ADF89C00FFF749BB0FF032FDC7
:107D1000C0F3C706002EE8D00E9BB34241D2DFF875
:107D2000BC90DFF8CCA00E9B0196F41AE4B2082CAC
:107D300028BF0824CDE90234B8F800300022FF3B08
:107D400018BF01230093514699F856300120EDF7F2
:107D5000D6FC4FEAC40BADF89C000BF10701284696
:107D6000EDF7ABF9074600287FF48DA80E9BCDF800
:107D700000B00721B8F80020BDF89C00DB00EDF74B
:107D800085FA0E9B3A461C44E3B20E930D98BDF85B
:107D90009C301AA9FCF70EFD0E9B9E42C3D8FFF73C
:107DA00072B88F220F490120EDF7A9FCA9E7012342
:107DB00018A91A461DA8EDF7D1F800287FF463A88A
:107DC0000134E4B20137084BF8B21B7883423FF626
:107DD000FFAA002C3FF450A9FFF753B9E83A00205E
:107DE000E5A00308E9A0030894290020142D002031
:107DF000E4A003082DE9F0431E46534B8DB01B78D9
:107E00000746033B012B0C4615469DF850800CD8C5
:107E10004E4B1B88C3F30E033BB14D4B1B7803F055
:107E20000F03022B08BF41F400544A4B1B7813B9CF
:107E300024F40074A4B2200509D546B9284602A945
:107E4000F3F7AEFB00283BD024F40064A4B2ADF8F5
:107E50001040ADF81250F2F783FD3F4BADF814001F
:107E60001B78B8F1000F02D0434528BF43463B4A78
:107E70008DF816301378210503F10103DBB244BFFE
:107E80003068716813708DF8173006AB48BF03C3B4
:107E9000E20405D51A4632490868496803C2134608
:107EA0000DF11008A3EB08035FFA83F9002148469F
:107EB0000FF0D6FC064628B900200DB0BDE8F083CF
:107EC00002AEC4E70FF072FC41464A460EF0D7FD01
:107ED00030460FF04FFC804630460FF067FC04231D
:107EE00002465FFA88F14FF6FF7002F055F9ADF8DF
:107EF00006000028E0D040F201131C421AD14FF6D0
:107F0000F7739D4216D80FF035FC0DF106010446BB
:107F10002846FEF73BFEBDF806000FF02BFCE4B24E
:107F2000A04207D9BDF806000FF040FC437C43F0A7
:107F300004034374BDF806003A4601210FF068FCC3
:107F4000BDF80600B9E700BF20350020A81F0020BB
:107F500017350020A21F00205D470020A01F002031
:107F6000F71B00207FB514460091024641F209211B
:107F700041F609209DF820601D46002E18BF0146DD
:107F8000099B0020FFF736FFADF80E0010B9002066
:107F900004B070BD01232A4621460DF10E00ECF716
:107FA000DDFF0028F3D1BDF80E00F1E72DE9F04325
:107FB0000823002485B08DF80830064602230121ED
:107FC0004FF6FC70CDE9004402AAFFF7CBFFADF8F5
:107FD0000A00D8B12746DFF8A080DFF8A09099F812
:107FE0000020E3B29A4224D8BDF80A402046FDF7AB
:107FF000AEFF411C47F06002204689B2EDF723F93D
:108000000022BDF80A001146F3F76CFCE3F766F8AE
:10801000184AC0F30B01137801F55A51013113B11D
:10802000013B89081370304605B0BDE8F0430FF0FE
:1080300081BC18F80E5C6F2D17D8404630F8123D01
:108040002D01ADF80C30F3F7C9F905F0700528449F
:108050008DF80E000123032203A90DF10A00ECF7AD
:108060007DFF0028D2D10137FFB2013408F1120898
:10807000B5E700BFC82D0020603700204C37002036
:10808000FF232DE9F04F97B08046164605918DF8F5
:10809000233012B301230DAAFDF75BFD9DF83E507E
:1080A0000446EF0624D50027059BBDF8389003F160
:1080B00008024146D2B20823009710A8CDE91077F4
:1080C00010F014FB3A46484610A9F9F7B9FC00280D
:1080D0003ED1A90625D510220DE013460DAAFDF7C5
:1080E00038FD9DF83E500446A80634D5062202E02D
:1080F000AA0616D5082200230599BDF83A700A444D
:10810000CDE9103341460093D2B2082310A810F0F5
:10811000EDFA384686F0010210A9F9F791FCB8B9DA
:10812000CEB1BDF83870F2F71BFC874219D17CB193
:108130004FF0010BB74BE279668803EBC20533F8C9
:108140003220BDF83A309A421CD04FF6FF7323809C
:1081500017B0BDE8F08FBDF83A70F2F701FC874226
:108160003ED0384610F0F5FA8346002E3AD0002C67
:10817000E0D1A94B1B78002BEAD00028E8D14FF6BC
:10818000FF761EE0BDF83640BBF1000F05D02B791D
:108190006C8003F03C032B71DAE7BDF8380010A9BE
:1081A000FCF7B2FF2B799C4A03F03C032B716C80E7
:1081B00020B10379468003F03C0303711378002B50
:1081C000C6D03346002240460599FDF7EBFE002855
:1081D000BED03146404617B0BDE8F04FF5F788B93C
:1081E0004FF0010BBDF8369000214846F3F778F9BF
:1081F000BDF8343003901846069310F0AAFA0646EC
:10820000F2F7AEFB069B8342A2D0844B1B78033B64
:10821000012B9DD915F04003049399D1039B0BB911
:10822000002E95D005F01803039A9DF83D50082BB9
:108230001544EDB28DF83D504ED0102B4DD0BBF112
:10824000000F4BD1002C4ED15F4600224FF6FF703D
:108250001146FCF7F0FF044600283FF479AF002FE9
:1082600040F0228101230021BDF83A000DF12302E4
:108270000793FDF70DF8824600283FF469AF079B8E
:108280009EBB37460499BDF838000DF122020793D2
:10829000FCF7FEFF064600283FF45AAF5E4A079BF4
:1082A0001278002A00F0BE801BBB6379AB4240F21B
:1082B000CD80A4F802906571BAF1000F00F0E7805C
:1082C0009DF82330E2799A4200F0E180002F40F0DF
:1082D000D780E37100253FE020230493002C40F079
:1082E000E9800127B1E75B46BDE700273E46DBE7B3
:1082F0001646BBF1000F1ED1E2F7F0FE7E23B0FB65
:10830000F3F202FB130005992A4605315FFA80FA61
:108310004046ECF798FF4FF6FF714046FDF7C7F96E
:10832000039B032B6ED9AAF17E0A022140465FFA15
:108330008AF2F3F7D7FA069BA4F8029023809DF8FF
:108340003C306571237100232372002F40F08B8035
:108350009DF82330E3710125BBF1000F3FF4F8AE27
:1083600009AF39464046FDF775FE00283FF4F0AEF0
:10837000BDF83A40F2F7F4FA8442064640F08A80AB
:1083800000214846F3F7ACF812AAB442034697E836
:10839000030082E8030040F08580214908684968AD
:1083A00014AA03C2002B3FF4D3AE43F2020200260C
:1083B0008DF847300123ADF840209DF83C20CDE9F1
:1083C00000368DF84220BDF838208DF845408DF8F4
:1083D0004320120A8DF84420240A182331464846C7
:1083E00010AA8DF84640FFF7BDFD044600283FF473
:1083F000AFAE4946FDF75BF9324620466900F3F718
:1084000071FAA5E6039B012B94BF0AF1020A0AF157
:10841000420A8AE780380020CE460020203500201E
:10842000F71B0020002B86D163799D420ED2A4F861
:1084300002906571BAF1000F7FF442AF002F3FF454
:1084400049AF22E000260127B2462EE7049A002A0F
:108450003FF47EAE9D427FF47BAEE2F73FFE8307A2
:108460007FF476AE25E7FF23E371002E3FF473AF70
:1084700001253379A6F8029023F0030333716BE7EB
:10848000FF23E371002E3FF425AF0025F1E7002E16
:10849000D4D11FE720460BA9FCF73CFB00287FF452
:1084A0006FAF55E60BA979E7002E7FF421AF0123CA
:1084B000B246E7E6002EC5D133460127B246E1E6D3
:1084C0001FB5154B0C461B780121033B012B98BFB0
:1084D000124B8DF8090098BF1A780D238DF80830DB
:1084E000230A8DF80C3000238DF80D20CDE9001300
:1084F0002046062302AA8DF80A108DF80B40FFF7DC
:1085000031FD38B12146F4F7F3FF80F00100C0B22D
:1085100004B010BD1920FBE720350020E43A00200C
:1085200008B5FEF75BF9FF280AD108BD0233DBB2BC
:1085300000B202EB80008078FF28F7D11846F4E7FC
:108540000223014AF4E700BFAC1F002038B583784E
:108550000C460B700146054631F8043B0822637057
:108560001B0AA370E01C0DF0C5FCEB780120E37240
:108570002B7B04F10E0123736B7B63732A69E7F78E
:1085800079FC01206A6904F11201E7F773FC2B8B77
:108590000822A3751B0AE37505F11C0104F11800FC
:1085A0000DF0A8FCAB8C84F820301B0A84F8213035
:1085B000EB8C84F822301B0A84F8233095F828309D
:1085C00084F8243095F8293084F8253095F82A303D
:1085D00084F8263095F82B3084F8273038BD43785E
:1085E0002F2B0FD0302B0CD1074B084A1288522A60
:1085F0000BBF1B78028903811A700023436001239B
:1086000003707047024BF0E71549002058290020FD
:10861000F739002070B50646144608461A46082168
:108620001D46FCF739F8A0B92A4602213046FCF76E
:1086300033F870B92278531EDBB2FD2B0AD8012023
:10864000904020F0FF6020F4FF20003818BF012088
:10865000400070BD19232370FBE7034B187808B95D
:10866000024B1878704700BFF539002020350020F4
:1086700070B5044620B91848FCF736F8002003E02E
:10868000164B1B780BB1022070BD154D2B78002BBB
:10869000F9D1114E336983B9124B022093F8772038
:1086A000114B5A7103F00AF9631C0FD021460A4896
:1086B0000FF040F900232B70E0E73046EDF72CF87F
:1086C000A042E0D23369002BEED1E5E70248EDF796
:1086D000D3FD0123EFE700BFB0450020CA2D0020E5
:1086E000113A0020101C002038490020002814BF37
:1086F0000120022003F0E2B82DE9FF411E4E0024C4
:108700003378012B0CD11D4B347093F90000F2F734
:1087100055F82046FBF7D7FF012004B0BDE8F081F3
:10872000022B26D1164D0120FBF7CDFF082128880A
:10873000CDE90244ECF774FE0D2107462888ECF7DA
:10874000E7FC082380460094224629880DEB0300AD
:108750000FF0CCFF094B2C8093F90000F2F72EF8B4
:1087600001223846C8F3C01302A903F02BFD347070
:10877000D2E72046D1E700BFF6390020103A0020AA
:10878000583A00207FB51023134A02A90120F1F7BF
:1087900069FE9DF80B00F3F7F3FB1720EBF766FD7E
:1087A00000210DF10700F3F73DFE172805D1002049
:1087B000F1F7F0FE07B05DF804FBFFF74EFF02286B
:1087C00008D9064BB3F868204FF6FF739A4201D1DF
:1087D0000320EDE70220EBE764EE0100101C00200F
:1087E00001461022014805F00BBF00BF01E5010062
:1087F00073B500252C46094E3378E8B2834202D87F
:10880000204602B070BDECF7D1FC6946ECF7E4FC01
:1088100008B10134E4B20135EEE700BF942900202D
:1088200008B50FF005FF00F5FA50012838BF012008
:10883000014B186008BD00BF503A002008B5FFF793
:108840000CFF012806D0022806D0032814BF0220FE
:10885000062008BD0420FCE70520FAE730B5002912
:108860000CBF03240B2489B0EAB1124991F85720B8
:10887000551C81F85750112142F080020C9DCDE922
:108880000412CDE906354CF25E024FF48053CDE977
:1088900002320B23002200930E21074B0194ECF7C8
:1088A0001DFF09B030BD054A1921127842F080023F
:1088B000E4E700BFE83A0020EBA00308543A0020A8
:1088C00070B586B0154601F097FA0446E0B1F2F7AC
:1088D00077F80646F2F744F8049400240C4B4CF663
:1088E000214100932A464FF6FF73FF20CDE9024451
:1088F000019601F09FFC014630B10122204606B0EE
:10890000BDE87040F2F780B8192006B070BD00BF16
:10891000F71B00201FB5102269460448E8F790FBBA
:108920009DF80E0005B05DF804FB00BF01E50100F5
:108930002DE9FF410E4615461C460746BDF8288026
:1089400018B14FF6F77399421CD8B5F57F4F19D27D
:1089500014B1B8F57F4F15D2102269460A48E8F7DE
:108960006FFB6846ADF80470ADF80660ADF80850CE
:10897000ADF80A40ADF80C80FFF732FF002004B0DC
:10898000BDE8F0810120FAE701E501001FB51022E2
:1089900069460448E8F754FBBDF8000005B05DF8EF
:1089A00004FB00BF01E5010070B5224B224C998504
:1089B00003880546A4F860308378164684F863304F
:1089C000F1F714FF291D84F86200082204F1580011
:1089D0000DF090FA6B7B194D84F86830184BE36604
:1089E000032384F8643046B12B78190702D016208F
:1089F000F1F7D0FD4FF4FA610EE0FFF7C7FFC207B1
:108A000005D404224FF6FD713046F4F7AFFF2B7802
:108A10001B070BD14FF4FA7103220A4B84F87060E4
:108A20001A700948BDE870400EF084BF1620F1F7B7
:108A3000B1FDEFE738490020E83A00201735002063
:108A400000F8FF07F63900209045002000B5124AD3
:108A50000B4611788DB011B9104A10809370002028
:108A60000E4A03F079FB0E4B002219880B48FFF7E2
:108A70009BFF0120F1F78EFDBB230DF10601074896
:108A8000ADF80430FFF762FD01A82A2104F022FBB3
:108A900001200DB05DF804FB8C3A0020603A002004
:108AA0008E3A00201FB50446102269460448E8F7B4
:108AB000C7FA68460094FFF793FE04B010BD00BFEC
:108AC00001E5010008B5FFF761FF20F4987080B25E
:108AD00040F00100FFF7E6FF0022014B1A7008BDCD
:108AE000F639002010B590B00446282206A90E4899
:108AF000E8F7A6FA002323609DF81C3001A8237133
:108B0000E7F770F9052301A8E1188DF80430E8F7BC
:108B1000C5FB062304F1150101A88DF80430E8F720
:108B2000BDFB10B010BD00BF02E5010030B5414CE7
:108B300041488BB0EDF7A0FB2378032B5CD1FFF706
:108B40008CFD02289CBF062323703C4B93F8705089
:108B5000002D3ED03A4B186810F002000EBF41F6CF
:108B6000043141F606310020F6F7A2FF0025354B0F
:108B70001D70354B998DFFF770FD344B024628462A
:108B8000F3F732FE002844D1314DFFF7FFFE2B787A
:108B9000002B0CBF4FF0FF336FF48073184020F0B0
:108BA000010080B2FFF77EFF01232B70FFF755FD18
:108BB000022806D94FF4FA611F480EF0BBFE0723C6
:108BC0002370244B1B7893BB0BB0BDE8304002F000
:108BD000F0BDF3F717FF294601221F48F7F7E4FC21
:108BE0006846FFF77FFF2A4641F6063140200DF127
:108BF0001503F6F70FFFB9E7072B07D10023FF2274
:108C0000194601202370F3F7B1FADAE7043B012B90
:108C1000D7D8124B1B782BB10120FFF767FD00223C
:108C20000E4B1A7000232370FFF7ACFDC9E70BB0A1
:108C300030BD00BFF639002090450020E83A002002
:108C4000E83400201735002038490020403B002040
:108C50008E450020401D0020903A0020F839002069
:108C600010B58AB004466846FFF73CFF01239DF823
:108C70000420934003EA0400C30B0ED10E235A1CB8
:108C800001D1FF2007E020FA03F1C90703F1FF3209
:108C900005D558B2C0B20AB010BD0F20FAE713468E
:108CA000EDE72DE9F04306468FB008890D461746DB
:108CB0009846FFF7D5FFFF2855D00F2809AC01D003
:108CC000042834D12A686B6812BA1BBA2046CDE951
:108CD0000522CDE90733E7F785F8052305AD2046E2
:108CE0008DF82430E9F7BAF92A462946012004F024
:108CF00018FA95E80F000DF1040C8CE80F002046DF
:108D0000E7F770F809238DF82430184B01A92046A5
:108D10000D93E8F7FDFF2046E9F7A0F930464246FB
:108D2000394604F0FEF900200FB0BDE8F0830028BA
:108D3000E5D1A6462B686A680D4D93FA83FC12BAFA
:108D400005F11009734628686968083503C34D4565
:108D50009E46F7D1CDF828C00C9201AD94E80F00E3
:108D600085E80F00CBE72120DEE700BF0044400488
:108D70000CA10308002310B590B0069303792822B4
:108D8000044606A90D488DF81C3005F039FC01A8F1
:108D9000E7F728F80A4B01A805930523E1188DF899
:108DA0000430E8F7B5FF062304F1150101A88DF89A
:108DB0000430E8F7ADFF10B010BD00BF02E50100C0
:108DC0000044400400B50D4B0022B3F85E3089B07A
:108DD000ADF81C304FF6FF73CDE90322CDE9012237
:108DE00007AA00924FF400610DF11E020720ADF8B2
:108DF0001E3001F01FFA09B05DF804FB101C0020C2
:108E00000B8810B50C461BB9FFF7DCFF208008B1BA
:108E1000012010BD0220FCE72DE9F0411746C6B045
:108E2000044688461B4AC11902A8F6F7A5FB3D185F
:108E3000EDB206AB2246CDE9008301212B4602A804
:108E400001F09AFAA8EB050605F58C73F6B26B44AF
:108E50003344A3F580731B68324644F80830E35D61
:108E600006A823F00703E3552C4421460DF007FE26
:108E700006ABCDE9006306AA0023012102A801F098
:108E80007BFA3246204606A90DF0F9FD46B0BDE852
:108E9000F08100BFF71B0020264B70B55C880023D3
:108EA00086B08DF80830244B0DF10B001B7804F0D0
:108EB000010643F020038DF80930F3F777F86FF0DF
:108EC0007F43ADF813308DF81530F3F7EFFB1B4AF5
:108ED0001B4B11781B4A1B781278DB00DBB29142E6
:108EE00004F010058DF816002CBF43F0040343F086
:108EF00084032EB1A10619D425B143F0020301E089
:108F0000A207F9D4002108468DF80A300EF0A8FC1B
:108F1000ADF8060030B101230F2202A90DF10600C1
:108F2000ECF71CF8BDF8060006B070BD43F0010375
:108F3000E2E700BF5A450020B42900208536002012
:108F4000CB2D0020634500202DE9F0410F4650B1A4
:108F50004FF00208134D28880FF01AFC044638B968
:108F60002046BDE8F081104D4FF008082888F3E74F
:108F700020460EF01BFCC37A064623B12146288802
:108F80000FF00BFCEAE72046FCF797FB4246014650
:108F900038460DF064FD0028F0D1B378002BEDD1F8
:108FA000DEE700BF5A1D0020581D0020FF28F8B53D
:108FB00004462CD0164B1B78834203D880211548D9
:108FC0000DF054FE4FF6FF75134A32F8341002EBE1
:108FD000C4000379A94203F0030318D0012B16D172
:108FE00000220E4B1F780E4BD6B2B74203D8BDE815
:108FF000F840FCF7BDB81E88AE4205D093F807C014
:10900000A44504D0B14202D00A330132ECE7F8BDE6
:1090100066450020A2A003088038002034470020C5
:10902000D02A002070B51A4C0646B4F8A03023B9F7
:1090300040F2453117480DF019FED4F8A45035B16F
:109040003146002094F8A330B4F8A020A8470023AC
:109050004822A4F8A030C4F8A43094F8A83002FB49
:109060000343D3F898309D4211D023789A0705D452
:10907000094A0A4912788A5CFF2A08D023F00203C1
:1090800043F001032370BDE8704001F007BB70BDE1
:10909000101C00204F9F0308E72900203D1D0020E1
:1090A0002DE9F04FDFF8D08185B098F8A83023B1D2
:1090B000002388F8A83002F07CFB98F85A30B8F802
:1090C000A0708DF80F3027B940F2FD215E480DF0F9
:1090D000CDFD38460EF04EFBA0F110093846FCF7E6
:1090E00057FA0428594E5FFA89F97DD13846FCF7C2
:1090F000CBFA48F661054FF6FF7248F641039042FD
:1091000008BF1D46B8F85C303846B380FCF7BCFA9F
:10911000B8F85E30F080338106F10A043846FCF777
:1091200048FA83463846FCF7C8FAABF50063824636
:10913000014658425841FFF707FF80B9BBF5006F61
:109140000FD1BAF800000FF03BF8FF2809D0404BD0
:1091500000B21B6833F8103003F4E2630BB145F042
:109160001005757038462D0AB5700EF01FFB4A4683
:1091700000F1100120460DF082FC012138460EF06E
:1091800033FB4C44814660B10EF0F4FA0546484684
:109190000EF00CFBEDB201462A4620460DF06FFCA6
:1091A0002C442C4AA41B137801343470D8F87C402A
:1091B000591C1170F370DCB10922012123480FF012
:1091C0004AFA0DF10F030193002302461F49384666
:1091D0000093A0470446307860B9FFF723FF01F001
:1091E0005DFA05B0BDE8F08F344634F8015F95E7CD
:1091F0000124F0E7184D04F001042B7823B140F26C
:10920000C53116480DF032FD154B1E60154E9CB150
:10921000154B997801B1012120200EF00DFA03239E
:109220003370124B1C78124B00211C700423114820
:109230002B700EF07FFBD4E7214620200EF0FCF9C6
:1092400003233370EFE700BF4F9F0308BC1C0020CF
:10925000402B00203C1D0020401D00209289030867
:1092600080290020842900204C1D0020BC290020DA
:10927000AC2900208C460020101C00202DE9F74F5F
:1092800081460C4616460EF075FA824648460EF0A8
:1092900071FA112803D8002003B0BDE8F08F4846CA
:1092A0000EF084FA092230F8107F00210FF0D3F974
:1092B000002580461E22002120460CF013FEBB052F
:1092C0003570E8D54FF0010B08F110085FFA8AFA03
:1092D0005FFA88F8063437784744FFB2791C514565
:1092E00001DB0220D8E74846EBF712FF3946019030
:1092F0004846EBF70DFF019B317800EB032083B26A
:1093000000B200286FEA000CACBF0020012001F180
:109310000201ACBF03F07F02DAB2C9B2ACBFDB0915
:10932000C3F3C32331704FEADC7C04F8022C24F829
:10933000063C04F8040C7DB1DC45D2D1D1198A4534
:10934000CFDB04F8037CBBF1000F07D07E2B07D0E6
:109350007F2B07D101209FE7E346EFE70F2BF8E7CC
:109360004FF0000B33780135EDB21A44052D327001
:1093700004F10604AFD1B4E773B59DF818400D466B
:109380000194012400941E46FDF796FA4FF6FF71F2
:109390008842044610D0B30711D42846F1F7AAFF3B
:1093A00020460EF00DFFFF281FBF084A32F810308C
:1093B00023F4804322F81030204602B070BD2946C5
:1093C000F1F7BEFFF2F748F8EAE700BFA434002047
:1093D000038810B503F4E042B2F5005F21F47E1477
:1093E0000CD1C3F30222042A08D181F0AA6282F4CC
:1093F000807232F47E120DD000210DE042F20402A0
:109400009342F9D1134B9C420CBF6FF086006FF072
:10941000850010BDC1F305410E4A944214D1B3F545
:10942000105F14D1438823F04002802A02D0B3F5A4
:10943000807F0CD10B1F0C2B09D811F0010F0CBF32
:1094400000206FF08600E4E76FF08500E1E76FF041
:109450008600DEE7000140054FF06043D3F8802E20
:10946000D20711D50949D1F8FC2042F08072C1F829
:10947000FC20D3F8002E42F48072C3F8002E1A6A42
:10948000002AF0D083F82000704700BF00ED00E014
:109490002DE9F04393B004468946FCF754FE0DF1E4
:1094A0000E0201462046FCF70DFD2D4D002850D13F
:1094B0004FF0010804A885F80080FBF74DFABDF8CD
:1094C0000E000EF057F9C4B2BDF80E000EF06EF9A2
:1094D00045232449ADF824300B88BDF810608DF881
:1094E00027301B0A8DF828304B8807468DF8293025
:1094F0001B0A8DF82A300B7904A88DF82B304B7994
:109500008DF826908DF82C30CB888DF82D301B0AE5
:109510008DF82E300B898DF82F301B0A8DF83030E6
:109520008B7A0DF132018DF83130EAF75FFE30466B
:109530008DF84440FEF7F4FF0DF10D038DF80D009A
:1095400000933A4623462121CDF8048009A8EBF781
:109550003FFC0023044A2B70136013B0BDE8F08376
:10956000A234002096340020A83100202DE9FF41CC
:109570001E4607230D4601218DF80C309DF828303A
:109580008DF80D20120A8DF80E208DF80F30019005
:1095900004232846009103AA9DF82C809DF8307082
:1095A000FEF7E0FC044670B12946FCF780F816B9D6
:1095B0002046F2F7E3FAB8F1000F05D047B9394673
:1095C0002046FCF7A1F80024204604B0BDE8F08155
:1095D000002220461146F2F785F9F4E72DE9F04F15
:1095E000AFB01E46DDE93B958046CDE900123D9FB8
:1095F000B0B1038803F4E042B2F5005F13D1C3F3C6
:109600000223042B0FD186F0AA6383F4807333F412
:109610007E1308D1C6F30544AC4201D8102C03D9FF
:109620006FF0860A65E000242D1B09EB050B22462E
:10963000594618A80DF023FA009B002BF0D0399B57
:1096400013B93A9B002BEBD131464046FFF7C0FEE1
:10965000824600284DD10146282224A80CF042FC65
:10966000202251461CA80CF03DFC24A80EF0C1FF9E
:10967000002842D1DDE9001240461CABE0F71AFE9B
:109680008246002835D13E9A954200F2AD80B94518
:1096900007D2BB4505D949462A4638460CF02AFC74
:1096A000B946544A26F47E16964240F0A0803A9B72
:1096B00013B1399B002BB3D0B5F5803FB0D214F075
:1096C0003D0FADD014F00102AAD14B497819884260
:1096D000A6D84A491CA8CDE9241215A926922C9295
:1096E000E0F744FB60B121289AD02C2805D16FF017
:1096F000940A50462FB0BDE8F08F6FF0920AF8E759
:10970000159924A80EF07CFF44F4502124A80EF0F3
:1097100077FF3A9924A80EF073FF294624A80EF08B
:109720006FFF03A91CA8E0F7FAFB0028DBD103A90F
:1097300024A8E0F731FC06A91CA8E0F707FC0646C0
:1097400020B121283FF46CAF2C28CFE74FF001085F
:1097500006A924A8E0F720FC399BCDF8249045F019
:109760000059CDF82880CDF82C900C933A9BCDF879
:10977000348043F000520E92389A0FA90F92204A7B
:1097800024A8CDF840801192E0F706FC0CA924A88B
:10979000E0F702FC09A924A8E0F7FEFB12A924A81F
:1097A000129744F00054CDF84C80CDF850900EF054
:1097B00030FF18AA15A924A81592CDF8588017943F
:1097C000E0F7EAFB24A80DF0F7F9044610B93F9A38
:1097D00015608EE72A46314638460CF083FB212C73
:1097E0003FF41EAF2C2C81E76FF0890A81E76FF000
:1097F000880A7EE7000140050000082000000604FA
:109800000D0000202DE9F04FABB01E46DDE937A476
:10981000DDE93973A34281468B46019205D86FF08A
:10982000890840462BB0BDE8F08F002900F0EB809E
:10983000002800F0E880359B1BB9369B002B40F0D8
:10984000E280B9F8003003F4E042B2F5005F24D1C1
:10985000C3F30223042B20D186F0AA6383F4807320
:1098600033F47E1319D1C6F3054531464846FFF758
:10987000AFFD80460028D4D10146282220A80CF054
:1098800031FB2022414618A80CF02CFB20A80EF03A
:10989000B0FE20B16FF09208C3E70025E5E7594616
:1098A0004846019A18ABE0F705FD80460028B8D17C
:1098B0003A9B1A1BAA42B2D3574509D90AEB0402B4
:1098C000974205D25146224638460CF013FBBA4661
:1098D0004E4A26F47E16964240F09280369B1BB18B
:1098E000359B002B00F08980B4F5803F80F08580A7
:1098F000022D00F08280102D7FD815F001027CD15E
:1099000043493E198E4278D8424918A8CDE9201221
:1099100015A922922892E0F729FA38B121286CD0B3
:109920006FF0920800223B9B1A607AE7159920A8F5
:109930000EF066FE45F4502120A80EF061FE369927
:1099400020A80EF05DFE214620A80EF059FE03A9C6
:1099500018A8E0F7E4FA0028E0D103A920A8E0F76E
:109960001BFB06A918A8E0F7F1FA0028D6D14FF0A2
:10997000010906A920A8E0F70FFB359BCDF824A02C
:1099800044F0005ACDF82890CDF82CA00C93369BCB
:10999000CDF8349043F000520E92349A0FA90F92F2
:1099A0001D4A20A8CDF840901192E0F7F5FA0CA9D5
:1099B00020A8E0F7F1FA09A920A8E0F7EDFA45F0B0
:1099C000005212A920A81297CDF84C90CDF850A0C3
:1099D0001596CDF8589017920EF01BFE15A920A8E9
:1099E0000EF017FE20A80DF0E7F8212805D000287A
:1099F00096D13B9B2C441C6013E76FF0860891E7DF
:109A00006FF088088EE76FF086080AE700014005CE
:109A100000000820000005040D000020F0B58DB006
:109A200004460D461E46129F002B3FD0002F3DD00E
:109A30001F49204B002A08BF0B460360002309A9D9
:109A4000C0E9013303622846E0F790F960BB204685
:109A500009990EF0D5FD102120460EF0D1FD694682
:109A60002846E0F75CFAF8B969462046E0F794FA30
:109A7000284603A9E0F76AFAB0B9204603A9E0F73F
:109A80008BFA069601260C4D204606A907960895E6
:109A9000E0F782FA204609A909970A960B950EF07D
:109AA000B8FD20460DF088F80DB0F0BD2120FBE791
:109AB0000001000400010104100000202DE9F04322
:109AC00095B00446DDE91C6891461D460F4629B94C
:109AD0006FF08604204615B0BDE8F083002AF7D069
:109AE000002BF5D0002EF3D00388B3F5105F43D1DF
:109AF000282200210DEB02000CF0F4F920220021B5
:109B000002A80CF0EFF90AA80EF073FD88BB2046FE
:109B10004A46394602ABE0F7CDFB04460028D9D1CE
:109B2000029B23F00802102A01D0202BD0D1B5428D
:109B300009D205F110039E4205D229461022304673
:109B40000CF0D8F935462B460122009602A90AA846
:109B5000FFF764FF10220546C8F800200028B9D09E
:109B6000002130460CF0BEF90023012DC8F800306A
:109B700005D06FF09204ADE76FF08504AAE76FF0AF
:109B80008B04A7E72DE9F04794B00446DDE91D6595
:109B9000DDE91F789246894629B96FF08604204690
:109BA00014B0BDE8F087002AF7D0002EF5D00DB92B
:109BB000002FF2D12388B3F5105F4DD12822002168
:109BC0000DEB02000CF08EF92022002102A80CF00F
:109BD00089F90AA80EF00DFD00283AD12046524618
:109BE000494602ABE0F766FB04460028D7D1029B4A
:109BF00023F00802102A01D0202BCED1AE4221D270
:109C000006F110039D421DD20F2FC6D931461022F6
:109C100028460CF06FF92E4633460022009502A923
:109C20000AA8FFF7FBFE064678B13A46002128460F
:109C30000CF058F90023012EC8F8003009D16FF05C
:109C40008B04ACE70F2FE7D8A7E71023C8F8003044
:109C5000A5E76FF09204A2E76FF085049FE7F8B5DF
:109C600004464518073549420D40A5F1080630461F
:109C7000E1F747FEA088331B618800EBE30080B268
:109C8000A1EBE30125F8040C25F8061CA188DA10E5
:109C9000D1B1A4EBC1014F88C880D0194880E188B8
:109CA000C9B18A1A92B204EBC10125F8022C8A804C
:109CB000A2889AB910498A681344CA688B60934293
:109CC00000D9CB603046F8BD15F8081C41F0020100
:109CD00005F8081CE3E725F8021CE9E7A4EBC20439
:109CE0002278D207EED5044A91680B44D16893607C
:109CF0008B4288BFD360E5E7BC1400202DE9F74311
:109D00000446E0070F46154604D540F2E3113848F3
:109D10000CF0ACFFE90704D54FF4F27134480CF0B5
:109D2000A5FF04F47043B3F5805F3FD1C4F30B0487
:109D3000304A04F17E646B1E2344934204D940F2FE
:109D4000FD112B480CF092FF2646DFF8A49006EB9D
:109D5000050846453FD1A2070ED04FF6FF7337F8EE
:109D6000022BA01E43EA024304220DEB02010193E1
:109D7000E4F77AFB0234023DAB070ED0023D25F03A
:109D80000103FB5A04226FEA03436FEA13430DEB0E
:109D9000020128190193E4F767FB35B32A463946D7
:109DA000204603B0BDE8F043E4F75EBB04F4604333
:109DB000B3F5005F06D1C4F30B0404F1036404F5AA
:109DC000F034C1E740F2052109480CF04FFF6FF075
:109DD0000F060024B9E716F8013BFF2BB9D04FF46A
:109DE000047148460CF042FFB3E703B0BDE8F083CE
:109DF000899A0308FF03E00F70B50E46054600215F
:109E000030460DF02DFD044635B128B10DF0CEFCE5
:109E1000324629460CF06EF8204670BD0FB413B5DB
:109E2000002108460DF01CFD04460DF0BFFC0CB1EE
:109E300005AB0193204602B0BDE8104004B0704766
:109E4000034B1A781AB1FF2A04BF00221A70704718
:109E50003D1D00202DE9F0471E466A4B98B01B6857
:109E6000154604460F469DF880A003F00809F0F758
:109E700077FDA8423CD1BAF1000F14D06EB9ADF80D
:109E80000A6025460424224639462846FBF748FB4B
:109E900000F0010018B0BDE8F0870023ADF80A30EB
:109EA0002546062432E020460EF08AF9FF280CD021
:109EB000554B1B784BB1554B1B78834205D9544BFE
:109EC000544A1B78034442F823A0534B46B1002266
:109ED0001B88ADF80A20002BE2D02546062438E086
:109EE0001B88ADF80A60002BCBD02546042430E057
:109EF00016B3B9F1000F59D00023ADF80A30BAF10A
:109F0000000F7DD1444B0B241B8813BBB9F1000F0C
:109F1000B9D004F00402394642F011022846FBF79A
:109F2000FFFA2246064639462846FBF7F9FA00288A
:109F300014BF30460020ABE7B9F1000F53D0ADF8A5
:109F40000A60BAF1000F59D1334B01241B88002B52
:109F500099D038460DF10A020EA9F5F761FA0028EA
:109F60003DD12E4A03AB106851680DF1280803C398
:109F700009A8E5F737FFDDE90301032388E80300BB
:109F80008DF824309DF8313005A943F0020309A86B
:109F90008DF83130E7F782F908BB434638687968B5
:109FA00003C305A909A8E7F7B3FE18E00B24284668
:109FB0000EA9F1F7F5FA8046E0B9034602460146DC
:109FC00000900EA8F5F794FD78B1ADF80A80BAF1CB
:109FD000000F7FF458AF104B1B88002BB9D1002E17
:109FE0003FF451AF92E70124E1E744F00204ADF8F9
:109FF0000A00ECE70023ADF80A30E8E7012442E765
:10A000000B2486E7E83400206845002060470020E4
:10A010006445002088360020CA390020969B03083A
:10A0200013B50E4B04461B78033B012B12D90C4B86
:10A030001978012910D08B1E59425941490100203D
:10A040000DF10702FBF724F920B10379448003F0F6
:10A050003C03037102B010BD1021F0E72035002051
:10A06000D24600207FB54FF400324FF0A073CDE907
:10A0700003230023054A1846CDE9003303A9ADF8B0
:10A080001430FAF797FB07B05DF804FB1CA1030836
:10A090007FB505460E461446F0F762FCA84207D18C
:10A0A00000222146304604B0BDE87040F8F77CB984
:10A0B0000323ADF80E608DF80C30002601232846EE
:10A0C000CDE900363146042303AA8DF80D40FDF793
:10A0D00049FF054668B10D2C05D132464FF6FF7198
:10A0E00028200CF0A9FF284604B0BDE87040F3F723
:10A0F00009BF04B070BD2DE9F0410D4616461F465C
:10A1000004468AB050B908460DF114080EF058F80C
:10A110004146FAF723FE172818BF44462846FAF7A7
:10A1200053FD002380F00100C0B2CDE9017000931F
:10A130003246012329462046FFF718FA0AB0BDE847
:10A14000F0812DE9FF47054600264FF6FE7A104FB5
:10A15000DFF840904FEA10283B78F4B2A34204D8CD
:10A16000FF24204604B0BDE8F08739F81430534589
:10A170000CD169462046F6F783FE9DF80520EBB228
:10A180009A4203D19DF806304345EAD00136E3E711
:10A190001D4500204C3400202DE9F84388468146B7
:10A1A000002108F1100017461E460DF059FB044629
:10A1B000D8B10DF0FBFA054620460DF0DBFA002180
:10A1C000024628460BF08EFE00232046AB700DF0B1
:10A1D000EDFA46F004060680A5F804902FB1424639
:10A1E000394605F110000CF04AFC2046BDE8F88322
:10A1F000F8B505460F46102000210DF031FB04464E
:10A20000B0B10DF0D3FA064620460DF0B3FA0021A6
:10A21000024630460BF066FE00232046B3700DF078
:10A22000C5FA078025B12A46012120460DF0F0FA33
:10A230002046F8BD2DE9F04F4FF0000985B00746E4
:10A240000C467E2049461E46BDF83C809DF844A041
:10A250000192ADF80E900DF003FB0546002800F0CA
:10A2600088800DF0A3FA49467E220BF03BFE28467B
:10A270000DF09CFA834628460DF098FAFF2F0CBF8C
:10A28000A14644F003094FEA192314F4406280F810
:10A290000090437041D10826C31C184632460199EC
:10A2A0000BF028FE034604F44044334494B119F003
:10A2B000400F07D11A4602F8028B4FEA182883F89C
:10A2C00001801346B4F5004F33D0A4F54042544208
:10A2D0005441E400184622460E990BF00BFE03464B
:10A2E0002044A0EB0B06FF2FF6B224D05246109963
:10A2F0001F5501300CF0C3FB711C5AFA81F128463E
:10A30000EAF714FD0C210020FFF772FFADF80E00F4
:10A31000C0B9002005B0BDE8F08FB2F5006FC6707F
:10A320004FEA1626067100F1050314BF082602261F
:10A33000B3E70224CEE706EB0A012846EAF7F6FC6B
:10A340000821E0E728460DF031FA044628460DF0D2
:10A3500011FA0123024621460DF10E00EAF7FEFD37
:10A360000028D6D10121BDF84820BDF80E000DF01F
:10A370004FFABDF80E00CDE72DE9F04F1E4690468E
:10A380008B468DB09DF85830179C0993774B0890F9
:10A39000324620464146D3F800900BF0ABFD099BB6
:10A3A00008EB060A9D1B2F1D3444BBF1000F73D030
:10A3B00000236F480A93E5F7BCFD08B1953062E0D1
:10A3C0004FF4807248466A4B0BA9E5F7E9FF002875
:10A3D000F4D1DDF82C90D9F80430D9E908124FEA0D
:10A3E000132BBBF1010F23D0624B9B4520D0BBF157
:10A3F000000F3BD10AABCDE90673089BCDE90454AD
:10A4000000934846CDE9026A594BCDF80480FFF726
:10A41000F9F910F1860F05461AD10B9D27B13A467E
:10A42000594620460BF05EFD2846E5F7A5FF1BE0E8
:10A430000AABCDE90673089BCDE904540093484666
:10A44000CDE9026A4A4BCDF80480FFF7DBF90546F7
:10A45000DDF82C8095B94046E5F78EFF099B0A9AF6
:10A4600004339B1B93427CD021207BE027B13A46EA
:10A47000014620460BF036FD4846D6E737B9404640
:10A48000E5F77AFF9535EFD12C206BE03A460021B5
:10A4900020460BF027FDF2E73548CDF828B0E5F768
:10A4A00048FD00288AD14FF400724846304B0BA972
:10A4B000E5F776FF002881D1DDF82C90D9F804303B
:10A4C000D9E908124FEA132BBBF1010F21D0294B18
:10A4D0009B451ED0BBF1000F33D10AABCDE906532B
:10A4E000089BCDE9026A00934846CDE90474204BED
:10A4F000CDF80480FFF772F810F1860F064618D1E8
:10A500000B9E25B12A46594620460BF0EBFC3046FF
:10A510008BE70AABCDE90653089BCDE9026A0093AD
:10A520004846CDE90474124BCDF80480FFF756F885
:10A5300006460B9F4EB93846E5F71EFF0A9B9D4223
:10A5400091E7002D98D02A4692E725B93846E5F7DD
:10A5500013FF953697E72A46002120460BF0C2FCF0
:10A56000F4E700200DB0BDE8F08F00BF6C3900208B
:10A5700000014405020080002DE9F04F0E46C9B0ED
:10A580000121054617461C460DF02EF923463A4692
:10A590002946814604A8F5F711F80DF1200A07EBCA
:10A5A000000B5246314628465FFA8BFBF5F731F82F
:10A5B000B34503D2002049B0BDE8F08FABEB0608ED
:10A5C0005FFA88F808F104039842F3DB331F18445C
:10A5D000C4B2A31BDBB20093524643460021CDF820
:10A5E00004A004A8FFF7C8FE0028E3D1A4EB0B04E5
:10A5F0000AEB0803E4B25246284631460093019420
:10A600004346F5F734F839462846EAF781FD3946DE
:10A6100000F0F8022846EAF716FE012128460DF060
:10A62000E3F8002818BF4D462846ADF80E500DF04F
:10A63000A1F8011FC9B20DF10E00EAF73EFD01209D
:10A64000B9E72DE9F047DDF8209004460D4617469E
:10A650001E469DF824800DF029FE88B90A4B0B4A4E
:10A660001F600B4B21461A600A4B2A46C3F8009024
:10A6700001203346CDF82080BDE8F047FBF7B9BA9A
:10A680004D20BDE8F08700BF38490020B19E010889
:10A69000E83A00204C2D002000687047024801690C
:10A6A00009B90DF047B9704700470020084910B5B7
:10A6B00091F850404CB9FFF7C3FB0B7843F002030D
:10A6C0000B70FFF7EBFF204610BD0120FCE700BF39
:10A6D000101C00202DE9F0411F46AC231D4E88467A
:10A6E00003FB0063996C054691BB93F8501039B198
:10A6F000022A2DD193F84440072C07D91C2025E0CD
:10A7000093F84440072CF9D8012A08D0AC2000FB6C
:10A710000560E200011D0C300BF0ECFB0024AC23C3
:10A7200003FB05F200259DF8183002EBC404344405
:10A73000E371B31893F84420A4F804800132A571A2
:10A74000A76083F84420FFF7A9FF2846BDE8F08101
:10A750000120FBE7101C0020002A37B50C4614BF6F
:10A76000082188211D46FFF743FD014638B100202E
:10A770002B4622460090FFF7ADFF03B030BD01200D
:10A78000FBE708B5044B014618680CF072F8B0FA04
:10A7900080F0400908BD00BF441D002038B5104DB1
:10A7A00004462B78012B04D940F246510D480CF099
:10A7B0005DFA2046FFF7E5FF78B10B4B1C702B7854
:10A7C00043B9E9F7DFFF094B002118680CF0BAF82C
:10A7D000002038BDE9F7A4FFF5E72120F9E700BF25
:10A7E000401D00209289030860460020441D00207F
:10A7F00008B5054B00EB8000410018680BF0BBFB6F
:10A80000002818BF212008BD441D002008B5064BB4
:10A810001B7823B140F2255104480CF027FAE9F7E0
:10A82000B1FF002008BD00BF401D00209289030831
:10A830004821094B93F8A82001FB023292F87700D7
:10A84000022806D093F850301BB9032818BF012006
:10A8500070470020704700BF101C00202DE9F04F0A
:10A860008FB0064602A88846E5F7BCFA04238DF8A7
:10A8700008309DF815302A4A43F001038DF8153051
:10A880006B461068516803C376B3082269463046A8
:10A890000CF0E5F8B0FA80F464094FF00009DFF835
:10A8A00084B01922FF215FFA89F707A80BF01AFB81
:10A8B000384607A9E6F720FC9DF83450FF2D03D158
:10A8C0008E2158460CF0D2F984B1082107A8F5F77B
:10A8D00085F828B109F10109B9F1140FE1D1FF2779
:10A8E00038460FB0BDE8F08F0124D6E702A88DF8F6
:10A8F0000970E7F73FFD08228246314607A80CF0B1
:10A90000AEF85AEA000AE5D1EB07E3D5B8F1000F3B
:10A9100003D115F0800FDDD1E2E738EA0505FAE74B
:10A9200098A103081FA1030873B504460E461546F7
:10A93000002A3CD04BF2346183B28B421ED14FF0DF
:10A94000FF3369462648CDE90033FFF7EDFF0822C3
:10A950000446244968460CF082F830B92A46694614
:10A9600041F2F010FFF7E0FF044624B92A46694699
:10A9700030460CF084F8204602B070BD41F2F01170
:10A980008B420CD1184B082A996CDB6C0FD8CDE99F
:10A990000013694630460CF072F80024EBE7E3F749
:10A9A000A5FD02280BD1C4F30C439D4201D92124FB
:10A9B000E1E7C4F30B012A4601F17E61EAE70328CF
:10A9C0000BD1C4F30C439D42F1D8C4F30B0404F142
:10A9D00003612A4601F5F031DCE70124CBE700BF33
:10A9E000021008C0A0A103080080E00F0023F7B503
:10A9F0000679136004460F46436926B1FF2E12D133
:10AA00006FF0860532E0002BFAD1836823F47F4390
:10AA100023F00303002BF3D14FF6F87342889A42D8
:10AA200027D801A810E06FF04042013B9342E7D2E3
:10AA3000806820F47F4020F003000028E0D14FF62A
:10AA4000F87362889A4214D83946E5F739FB05460F
:10AA500060B90FCCD7F800C067460FC794E8030071
:10AA600087E8030016B9019BCCF81430284603B0E0
:10AA7000F0BD6FF08505F9E72DE9FF47037906463C
:10AA80008846002B6AD0D0E90895B9F1000F7AD03A
:10AA9000002D78D0B5F5005F78D205F1240739464E
:10AAA0000120E0F799FE0446002872D04FF0000A1A
:10AAB000394AC0F808A01369494603605369243035
:10AAC00040F8203C73682A4640F8183C338820F848
:10AAD000143C738820F8123CB36840F8103CF368CB
:10AAE00040F80C3C336940F8045C40F8083C0BF03B
:10AAF000C6FFD6F814905146484602AADFF770FB0D
:10AB00008C3009D039462046E5F7CFF96FF08A0539
:10AB1000284604B0BDE8F087514623463A464846E9
:10AB2000CDF800A0E0F76DFE014628BB484602AA1A
:10AB3000DFF756FB054620B9029B9F420AD06FF013
:10AB4000980548460021DFF76AFB39462046E5F7BD
:10AB5000ACF9DDE739462046E5F7A7F9736900252A
:10AB6000C8F80030337E012B0BBF0223C8F8005019
:10AB700033766FF09605CBE739462046E5F795F931
:10AB80006FF09805C4E76FF08605C1E76FF08D059B
:10AB9000BEE76FF08C05BBE798A103082DE9F04FE5
:10ABA00091B080460E461446002118220AA81D4680
:10ABB0001B9F0BF097F91A9B002B00F0C18045F406
:10ABC0008071012D4FEAC7090B9107D1D8F80030E9
:10ABD000C9B20F9311B940F201130B9340F2013344
:10ABE00009A80993E5F754F9099B1FFA89FACDE9F9
:10ABF0000C34002306AAC8F8003005A90AA8ADF84D
:10AC00002860ADF82AA005930897FFF7EFFE0446E9
:10AC100088B9059D0B9A2B6A4FEA122B8BB1D5E9A7
:10AC2000083069880791BBF1000F20D0BBF1010FFC
:10AC300070D06FF08604059800284BD0E5F759F9DD
:10AC400048E0BBF1000F07D128460899E5F73EF927
:10AC500004460028E3D0EEE7BBF1010FE9D108A9D3
:10AC60000AA8E5F768F904460028EDD0E3E706F402
:10AC7000E042B2F5805F31D0B2F5005F47D111B943
:10AC80004946CDF81C90B6F5105F40D18029D0D14F
:10AC90000731B7EBD10FCCD1B8424ED33A46184664
:10ACA0001A990BF0ECFE6F626A88079B002A40D16C
:10ACB0006B804FF6F872934229D82B88B342B8D1F3
:10ACC0006B885345B5D141462846FFF7D5FE04466B
:10ACD0000028B0D1204611B0BDE8F08F09B9CDF8F9
:10ACE0001C9041F2052296420799CCD8B6F5905FA8
:10ACF00006D241F20102964209D14A0799D1C7E72B
:10AD00002922A6F59054A4B2E240D407F5D46FF0FE
:10AD1000850490E707AA029205F12402CDE900021A
:10AD20001A993A460AA8DFF795FB04460028BBD0DB
:10AD300081E79A427FF47DAFBBE76FF089047AE741
:10AD40006FF08604C6E70A4A92F8500068B9094BCA
:10AD50001B695BB908491378097892F844200B43C2
:10AD600013430CBF0120002070470020704700BF34
:10AD7000101C002000470020401D002070B50488F2
:10AD8000064674B1002120460CF02EFD8442054693
:10AD900009D1002333800022284611460CF038FDEB
:10ADA0002C46204670BD00210CF01EFD00210246FD
:10ADB00020460CF02DFDEEE773B5ADF80600BDF8AA
:10ADC00006300BB902B070BD0DF10600FFF7D6FFDB
:10ADD00004460CF0EBFCC67A002EF0D12046FAF7C0
:10ADE0007FFCFF28EBD0054BD3F88850002DE6D030
:10ADF0003346224641213046A847E0E7101C002098
:10AE00002DE9F84F06460C4609B34FF0000BDFF86A
:10AE10004480DFF84490DFF844A0D8F80070D9F8F7
:10AE20000050DAF80000ED1BA54228BF2546384443
:10AE30002A4631460BF05EF82F44641BC8F80070B8
:10AE400004D0E8F7BDFE2E448346E6E75C46204684
:10AE5000BDE8F88F5C2900206429002060290020CB
:10AE60000023074A52F8040B20B1017A022901D1CC
:10AE7000417A21B10133DBB2032BF3D100207047BB
:10AE80004C9A030838B50D461E4BE8B100211970E5
:10AE90004FF6FF731C4A10701C48517001705380AC
:10AEA000194C6378E3B961882846DFF7C1FF23783E
:10AEB0006080013BDBB223706BB9012363702846CD
:10AEC000BDE83840DFF796BF1A78002AE8D018703E
:10AED0000F4B187838BD0D4A137801331370EEE725
:10AEE000012B04D1022360886370000AE8E7022B7B
:10AEF00003D10323A0786370E2E7FF22034B7E2097
:10AF00001A70E7E7841400205C3B0020B81400208E
:10AF1000851400202DE9F84F07460D461646984641
:10AF2000002401F1040901F1090A4FEA122B5FFA2A
:10AF300089F9A24502D80020BDE8F88F052C11D868
:10AF4000DFE804F01D08030A0C0ED120FEF784FA96
:10AF50000134EEE74846F9E7F0B2F7E75846F5E77F
:10AF60004046F3E7AB1D9C420BD0EB1D9C4208D042
:10AF700005F108039C4206D0BB1F185DE6E75B2085
:10AF8000E4E75A20E2E75D20E0E70EB430B586B092
:10AF900009AC54F8045B0394DFF7C0FB094B4FF096
:10AFA000FF32CDE9043000942B4604A90648E8F7A7
:10AFB000E8FA0028D4BF3720002006B0BDE83040B2
:10AFC00003B0704755A800088FE10008F0B50746A8
:10AFD0000C461E4615468DB052B1002B31D0B3F150
:10AFE000005F2ED3C2F1005303F500239E4228D800
:10AFF0001022002108A80AF075FF002207AB029377
:10B0000005AB019306AB21460093384608ABCDE96A
:10B010000522DEF7CBFF044680B9059B32469D42F0
:10B0200028BF1D46129B07991D600748069B009587
:10B03000DCF76EFD002818BF6FF0910420460DB0BC
:10B04000F0BD6FF08604F9E7F813002000232DE926
:10B05000F04789460B60002800F099804D4F7B68CF
:10B06000984280F09480073020F00705EFF3118AB2
:10B07000302383F311887E69AEB133787288DB07A1
:10B080004FEAC20204D5F3886BB106EBC306F4E7BE
:10B090009542F8D816F0070303D045EA03018A4227
:10B0A000F1D3EB1806D18AF31188BFF36F8F192003
:10B0B000BDE8F08772883969C3EBC2020139272ADB
:10B0C000396150D99D4205F1080847D00821304622
:10B0D000FEF7C5FD0446A0444046E0F712FC628836
:10B0E00005F10F01A2EBD102A8F80220E288CB08FB
:10B0F000A8F80430002A33D0D31A9BB204EBC20262
:10B10000A8F806309380B8F80430ED083246E380A2
:10B11000414600231F486580E0F7F7FBBB68FA68EB
:10B1200008339342BB6088BFFB60237843F0010380
:10B1300023703B6901333B616288BB6803EBC20348
:10B14000FA68BB60934288BFFB608AF31188BFF343
:10B150006F8F08340020C9F80040A9E73446BAE7E9
:10B16000A8F80620CFE79D420FD008213046FEF711
:10B1700076FD04462378324643F0010323702146CE
:10B1800001230448E0F7C1FBD6E73446F2E721206B
:10B190008EE700BFBC140020036813F0704205D195
:10B1A000C3F30E030B60D3B100207047B2F1004F20
:10B1B0000AD0B2F1204F07D0B2F1304F04D0B2F133
:10B1C000404F01D0212070478268D20404D5C36962
:10B1D000002BF7D01B68E5E703F07F03E2E7436845
:10B1E000002BEFD00B60DFE72DE9F34104680E6818
:10B1F0000546B4420F4604F0704837D0B8F1004F0E
:10B2000006D0B8F1404F03D0212002B0BDE8F08154
:10B2100084EA0603B3F1805F19D3AB68BA68534080
:10B2200013F4E04FF0D10023694628460093FFF75E
:10B23000B3FF0028E9D1019001A93846FFF7ACFF20
:10B240000028E2D1DDE900239A42DED0DCE70023CA
:10B25000284601A90193FFF79FFF0028D4D1019B45
:10B26000C3F30E031C431E43B442CDD1B8F1000F0B
:10B27000D9DAD2E7002337B50C4601A90546019378
:10B28000FFF78AFF28B9296811F0704103D1019BAB
:10B29000236003B030BDAA68B1F1004FC2F3803320
:10B2A000C2F34035C2F3003207D1062103EB450358
:10B2B00001FB0233019A5343EAE7B1F1204F04D175
:10B2C0002B4402EB82021344F4E7B1F1304F02D079
:10B2D000B1F1404F01D12B44ECE72120D9E7094BD4
:10B2E000186F00F00700431E032B03D8DFE803F0BC
:10B2F00006080904002070470820704702207047A4
:10B300000520704700800050036B826B2DE9F041EF
:10B310009A4288BF8363426C436A076892B002FB1B
:10B320000377C36B0E46052203A95B6904463846C2
:10B33000984703A8DCF7B1F801280146307070D0B7
:10B34000656CE26B2368606AD2F814C005FB0030BC
:10B35000052208A9E04708A8DCF79FF801284FF06C
:10B3600000053CD0D4E90A3201219342CDE90D45D4
:10B370008DF83C5010958DF8441043D11946204665
:10B38000DCF7CFF8236B626C14339B1AE062236303
:10B390000E9B1BBB9DF8443003B3636A626C256847
:10B3A000D4F83C8002FB03550C350122D8F8143048
:10B3B00001A9284698474FF6FF72019B99B2914226
:10B3C0000CD11B0C1B0443F4254343F0A50302934B
:10B3D00001222846D8F8183002A998470E9DE36B41
:10B3E00005225B6903A93846984703A8DCF755F89E
:10B3F00030702846236BA26B9A4288BFA36312B0B9
:10B40000BDE8F081237C33B91C490DAA04F1080082
:10B41000DBF702FFBCE72046194A0DABDCF720FA48
:10B42000B6E7237C23BB2246164904F10800DBF76C
:10B43000F3FE616A2046DDF7B9F8616A421C2046D6
:10B44000DDF764F9054620B9236B626C1344143BA5
:10B4500023632046A16ADCF764F82368A062C01A5F
:10B46000636CB0FBF3F060622046DCF779FAB6E774
:10B4700000232046044ADCF7F3F9DAE76D8400087C
:10B480002985000815650008656500082DE9F04F5D
:10B490009A468BB09DF85030DFF854B10293DBF838
:10B4A0001030804653450D461646C0F09B80D1466D
:10B4B000DBF804300193B9F1000F00F08F80D8F869
:10B4C0003C3001225B6907A901989847079BDBF88C
:10B4D0000010C3F3D312914240F0878013F07E0F27
:10B4E0001CD1D8F83C3002225B6908A90198984722
:10B4F00008A8DBF7B3FE08270446019B029A3B44E9
:10B50000002A3CD1A6420FD9361B14464046019969
:10B51000DCF707F8A9EB04090190CCE707A8DBF7F3
:10B520009DFE04270446E8E7A41B544528BF544663
:10B53000032C03EB0607AAEB040A4FEA94021CD97A
:10B54000D8F83C30294638465B69984724F0030315
:10B5500004F003061F441D44002ED7D0D8F83C3019
:10B5600001225B6908A9384698473246284608A94F
:10B5700035440BF084FA0026C8E72646ECE7274658
:10B5800004F00302039223442A1904920593049BB6
:10B59000DD1B059BD81B039B9F420FD1002FB5D00D
:10B5A000D8F83C30012208A95B6998473A462846FA
:10B5B00008A90BF054FA78B93D44A7E7D8F83C3015
:10B5C000012208A95B6998470422284608A90BF0C4
:10B5D00046FA08B9043FDAE74FF0360948460BB09F
:10B5E000BDE8F08F4FF06309F8E74FF06F09F5E71A
:10B5F00094130020044A054B013800D2704753F8D9
:10B60000041B42F8041BF7E7D8400020B46100088F
:10B610004FF000639B6A03F17842B2F5C04F03D24A
:10B620001968064A914203D0002303708360704773
:10B63000012202709A689B694260F7E707B0CD5E0D
:10B640000D4B5A68D20716D59A68D00702D51B69E8
:10B65000D90709D50A22084B9A635A6D12F0500F88
:10B66000FBD19A6C9207FCD10122044B5A60024A2A
:10B6700053689B07FCD4704700C0085000E0085096
:10B6800000B9DDE701220E4B00F00F015A60A3F56F
:10B6900080535A6DC2F30B02002AFAD199635A6D96
:10B6A00012F0780FFBD100F001034207054948BFB3
:10B6B00043F002038A6C02F003029A42FAD1704707
:10B6C00000D0085000C0085070B5002506462C4632
:10B6D000052C1AD8DFE804F00306090C0F125B20D2
:10B6E000FDF7BAFE0C20FDF7B7FED120FDF7B4FE42
:10B6F0008020FDF7B1FE0020FDF7AEFE6C1C284651
:10B70000E4B22546FDF7A8FE0624A4F10E03012BA2
:10B7100004D85A20FDF7A0FE0134D9E7102C04D13B
:10B72000BDE870405D20FDF797BEB31F185DF1E7DF
:10B7300038B506480AF049FC38B9054C034D0FCD21
:10B740000FC495E8030084E8030038BD589A030845
:10B75000641400202DE9F041078880460D4637B378
:10B7600038460CF007F83C46002120460CF03CF827
:10B77000A842064615D100210CF036F800210246F9
:10B7800020460CF045F8AF4204D1AC4208BF00247B
:10B79000A8F8004000222846BDE8F04111460CF010
:10B7A00037B8874203D00BF0E5FF3446DCE7BDE84D
:10B7B000F08170B5274C94F8A820002A41D1264D7D
:10B7C000B4F85C1028680AF056FC20B140F2FB4146
:10B7D00022480BF04BFA0022B4F85E1028680AF0F9
:10B7E00050FC20B140F2F4411C480BF03FFA00221B
:10B7F0001B4928680AF04BFC20B140F6E941174884
:10B800000BF034FA94F87730DBB1164B94F858000B
:10B810001B78834211D1286894F95A6003F002FA28
:10B820000A2390FBF3F040B2B0420BD10E4B1B78D1
:10B830003BB9BDE87040FEF7E9BFFEF7AFFF002857
:10B84000E9D070BD94F95A00FEF7D2FF0028EDD080
:10B85000F7E700BF101C0020441D00209289030858
:10B86000701C002060460020401D002038B5104D9F
:10B87000034695F877200C46022A03D1C87F022898
:10B8800000D17BB92078FEF77CFF78B148222146B1
:10B8900008480BF0F4F8084A95F8A83012781343DA
:10B8A00001D0002038BDFFF784FFFAE72120F9E737
:10B8B000101C0020681C0020401D002010B504460C
:10B8C00092B04822684605490BF0D9F86946002035
:10B8D0008DF81F40FFF7CAFF12B010BD681C002092
:10B8E00030B50446184600234FF4803587B0CDE9C3
:10B8F00000338DF81130ADF81220ADF814308DF80A
:10B9000010102346034A03A90395F8F753FF07B025
:10B9100030BD00BF92A103082DE9F04FD58895B046
:10B920000593BDF87830EC068146164603910493E2
:10B93000ADF81E1000F15182C5F3802428054FEAAE
:10B94000043448BF44F40064A90512D544F08004CF
:10B95000B9F10A0F00F24382DFE819F08D004B00C5
:10B960001600530041024102530010008D005300A5
:10B970009100EA0548BF44F04004E9E74FF0010AAE
:10B9800002274FF0000815E00DA99DF80C00F5F70F
:10B99000FDFADDF83900DDF83D1009AB03C3039A69
:10B9A000B24B33F81230ADF81E304FF0000A574654
:10B9B0000DF124084FF6FF73DFF8C0B2BBF80000AA
:10B9C000984206D0AA49EFF7EBFD10B124F4805459
:10B9D000A4B2059BBDF81E2000930498434644F48E
:10B9E0000271FCF707FAADF81C0000284BD11920B2
:10B9F00033E09DF80C0009AA0DF11E01F5F7C8FF10
:10BA0000D3E74FF6F773039A9A4240F2E88115F4B0
:10BA1000026F40F0E481974B1B78022B03D0043B6C
:10BA2000012B00F2DE81049B53B9B9F1030F24F41A
:10BA3000C0744FF0010A14BF08270C27A4B2A0E776
:10BA400004980BF097FE0746F3F706FFB9F1030FD2
:10BA500008BF0138874203DD382015B0BDE8F08FFC
:10BA6000B9F1030F24F4C0744FF0010A0CBF0C2786
:10BA70000827A4B285E74FF0000A574681E74FF048
:10BA8000010A03277DE74FF6FF73BBF800209A42B7
:10BA90001AD00BF08BFEBBF8003014F4805F0375F6
:10BAA0004FEA13234375744B1B78C375704B1FBF4C
:10BAB0001A6882615A68C2614FF6FF72ABF80020C3
:10BAC0004FF0FF321A605A60082FF1887DD00C2F9A
:10BAD0007BD08B0479D401F040033B43DFF8A0B165
:10BAE0009BF8000018B101F020021343DBB20AB248
:10BAF000002ABCBF63F07F03DBB2032F71D1122396
:10BB00008DF83430B37A8E0661D48DF835300DF16E
:10BB100036020DA9521A012392B207A8E9F71EFABC
:10BB200000287FF464AF9BF80030D3B1AA0618D583
:10BB30006B0103F02003B9F10A0F14BF43F00103B6
:10BB400063F07E03BAF1000F00F0AE8000214246A0
:10BB5000009103F0A10307A8F4F782FA00287FF40C
:10BB60007CAF049B002B40F0EE8015F400560BD008
:10BB7000BDF81C703846F9F701FD044638460BF055
:10BB800015FE44F480640480A9F10803012BBDF87C
:10BB90001C0000F2F0800BF009FE038843F0100354
:10BBA0000380BDF81C00FAF7D2F94FF4D96323FAE9
:10BBB00009F3DB0740F1E580BDF81C00F2F7A2F9BC
:10BBC00080F00100C0B2800047E73B4686E73222A2
:10BBD0008DF835308DF83420002898D00DF14302CF
:10BBE00097E70C2F8DF834300ABF338973798DF8BD
:10BBF0003530748805BF1B0A8DF836308DF8353026
:10BC00000DF1370318BF0DF136031C70240A5C7068
:10BC10003488023F9C70240ADC703479012F1C7137
:10BC200013D8B47A002A5C7136DA022234899A7108
:10BC3000DC71240A03F109021C7200283FF469AF89
:10BC400089067FF566AF053263E78C0726D4002AA4
:10BC500018DA347AB4B1B27A5A71348903F108022D
:10BC6000E6B2EEB102269E71DC71E6E74C340020AC
:10BC70001E450020173500206A290020504600206C
:10BC8000A21F0020594F3C7804F1010C87F800C036
:10BC9000B472002A5C71E0DB9A1DCEE7B47AF8E753
:10BCA0000126240A9E71DFE7BDF81C00FAF74FF960
:10BCB000CDF820A00446B8F1000F03D1CDE90B88E0
:10BCC0000DF12C08002208214046EEF7EDFCBDF8EE
:10BCD0001C3088B118460BF069FD468A4146304653
:10BCE000EFF75EFC40B13046334640220121FFF7BA
:10BCF000F7FD40F60940B0E62146BDF81C00E9F723
:10BD000007FA3B4E10F0030F33880CBF01240024C8
:10BD1000003B18BF012344EA43030093002108AB12
:10BD200040460DAAF3F7E4FE3388002B3FF416AF2C
:10BD300000283FF416AF00214046009408AB0DAA3E
:10BD4000F3F7D6FE0AE704980BF014FD0446BDF89D
:10BD50001C000BF00FFD9BF800300444002B14BFB7
:10BD600012220022EB1003F0040314442344842B1A
:10BD70007FF7FBAE70E6FAF7EAF8B9F10A0F7FF643
:10BD800014AF16B125F04005ADB21A4E1A4C3078FA
:10BD900024781A4984429DF80C204FEA001701EBE1
:10BDA000001320D0BDF81C401A725C800024144A95
:10BDB00005F48355128845EA152583F80690DD7150
:10BDC000CC535A8140F602429C80DA60431C2046E4
:10BDD0003370F6F70DF820463FE60E203DE60120D1
:10BDE0003BE6162039E640F6034036E6A11F002068
:10BDF000CA390020163500205F470020E02D0020C2
:10BE0000682900202DE9F04F87B005460BF0CEFCE5
:10BE10000446002843D028460BF0ACFC4FF0000B42
:10BE2000C0B20838215C2218B4F801300091917832
:10BE300003F007030191D1785268022B2678029112
:10BE40000392ADF816B02AD004F101080922594630
:10BE500040460CF000FC023E361A330681465FFA7B
:10BE600086FA1CD4A34ED6F890708FB94FF6FF7C9B
:10BE7000A588B4F801706545B6F85C20E188B6F88D
:10BE80005E6007F0070307F008000BD1012510E002
:10BE90005B465A4601212846B8470028E6D107B03C
:10BEA000BDE8F08FA2EB050CDCF1000545EB0C05BD
:10BEB0006D004FF6FF7C61451BD145F00405E8B1EC
:10BEC000002BECD10CF0F2F908B9AC07E7D527F458
:10BED000804323F00803B3F5004F04D027F0080790
:10BEE000B7F5624FDBD1002319460020FEF780F939
:10BEF0005DE08E4208BF45F00805E0E7012B18D051
:10BF0000032BDDD1A80703D14FF6FF739A42C6D1A8
:10BF100007F44063B3F5006F09D0B3F5406FBED1AD
:10BF200008227549A01D0AF09AFD0028B7D10C23FC
:10BF30002CE0704BD3F8803013BB704BB4F8016029
:10BF400093F800E06E4B93F800C05EEA0C0351D109
:10BF500048F6410227F038039342A0D10A2D00F0A1
:10BF6000B880062D9BD1634B93F87730023B012BB1
:10BF700095D8644B1B78012B91D040F6040305E063
:10BF80005146404698470028D7D00823F90648BFB5
:10BF900043F08003BA0648BF43F4805303F00C0219
:10BFA000042AA1D1424651462089FEF7F5F800281F
:10BFB0003FF475AFADF81600F9F7F1FA002840F03C
:10BFC0008A80BDF816000BF0F1FB0446BDF81600A0
:10BFD000F9F7E5FA002840F09B8009EB0A020123FB
:10BFE000414692B20DF11600E8F7B8FF002800F0C4
:10BFF000968054E716F4406106F0400215D152BB1A
:10C00000B6F5804F55D24FF4807300223E49D0B22E
:10C01000704558D300223D49D0B2604598D231F8DE
:10C02000020B01328342F7D1AFE74FF6FF70A388CE
:10C03000834214BF0123022382B1052206F440404B
:10C04000B0F5004F43F0080324D0B6F5804F23D25B
:10C0500043F4807320E00B460322EFE7B6F5804FF0
:10C060004FF00502F4D3B1F5406F14BF0220082051
:10C07000DFF880B01044BBF85CB038F8000006F47C
:10C08000404683450CBF43F0080343F00403B6F574
:10C09000004F01D143F08003B1F5006F0DD1154978
:10C0A00038F80220B1F85E109142AED143F010038F
:10C0B000ABE70B4603220220DAE7B1F5406F08BF79
:10C0C00043F02003A1E731F8020B013298429ED1E0
:10C0D0005BE704235AE7074BBDF81600D3F894300A
:10C0E000002B3FF46EAF08EB0901984700287FF45E
:10C0F00068AFD4E6101C0020701C00209E1D00209C
:10C10000E4280020401D00205E1D0020E6280020BD
:10C11000524608EB090104F110000AF0B0FCBDF82A
:10C1200016000BF043FB029B0372019B4372009BC2
:10C130008372039B1BBAC360064BBDF8160093F8CD
:10C1400050202AB1DB6C002B3FF4A9AE9847A6E63D
:10C150009B6FF8E7101C0020F0B50D468FB005AEC0
:10C160000746D2E90701144686E803001DB3012DF6
:10C170000CBF13231523226907A800920022114641
:10C18000FCF76CFB8DF82A70BDB923880434039347
:10C1900014F8023C1B210293637A0F22019300944E
:10C1A000074B07A8E9F79AFA1B21324607A8FCF7C4
:10C1B00087FB0FB0F0BD1123DDE70F21F5E700BFCE
:10C1C00084A103082DE9F04FADB01F4615460D912F
:10C1D0000646EEF7C5FB0DF1400B5946814600209F
:10C1E000F0F720F98246FCF7D1FB40EAC714FCF7D0
:10C1F000FFFABAF1170F8046A4B217D1EEF7FCFA96
:10C200004FF6FD7A8DF84B00012112A8E2F708FEE7
:10C21000BDF84830013B9BB25345F5D80421584640
:10C22000E2F7FEFDBDF84800EEF7D0FB0DB144F09B
:10C230003004E30748BF00234FF0000248BF8DF8E9
:10C24000503011464FF0010320A8009648BF4FF62A
:10C25000FF79FCF703FBFCF75DFB0E90FCF7EEFAB1
:10C2600001250F9016A8FCF73DFC9DF85C302F4A85
:10C270009D401368DFF8C4A09E42ADB20AD00021F1
:10C2800016A816910221E2F7CBFD1699274ACAF8A3
:10C2900000101660264EFCF7C3FA3278CDF82490D1
:10C2A000CDE90A82BDF84820272108929DF84B204D
:10C2B00020A807929DF85020CDE905B2DAF80030A9
:10C2C0000E22CDE903530F9B029401930E9B009322
:10C2D000184BE9F703FAB8F1010F25D10020E8F770
:10C2E00065FF16A90446E8F777FFB8B1CFB1BDF8EE
:10C2F000583032782E2104929DF85C2000940392ED
:10C30000BDF85A2020A8CDE9013227220A4BE9F7CF
:10C31000E5F92E210D9A20A8FCF7D2FA2DB0BDE840
:10C32000F08F4CF25E03E4E72721F3E74C3A00205C
:10C33000F739002089A1030890A103085C3A002086
:10C3400073B5002315460C4606460A46009301467F
:10C350000823281D0CF0CAF904F108013046C9B2BF
:10C36000E8F7D6FE04F109016873C9B23046E8F770
:10C37000CFFE04F10A01A870C9B23046E8F799FF70
:10C38000288002B070BD70B5184B05461B78084672
:10C3900053B3FAF723FAFF28044625D02846FAF7C4
:10C3A0001DFAFF2806D0124B124E1A780023D9B27C
:10C3B000914214D3FF212846FAF72AFAFF280146B2
:10C3C00012D00D4E23B206EB8302957836F8230087
:10C3D000FAF71EFAFF2D214606D02C46F2E701336C
:10C3E00016F823108142E2D170BD00BF9F440020A7
:10C3F000AA1F0020AA1F0020AC1F00202DE9F8432F
:10C40000FAF7ECF9FF2804460CD04FF6FF72334FD1
:10C4100003B2DFF8D480324E27F8232098F800507A
:10C42000AC4201D1BDE8F883337820B28100A34249
:10C4300007EB800090F803E010D00023274A5FFA52
:10C4400083F94D45944606D99CF803900133A145E4
:10C4500002F10402F3D18CF803E001E086F800E079
:10C46000013DEDB22A1BD2B204319200394409F0E9
:10C4700041FD337888F80050FF2B04D09C429CBFCC
:10C4800003F1FF33337000214FF6FF70134BCAB234
:10C49000AA420CD300234FF6FF71124ADCB2AC4221
:10C4A000BCD2013332F823008842F7D1B6E79A783C
:10C4B00094420BD11880DA78FF2A04D094429CBFB2
:10C4C00002F1FF32DA7001310433E0E7FF2AF2D0E3
:10C4D00094429CBF02F1FF329A70ECE7AC1F00203F
:10C4E000AB1F0020A81F0020AA1F002037B505465B
:10C4F0000C460BF05BF9437CDA060ED503F0010223
:10C500001B074FF001032946009320464FF0080314
:10C5100054BF183220320CF0E9F803B030BD2DE9D9
:10C52000F04F7A4B05461B788946022B17468BB095
:10C5300004D0002630460BB0BDE8F08F0CF009F9AE
:10C5400006460028F5D14FF6F9739D4261D04FF6AB
:10C55000F8739D4275D02B0A28460DF11E018DF807
:10C560001C308DF81B50EFF71BF8002814BFB046A5
:10C570004FF02008B34614BF06230E23022229469B
:10C5800038460393F8F757FE01220446039B002820
:10C5900040F0BA80DFF880A18DF818209AF80420C6
:10C5A0004946CDE900008DF81A208DF81D0006AA35
:10C5B0004FF6FC708DF81980FBF7D4FC81460028FB
:10C5C000B7D0EEF7CDF987420ED048460BF0EEF823
:10C5D0003B0A0775437504A93846F8F79BFA70B112
:10C5E000484604A9FFF782FF494B1B78033B012B08
:10C5F0002BD84FF6FF714846F0F77AFF06469AF8B7
:10C600000430FF2B0EBF01230133DBB28AF8043064
:10C6100090E74FF008084FF0200B3D4B1B78033B91
:10C62000012B86D9EEF79CF9B84282D1EEF798F942
:10C63000FC238DF81B30FF2305468DF81C300623A4
:10C640009CE74FF01008C346E7E700224FF6FF7063
:10C650001146F8F7F0FD80460028D0D0EEF780F9BB
:10C660002C4B85421A782BD152BB03214846EFF759
:10C6700039F90028C3D09AF80430A8F8007088F877
:10C680000430002388F8053088F80830EEF768F9A0
:10C69000204B85421B7800D153B1EEF761F98742F8
:10C6A00006D12CB1237923F0030343F00103237156
:10C6B00000224FF6FF710C200AF0BEFC01269EE717
:10C6C0005946284608F10702F8F7E2FD044600281B
:10C6D00095D0002203214846EFF704F90028CAD17B
:10C6E000277907F00303012B89D1EEF739F9094BBC
:10C6F00085421B7801D1002B81D04FF6FF7347F0A4
:10C700000307277123807AE7164613E717350020C1
:10C7100020350020584700205C3B002030B50F49F1
:10C720009DF80C50096889B10D4C247884420DD9CC
:10C7300000EB400001EBC001D1E9040410F0010F4F
:10C7400004D025B102432343C1E9042330BD20EACC
:10C75000020024EA0304C1E90404F7E7F03A0020E8
:10C7600035470020F7B504460D4616461F46F3F739
:10C7700067FE30B101233246294620460097F4F780
:10C780002DFAF3F75DFE40B90023324629462046D4
:10C790000097F4F723FA03B0F0BDF4F7CBF80028C4
:10C7A000F9D0024B1B689B01EED5F4E7E83400207A
:10C7B0002DE9FF4104460D4651B33F294FF00007D4
:10C7C00000D13D462046F8F7E3FE082822D101219A
:10C7D00020460BF009F804460AF0CCFF0646204636
:10C7E0000AF0E4FF982304462A4601200DF10A01CD
:10C7F000ADF80830E3F73EFB00232246CDE90033D5
:10C800000621F3B202A8E8F7E3FA04B0BDE8F0812C
:10C810000127D7E72046F8F7BBFE024638B94FF6A6
:10C82000FF71012004B0BDE8F0410AF005BC2046CC
:10C83000F8F7BFFEB0F5006F0ED12046F8F724FFE1
:10C840004FF6FF739842014638D0002D0CBF0320ED
:10C85000052000220AF0F0FB334B1B7883B3334EE4
:10C8600033889C422CD10022314BF5601A7005BBF5
:10C87000B37820461033B3700AF098FF074620467D
:10C88000F9F765FB01462046E8F742FC05462046DD
:10C89000F8F7FAFE4FF6F77398420AD83B7C03F09C
:10C8A0000303012B01D1022D03D0B37823F00F0332
:10C8B000B37004B0BDE8F041EFF7E8B80120C8E775
:10C8C000DFF87C80D8F80030EBB12046F8F760FE46
:10C8D0000C2818D120460AF069FF00F11006092241
:10C8E000002130460BF0B7FE335C042B0BD1114B0B
:10C8F0001B78033B012B06D80F4E15B17379012B22
:10C9000009D9002373713A462946204604B0BDE890
:10C91000F041F4F7E1BDD8F8001008480BF00AF830
:10C9200073790133737170E7112D0020102C0020F2
:10C93000362D0020203500205C3B00209048002050
:10C940001035002005490B88C3F30E032BB10020DE
:10C950000223034A0880EDF785BD7047A81F002019
:10C9600027E101002DE9F04FDFF84CA19046BAF81D
:10C9700002B04D4A87B01BF0010E0D46BDF844C011
:10C980009DF940109DF849909DF94A709DF84C40E2
:10C990009DF94E60127832D09DF85100C0F34005E9
:10C9A000C0F38000002A7BD0404A1278022A09D1C5
:10C9B000B14275DB21D1E01AC0B280288CBF0020C3
:10C9C000012015E03A4A1278012A00D1ADB178B1C0
:10C9D0009AF800201E3252B2BA42ACBF002701279B
:10C9E0009045D4BF00220122BA4204D1B142E1DA1B
:10C9F00007B0BDE8F08F3846FAE70020F8E71BF0F3
:10CA0000020F19D0002A4BD0760814BF0120002055
:10CA1000490814BF012200228242E9D1E21AD2B2AF
:10CA2000802A3DD99C42E8D1B84539DB3AD14D4501
:10CA30002CBF00200120DBE732B39C4207D0E41A70
:10CA4000E4B2802C8CBF002501252846D0E7604544
:10CA50001CD06C4611AE0FCE0FC496E80300154EE5
:10CA600044F8040B2180748864450FD10822311DDD
:10CA70000DF10E0009F0F3FF024638B90821301D10
:10CA8000EDF712FE10B90CB10125DEE7B845FBDB6E
:10CA900004D14D452CBF00250125D6E70025D4E75C
:10CAA0000120A5E77046A3E71139002020350020BA
:10CAB00017350020683600205A450020F7B5044697
:10CAC0000D4617461E460BF0F1FB70B9084B1F6070
:10CAD0000127084B1F70EDF789FE29460346CDE973
:10CAE00000672046044AFDF7ACFD03B0F0BD00BF6F
:10CAF0001C2D00204F360020D59D01081E4B2DE92E
:10CB0000F7431B682BB100211C4A1078CAB290422F
:10CB10000FD800264FF00408194D1A4F28880BF043
:10CB200037FE4FF001090446A4B96EB103B0BDE869
:10CB3000F0831A69D50704D594075CBF22F00C0274
:10CB40001A6101311833E1E701264FF008083D462C
:10CB50003888E4E72046F8F7C3FDFF2805D04246B1
:10CB60000023CDF80090FFF7D9FD214628880BF06F
:10CB700014FE0446D8E700BFF03A002035470020F5
:10CB80005A1D0020581D002073B50D460BF0DAFB2E
:10CB90000646F8B10AF00AFE438904462B4010D03D
:10CBA0009B072DB209D5002D07DAA17B437B0289B3
:10CBB000007B00912146FCF7DFFB638923EA050334
:10CBC0006381638933B93146034802B0BDE87040E0
:10CBD000FEF7C0BD02B070BDC44700202DE9F04F84
:10CBE0009FB0079008461D46884614460AF0DEFDB1
:10CBF00043195E7C002C3DD112A94046F9F72AFA70
:10CC00004046F8F7E3FF0546002800F03281A246CF
:10CC100008940694984B30061B784CBFB14646F0FA
:10CC20008009022B3FD0002C40F00C8202244FF6EA
:10CC3000FF764046F8F7A7FC03228DF866400024F3
:10CC40008E4BCDE9032419AACDE9014203F160021C
:10CC500000924CF660412A460220B3F85C30ADF8F1
:10CC60006460FDF7E7FA002800F0CB802146F8F772
:10CC70004BFDC6E0637840469D0712A90ED4F9F734
:10CC8000E9F9032306900893069B002B00F0F1803E
:10CC900094F801A012ADCAF3400ABBE7F9F7DAF93C
:10CCA00000230690EFE7079B1BB9754B1B78002B01
:10CCB000B9D00DF146012846EEF7F0F840460AF0EB
:10CCC00075FD037A012B38BF0123099374B3A7883C
:10CCD0002846EDF7C2FD06F00206834628460BF013
:10CCE000F5FA36BBFF2824D1664B1A78664B1B78C1
:10CCF0009A4200F09C814FF6FF739B4519D1DFF8F3
:10CD000098B15846E8F7C8F9BBF80230834200F002
:10CD10008E814FF6F7739F4224D9F2F7C5F914A913
:10CD20000746EEF73DFC0028F7D033E0BDF846702B
:10CD3000CEE74FF6F7739F4200F283809B4511D8F0
:10CD4000BB450FD02A4659460CA80BF0B7F90C98F2
:10CD50000D9916AB03C3BDF83820022116A81A801E
:10CD6000FFF712FF384614A9EEF71AFC024658B92D
:10CD7000082114A8EDF798FC30B90822284614A918
:10CD800009F06DFE0028C8D14FF6F6727B1E9BB2EB
:10CD90009342C2D8BAF1000F03D13C4B1B78002B51
:10CDA00051D14046F8F7EFFB099B3A4600932946DC
:10CDB0004B46FCF7E1FA4FF6FF739842064600F047
:10CDC00036810146002216A80BF078F9022116A838
:10CDD000FFF7DAFE002C3FF42CAF079B002B00F08E
:10CDE000378100233746A688C9F3C0020292012288
:10CDF0003146CDE90032284653463A46FCF7B6FBA9
:10CE00003E46BAF1000F0FD04FF6FF739E420BD093
:10CE100030460BF0D5F9FF281FBF1D4A32F81030FD
:10CE200023F4804322F81030069B13B3EDF798FDEE
:10CE300000230146009332462B460898F8F774FD0C
:10CE400017E05F46A0E7002C69D0124BB4F804B09D
:10CE50001B68990722D5C9F3C0030122029302235C
:10CE6000CDE90032284600234FF6FF72A188FCF777
:10CE70007DFB1FB0BDE8F08F17350020101C00208F
:10CE8000123900208536002063450020A21F0020B3
:10CE9000A4340020E8340020C447002058460BF09A
:10CEA0008FF90A9058460BF047FC4FF6FF71BDF81A
:10CEB00046208A4200F0C4805A450A9B40F0C08058
:10CEC000FF2B00F0B78003F582300B2219A900F583
:10CED000C070E4F7B5F89DF86E3089EA030313F0EB
:10CEE000EF0F14BF01260026BDF8462010460A9217
:10CEF0000BF066F90A9A0B9010460BF01DFC079B8D
:10CF00005BB14FF6FF710A9A8A4206D05A4504D0A7
:10CF10000B9B0340DBB2FF2B9DD1002E9BD13946EA
:10CF20002A460CA80BF0CAF80C980D9916AB03C34F
:10CF3000BDF8382040461A80F8F725FB16AE0746A4
:10CF400030460BF0D3F8002871D130460BF0FAF9D7
:10CF5000002849D130460BF0C9F810F0020366D121
:10CF6000CDF86E30CDF87230ADF876300DF1640C3E
:10CF700096E80700ACE803001946ACF8002014203E
:10CF80000AF06EFCDFF8D8B006465846E8F784F899
:10CF9000BBF8023083424AD9002E48D019A80BF0C2
:10CFA000D1F9002843D130460AF000FC034619AA03
:10CFB00003CA1860596012881A81DDF86E20C3F820
:10CFC0000A20DDF87220C3F80E20234A12885A8204
:10CFD000BBF8003023B94FF47A7120480AF0AAFC5C
:10CFE00031461F480BF0BCFB16A80BF0ABF90AF05A
:10CFF000DDFB4389077343F002034381099B80F8FB
:10D000000D908373BDF8601016A8EEF761FBFF2842
:10D0100006D0144B1B781BB10022134B43F8202081
:10D020004FF6FF73BDF860609E427FF4D3AE6CB9DB
:10D030000124FCE5FF2803D0B6FA86F6760953E70B
:10D04000564651E702234FF6FF76CBE60123FAE777
:10D050003746079BC8E600BFD8460020A4470020FB
:10D06000C4470020684500208836002038B5AC232E
:10D070000022144C054603FB0043596DDA6483F823
:10D08000502089B15A65104B1B88DB0604D440F24E
:10D09000C3510E4809F0EAFD102000210AF0CCFA35
:10D0A0000B4B186809F067FBE1F79AFEFF281EBFDB
:10D0B000AC2303FB054484F8A800BDE83840FEF724
:10D0C00078BB00BF101C00203E1D00209289030881
:10D0D000441D0020002307B51A46CDE90033E7F7C9
:10D0E00077FE03B05DF804FB70B5132805460C46C7
:10D0F000164688B012D801A9E3F7FEFF192101A84E
:10D10000F2F76CFC50B19DF81C30284623EA060269
:10D11000144301A98DF81C40E2F7A0FE08B070BDD1
:10D120007047034670B515462B4A0C4610688CB004
:10D13000002B2FD000230693B9B1B5B107934FF45C
:10D140008072264B07A9E3F72BF908B107980AE08C
:10D1500007984368D0E908121B0A012B12D0204E11
:10D16000B3420FD01BB1E3F707F90CB070BD06AEA8
:10D1700004961026CDE902560194009308ABFCF703
:10D1800001FDE3E706AB049310230194CDE90253BC
:10D190000023F2E707930029E7D0002DE5D008939C
:10D1A0004FF400720D4B08A9E3F7FAF808B108989C
:10D1B000D9E708984368D0E908121B0A012B04D06C
:10D1C000074EB34201D0002BCDD107ABCDE90053C0
:10D1D0002346FCF773FCEAE76C3900200044400466
:10D1E00002008000F0B50D46064685B0084614469C
:10D1F000E4F70EF86B881C4F1A07386024D52246D6
:10D2000031461020F2F77EF8184E306808B1E3F787
:10D2100032F91023CDE900434FF4105100232A695D
:10D220001248FDF7BBFC68B933683B606B88D907CF
:10D2300012D50023224601210DF10F008DF80F3089
:10D24000E3F797FA05B0F0BDD806EFD522460821DE
:10D25000281DE3F78EFAD7E79A0701D50223E9E7FD
:10D260005B07EFD50323E5E76C390020CC390020BC
:10D270002DE9F04FD5B0ADF81E000AF097FABDF8D1
:10D280001E50448A064600F110092846F8F75FFE52
:10D2900001462846E7F73CFFB34FB6F8148000F08C
:10D2A0000305A7F80080EDF75BFBA0422DD04FF6F9
:10D2B000F7739C4229D8737CD80726D42046F7F709
:10D2C00083FC30B1012321464046BDF81E20F2F711
:10D2D000FFFAEDF745FBA44B1B8883420FD1BDF845
:10D2E0001E402046F8F733FE01462046E7F710FFC0
:10D2F00010F00C0103D1BDF81E00F4F741F8002234
:10D300009A4B1A6055B0BDE8F08F9949BDF81E00E0
:10D31000F8F73FFF9749BDF81E00F8F79BFE00287D
:10D32000944B08BF0023914ABDF81E0013600AF019
:10D330003DFA914B027ABDF81E001A700AF036FAD7
:10D340008E4B427ABDF81E001A700AF02FFA8C4BF1
:10D35000C268874C1A6000238DF82530E3880DF1F0
:10D360002508990624D5EDF7FBFAF8B1854B1B6823
:10D370009A071BD4012D14BF082318230022CDF8CF
:10D38000008011460DF11E00F2F76AFE80B1012DFA
:10D390009FD17D4B1B78112B9BD1F3F751F80028BF
:10D3A00097D140F61D42794B5A6192E70823E5E791
:10D3B000BDF81E00B6F812A00AF0DCF9A0F11006C4
:10D3C000F6B23246494634A809F059FBFF238DF8DE
:10D3D000D7304FF6F7739A4500F2F980022D00F02E
:10D3E000CF82B4F90630002B80F29E80012D40F0F0
:10D3F000F480EDF7B5FA3B8883423FF46AAF05202D
:10D40000BDF81E10F2F77BF900283FF462AFE38805
:10D41000590607D5002300930A20FF23544A398870
:10D42000FEF77AFA0021BDF81E6098F800301F223E
:10D4300021A8059320913D8808F054FD3046F8F767
:10D4400086FD01463046E7F763FE044630460AF0A3
:10D45000ADF9437CA206C3F3400B0490304648BFAD
:10D460004BF0020BF8F76FFE044630460AF082F9E3
:10D470000023A0EB04095FFA89F900934B46232BA4
:10D4800028BF23232246314620A82F460BF02EF931
:10D4900000287FF41EAF3E4A9DF880A013789DF8C7
:10D4A00081800393002B00F0D082F3F743FA002829
:10D4B0000CBF4FF4F0724FF4D07222FA0AF2D30785
:10D4C00040F1C3821BF0020F40F0BF82BAF1080F97
:10D4D00040F0E882B8F1040F7FF4FBAEEFF704FDF3
:10D4E00000287FF4F6AE1BF0010F3FF4F2AE0023EC
:10D4F000CDE91033EDF734FA18B1224B1B689907C8
:10D500000FD5284610A9EEF74BF80346002840F047
:10D510006786B8F1020F00F01785B8F1040F00F02C
:10D52000FF85092110A81BE300204FF0FF32DFF830
:10D530006CC034A9C3B29E4232D8164900238C462F
:10D5400051F8040B82423FF4C4AE0133052BF7D1EE
:10D55000114EB07B411CB1FBF3F303EB8303C91AFB
:10D56000B1734CF8202041E794340020A83100200A
:10D5700096340020623B00209B2900209A2900203D
:10D58000282B0020E83400201735002068360020C2
:10D59000A21F0020782100205C3B00202083B8EDF2
:10D5A00011F8013B4FEA122E53400822DBB203F080
:10D5B00001095B08B9F1000F01D083EA0C03013ABD
:10D5C00012F0FF02F3D18EEA03020130B2E7012D1F
:10D5D0003FF40FAF022D00F0D381002D7FF479AE20
:10D5E000BDF81E6030460AF0E1F880463046F8F794
:10D5F000AEFC01463046E7F78BFD98F81190B8F87D
:10D6000012B00490EDF7ACF909F00109B7F800A0E9
:10D61000B4F802800390B9F1000F7FF45AAE4FF6D0
:10D62000F7739B452A46514600F2B480082009F062
:10D6300003FD3046F8F78BFCB4F90620E388002A96
:10D6400080F2AF802388002B40F086806579002D22
:10D6500040F0828010A93046F8F786FD411E89B25D
:10D66000BDF84000E7F754FD48F2020362889A4291
:10D6700047D129462095AE4D492221A83C8808F083
:10D6800031FC2B78012B3CD1002C3AD114A9304627
:10D69000F8F76AFD0590BDF850000AF06BF8059A9E
:10D6A000BDF85010831ADBB2009420A805930BF04C
:10D6B0001DF8204619A9EDF773FF10BB059B03B3B6
:10D6C0009DF88110E9B9BDF88B3003F47E43B3F5C2
:10D6D000285F6ED3B3F5385F28BF964A19A822BFDA
:10D6E000136843F4000313600122934B1A70F3F79D
:10D6F000F7F941F2883191480AF01CF902228C4B6B
:10D700001A7018F4004F3D8800F0E88014A93046E4
:10D71000F8F72AFD0022BDF8507004463846CDE9DE
:10D720002022CDF887200AF025F80022031BDBB267
:10D730000B2B28BF0B2300923946224620A80AF063
:10D74000D5FF48F21F039845A34600F09D8038D8C6
:10D7500088F40043012B6DD9049B794C03F00C0530
:10D760000C2D40F0F9802089F4F7FAFC00283FF4F2
:10D77000B0AD039B2089534514BF4FF002094FF011
:10D780000309FCF7DEFC6F4B494618703046FBF787
:10D790007FFE9EE5062009F04FFC3046F8F7D7FBE8
:10D7A00050E75B067FF54EAF29464046F2F76BF82F
:10D7B00048E72970F2F756FE1E2119A8E6F73AFC51
:10D7C0009FE748F23A039845C6D1EDF7C9F885427C
:10D7D000C2D09DF880100029BED15B4B9DF88120FE
:10D7E0001D789DF88200954218BF584D1A7018BFD9
:10D7F00029800128B0D100279DF88530534D04EBD6
:10D80000C304A4B2A345A7D00BF1060208233146F6
:10D81000009792B219A80AF069FF2B88002B56D105
:10D82000082119A8FCF7E8FA28800BF1080B1FFA69
:10D830008BFBE7E79DF88030002B8DD1BDF8894048
:10D84000DDF88100DDF8851019AB03C3204619A966
:10D85000E2F780FA0122204619A9F4F7F1F8A5426F
:10D8600007463FF479AF012119A8F4F73FFC48F2CD
:10D87000010398457FF470AF002F7FF46DAF294608
:10D880002046FEF780FD67E79DF88050002D7FF46D
:10D8900063AFA8469DF881B00234EAB25A45BFF49E
:10D8A0005BAFD200D2B222440823394692B2CDF8FF
:10D8B000008019A8CDE919880AF018FF19A8F7F710
:10D8C00007F90AF07DFCF8F717F80135E5E70123C1
:10D8D0000822284619A9E7F741FBA6E702231C4CBA
:10D8E000174F23704FF6F7739B4594BF0023012316
:10D8F00032460093394600232846F9F7A9F9B8F1D2
:10D90000130F3FF429AFFB885D043FF525AF114BA2
:10D910001B78D80703D52278022A3FF41DAF990758
:10D920007FF5D7AC2378012B7FF4D3AC14E700BF8D
:10D93000E3290020E8340020E4290020801F002093
:10D94000963400200C3B00203E3B0020142D00208C
:10D950003D3B00204F2B002000222379B948009343
:10D96000114663790088F3F799FF082D7FF40BAF18
:10D97000039B534514BF4FF004094FF0050902E71C
:10D980000025BDF81E70B4F90680DFF8CC92DFF8F0
:10D99000CCA2DFF8CCB299F80030AB427FF699AC5C
:10D9A0000AEB0516B08800B9708820A9F8F7F1FBDA
:10D9B000A27A9DF88A309A4244D1B8F1000F0FDA6A
:10D9C000217A9DF888202389914209D89E480078C1
:10D9D0000844824236DA521A1B0A1341DA0731D55B
:10D9E0003846F8F7B0FBBDF8863005469B0603D5F0
:10D9F000E38898067FF56DACF37903F00C03042BF4
:10DA000008D17088EDF7F8FF002372881946184690
:10DA1000F7F7DFFD00213046F3F78CFBF2F738FD16
:10DA2000384609F0A7FE854206D2337A01213846EE
:10DA30008BF80030FBF72CFDB8F1000FBFF649ACB6
:10DA40000025A8E70135EDB2A5E7BAF1100F25D101
:10DA5000059B002B3FF43DAC7C4B1B78022B40F028
:10DA60005885002D7FF435AC19A8F2F724F800286A
:10DA70003FF42FAC764B774C1D709DF88130002B16
:10DA8000237814BF64266526032B04D12946284633
:10DA9000F2F7E8FC2570314619A861E0EFF724FAA7
:10DAA000002861D0BAF1050F7FF413ACB8F1050F6F
:10DAB0003FF60FAC3046F8F739F8049B9DF88170BB
:10DAC000B3F812900123DFF89CA1BB4013F062036E
:10DAD000DAF800400690039305D0A50303D51BF0A8
:10DAE000020F3FF4F6ABECF73BFF00283FF4F1AB3D
:10DAF000EFF7FAF918B9BBF1000F3FF4EAAB0DF1FB
:10DB000082084046F2F762FE039B0490002B49D046
:10DB10009DF89230032F05934BD10DF19304ECF750
:10DB20001FFF484540F08781BBF1030F7FF4D1AB65
:10DB300019A8E2F757F94FF60473DDF89200DDF803
:10DB40009610ADF864301AAB03C3414619A8E4F748
:10DB5000DFF80446002800F0F38005210DF1920063
:10DB6000E6F768FAFFF7B5BBAAF105030A2B3FF603
:10DB7000B0AB01A252F823F0ADDA020887DE02084A
:10DB8000D1DE0208E7D40208EDE10208D3D2020890
:10DB9000D3D20208D3D20208D3D2020811E202087B
:10DBA00059E30208039B032F05932FD10DF1920433
:10DBB000B5E7A00740D5FF2208210DF19B00ECF747
:10DBC00073FD0646C0BB034601460DF19B020220D1
:10DBD000F1F720FFECF7C4FE48450DF19B050DF170
:10DBE00093045FD04FF6F773994540F229810022E4
:10DBF00008212046ECF758FD002800F02181002282
:10DC000040460599F2F7D0FCFFF763BB0DF19A058A
:10DC10000DF1920419A8F1F74EFF064620B3082231
:10DC2000294619A808F01BFF78BBECF799FE81453F
:10DC300040F00281002635E00DF19B050DF19304C3
:10DC4000E8E700BF943400205B4700201735002030
:10DC5000283A0020E329002016350020E02D00207E
:10DC60000C3B0020E8340020FF2208212846ECF776
:10DC70001BFD034620B106213046F1F719FFD4E71A
:10DC80002A460146F1F7C6FECFE7A54B1B78432B8A
:10DC90007FF41FAB012F7FF41CABECF761FE48450E
:10DCA00040F0CA802046ECF7A3FE002800F0C480B4
:10DCB000012F55D0042F7FF40CABF2F7C1FB18B144
:10DCC000BBF1030F7FF405AB049B002B7FF401AB8A
:10DCD0000323944C0622414628462370E4F7B2FB06
:10DCE000914B049A1A60914B1B7863B1F3F72AF8B1
:10DCF0002378022B07D101228D4B41F288318D48C8
:10DD00001A7009F017FE864B1B78022B0CD10321E9
:10DD10002846E6F78FF9217800297FF4DAAA084629
:10DD2000F2F7A0FBFFF7D5BA412B7FF4D2AADAF8BD
:10DD3000003059057FF5CDAAEFF716FCFFF7C9BAF9
:10DD40009DF86500FF283FF4C4AA02222146FFF790
:10DD5000CBF901210DF19200E6F76CF92146DEE7DF
:10DD60006F4C2378022B23D02378412B3FF4B1AAA8
:10DD7000049B33B9EFF7B8F8059902464046F2F72D
:10DD800013FCEFF7B1F800283FF4A3AAF2F758FB11
:10DD9000B8B1DAF800301A0502D42378432B10D139
:10DDA0001BF0020F0DD140F61A42634BFFF7FCBA8D
:10DDB000F2F746FB0028D7D01BF0020FD4D1FFF7B3
:10DDC00088BADAF800309B0702D40698FCF728F9E5
:10DDD0002378112B1FD1DAF800305F051BD5002006
:10DDE000F2F77EFE054600287FF473AAEDF794FE55
:10DDF00040F61C42504B294628465A61F2F732FB46
:10DE00002378112B03D0E2214C4808F02FFF412347
:10DE10002370FFF75EBA1BF0020F01D0F2F77EFD10
:10DE2000002E89D00023404A1946136018462A461E
:10DE3000F1F7F0FD80E70025039B002B7FF4D2AEC5
:10DE40004FF6FF73204619A9ADF86430EDF726F8B8
:10DE500020B12046ECF701FDADF864004FF6FF73EA
:10DE6000BDF8640098423FF434AA049B2A46002B74
:10DE70000CBF042315232146CDE900833B46F2F76E
:10DE8000D3FEFFF726BAECF76BFD00287FF421AA3A
:10DE9000039B002B3FF41DAA1BF0020F04D1284B5B
:10DEA0001B6898013FF515AA9DF88B00B9F10C0F7E
:10DEB00094BF002323AB0328BDF889203FF609AAAD
:10DEC000009329460DF18103F7F72EFDFFF701BA04
:10DED0000DF18100ECF78CFD30B1022229460020C3
:10DEE000EFF744FDFFF7F5B9164B1B78013B012B0B
:10DEF0003FF6EFA90DF18100F6F7EAFD4FF6FF734B
:10DF00009842044606D10DF18100ECF7A6FCA04230
:10DF10003FF4DFA90021EFF737FEFFF7DAB900BFC2
:10DF200017350020E3290020C4390020283A0020BA
:10DF3000E4290020801F002068360020669F030827
:10DF4000E834002020350020AB4B1B689A073FF5D2
:10DF5000E8AA0822A9480DF1820108F080FD0028F6
:10DF60003FF4DFAAA64B1B78002B00F03381A54BB2
:10DF7000A54C1B78DBB9F7F7F5FA218800295AD1AF
:10DF80000DF1820610AD30460CA9ECF787FF48B9B9
:10DF90000DF1640A08215046E0F742FF8046002850
:10DFA00000F08980F7F7DEFA0F21FFF7BBBA21886E
:10DFB000002940D1084609F053FC2080B0B301236A
:10DFC0000822204610A9E6F7C9FF78BB01230822E2
:10DFD00020460DF18201E6F7C1FF38BB0123022282
:10DFE000894819A9ADF86450E6F7B8FFF0B9208860
:10DFF00009F0C0FB844906462846F8F7C7FD20888B
:10E0000009F0B8FBF6B2864209D1FF238DF86430DF
:10E0100001237D481A4619A9E6F7A0FF30B900216F
:10E020000120F2F71FFA0C21FFF77CBA218881BB8F
:10E030001021FFF777BA4FF00709084609F0B6FB41
:10E040000546208809F0B2FB2788112100F1080657
:10E050003846E7F75DF8102180463846E7F758F86C
:10E060000822074610A9304608F0F9FC002840F0C5
:10E07000BA80082228460DF1820108F0F0FC002841
:10E0800040F0B180B9F1070FD2D107EB0827BFB23A
:10E0900079E74FF01009D0E720884FF0010828B148
:10E0A0001221E7F735F8FF2881461FD13246A946ED
:10E0B0003846402304E02A46B1464346BDF83000C6
:10E0C00043F00303CDE900A349460323F2F7ACFD77
:10E0D00000283FF467AF07214846E5F7ABFFB8F1EA
:10E0E000000FD9D0F7F73EFAFFF7F3B80021084642
:10E0F00009F0B6FBADF8500048B1384614A9F8F75E
:10E1000045FDBDF8500009F035FB0028CED11423A1
:10E1100000934A46294638462388F8F7D9FCC5E7D4
:10E120003A4A1278002A55D0022A2CD119AE02465A
:10E130003146E3F7ADFD10A89DF86540E3F7D9FD42
:10E140002040FF2843D014AC08212046E0F768FEA9
:10E15000002842D194E80F0086E80F00424631467D
:10E1600010A8E4F76FF9024688BB032310A9CDE994
:10E17000004328464346F2F757FD00280CBF132101
:10E180000621FFF7CFB9012A02D00621FFF7CAB94D
:10E1900014AC02460090214610A8F1F7A9FC0246F3
:10E1A00010B10A21FFF7BEB9134B28461B6810A90E
:10E1B0005B0003F0040343F00303CDE9004343464F
:10E1C000F2F732FD0028E0D11321FFF7ABB90521AA
:10E1D000FFF7A8B91121FFF7A5B91221FFF7A2B9DE
:10E1E0000B21FFF79FB90E21FFF79CB94146012093
:10E1F000F2F73EFAFFF76DB8E8340020F71B002075
:10E2000097290020B6290020F43A00209629002002
:10E21000C34B1B78013B012B3FF65BA81BF0010FA2
:10E220003FF457A80DF18100F6F752FC4FF6FF734B
:10E230009842054680467AD10DF18100ECF70DFB3E
:10E2400040450546074672D10DF18100ECF708FE06
:10E25000FF283FF43EA8B34B00B200EBC00033F8F8
:10E260001050BD423FF435A8304609F083FA093416
:10E27000E4B2071BFFB20021384609F0F1FAADF80D
:10E28000400000283FF425A84FF0010900232A464A
:10E290000821CDF80090F9F7ADFDADF85000002849
:10E2A0003FF417A821463046F7F724FF4FF0000A45
:10E2B0008046162251461AA8CDF864A007F012FE37
:10E2C000434622463146CDF800A019A80AF00EFABE
:10E2D0004B46424619A914A8E6F740FE00287EF4F2
:10E2E000F8AFA7EB0807FFB2394610A8E6F7E5FE3E
:10E2F000284609F065FFFF2818BF8B4A444418BF21
:10E3000032F81030E4B21CBF23F4804322F81030FE
:10E310000021BDF84000234632460097E6F7B6FFDD
:10E320002946BDF85000EFF7E3F8FEF7D2BF2846C4
:10E3300009F046FFFF2897D07C4B1B78002B93D029
:10E340007B4B1B7883428FD900217A4B7A4A1B780A
:10E35000034442F8231087E7714B1B78013B012BE4
:10E360003EF6B7AF402314A8ADF82630E1F73AFDEA
:10E3700002238DF8503000230AAC21462846C4E918
:10E380000033EDF70DF900287EF4A3AFECF7E8FABF
:10E390000346002840F0B9809DF88120042A40F00F
:10E3A000B680664F3A78022A72D13B78022B79D137
:10E3B00094E8030003238DF8503015AB83E8030085
:10E3C0009DF85D30002143F00603102210A88DF85F
:10E3D0005D3007F087FD10A914A8E2F75FFF40B198
:10E3E00014A8E1F7FFFC204619AB10AA14A9E3F723
:10E3F0004FFCBDF8523019A943F0040314A8ADF83E
:10E400005230E2F74BFF20B90CAA14A919A8FEF765
:10E41000E9FE10220DF18A010CA808F020FB064647
:10E4200000286ED13B78022B56D04FF034080026DE
:10E430003B78022B08D19DF85D301B0704D42046A1
:10E440000DF12601F1F724F841462046F1F748F88E
:10E4500010238DF8643004238DF86630234603CBF7
:10E46000CDF86700CDF86B1019A80B218DF8656009
:10E47000FBF7C2FC024600283EF42BAF002E14BF6F
:10E480000123032321462846F2F762FAFEF721BF53
:10E490000146009014AA2046F1F72AFB002884D0F8
:10E4A000AD26D5E7012BA4D1254B1B6803F08403CF
:10E4B000842B9ED194E8030002238DF85030102362
:10E4C000ADF8523015AB83E803009DF85D3043F0A2
:10E4D00002038DF85D308CE719A8E1F783FC94E81E
:10E4E00003001AAB83E803004FF6047310A919A8C0
:10E4F000ADF86430E3F70CFC002896D04FF0050827
:10E5000096E74FF03308AD2692E7A326A0E7AA26A8
:10E510009EE7043B012B3EF6DCAEFFF7A2BA00BF3C
:10E52000203500204E370020A4340020684500200C
:10E53000604700206445002088360020962900208E
:10E54000E8340020F0B50446012593B00DA8E1F7AA
:10E5500049FC0DA88DF834508DF83540E3F70AFFDB
:10E5600080B39DF8350008ACA84218BF28466D4618
:10E570004FF011030BBF214621461C4A1C4AEBF702
:10E5800071FF94E80F0085E80F0004AA1746194BA5
:10E5900003F1100C164618685968083303C6634522
:10E5A0003246F7D110223946284608F058FA48B1C9
:10E5B00029460DA8E3F7ACFB054628B10E4A1378AF
:10E5C0000133137013B0F0BD1022FF21204607F075
:10E5D00089FC9DF835302146012B0CBF034A044AC3
:10E5E00011232846EBF73EFF044AE8E775E40100F3
:10E5F00079EB0100B0A10308862200208B220020C5
:10E60000184B2DE9F0411B7805460E4617463BB1E5
:10E61000DFF76CFF012805D9841EE4B2012C12D962
:10E62000BDE8F081EB02C5F3130105D532680E4851
:10E63000BDE8F041D9F7A2BE3B463246BDE8F04105
:10E640000948D9F755BEEFF3108272B6074B1A602E
:10E6500027B13A463146A8B2FBF750FBBDE8F0417E
:10E66000E2F7E8BCE81B0020F8130020F0150020BA
:10E67000012814BF0420022070B5002442431C70FE
:10E68000CC7D101D02F002024CB91AB1012220F01B
:10E6900003001A7000F108034868184470BD1AB1ED
:10E6A000012220F003001A7000230C7E01F12005E6
:10E6B000DAB2944201D80020F0E735F833205E1C2E
:10E6C000824206D901EBC30300F10802D869104465
:10E6D000E4E73346801AEBE77FB590F842600446E2
:10E6E00001920DF10B030A4630461249FFF7C0FFB5
:10E6F000012E0546E36B19D132465B6903A99847A1
:10E700009DF80B10039B019A59B19BB243EA024357
:10E71000012228460393E36B03A99B69984704B041
:10E7200070BD1B0C1B0492B21343F1E701229B69DD
:10E7300001A9F3E7941300202DE9F04790F8427007
:10E7400086B0012F05460391A1EB020615D1B6F55F
:10E75000807F28BF03274FF0640800244FF6FF791D
:10E76000DFF838A195F84230012B14BF322364231F
:10E770009C420AD35FFA88F415E0B6F5803F34BFB7
:10E78000012702274FF03208E7E705AB2246514642
:10E790002846D8F711FD95F84230012B059B33D15F
:10E7A0004B452CD1E4B295F84230012B0CBF6422CA
:10E7B0003222121BBA4216D3012F37D10022012B6D
:10E7C00005968DF8132026D1082205A90DF1130016
:10E7D000D8F753FD9DF8133046EA03222146284618
:10E7E000FFF77AFF40B102232C4900932846CC233F
:10E7F000096803AAD9F7E8FC06B0BDE8F087DBB2E8
:10E8000003B902340134ADE7591CCBD09BB2002BC5
:10E81000F8D10134F6E7102205A90DF11300D8F75D
:10E820002CFD9DF8133046EA0342D7E7039E012BE7
:10E83000059621D10823202205A90DF113008DF89A
:10E840001330D8F71AFD9DF81320120221462846EE
:10E85000FFF742FF95F84230611C012BC9B218D175
:10E860000028C0D12846B2B2FFF736FF0028BAD13F
:10E870000234320CE1B2B2E71023202205A90DF1D7
:10E8800013008DF81330D8F7F8FC9DF8132012040C
:10E89000DCE70028A7D13246A1E700BF941300208F
:10E8A0000A4B1B788BB107280FD8EFF31182302366
:10E8B00083F31188064B03EB0010037B0BB100239D
:10E8C000037382F31188BFF36F8F704734130020F6
:10E8D000701100200CB407B504A951F8040B019184
:10E8E000E5F71EF90348E5F70BF903B05DF804EB13
:10E8F00002B0704796A103080346EFF3108072B68A
:10E90000014A136009F061BE8014002008B5C36895
:10E9100000209847024B1868BDE8084009F055BE32
:10E9200038130020144B37B51B78054613B3134C2E
:10E9300094F83430F3B102212046D8F75FFC20462A
:10E940000F4A0DF10703C5F31301D9F73CF860B97D
:10E950009DF80730022B08D109492046D8F7ABFCB7
:10E960000246411C2046FFF7E7FEE06B03B0BDE81E
:10E970003040CBE703B030BDE81B0020F813002087
:10E980009413002038B50446DAF716F9A04228D0CF
:10E9900008F0D6F8012C054602D12146DAF780FAB4
:10E9A000EFF3108072B64FF000710E4A0E4B5166B5
:10E9B0004FF48062611E8A401A675A6E910103D437
:10E9C000D3F88420920609D509F0FFFD022C08D166
:10E9D0002846BDE838400021DAF762BAD3F884202F
:10E9E000EBE738BD006000500040005008B508B9A2
:10E9F00008F0A6F8054B1B7833B1054B984203D8B5
:10EA00000120BDE80840BDE70220FAE764150020B8
:10EA1000005A62022DE9F04F98462A4B87B01B78C6
:10EA2000054691460091002B46D0072846D8002A7B
:10EA300044D0B8F1000F41D0109BB3F5006F3DDC1E
:10EA4000DFF898B003010BEB001701933B7B002B21
:10EA500036D00024DFF888A043010AEB40161022CC
:10EA6000214630460193CDE90344059407F03AFA74
:10EA7000009BC6E901890293109B13495A1E019B12
:10EA8000C2F30A025AF803001201014042F0447234
:10EA90000A434AF803200D4B2A014BF80230119B20
:10EAA0002846324602A9C7E901347C73DAF759FFD8
:10EAB000204607B0BDE8F08F0548FAE70548F8E7BB
:10EAC0000548F6E7341300200F80EFF085AD00080D
:10EAD000028000F0018000F0078000F0701100203B
:10EAE000F0110020F0B40C4D049E2D788DB1072854
:10EAF0000FDC0A4D070105EB001494F80CC0BCF1C3
:10EB0000000F06D0EB5100236660A360F0BCDAF77B
:10EB100028BFF0BC704700BF3413002070110020E4
:10EB200000F00CB800F00AB800F008B800F006B821
:10EB300000F004B800F002B800F000B872B61EF0A1
:10EB4000080F09D01EF0040F0DD0DFF850E0AEE83A
:10EB5000FF1F6FF002000CE0DFF840E0AEE8FF1F9F
:10EB60006FF00E0005E0DFF834E0AEE8FF1F6FF055
:10EB700006006946EFF309828EE8070086460848DA
:10EB8000084C854501D3A54501D384F30888DCF7FB
:10EB9000B5F984F30888DCF75AF900003C400020FE
:10EBA000480000200810002008B5064B044613B1A9
:10EBB0000021AFF30080044B1B6803B19847204647
:10EBC000D8F775F900000000A83C002070B50D4D85
:10EBD00000260D4C641BA410A64209D10B4D002643
:10EBE0000B4C09F0EDFD641BA410A64205D170BDCD
:10EBF00055F8043B01369847EEE755F8043B0136DB
:10EC00009847F2E7304A0020304A0020304A00207E
:10EC1000344A0020024B01461868DCF762BE00BF90
:10EC20009049002013B50446694607F0D0F9204604
:10EC300007F015FBFF28024606D020469DF800107D
:10EC4000DBF72AF802B010BD0048FBE70080FFFFA9
:10EC50002DE9F0418AB001AC05460B462746194A1A
:10EC600002F1200C264610685168083203C662453E
:10EC70003446F7D1002B08BF3B46002710681C46DE
:10EC80003060384603F10C0690B95FFA87F84246C7
:10EC90002846218807F001FC50B942462846E18801
:10ECA00007F00CFC20B942463146284607F018FC14
:10ECB0000137032F06F1080604F10204E4D10AB07B
:10ECC000BDE8F081B0D50308F0B589B005460E4621
:10ECD00001F02AFF044600BB01AC06F10C070FCF80
:10ECE0000FC497E8070084E8070001A9284606F04A
:10ECF000ADF82846311D07F068FE044648B928469D
:10ED0000074901F0E7FA044618B9284601F0D6FE93
:10ED1000044628463168FFF79BFF204609B0F0BD46
:10ED2000A8D50308014907F0A5B900BF8D0A03085B
:10ED300070B5164E032804460D4633781ED023FACC
:10ED400004F202F00102AA421DD053B10122A240F6
:10ED5000A54023EA02032B43DBB233704BB1012001
:10ED600070BD2DB10A4B01201B6898473378EDE741
:10ED70003570074B00201B689847F0E79A07DED0F4
:10ED800003F0FC03E9E7002070BD00BF1240002043
:10ED9000E83E0020F8B505460C4609F01BFC104F74
:10EDA00006463B7833B1012D04D01CB90D4808F05C
:10EDB000B3FA3C7021462846FFF7BAFF0A4B0446D7
:10EDC0001B783BB93B782BB907F040FB10B1074BE0
:10EDD0001B689847304609F0F8FB2046F8BD00BF95
:10EDE00013400020BC3E002012400020E0490020DB
:10EDF000054A0B46117831B100211170034A0121F7
:10EE0000526818781047704713400020E0490020EE
:10EE100038B5074D04462B78834207D001F09EFD9C
:10EE200020462C70BDE83840DCF784BF38BD00BFF9
:10EE3000114000201B4B022910B5187002D0032985
:10EE400004D010BD184B1B78002BFAD105F066FFDB
:10EE50000028F6D04FF40052144BC3F88420BFF3BF
:10EE60004F8FBFF36F8F01F001FD0028E9D001F053
:10EE7000E9FA0028E5D10E4B1C6834B123689847A5
:10EE8000BDE81040002001F05DBD07F0EFF8094B30
:10EE9000186008F079F8084B1860204601F0EEFC85
:10EEA000EEE700BF274A00201140002000E100E00B
:10EEB0000C3F0020E43E0020E03E002038B5044630
:10EEC0000D4605F02BFF80B14FF40052124B5A60F3
:10EED00001F0CCFC48B9012D07D8012001F032FD2A
:10EEE0000E4B1B6823B15B6898470D4B1C7038BDF7
:10EEF00008F04AF80B4B1A68801A186008F05CF8A2
:10EF00004FF47A72084B1B6802FB003007F0B0F830
:10EF1000012001F0B3FCE8E700E100E00C3F002035
:10EF2000274A0020E03E0020E43E0020F0B585B0F6
:10EF300009F050FB344D04462B7823B1334808F0D8
:10EF4000EBF9002852D108F031F802AA03A907F022
:10EF500067FA0346002838D007F076FA029B9842F9
:10EF60001CD100202A4B03991B682A4E994230700D
:10EF700020D90027C91A012324482B70264A33467A
:10EF8000CDE9007707F0DAFF002837D1234A13785C
:10EF9000D90701D53178F9B1204611E007F052FACE
:10EFA000029B984228D0002318461949194A09683B
:10EFB000137003910121FFF7BBFE002320462B7045
:10EFC00009F003FB002005B0F0BD20462B7009F0CE
:10EFD000FCFA212005B0F0BD03F0FE031370002BF6
:10EFE000DAD10F4B1B6898472046E9E7204609F025
:10EFF000ECFA0E2005B0F0BD0220B3E70323204653
:10F000002F703370F3E700BF13400020BC3E002098
:10F01000DC3E0020264A0020F1ED020812400020CC
:10F02000E83E002038B509F0D5FA144D04462B7897
:10F03000EBB9134A13491370134B144A14481A605E
:10F04000144A5A60DCF7D6FD13491448DCF7D2FDA8
:10F05000134A144B1A60144B5B6F03F44073B3F5FF
:10F06000007F02BF0222114B1A6001232B70DCF7D4
:10F070009DFE204609F0A9FA002038BD144000206A
:10F0800013400020D4D50308E04900202DEF0208EA
:10F09000AC3E002095ED0208DCD50308B43E00200C
:10F0A00011EE0208E83E002000400050DC3E002047
:10F0B00010B50446D0F818210B4B4FF40061C3F88B
:10F0C000C42090F82420D20102F4006205F050FD23
:10F0D00094F8243013F0100F4FF4007314BF034A58
:10F0E000034A536410BD00BF003E00B0001002B8D8
:10F0F000002002B8D0F8E43013B11A68032A10D8FF
:10F10000094BDB6BC3F3C20213F0380F03F00700A7
:10F1100018BF504313F4E07FC3F3821203D050436F
:10F120007047986A400E7047008001B8431C07D0B2
:10F130006FF0FF02034B10405A62A3F580535862F0
:10F14000704700BF00E000B82DE9F0438F7880469B
:10F150000F2F0C4685B003D9212005B0BDE8F08300
:10F1600027B90122414B1A700020F6E70D784E783E
:10F17000EDB9002EF0D194F90310E08803F0C6F841
:10F180002128E9D055EA0603A088DFF8F89013D0CB
:10F1900003F066F94FF60403B9F8002001469A42DD
:10F1A0005FD1AE42334638BF2B4600262DE0082DF6
:10F1B000D2D8082ED0D8DEE703F052F94FF6040576
:10F1C00001464FF605002A4A136E9BB2AB4208BFB8
:10F1D0000346B1F5803FA9F800300FD90223082576
:10F1E000136680230126C2F880302B4649084FF66B
:10F1F000FF720139914228BF114608E080230126A1
:10F2000008251666C2F880302B460029EFD100226F
:10F2100002920122013FFFB2009201972A4608F1B3
:10F22000F80002F05BFF1EB14FF48012114B5A65DB
:10F230000221114BA2681A600C4B197098F82D30FE
:10F24000013B8B4290D8032301200C4AC2F8503274
:10F250000B4BC3F85002C2F864120422C3F86422B4
:10F2600082E703480266A9F800309AE715400020BB
:10F2700000C001B800D001B8F43E0020006001B821
:10F28000005001B81C4A0020F8B504460F46164647
:10F2900009F0A0F90546A047044620B1284609F028
:10F2A00094F92046F8BD04F0FBFD04220549D1F88D
:10F2B000F03E23EA07033343C1F8F03E024B5A64A1
:10F2C000ECE700BF003000B0002002B800F01803E7
:10F2D000182B0AD003070AD440F2011310F01000D3
:10F2E00018BF1846034BD86770470020FAE7012083
:10F2F000F8E700BF003F00B0044B1868830654BF16
:10F30000C0F30F204FF6FF70704700BFE03F0020B2
:10F3100038B10368044A002B08BF1346034A136040
:10F320007047014BFAE700BFBD600308F0490020B9
:10F3300010B4D0E9544122400B4052EA030104D0FA
:10F3400003495DF8044B096808475DF8044B7047B2
:10F35000F04900200F2938B505460C460ED801F0BB
:10F3600013FB01280CD1074A2846936E23F00F03A4
:10F370002343936607F0C3F8002038BD2120FCE743
:10F380000220FAE7003F00B0014BD86E704700BF83
:10F39000003F00B0014B0020D9667047003F00B02D
:10F3A00003282DE9F74F0C46914600F28780444B25
:10F3B00013F800A0434B1E5C434B13F800B009F058
:10F3C00009F9804604F0B8FC074640B1002300224A
:10F3D000CDE9003301200023002104F0DBFA04F022
:10F3E000B3FC48B100230022CDE900330020002304
:10F3F0004FF4004104F0CEFA002E52D0334BDD6CB6
:10F4000005F008050AEB0600314B23305844DD6453
:10F41000C0B202F083FC3146504604F0A3FD5A46C8
:10F420003146504604F02CFE2A4BDD64DFB12A4BF6
:10F430001868D0F89410F83003F0B4FB2749086836
:10F44000FFF774FE4FF0FF330B60254B1A68511C19
:10F4500006D06FF07E402349C863A1F58051CA638E
:10F460004FF0FF321A60B9F1000F04D01E4B00219B
:10F4700003205B689847B4B14FF400521B4B1D6FDB
:10F4800003F50053C5F340351A67404609F09DF86F
:10F4900001F07AFA012808D15DB9002003B0BDE877
:10F4A000F08F3546AEE72546EFE7002CF0D105207A
:10F4B000F4E74FF400520E4B1A67EEE72120EDE718
:10F4C000ECD50308E8D50308E4D50308004000B8EC
:10F4D000006000B8005000B8EC3F0020EC4900206C
:10F4E000E849002000E000B8E049002000C001B871
:10F4F00000D001B80F4A536C13F0A00F15D1906CD7
:10F5000010F0040013D10C4BD3F8F03E23F07F43EE
:10F5100023F0FF035BB1D368C3F30362092A07D06A
:10F52000B2F10C0018BF0120704700207047012085
:10F53000704700BF000002B8003000B0074A084B17
:10F5400030B10221C2F864120422C3F86422704769
:10F550000421C2F864120222F7E700BF006001B87C
:10F56000005001B870B50D46064620B91C4B1B680B
:10F57000D3B10E2017E001F007FA01282DD1194B65
:10F5800093F90040D6F8E430C4F11C040BB193F9B0
:10F590002630E41A641BC4F12B03002BB8BF5B4276
:10F5A000232B0CDD212070BD01F10F03002BB8BF10
:10F5B0005B42232BF6DC0B4B19700020F3E786F837
:10F5C000285009F007F8084A136A23F4FF2343EA96
:10F5D000C423136208F0F9FFEFE70220E3E700BF5E
:10F5E000EC3F00201640002000C000B818B9034BC3
:10F5F00093F90000704790F92800704716400020EA
:10F6000010B5044606F046FF10B1012001F046FA9D
:10F610002046FFF74DFD03F08BFE08F0DBFF0A4AA2
:10F620000121D2F8C03E044623F02003C2F8C03EB8
:10F630000222064B08469A60054B5B6898472046B5
:10F6400008F0C3FF002010BD003000B0001002B869
:10F65000E0490020094B08461A6D91020BD4D3F8FB
:10F660004021D20708D4D3F8803013F4706F14BF50
:10F670000120002070470120704700BF004001B802
:10F68000F8B50D46D0F8943002EA010423EA0103EC
:10F690002343C0F894304D4A01F00B0323EA0401E0
:10F6A000D1642340A2F580526F070646D36410D57B
:10F6B0000121FFF7CFFF60B104F0F2FB4FF40073BC
:10F6C00014F0040F14BF424A424A13650422424B0D
:10F6D0005A64E90606D514F0100F14BF00221B224D
:10F6E0003E4B5A652A0618D5230611D54FF4001251
:10F6F000374BDA6408F06EFF0E210746032003F053
:10F70000A1F940F20122354B3846DA6208F05DFF7C
:10F71000214606F1F80003F045FAEF0503D5E005B0
:10F720003DD503F05FF9A90503D5A2053AD503F04D
:10F7300065F915F48C6F1DD014F4806237D096F8FB
:10F7400025309B070CD5F28DB6F82A3193422CD088
:10F75000B6F82C319F1A7B427B41214A82F8DC307B
:10F76000D6F8E410304606F0AAFC80221D4B9867BC
:10F770001D4B1A612B0510D504F092FB1B4A14F4A3
:10F78000006FD2F8F03E14BF43F0006323F0006333
:10F79000C2F8F03E0422104B5A640020F8BD03F07A
:10F7A0001BF9C0E703F024F9C3E70123D5E7680597
:10F7B000D6D596F825309907D2D5094B114683F84E
:10F7C000DC200B4B30461B689847C9E7006000B847
:10F7D000005001B8006001B8002002B8004000B835
:10F7E000003E00B0003F00B0000002B8003000B0A2
:10F7F000143F0020014B1868704700BF003F0020F5
:10F8000037B508F0E7FE002401230022CDE90034DB
:10F81000002305461946104604F0BCF8052002F006
:10F8200031FB064B21461C60054B02205B68984764
:10F83000284608F0CAFE204603B030BD083F00202D
:10F84000E04900202DE9FF4102290D461646984661
:10F85000039004D1FFF7D4FF04B0BDE8F08108F0B5
:10F86000B9FE1E4F04463B683BB1B34205D008F0D9
:10F87000ACFE002321203B60EEE7194B0022C3F8C9
:10F8800000803E60002301264FF000081046194614
:10F89000CDE9006604F07EF8124B052083F8008065
:10F8A00002F0F0FA43462A46052003A902F008FBBD
:10F8B0000D4B039A1A6008B92046D8E70B4D2B6808
:10F8C0009847212804D0204608F07FFE0020C3E797
:10F8D00031466B6802209847F5E700BF083F0020DB
:10F8E000043F002019400020003F0020E049002094
:10F8F000044B5B6E9B044EBF0120034B187800F055
:10F900000100704700C001B8194000200A78022A9F
:10F9100011D0101F4242424152004B781201022B7B
:10F920000BD0191F4B424B415B000549054842EA89
:10F930008312FFF7A9BC0122EFE70123F5E700BF1F
:10F94000F0FFFF00D10903080B78022B10D0181F1D
:10F95000434243415B004A78022A0BD0111F4A42BE
:10F960004A4152000F21044843EA8202FFF78CBC4F
:10F970000123F0E70122F5E7FD0903082DE9F8432B
:10F980000E780446042E0D4690F830810BD10027E6
:10F990005FFA87F9484601F04FFE08B14E4602E093
:10F9A0000137042FF4D1304601F046FE002849D03B
:10F9B00094F83031B34209D1AA88D4F8A4309A42DD
:10F9C00004D16A88B4F832319A4238D084F8306170
:10F9D000AB883046A4F834316B88A4F83231AB8858
:10F9E00004F59875C4F8A430FF2384F82B3006F092
:10F9F000E7FD84F82A00284601F0AEFD18BB284632
:10FA000001F010FEF8B9D4F8E03053B194F8301199
:10FA1000414506D02046B3F91220DAF7BFF884F842
:10FA20003901204601F086FE0949A4F8340101237A
:10FA3000084AD1F8FC1004F1F80003F045FD00205D
:10FA4000BDE8F88321200C2384F83031F8E700BFAB
:10FA5000004F00B0A43F00B070B5054690F83001EB
:10FA60000C460C281FD0FF2901D1212070BD1AB1EE
:10FA70004FF0FF320D4B1A6006F0A2FD064695F8D6
:10FA8000300101F049FE844228BF0446E4B2B4428A
:10FA900038BF3446E0B285F82B0001F069FFFF283B
:10FAA000E3D00020E2E70220E0E700BFF4490020B5
:10FAB00010B590F8303104460C2B44D0D0F8E0302B
:10FAC00080F82A10DBB3D0F8F020D2B990F83931A1
:10FAD0008B421CD300222046FFF7BEFF48BB1B4BC6
:10FAE0001B7813F0FD0F23D1204601F023FE1849A7
:10FAF0000123184AD1F8FC1004F1F80003F0E4FCEB
:10FB000016E0B0F94220B3F912309A42E2DD002249
:10FB1000204694F83911FFF79FFF50B9C4F8E00070
:10FB2000204606F0E1FE4FF6FF739842014601D1F0
:10FB3000002010BD2046BDE8104005F0C3BAFF23E9
:10FB400080F82B30F4E70220F3E700BF204A0020C2
:10FB5000004F00B0A43F00B0F0B51D46144B044662
:10FB60001B780F46164685B05BB1D0F8E030E3B1A4
:10FB700002AAB3F9123000920022DAF70DF805B0AC
:10FB8000F0BD02A906F023FA9DF808103A46204677
:10FB9000DAF704F8014626B92A462046FFF75CFF4B
:10FBA000EDE72046FFF784FFE9E71846E7E700BFE7
:10FBB000F59F0308F0B504468FB001F07DF8D4F846
:10FBC0009C300546012B00D010B128460FB0F0BD87
:10FBD0006C49204606F043FDD4F8E0600146E58D0F
:10FBE000C4F8E4003EB133682BB15B681BB11A68FE
:10FBF000032A00F2A48008F0EDFC01462046FFF73E
:10FC000079FA0746084608F0E0FCD4F8E410B38916
:10FC10008DF80E70EB1A9BB2D6E9012000FB03228F
:10FC20005948ADF80C3003680292994207D020463B
:10FC300006F045FA80225549554B88671A61554DA3
:10FC4000534E00F0A1FE0128FBD12B6CDB07F8D44A
:10FC5000736CDF01F5D4D4F8E41020460D919DF8C3
:10FC60000E20029908AB03F093F9002847D100F069
:10FC70008BFE0128FBD1464A4649536CD801FCD47F
:10FC80000B6CDB07F9D408A901A803F0F9FA0546C3
:10FC9000002834D1E28D404B5A6494F8243060F34C
:10FCA000410384F8243001F0D9F8D4F8E0305969E0
:10FCB000431E0E68DBB2FD2B049624D84B68012846
:10FCC000059330D10126DF1C06D90133334B5B6825
:10FCD00046D0DA1C41D80593024604A9204601F01B
:10FCE00037F8002E7FF471AFD4F85431990529D438
:10FCF00094F8243043F0020384F8243065E70225A9
:10FD000028460FB0F0BDF71C13D9244B01361B68F1
:10FD100018BF0126DA1C1BD804934B68FF280593F3
:10FD2000D1D00020D8E70246204604A901F010F8FF
:10FD30004BE74B68FF280593C4D02A46F4E79F6A37
:10FD40007F0E64E720464FF4803106F0FDFD3CE76E
:10FD5000FF284B6813D00593C3E7FF28C1D1E0E724
:10FD6000DE1C06D80246204604A9059300F0F0FFE9
:10FD7000BAE7FF28B8D10022204604A9F6E70120FF
:10FD80000593A0E7FC4F00B0F03E0020003F00B01C
:10FD9000000002B800C002B8008001B8FC49002091
:10FDA00010B50C4619B106F075FB00B104342046BD
:10FDB00002F056FB024B4042C3F8E00E002010BD9B
:10FDC000003000B0838E70B593420C4615461CD3AC
:10FDD000836C8B4208BF002408F0FCFB4FF49C535B
:10FDE0000B490646CA68C2F30362D340DA0702D55C
:10FDF0004B6C9B0304D401222946204601F05EF996
:10FE0000304608F0E2FB002070BD2120FCE700BF77
:10FE1000000002B82DE9F0410B460646154611B91F
:10FE20002120BDE8F081002AFAD0032905D800225C
:10FE300001F0AEFA03460028F2D01C889A78B4F597
:10FE4000804F02F0070180F08680A1F1070C18793D
:10FE5000DF88DCF1000343EB0C0305292B7394BF0F
:10FE60000023C2F30013C2F3801C6B73930985F85F
:10FE700010C003F00203C2F3C00C43EA0C03C2F348
:10FE80004012E8746B74AA74D6F89430AF82D80626
:10FE90004DD4063901294AD8B6F81280F76908F11D
:10FEA000FF38083C04EA0804395D2C4B80295B6D5F
:10FEB00008BF6FF07F014FF000031CBF323949B219
:10FEC000A973AB6096F82700013404EA080460BB0C
:10FED0003B5D5B0103F47E63FF2B9CBFDB43D8B229
:10FEE000D6F8EC3003B19847631CE87303EA0803C3
:10FEF000F95C013303EA0803FA5C013303EA0803FF
:10FF000041EA0221FA5C013303EA0803F85C41EAA2
:10FF10000241002341EA00616A7C304603F090FB15
:10FF200006232860AB7100207BE71846DCE700233E
:10FF30000020EB730A4BDA69C2F30723120448BFAF
:10FF400063F0FF035AB212F1800F1CBF323B5AB26A
:10FF5000AA730346E5E7022063E700BF004000B84C
:10FF600000C000B811F5004F1FBF01F30E01044B94
:10FF7000C1F30E01002014BF99642120704700BF17
:10FF8000008001B82DE9F04104460E4619B990F8F9
:10FF900024305A0650D43D4B3D4A5B6A618EC3F310
:10FFA000032313704FF6FF739942D4F8E47004D022
:10FFB000384B1B680BB120469847374D2B68BB4226
:10FFC0005DD0364B1B6833B1002F5BD0396801B16F
:10FFD000B968204698474FF00708204601F0AAFB71
:10FFE000002E41D02E4B93F90030C3F11C0317B102
:10FFF00097F926209B1A062094F9286023499B1B19
:020000040803EF
:100000000A6ADB0222F4FF2203F4FF2313430B628C
:10001000D4F8E420234B2A60986701F055FD0025B1
:100020000121214A214B1170204683F8845006F0AB
:1000300066FA2846BDE8F0814FF6FF7C66F386132A
:10004000124A80F82430536A134D1149C3F3032335
:10005000D0F8E4700B702B68A0F832C0BB42B0D16E
:1000600001F068FB4FF00108114A4346D2F8FC103A
:1000700004F1F800A2F65C7203F026FAB2E74FF042
:100080000108AAE7394620469847A4E700C000B80F
:1000900018400020FC3E0020F03E0020F83E0020EA
:1000A00016400020006000B817400020003F00B05C
:1000B000004F00B0054A12681AB190F81E1119B924
:1000C0001047084602F0DEBC01487047EC3E0020B5
:1000D00000FEFFFF3A4B2DE9F7431C6801F400795D
:1000E00000F00103174653EA090206460D4640D0C8
:1000F0004FF0000893B30023002201200021CDE936
:10010000008803F047FC41462046FFF7D3FF012259
:1001100041462086104606F0A6FBD4F8941004F160
:10012000F80002F03FFD27490868FEF7FFFF4FF097
:10013000FF330B60244B1A68511C06D06FF07E40D1
:100140002249C863A1F58051CA634FF0FF321A609B
:1001500094F8243043F0040384F82430B9F1000FFC
:1001600007D00121204606F0EFFB25F40075064379
:100170000D432B4632462046FFF7DAF8FB070FD532
:100180001349144A08680021136811600121124ABA
:10019000117003B19847114B002102205B6898470A
:1001A00017F00E0F08D04FF409723B21002003B066
:1001B000BDE8F04304F0D4BF03B0BDE8F08300BF56
:1001C000EC3F0020EC490020E849002000E000B8A6
:1001D000043F0020083F002019400020E049002093
:1001E00008B558220021064805F07CFE1022FF21A8
:1001F000044805F077FE04F015FD002008BD00BF9F
:10020000F43E00B0383F00B073B586216F22A0F8ED
:1002100014118221C0F80021C0E9411264220C238C
:10022000C0E9432207224FF0FF35002680F8303125
:100230004FF6FF730446C28700F14C028264204AE5
:10024000C385A0F8403080F82C3043864263038792
:1002500080F82860C0F8A450458580F8265003F047
:100260007BFD2046FFF7BCFF0122164B2046C3F85A
:10027000382294F92810FFF775F96023124A41F6E5
:10028000FF71D3644FF03A42116311670F4A294658
:10029000D36440220E4B20465A64D4F89420FFF7D2
:1002A000EFF90E230022CDE9003340F2022310467D
:1002B000194603F06FFB01F0D9F9304602B070BD6A
:1002C0004000FFFF005001B8004000B8005000B8E7
:1002D000002002B810B50C46FFF782FFCCB1A3781E
:1002E000082B18D8E278082A15D843EA021313F02D
:1002F000FF030CBF19466168084AC2F8F410217860
:1003000082F84811617882F84B3182F8491104F083
:1003100089FC002010BD2120FCE700BF003E00B09A
:10032000012A10B512D8032B10D803EB8202012347
:10033000074C934094F84A01DBB221B103430020FB
:1003400084F84A3110BD20EA0303F8E72120F9E7D9
:10035000003E00B0044BD3F8F03E13F0806F14BFA2
:1003600023200020704700BF003000B00246F8B5DF
:10037000B0F8344100F1F805FFF7ECFF0B688E6828
:10038000013304BFD2F800310B604B68013304BF66
:10039000D2F80C314B60771C3BD1D2F80831CF68D2
:1003A0008B607E1C3CD1D2F804610F69CE600137AE
:1003B00004BFD2F8F8700F614F69013704BFD2F85B
:1003C000FC704F618F69013704BFD2F810718F61E3
:1003D0008F6967BBC0F1640408688C6110B16F2835
:1003E00038BF6F20C2F808314B68C2E94006C2E945
:1003F00043340B692846C2F8F8304B690F49C2F8FC
:10040000FC30D1F8FC1007230D4A03F05DF8002002
:10041000F8BD04F16F031B1AB34238BF3346BEE781
:1004200004F18606361ABE4238BF3E46BDE76F3439
:10043000241ABC4238BF3C46CEE700BF004F00B094
:10044000A43F00B070B508F0C5F805460B4E00F0AB
:100450009BFA012805D0284608F0B7F80224204668
:1004600070BDF36813F0706FF1D1F46814F080542C
:10047000EDD1284608F0A9F8F1E700BF000002B866
:1004800038B508F0A7F84FF6FF710A4A13888B4277
:1004900003D108F09AF80E2038BD074C074D1B0415
:1004A0006567A4F580546367118008F08EF800201A
:1004B000F2E700BF1E4A0020006001B80000FFFF05
:1004C0002DE9F74304460F4615461E46FFF712F87E
:1004D00038B3A38A2BB3204605F0BBFD78B97A4B1D
:1004E000D3F8F02E1EB10E2003B0BDE8F08302F069
:1004F0003003102BF7D002F0C002402AF3D0DFF80F
:10050000F88102F015FFD8F81430D907EBD508F0C0
:1005100061F80646032001F0B3FD20B1304608F033
:1005200054F80220E0E7D8F8142012F00608F5D1BC
:10053000304608F04AF8644B4FF400612046D3F887
:10054000F09ED3F8C86E04F027FB40B14FF4007260
:1005500001215E4B08465A64424606F084F994F83D
:1005600025309A0707D5D4F894305B0542BF4FF485
:100570000022574B5A643946204604F0A3FD524BE3
:10058000C3F8F09EC3F8C86E0028ADD194F82430AB
:10059000980601D4002D58D0C5F3400003F046FC66
:1005A000022315F4807F1FBF494A002153644FF096
:1005B0003A420BBF454A91615364536303F070FCA8
:1005C0004FF4806315F0040F14BF424A424A15F0FD
:1005D000400F13654FF004023C4B28465A644FF01D
:1005E000400314BF3D4A3E4AC2F8B830FEF76EFEE3
:1005F000204605F056FE38B14FF4807315F0010F18
:1006000014BF334A314A5364A90647D54FF6FF72E7
:10061000B4F8403093420FD0324A3349526F100C35
:10062000C2F301120132B3FBF2F30880294A2A49CE
:100630002E481B0448675367003D18BF012594F8F6
:10064000243065F3451384F82430204605F022FF5A
:10065000F0B1204605F025FED0B14FF40031204620
:1006600004F09AFA431C03229BB2214801A905F029
:1006700094FF9DF8042002F00703052B9DF8053038
:1006800015D112070DD443F480731A4AC2F8D03042
:10069000002003B0BDE8F04305F08CBFFFF7F0FE8B
:1006A000CAE713F0040F09D19DF80630EBE703F019
:1006B0003002202A05D113F0010FF4E74FF48073C4
:1006C000E3E79DF80630E0E7003000B0002002B814
:1006D000001002B8005001B8006001B800D000B8A6
:1006E00000E000B8004001B81E4A00200000FFFFF3
:1006F0000C0000BA003E00B000C001B82DE9F34183
:100700000646884615461F4607F064FF0446032048
:1007100001F0B6FC38B1204607F057FF0E24204602
:1007200002B0BDE8F081042001F0AAFC0028F2D15B
:10073000204607F04AFF01232A4641463046FFF78C
:10074000BFFE04460028EAD1DFF8C48077B188F8FC
:10075000000039463046FEF7F7FC002849D198F8EA
:100760000030012B08D103F04BFBD8E798F800309C
:10077000002BF4D12124D2E720221F4B01205A6400
:100780001E4B9B6FB3F5817F22BF80221C4B1A61E9
:1007900005F025FF07F01EFF1A4B06461B68019364
:1007A00053B901F0EDFC15F0800517D101F02EFDD5
:1007B000284603F00FFB16E0042001F063FB002342
:1007C0000122042001A901F07BFB0028E9D103F0FC
:1007D0007FFB2124304607F0F8FEA0E700220A4BF9
:1007E0009A6701F013FD094B01215B6800209847CF
:1007F000F0E7044693E700BF001002B8003F00B0E6
:10080000000002B8F43E002000C001B8E04900201A
:100810001540002008B50C4BD3F84C21531C11D0C7
:1008200012F080420ED1094B1B681BB11146032008
:10083000FEF7B6FD4FF08062054B1A6501225A6142
:1008400002229A6208BD00BF0080E00FEC3F00204A
:10085000001002B84FF40022034B586C03F500530C
:100860005A64C0F3C0407047000002B8024B586998
:1008700000F00100704700BF00C001B808B50D4B83
:100880005A69D10710D518B9BDE8084001F0D4BAAB
:100890005B69DA070DD401F0C1FA0323064A136439
:1008A000A2F58052536404E05B69DB0701D40028A1
:1008B000F1D108BD00C001B800E0095030B56FF0BB
:1008C0004044114D2040C5F85042104CC4F850022D
:1008D0004FF0FF30C5F85402C4F8541238210A40D2
:1008E000C5F86412C4F8642209490A4A0020C2F813
:1008F000C810A2F58052C2F8C8300423C5F864328B
:100900000223C4F8643230BD006001B8005001B861
:100910000000FFFF00E000B890F92430002B0CDA53
:100920004FF08053064A29B19360A2F58052D360FC
:1009300000207047D3609360FAE70E20704700BF35
:10094000006001B84FF0806310B1024A53617047F4
:10095000014AFBE7001002B8002002B8202350B182
:10096000064AC2F8F433064B196C11F0010104D1A8
:10097000032002F0F3BC034AF3E77047001002B80B
:1009800000C002B8002002B80F4BDB68C3F303635A
:10099000013B0B2B0FD8DFE803F006060C0606061A
:1009A00006080A080808022070470420704705203E
:1009B000704703207047054B5B6913F0060F0CBFAF
:1009C00001200420704700BF000002B800C001B839
:1009D000094AD368C3F303630B2B08D06FF490501C
:1009E000184100F0010080F0010040007047506C99
:1009F00010F48030EDD17047000002B80C4AD36883
:100A0000C3F30363062B07D8042BD8B20BD8C31E3D
:100A10005842584140007047072B06D1D2F8680170
:100A20000028ECD17047022070470020704700BFBB
:100A3000000002B8094BDB68C3F303639A1E012A66
:100A40008CBF00220122012B02701EBF4FF40262F4
:100A500022FA03F303F001030B707047000002B8A1
:100A6000094AD368C3F30363032B01D0072B08D1D2
:100A7000936CDB0605D4D06C80F00800C0F3C00096
:100A800070470020704700BF000002B8024B0022F0
:100A9000196805F0E7BC00BFD4D40308024B1B68FB
:100AA00003B11847704700BF203F0020024B1B686E
:100AB00003B11847704700BF1C3F002010B5FF224C
:100AC0004FF6FF71044605F0E8FC68B9FF224FF6C7
:100AD000FF71204605F0F2FC30B92046BDE8104019
:100AE000FF22024905F0FCBC10BD00BFFCD5030885
:100AF00010B55B0743EA02439DF8082043EAC1634F
:100B0000520502F0BC621A43064942F4C872044618
:100B100004F02EF8002220461146FFF753F900207A
:100B200010BD00BF9007E12D37B50C4605460B4BB5
:100B30001A680B4B19680B4B186801F0A9FD94F863
:100B400028302846009394F82B3094F8292094F804
:100B50002A10FFF7CDFF03B030BD00BFB03F00202B
:100B6000AC3F0020B43F002008B5FFF779FF88B103
:100B7000094BDA6912030DD5586C10F4003009D115
:100B8000DB6C13F0100F4FF010030CBF034A044A44
:100B9000D36408BD0220FCE7000002B8001002B8D0
:100BA000002002B8034610B500B3124AD169090308
:100BB0001ED5946CC4F38114032C15D0022C17D1CC
:100BC00022460D49B1F8CC0001F10061801A01F50F
:100BD00036710144184605F052FF064A0472D26C81
:100BE000120A4272002010BD0822EAE72120FAE72B
:100BF0000220F8E7000002B8003E00B070B50C46D5
:100C000005460A4E0A480022012C08BF3046094B0F
:100C10000949FFF753FE631E5C425C4195F824309E
:100C2000002064F3C71385F8243070BD91D10619F4
:100C300090D106190000F6289E0C4B5404292DE98A
:100C4000F04104460F462ED84E1EF6B2032E8BBF3F
:100C50000025164BA84613F806809CBF144B9D5DDB
:100C600005F018FC80B94FF000084FF46032002006
:100C7000104B6D045A6245EAC835A3F580535D6296
:100C800084F82D70BDE8F0812046FEF77DFB80B230
:100C90008428E8D8022EE8D894F824102046C90900
:100CA000FFF7ACFFE1E72120ECE700BFF8D5030830
:100CB000F4D5030800E000B810B590F82730022BF7
:100CC00008D11C4BD3F89C1031B9C28D272A0ED9FC
:100CD0000E2002E0042B01D0002010BD154BD3F8EC
:100CE0009C30002BF8D1C28D272AF1D80121124B5C
:100CF00012481B68834219D031241148181A434204
:100D000043415B000B48A0F8B640502463432824BD
:100D100004FB01330B491944895CFA31A0F8BC107B
:100D200009490B449A5C094B1A70D5E76FF003042C
:100D30000123E7E7003E00B0483F002000F04902F1
:100D4000005A6202F4D6030804D603081A400020B1
:100D500010B5124B0C68C3F87842C3F87C42C8B196
:100D6000D0F8E030B3B15B69A3B1501EC0B2FD282A
:100D700012D9013404BF6FF0010008600868FF2A2F
:100D8000186007D14A68013202D16FF001024A604F
:100D90004A685A60002010BD012AF2E7004001B8FD
:100DA000F0B585B06D460E460F4B074614460FCB87
:100DB00085E80F000D4BD3F848020090D3F84C2281
:100DC00001923EB1631EDBB2FD2B0AD93060FF2CCD
:100DD00000D17260224629463846FFF7B9FF05B0B8
:100DE000F0BD012CF4E700BFE4D703080080E00F5A
:100DF000F0B585B06E460D4B07460D460FCB86E825
:100E00000F0000F02BF8314604460246384605F044
:100E1000C1FC4DB140B9FF2C1BBF04AB03EB8404F4
:100E2000009B54F8103C2B6005B0F0BDE4D70308DC
:100E3000FF2818BFC3434FF0180108BF1023064A0C
:100E400018BFDB00C2F8FC1318BF03F00803A2F5BB
:100E50008052C2F8FC337047002002B8024BD3F82E
:100E6000F807C0F3C0407047000002B84FF03A43A3
:100E7000D3F81421D2031ED54FF480320E49C1F8A5
:100E80001421A1F58051C1F818215A6DD1B2C2F3D5
:100E90000722C3F8A410C3F8A4200422C3F8A42096
:100EA0000022C3F8A420C3F8A420C3F8A420C3F8E8
:100EB000A420C3F8A4207047002000BAF0220B4BF6
:100EC00001219A64A022A3F580539A644FF03A431B
:100ED000826CC3F8F410FC21C3F8CC10C3F8D02006
:100EE0004FF40052C3F8F020704700BF006000B814
:100EF000F8B54FF03A440D461746064607F06AFB30
:100F0000012304226363084BE76026616561C3F82F
:100F100014214FF40042054BC3F8842107F055FB20
:100F20000DB102236363F8BD002000BA00E100E0C8
:100F30002DE9F04105460124006800F00700063065
:100F400004FA00F3A868EC685E1EA04262D000EAD2
:100F5000060E6C6810441E430640A3EB0E000EEB19
:100F6000040C8242644618D9D31A0EEB030298B1DE
:100F7000431E052B04D94B1CACEB0303022B59D8A1
:100F80000B460844ACEB010E03EB0E0113F8014BCA
:100F900083420C70F8D101466C688AB1531E052B50
:100FA00001F1010302D9E01A022812D80A44611E95
:100FB00000E0013313F8010C934201F8010FF8D15E
:100FC00007F008FB0223AE60AB62BDE8F04107F01A
:100FD000FCBA0B46204622F0030E8E4453F804CB95
:100FE000734540F804CBF9D122F00303D01A9207DD
:100FF00001EB030C04EB0307E2D0CA5C0128E254C6
:10100000DED09CF8013002287B70D9D09CF80230E9
:10101000BB70D5E7042A35D90878043AA861487826
:101020000431A86111F8020CA86111F8010CA86143
:10103000A8688CE70B4620F003070F44ACEB010EC9
:101040001C684EF803400433BB42F9D120F003037F
:1010500010F0030F01EB030EA0EB03040CEB0307EE
:1010600028D011F80380012C0CF8038022D09EF8C0
:101070000130022C7B7018BF9EF80230084418BF64
:10108000BB7088E7013A032A12D8DFE802F00F1597
:1010900007020B4613F8012B1946AA610A4612F8FB
:1010A000013BAB61114611F8013BAB610B78AB61C1
:1010B000BDE8F08108446EE70A46F3E738B50B4611
:1010C000154601464FF03A4468B101221048C4F871
:1010D000F4201A46FFF72CFF25B14FF03A430422C3
:1010E000C3F8F42038BD73B1D4F8D8209A4284BF35
:1010F0000122C4F8F4204FF03A42C2F8D43002235F
:10110000C2F8F430E8E70123C4F8F430E4E700BFA4
:10111000CC0000BA38B5044607F05CFA4FF03A420A
:101120000121638F054651674BB3B3FA83F3C3F1D3
:101130001903DBB2A069C2F8B410C2F88C300723DF
:10114000C2F89000C2F8B0304FF4A02302F500526C
:10115000C2F81431A2F58052C2F8183100220C4BAB
:101160001A600C4B5B6C5B0209D54FF480020A4B92
:1011700004F1F8005A64D4F8941001F013FD4FF410
:10118000E0232846E363BDE8384007F01EBA00BFFD
:10119000243F0020000002B8002002B82DE9F843E7
:1011A00005460C46B1B1D0F81880478F07F012FA07
:1011B000B5F83CC0791E01EA0C0323F00702032CAA
:1011C0000646DFF8F8E042445FD1DEF8004024B97B
:1011D00007F0FBF90E20BDE8F88324F00104DEF8E7
:1011E000000020F00100A04254D10023CEF80030CE
:1011F000238894426FEA43436FEA534323803FD1ED
:10120000EB8F08EB07091846083880B202F1080492
:101210004C4528BF4446082804D9B4F800E0BEF580
:10122000804F41D263440F431B1A3B409BB2AB87B4
:10123000E887947811884FF03A42C1F30C01916528
:10124000C2F89830C2F8B0004FF48022174B04F077
:101250000704C3F814214FF40042154BC3F884214E
:10126000FFF704FE042C0BD14FF48002114B05F163
:10127000F8005B6C104B5A64D5F8941001F092FCA6
:10128000304607F0A2F90020A5E7601E012898BFAC
:101290001446A4E7E88F4344E31A48BFDB19083833
:1012A0009842A5DC304693E72246ADE7002000BA1D
:1012B00000E100E0000002B8002002B8243F002056
:1012C000154B10B51968CA8F8B8F488F134401389E
:1012D000073B8C69034023F007031C4402F1080319
:1012E0004FF03A429BB2CB87C2F8B0304FF4802225
:1012F0000A4BC3F814214FF40042094BC3F8842170
:10130000A07800F00700042803D1064AD3681B0325
:10131000FCD4054B1C6010BDEC3F0020002000BA3F
:1013200000E100E0000002B8243F002010B5064CA8
:10133000216839B1CB0703D4044B1868FFF72EFF9F
:101340000023236010BD00BF243F0020EC3F00209D
:101350004FF480320C4B0D49C3F818214FF03A433B
:10136000C1F81421D3F8AC10D3F88C20012302F07B
:10137000070206329340C1F30C01083B994201D8A1
:10138000FFF774BD704700BF002000BA001000BA1C
:101390002DE9F04780460C4616468769458F07F0D1
:1013A00019F9B8F83C2005F1FF3C02EA0C0323F0E0
:1013B0000701032C82463944B8F83E0019D14A4C43
:1013C00024689CB90244073A02EA0C0222F00702A0
:1013D000BC183B44E31A48BF5B19834210DB5046FC
:1013E00007F0F3F800242046BDE8F08724F001045C
:1013F000EFE7012C02D0022CEBD108380C46E8E7CD
:10140000002E3FD08C4241D14FF03A42D2F8589052
:101410004FF03A41D1F8AC20B8F81270C2F30C0288
:10142000934247DA2588B5F5804FD8D2A378C5F323
:101430000C0503F007037A1EA5EB09053A43052BBB
:10144000337005EA02052DD82DB2E84340F241423F
:101450000421C00F03F084FE7580E3783374D8F85C
:101460001C207B1E03EA0903D118B160A9B213FA4C
:1014700085F5AF422FBF0023FF1AB780F26024BF6B
:10148000B180F360504607F0A0F8ACE7A4F1080281
:10149000974284BFED0802EBC502B2F80090C9F391
:1014A0000C09B5E7114B5B6D003B18BF0123A5EBA1
:1014B000C305C9E74B6D7A1EA3EB09033A431A40F3
:1014C0000B4915B2002DCB680BDCC3F30363D81EA8
:1014D00043424341DB003370CB6C72801B0A337490
:1014E000BDE70823F7E700BF243F0020004000B815
:1014F000000002B8054BA822D3F84C013121431C4F
:101500000CBF0120C0F3807003F02ABE0080E00F02
:1015100010B50F4B1C78ACB90E4BD3F8F8375B0302
:1015200009D490B10F23441EB4FBF3F410300444EB
:10153000E4B2204610BD40F61D023F21204603F0D4
:101540000FFEF6E70001C4B2F3E71024F1E700BF95
:10155000204A0020000002B838B5294D04462978F9
:1015600019B92022274804F0BDFC2378264A618857
:10157000137051804FF2F0022449C1F8C821244A67
:101580004BBBA1F50051D1F8F81711F4002F4FF023
:10159000FF011CBF1F48C0F8DC3011704FF04073D2
:1015A0001A4AC2F834311C4BD3F8F83713F48023AD
:1015B0000BD14FF47F01C2F830111849C1F8303116
:1015C00048F2C801164BC3F8F4100723C2F8FC33E5
:1015D0000122124B0DE000240E48022BC0F8DC4023
:1015E0004FF0FF001070D9D107230422C1F8FC335B
:1015F0000A4BC3F8FC23012300202B7038BD00BF29
:101600001B400020E03F00B0204A0020002002B82C
:101610002B4A0020004001B8000002B8001002B8B8
:10162000003F00B0034B1A6802609B888380002053
:10163000704700BF204A002010B5044601F0DEF8D4
:10164000094BD3F8F80734B900F44020B0F5402036
:1016500018BF012010BD022C0ABF80F4003000200A
:10166000C0F34040F6E700BF000002B82049D1F8BF
:10167000FC37FF2B31D01F48C3F303120270D1F89F
:10168000F81703F00F0309035BBFC2EB02120F3B15
:1016900002F1FF32D2184ABF03EB0213D3B2DBB21E
:1016A000154A164913700978154B1A68E9B1B2F159
:1016B000A06F1AD3D3F85012124A134BB1F1FF3F67
:1016C00018BF1346114A136041F66A02104B1B689B
:1016D000B3FBF2F30F4A13607047D1F8F83713F4F5
:1016E000002F0CBFB4235A23DAE7074BEAE700BF09
:1016F000000002B82C4A00201D4000202A4A002089
:101700000080E00F5082E00FF4D70308283F00204C
:10171000483F00202C3F002020B1022804D1034B79
:1017200018787047024BFBE7002070472C4A0020D6
:101730001D4000202DE9F74FD0F8A4404C22022C88
:1017400038BF02247B49013CCB6CD1F8DC507A498C
:10175000C3F38213DA400B680646A34290F8307157
:10176000764BDFF800A2DFF80092DFF8008202F08B
:10177000010216D11878904213D19AF80000B842AD
:101780000FD1D6F8A80060B1A8420AD196F82B5024
:1017900099F80000854204D1B8F8040003B0BDE810
:1017A000F08F98F800001A700C60FFF7B5FF034641
:1017B000002A00F0918004234FF07F41604AC2F874
:1017C000BC30604BC3F8BC1096F82B301B06C2F837
:1017D000BC30002040F271225B4B19211B68B3FB27
:1017E000F2F36343182BB3FBF1F14FEA004400F22C
:1017F0009380002C00F09B80B4FA84F2C2F12002A6
:10180000C2F10F03012B38BF0123D440A14201D202
:10181000013B6408421C03F01F0152008A40121B66
:10182000DFF838B19208CBF8B0201A0242EA03126E
:101830001343019300EB002300EB0325434B40F6D9
:10184000970218682B21003818BF012003F088FC8C
:10185000FA223E4B02FB04F01B6840F6FF72B0FB1D
:10186000F3F00A2358433A4B00F57A74C3F8D820B2
:10187000019AA3F58053C3F8D820364AA3F58053C4
:10188000C3F8DC50D2F8F827520308D4D3F8DC3080
:1018900003F47F02C3F303531343CBF8FC30C6F8C1
:1018A000A8502D4D00F6B8302C6001F097FD4FF494
:1018B0007A722A4BC3F8A400C3F8F8002B68B4FB73
:1018C000F2F0B3FBF2F3A8F8043096F82B308AF864
:1018D000007089F8003061E796F82B00984228BF25
:1018E0001846C0B22FB1022F7FF473AFFFF710FE7E
:1018F00070E7184BD3F8F8371903F7D450B10F231A
:101900000138B0FBF3F00130154B1B68034413F8AA
:10191000010C5FE70120F7E7B1FA81F23CB1B4FABC
:1019200084F3D21A002A3FF76BAF0F236EE70F2321
:1019300070E700BF004001B8F44900201C400020BF
:10194000001002B8002002B8483F00202C3F0020C1
:10195000006001B8000002B8303F0020003F00B036
:10196000283F0020294A0020284A0020204A002041
:1019700038B5254B05461A78244C0C2A02D1FF2095
:10198000207038BD104604F01BFE01461046FFF7DC
:10199000C3FEA84228BF2846C0B2884238BF0846C6
:1019A0002378C0B28342ECD020703ABB184BD3F8F6
:1019B000F83713F4002321D14FF2F001154AC2F891
:1019C000C811C8B10F230138C0B2B0FBF3F3591CE2
:1019D000C3EB0313C01A431C0D4A1B01D2F8C80104
:1019E00043EA01330343C2F8C831D2F8C8210A4B95
:1019F000C3F8FC202078C4E70121EDE7074B186805
:101A0000FFF798FEF6E700BF204A00202B4A00208F
:101A1000000002B8002002B8003F00B0EC3F0020F8
:101A2000014B1870704700BF2A4A002010B50446C9
:101A300003F074F978B1154B1B786BB964B1144B92
:101A40001B784BB1134B1B78013B012B04D84FF48F
:101A50000042114B1A6510BD104B1B6D1B04FAD4CC
:101A600006F0B8FD044602F01BFA4FF400420C4B9E
:101A70002046BDE810401A6502220A4BC3F814251F
:101A80000422054B5A6406F0A0BD00BF1E40002092
:101A90001F400020343F0020002002B8000002B8A0
:101AA000001002B800D003500122024B00201A702F
:101AB000FFF7BCBF1E4000200022024B01201A701D
:101AC000FFF7B4BF1E400020054BD3F8843013F05D
:101AD000030F4FF4802314BF024A034A93647047F4
:101AE000004000B8005000B8006000B8F7B50646E6
:101AF000534C00F083FE01213A20D7F769F8514B8F
:101B00002578514F1E7085BB2846FFF78FFF23783D
:101B1000013B012B19D8E37B01A88DF80430237C0D
:101B20008DF80530D5F782FAC7F814554FF6FF72D5
:101B3000464BC3F88420F822A3F58053C3F88420D1
:101B40000022414BC3F814250DE04FF6FF723F4BC6
:101B5000C7F81455C3F88420F822A3F58053C3F8BE
:101B60008420C7F814553A4B5BE00020FFF75EFF76
:101B70002378013B012B08D8E37B01A88DF80430C2
:101B8000237C8DF80530D5F751FA0023C7F81435BA
:101B9000002ECBD062685AB32E4B1B6803EB520366
:101BA000B3FBF2F3013B1B0243F0F803267827490D
:101BB000022E294A1ED0032E4FF6FF75224826D04A
:101BC000012E36D143F00203C1F88450C2F88430AC
:101BD0000723C0F81435E37B01A88DF80430237C7B
:101BE0008DF80530D5F7F4F90120FFF71FFF17E056
:101BF000F823DBE74FF6FF7043F00103C1F88400E0
:101C0000C2F884300622104BC3F81425E3E743F0F2
:101C10000503C1F88450C2F884300423C0F8143599
:101C20000E4B4FF080421A650020FFF74DFF03B0C6
:101C3000F0BDC1F88450C2F884300023EEE700BF45
:101C4000343F00201F40002000C00350006000B857
:101C5000002002B8483F0020005000B8001002B831
:101C6000F0B52B4F06463D4604460FCE0FC53368F0
:101C700085B02B6000F0C2FD01213A20D6F7A8FF05
:101C80000022244BC3F81425A17A627A42EA014269
:101C9000C3F82025217CE27B42EA0142C3F81C25DF
:101CA000217B627B41EA0240C3F818053B78032B95
:101CB0002AD8DFE803F022020C178DF80410042163
:101CC0008DF805200DEB01000022D5F705F9E37B27
:101CD00000228DF80830237C042102A88DF80930F9
:101CE000D5F7FAF8637A01228DF80C30A37A042133
:101CF00003A88DF80D30D5F7EFF8074B187805B02D
:101D0000BDE8F040FFF7F2BE212005B0F0BD00BFF6
:101D1000343F002000C003501F400020034B1B6DC8
:101D2000002BBCBF024BC3F888007047000002B80C
:101D3000004000B82DE9F04700F0BAFD4FF47A7684
:101D40002D4BB0FBF6F618604FF4FA737343074659
:101D50002A48190E1B021818294A4FF0000341F1B6
:101D6000000103F091FA274BA0F5807205461A6333
:101D700020B948222B2103F0F3F901254FF47A72A0
:101D80004FF0000A6A4353465008310203F07CFAD0
:101D90001C4B1D4AB7F57A7F9A601C4B4FEA0568C9
:101DA00019601B4B8946044618604FEA152505D279
:101DB0009B222B21504603F0D3F901264FF47A736E
:101DC000A8FB030103FB05117308C01841F10001D2
:101DD0000023324603F058FA0E4B023419600E4BC2
:101DE00049F10009A408186044EA8974054B013CD4
:101DF0009C63BDE8F08700BF483F002020A107009A
:101E000040420F0000C001B8021101005C3F0020F9
:101E1000583F0020543F0020503F00204FF4002244
:101E2000034BC3F884215A600122024BDA607047E9
:101E300000E100E000C001B84FF40022064BC3F8F7
:101E40008421C3F88420BFF34F8FBFF36F8F042228
:101E5000024BDA60704700BF00E100E000C001B84B
:101E600010B50446A242A2EB0000A3EB010104D28C
:101E7000034B01399B6B0133184401F0030110BD82
:101E800000C001B838B501250A4B02019D504FF43E
:101E900080730446084A8340536606F09BFB074A5A
:101EA000A540137823EA05031370BDE8384006F017
:101EB0008CBB00BF00E101B800E001B82840002061
:101EC0002DE9F84F164605468A461F4606F082FB66
:101ED000022E00F09180804606F085FB5A4B5B4A4B
:101EE000D3F8209092F87D405A6EE4B2520744BF76
:101EF000D3F82090013404F0030406F06FFB484649
:101F0000214600F09BFA8446DAF80000012E04BF57
:101F100001306044ACEB000C08BFCAF80000BCF113
:101F2000804F7DD300F09CFA8145A1EB040188BF6E
:101F3000454BDFF838C188BF01F1FF3101F00301E3
:101F400088BF9B6BA0EB090E0CF80510A1B1F90737
:101F500042BF41F61F723E4B5A67BA0742BF3C4B25
:101F60003C4A5A677B0742BF0022374B9A673C07BF
:101F700042BF0022344B9A6511244FF0010A324BC4
:101F800005F11002120103EB051BCBF80C013249DD
:101F90009C501A6A0AFA05F4586E0B78A2EB0902F3
:101FA000E4B2234372450B7025D34FF48073AB40EA
:101FB000034220D11CF80520002A40D10EB3274A45
:101FC000F807536607D541F61F7140F20110204B08
:101FD000596750675967B90706D51D4B1D4A1F49F8
:101FE0001F485A6748675A677A0742BF01221D4B4C
:101FF0001A613B071AD4404606F0E7FA0120BDE813
:10200000F88F194A2D0142F805A042F89C3C06F0D1
:10201000E1FA11490B7823EA04030B7006F0D5FAB4
:10202000404606F0D2FA0020BDE8F88F2120FFF7E5
:1020300075FE4FF48032044B4046DA60DCE7074A15
:1020400040465366D8E700BF00C001B8003E00B06C
:1020500000E001B800001F1F2840002000D001B898
:1020600000000101000002B800E101B8204000209A
:10207000024B1878003818BF012070472840002014
:10208000034B10300001185800F00100704700BFEA
:1020900000C001B870B50646FEF7E8FB044608B17B
:1020A000FFF7CAFE00230A4D3046AB61EB612B629D
:1020B00000F0D6F9074BC9B283F87D1028622CB125
:1020C000FFF7ACFE4FF08062034B5A64002070BDF6
:1020D00000C001B8003E00B0002002B82DE9F04178
:1020E0009DF818800D46B8F1000F08BF0022214E60
:1020F000B5F5803FB168074621F4700141F4A001B5
:10210000B1609DF820409DF81C104FEA042444EA79
:10211000016444EA031444EA084444EA02044FF028
:10212000180140F2E9222CBF00200120746503F061
:1021300017F83564B8F1000F1AD00F4BBC68D3F80C
:10214000B8306F2C38BF6F245B0606D500F08CFCCE
:1021500018B10A4BB3FBF0F31C44204600F080F9A1
:102160000130854238BF0022024B34BF5A645864A4
:10217000BDE8F08100C001B800C000B800093D0012
:1021800038B51B4B5D6C3DBB10242020FFF7C6FD0E
:10219000184B9C6002F060FC4FF48012164BC3F8A1
:1021A000842101F0C1FD48B12A4600200821FDF735
:1021B00091FF124B5C66A3F580531C67104AD368ED
:1021C00003F07063B3F1807FF9D9094B0D4A5A6768
:1021D00041F201429A6738BD01F0A6FD0028F4D013
:1021E000094B064A5366A2F580521367EDE700BF1C
:1021F00000C001B8001002B800E100E000E001B842
:10220000000002B8011B01181000002008B52120B1
:10221000FFF784FD4FF48032014BDA6008BD00BF48
:1022200000C001B82DE9F0411C4D0446EB6BDB0109
:102230002DD500F08DFC0646A0FB0447E86B4FEA65
:102240001028050C10F0FF0005D140F22D422B2183
:1022500002F086FF0120EDB2AD01B5FBF0F55FFAAB
:1022600088F815EB881506D1284640F232422B211A
:1022700002F076FF01252A4600232046394603F066
:1022800003F8B6FBF5F5064A1560BDE8F08100F0ED
:10229000EBFB0546A0FB0401F5E700BF00C000B85A
:1022A0004C3F00200246012030B50B4CA0F120032A
:1022B000C0F1200524FA05F504FA03F32B4304FAD0
:1022C00000F595428B4100D330BD0F2801D001307D
:1022D000ECE7FF20F8E700BF40420F0038B506F0FA
:1022E00082F9084B084A1D6A92F87D405A6EE4B2A2
:1022F000520744BF1D6A013406F070F9284604F005
:10230000030138BD00C001B8003E00B02DE9F04126
:102310000E46FFF787FFC30943EA4163C01A61EB2A
:10232000D111FFF7BFFFFF28054661D0334B344A78
:102330001B68344FB2FBF3F8FB6803F07063B3F132
:10234000807F3FD93327304CE36813F4603F03D1DB
:10235000013F17F0FF0747D101234046236504F0F2
:102360003EF906F037F9072D294628BF07210F2728
:10237000636A6A1E23F4706343EA0223A26A22F0AE
:10238000E05242EA81622149C1F8B870204945F023
:1023900010070978A9421F492BBFA262C1F8B87083
:1023A000C1F8B87063622CBF6362A26206F00DF9D7
:1023B000154B5B6ADBB2802B1DD03046BDE8F04187
:1023C00000F0B2BB10223324134B9A60FB6803F079
:1023D0007063B3F1807FB5D8013C14F0FF04B1D035
:1023E0000A2004F0FCF8F1E70A2004F0F8F8ABE763
:1023F0002120BDE8F0810220FBE700BF4C3F002018
:1024000040420F00000002B800C000B800E000B871
:102410001840002000D000B8001002B80346064A59
:10242000103302EB00111B01D1F80C01D158C1F39C
:10243000400104F0DFB800BF00C001B8064B1B68C4
:10244000434303EB8171054B1B68A3FB003013F181
:10245000004341EB00007047543F0020503F0020F4
:102460000C4A20F04043014610B5002014684FF09C
:102470000042E4FB0320084A890F126802FB0300B4
:10248000064B9B6B984204D901330131C01A01F00D
:10249000030110BD583F00205C3F002000C001B880
:1024A000044B01F0F071103041F0030100011950AC
:1024B000704700BF00C001B808B52220FFF72EFC0E
:1024C0004FF48022014BDA6008BD00BF00C001B8A4
:1024D00040B1836833B10649C268096803F13043EB
:1024E000032A00D8704743F8041B043AF8E700BFFA
:1024F000903F002070B51646054600B3F9B1F2B121
:102500004268104B006803321B68920800F13040AB
:102510009847044688B9EA68A868033231469208A9
:1025200000F1304004F07FF8044630B9D5E90402E8
:10253000214600F1304003F0D5FC204670BD212437
:10254000FBE700BFF849002070B50C68651C15D08A
:10255000C4F302669E42C4F3074530D1A4B294424C
:102560002DD804EB8506B24229D2141BA50824F00D
:1025700003040E59340F04D0012C08D0002221246A
:1025800002E06B1C51F82320C0E9002470BD0E4C02
:1025900034F8133042EA03431A686B1C51F82340A5
:1025A00001EB83014B6822405E4036F0704404D159
:1025B0001B0F032B04BF8B681A430024E4E701358B
:1025C00001EB8501C1E700BF08D8030807B501A8E2
:1025D000D7F7A4FA264B2749D3F86022D2B2FF2AB4
:1025E0001DBFD1F87801130243EA0213D1F8783104
:1025F0001CBF20F47F621343C1F8F8330C20D7F7D7
:1026000002F901213F20D6F7E3FA4FF000421A4BBE
:1026100042F201015A60C822184B5A654FF4C02299
:1026200003F51043C3F868214FF48032C3F86C21DE
:10263000134AC2F8701202F52042D2F8F8271203AA
:1026400008D44FF470610F4AC2F8A0104FF4206212
:10265000C3F8A02001220C4BC3F8002403F530433B
:10266000D3F86821094B1A6003B05DF804FB00BF82
:102670000080E00F000002B800900950008001B80F
:10268000006001B8002002B8005001B8183F0020D7
:10269000836810B4074C03F1304324681B689C42E4
:1026A00003D15DF8044BFFF725BF00205DF8044B14
:1026B000704700BF903F0020134B1B78002B20D0A9
:1026C000124B134A00201A60124B134A1A60134B24
:1026D000134A1A60134B1A68134B1A60134B144AAF
:1026E0001A60144B144A1A60144B154A1A60154BA1
:1026F000154A1A60154B164A1A60164B164A1A608C
:1027000070470220704700BF294000209C3F0020F6
:10271000FCE00308943F002064D80308983F0020A1
:1027200084D803080C4A0020903F0020B43F0020CA
:102730004CD80308AC3F002004DC0308B03F002065
:1027400080D80308A83F002034D80308A03F002009
:1027500088D80308A43F00207CD803080022012168
:1027600038B51E4B5A649A64DA641D4A51610221DD
:102770009162DA68C2F303620D2A01D0002AF8D10F
:1027800011220124174DDA634FF0FF302C70D7F778
:10279000EBFA00232B70144D4FF4E86228685421A3
:1027A000C01A18BF012002F0DBFC104B28681A6821
:1027B0000F4B1968FFF79EFE00F05EFF0D4B186887
:1027C000FFF786FE0C4B1868FFF782FE4FF0806221
:1027D000034B5A6103F580535C6138BD000002B8B9
:1027E000001002B829400020943F0020983F0020AC
:1027F0009C3F0020B43F0020A83F002001230D4A49
:102800000D49C2F8803291660C4A53600C4A5360FD
:102810000C4A5360A2F580425360A2F540425360D7
:1028200002F5C032536002F580425360A2F50042C7
:102830005360704700900050FF0B001600D000B8A6
:10284000001000BA005001B838B50324FFF7D6FFD6
:10285000114A124B124D1A65FFF7B8FE114BC3F81F
:10286000104101232B6500F063FD4FF460736B6131
:102870004FF400732B65FEF7F1FA0021FEF7D8FA4A
:102880004FF48002084B1C64A3F580535C64074B33
:10289000C3F884215A6038BD0048F000000002B837
:1028A000001002B8005001B800E0095000E100E05B
:1028B00008B504F045F9044B1B6FC3F30043013323
:1028C000B0FBF3F008BD00BF0080005070B50446B7
:1028D00098B1B1B13A4A52F8043B834213D1002374
:1028E000384A116CC907FCD4374800EB830003F069
:1028F000A3FE364B106001221A6470BD01330C2B0D
:1029000002D1334D2CE0012352F8041BA142F5D132
:10291000304A32F81330E3E7C2F3016335F81300AD
:10292000110C93B211F0FE0F43EA0043606820D00F
:102930000434CAB2022A216808D9D4E90160033AF2
:10294000C3E9001698600C340C33F3E704D16268D5
:10295000C3E90012083403E0012A01D104341960EC
:102960002268531CD8D10022164B1A6003F58053FD
:10297000C1E7120F072AEDD8DFE802F00704090DBE
:102980001013181DC04303F500531860E2E71A68DE
:1029900042401A60DEE703F58053F6E703F01FFEBE
:1029A000D8E7012203F580538240F2E7012203F5C4
:1029B00000538240EDE71A6830EA0202FBD1C9E712
:1029C000603F002000C002B8404000B000D002B814
:1029D00008D80308F63F00200122014B1A65704712
:1029E000001002B80122014B1A657047002002B89E
:1029F0004022014B1A657047002002B84022014B6B
:102A00001A657047001002B80B4B1B68D3F8E4300E
:102A100023B11A68022A01D9186A7047074B9A6EC7
:102A200090B238B1064BC2F307421B68DB08534330
:102A3000B3FBF0F0704700BFEC3F0020004001B84E
:102A4000483F0020064BDB68C3F30363984206D17E
:102A5000044A936E23F0F00343EA01119166704734
:102A6000000002B8003F00B0054B1B68D3F8E4300B
:102A700013B11A680A2A01D8FFF7C6BF186C70474D
:102A8000EC3F00202DE9F743064603F0A1FD0024AA
:102A90008046DFF8909005F09DFD0DF10701054699
:102AA0000DF10600FDF7C6FF9DF806308BB9721CCC
:102AB00029D003F08DFDA0EB0804284605F085FD24
:102AC0009DF8063013B99DF807303BB3A642E2D813
:102AD00024E0D9F80C3013F4603FE8D0D9F818009E
:102AE00003F0FDFD731C074603D003F071FDA0EB5E
:102AF0000804284605F069FD17F5007FE0D0384648
:102B000003B0BDE8F083284605F05FFD9DF8063070
:102B1000002BC0D19DF80730002BBCD1004FEEE751
:102B200000FEFFFF00C000B810F1800F04D04D2858
:102B3000CEBF7F20323040B2FF22044BC0B25A6277
:102B4000A3F5805358620020704700BF00E000B832
:102B50000B4A10B5136F0B4C116F03F00703E35CC6
:102B6000C1F3CD0101FB0333126F0748C2F34542A5
:102B700002FB033300688001B0FBF3F010BD00BF1F
:102B8000004001B800D80308483F0020044BD3F8A8
:102B9000B03010B1C3F30332027003F00F0070477E
:102BA000000002B8064B01F080015B6C03F4800367
:102BB0000B4302BF4FF40012024BDA64704700BFB0
:102BC000000002B8006001B80F4B1B788BB1012BDD
:102BD00011D10E4A012102F580528B4291600FD82B
:102BE0000A4A0B49002B08BF0A4693689B07FCD48E
:102BF0007047074AEEE700224FF480539A60FFDEE9
:102C000000239B68FBE700BF2A400020004003B878
:102C1000000003B838B50B4B0B4C002818BF1C46FE
:102C2000A569E3691D4007D0084B1B682BB12846F6
:102C3000984704F50054A56138BD6B05F9D5FFF739
:102C4000C3FFF6E7004003B8000003B8B83F002018
:102C50002DE9F04F404F804685B038680C4603F0B0
:102C6000F8F920B90024204605B0BDE8F08F2246CF
:102C70000021404603F036F9384B5D6915F0010537
:102C8000F0D102F0DDF806460028EBD03F68384668
:102C900003F02AFE4FF6FF73984234D04FF0605194
:102CA0002F4E304B304AD3F84C90D6F88C30D1644C
:102CB0004FF00061A2F58052D16424220421C6F8AD
:102CC0008C202A4A4FF4804B91604FF480520027A9
:102CD000DFF8A4A0CAF868B0F262A7421ED30421AC
:102CE000234A9160A2F5F032C2F88C304FF0605266
:102CF0001D4BDA6409EA02031E4AD3644FF4804292
:102D00001D4B9A66AFE73146384603F09EFD0146FB
:102D1000384602F0D7F90028C0D0A3E7B26E5104BC
:102D2000FCD5B268D205F9D5CAF868B0D6F89020BB
:102D30000135012D0392D0D9E21B042AA8BF042239
:102D400008EB070003A90193009203F098FE009A94
:102D5000019B3A4497B2C0E7EC3F0020000002B864
:102D6000004000B8004001B8006001B8001002B88F
:102D7000002002B8005001B8006000B84FF604010E
:102D80004FF60502044B01201B6C9BB28B4208BF1F
:102D90001346024A136670470080E00F00C001B876
:102DA0002DE9F74F81460F464FF0FF35FFF796FAB2
:102DB000002601908A462C463046DFF8D8B006F14E
:102DC00010031B015BF8033003F00308B8F1010F97
:102DD00015D13046FFF722FB02460B4601985146BB
:102DE000FFF73EF8DBF8643006F10802D340DB075A
:102DF00039D5002F40D000252C463E604046013694
:102E0000082EDCD160B3234A0027D2F808C0916BAA
:102E10000CF440330131A4FB0141641941F100017C
:102E2000B3F5003F30D1536B0CF4405C013347F1F4
:102E30000006BCF5805F22D1156B15F5807505FB8A
:102E400006F647F1000203FB0266A5FB033232449B
:102E5000594304FB0212A3FB04341444C9E90034AF
:102E600003B0BDE8F08FA84271EB0403C6D207B1EE
:102E70003E6005460C46C1E73D463C46BEE7320291
:102E800042EA13621B02E3E7136B13F5807347F109
:102E90000002DDE700C001B8034B1A6E596E03F55E
:102EA00000530A401A66704700C00A502DE9F341EA
:102EB00005460F4668461146FFF772FF0646B0B159
:102EC000AFB1DDE900321B0A43EA0263A5FB0384CC
:102ED000094B120A05FB02441A6812B9FFF7E8FC15
:102EE000024600234046214602F0CEF938603046C3
:102EF00002B0BDE8F08100BF483F00204FF400520F
:102F0000014B5A60704700BF00E100E04FF40052EF
:102F1000034BC3F88420BFF34F8FBFF36F8F70470D
:102F200000E100E0F8B50B46002213F8044B944290
:102F300025D91D68854224D106245A791D79124B62
:102F400088181E6804FB0503104F33F8063C7B43CA
:102F5000B3420ED900238A5A7A43964202D804FB20
:102F60000300F8BD9D42FAD9013304FB03F2825AF3
:102F7000F2E740F244423D21002002F0F1F8002047
:102F8000EFE708330132D2E7BC3F002040420F0098
:102F900000202DE9F84FA2FB017BAA4EDFF8DCC22E
:102FA000BE1998466BF10003B44570EB030307D2DA
:102FB00040F23E220E2102F0D3F80220BDE8F88F45
:102FC000D8F814A00C461546BAF1000F04D0DAF870
:102FD0000030032B00F2A9809B4B9C4A9B6BD2F8DC
:102FE000FCA0C3F314099A4B1B6F58074EBF4FF454
:102FF00040039B0503F0E07349EA0309954BD3F8BE
:10300000EC30590048BF49F0807949EA456903F03E
:10301000C3FD012D0646D0D10028CED08E4B98425C
:1030200000F0948003F5122303F5F863984200F052
:10303000B6808A4B984200F0BE80002502462B469F
:1030400000204FF0007102F01FF92B46013007FB02
:1030500003F3C9F3130100FB0B33A7FB0070A1FBC3
:103060000662034401FB052220339B09C8F80030A7
:103070007B4BF60C1C6046EA42367A4B19F4801FF3
:1030800008BF76421E60784B34441C60BAF1000FD2
:1030900048D00023C8F80430C8F80830DAF81C50CB
:1030A00019F0807F18BF6408002D53D1DAF8006052
:1030B0000023062EC8F80C30C8F8103032D9DAF8E0
:1030C00030307BB303F068FDDAF83010FFF72AFFE9
:1030D000044618B18378002B40F0998003F02AFD54
:1030E000DAF83010FFF71EFF0446D8B18378CBB171
:1030F00040794FF4AE62003818BF01203D2102F044
:103100002FF8207940F2715200384FF03D0118BF7E
:10311000012002F025F8237962791B0243EA0213A9
:10312000C8F810300020BDE8F88F042BDAF828909A
:103130007FF46DAF19F0807F14BF4FF4400309F0A6
:10314000E07329F0E07949EA030960E70023474882
:103150001D467CE73E4FD7F83C21D2022FD4DAF847
:1031600000601CB1B4FA84F107291CDD2B46210252
:10317000B1FBF3F14B0067020133E40D01E00233D0
:103180000131A5FB0302874274EB0202F7D2C1F3BF
:103190000E01090341F00061C8F8081088E7002318
:1031A00033481D4653E7C1F1080325FA03F304FA37
:1031B00001F10133DCE700232E481D4647E719469D
:1031C0002D4AC9F3815912F80920002EB8BF764262
:1031D00092066008C2FB0601224602F055F8DAF8B2
:1031E00000600E2E0ED9184B9A6BBB6CD7F83C11B1
:1031F000DB0607D502F4801201F400110A4308BF70
:10320000C0F58010C0F31300C8F80400A9E74079A6
:1032100040F25552003818BF01203D2101F0A0FFB7
:10322000207940F25652003818BF01203D2101F0AC
:1032300097FF237962791B0243EA0213C8F80C3026
:103240004CE700BF006CCA88008001B8004F00B096
:10325000004001B8000002B800F04902005A6202C2
:10326000C43F0020C03F0020BC3F00200A3BB2DF2B
:10327000313641DCD694BFD610D80308807C814A11
:1032800010B5044686B059B9214B4168D3F8FC30DB
:10329000827A2048059300686B46FFF779FE6946FD
:1032A0001D4B0A685A631A4BD3F8FC3033B34B6892
:1032B00043B11A4B1A4AC3F83C214A68A3F580531C
:1032C000C3F83C218B6843B1144B164AC3F81C2148
:1032D0008A68A3F58053C3F81C21134AC868D2F842
:1032E000983123F4EE630343C2F89831D2F8903159
:1032F000096923F4EE630B43C2F890310020228960
:103300000A4B9A6203F5A033186406B010BD00BFE3
:10331000004F00B0EC3F0020008001B8006001B811
:10332000FFFF0F0000F0FF0F000002B8004000B8E0
:10333000074BD3F88022D20707D55B6E002B4FF4E2
:103340008043B4BF034A044A13650020704700BF9E
:1033500000800050002002B8001002B8064B1A6C22
:103360009207FCD4022240EA01205860034B1A6401
:103370000122034B1A70704700C002B800D002B897
:103380002B40002040B10368012B05D90069034B95
:10339000002808BF184670470048704718D803082F
:1033A00010B590B10468012C0FD902696AB1116897
:1033B000094B102C196051685960916888BFD26818
:1033C000996094BFD960DA6010BD102200210248D4
:1033D00002F088FDF8E700BFCC3F0020084BC11782
:1033E0001A68A2FB000302FB013310F1807043F165
:1033F0000003400E40EAC310803820EAE0707047B6
:10340000DC3F00200722194B70B51A64184B194A8B
:103410001D68194BEC08E005C0184FEA153141F161
:103420000001002301F030FF144B154E18601548C1
:10343000FFF7D4FF4042C6F8DC0049F65800FFF71A
:10344000CDFFC6F8A8001048FFF70AF8024660B1A1
:10345000E301500818184FEA15714FF0000341F1CD
:10346000000101F011FFC6F8B40070BD000002B801
:10347000483F002065CD1D00B2E60E00DC3F002075
:10348000003F00B07011010040420F0010B504462B
:1034900098B10B4BD3F8FC00FFF782FF4FF47A731F
:1034A00003FB04F0074BA0F6AC50DA689B681044AD
:1034B000C01ABDE81040FFF791BF4AF6C870F8E7A0
:1034C000004F00B0CC3F00202DE9F84305460846E8
:1034D00014461E46FFF764FF05B306F0020716F018
:1034E00004061DD1D7B14FF47A706B685843002B96
:1034F00040F08C80FFF772FF20636B69002B00F0B7
:103500008C804A4AD0684FF47A7202FB0300A0F51F
:10351000FA50FFF763FFE062002E58D1BDE8F88350
:103520002869002869D04FF47A7358433F4BA0F6BE
:10353000AC509B68C01AFFF751FFA062A88B00280F
:103540005ED04FF47A735843384BA0F6AC509B686A
:10355000C01AFFF743FFE061354BE968D3F80080FC
:10356000002950D04FF47A735943304BA1F6AC5137
:103570009A685B68891AC91A2E4BC8171A68DFF84F
:10358000BC90A2FB011302FB003311F1807143F1E7
:103590000003490E41EAC3118039274B2162D3F859
:1035A000C4306362D9F8003053B1404602F072FF74
:1035B00030B12246D9F800301C49D8F8D8009847D5
:1035C0000021A869FFF762FF6063002F8BD1A86814
:1035D00030BB47F23050FFF701FF60614FF47A7063
:1035E0002B6858432BB1114B1B6803F51C53103348
:1035F0001844FFF7F3FEA06190E74AF6C8709AE717
:103600004AF6C870A5E74AF6C871B5E7074B1B68CC
:1036100003F51C53103318446CE747F2305078E739
:103620004FF47A735843A0F5FA50D4E7CC3F00200A
:10363000EC3F0020DC3F0020003F00B0C83F0020EE
:1036400038B5054608461C4602F0E5FF0246D5F8A7
:10365000E400FFF797FE4368A018002B044AA8BFB8
:103660004FF4FA721A44034B92FBF3F2104438BD44
:103670000CFEFFFF18FCFFFF70B588B06D46194CBB
:103680000FCC0FC594E80F0085E80F00EC22002155
:10369000154802F027FCAC220021144802F022FC5D
:1036A00020220021124802F01DFC03F0D7F9114B33
:1036B0001B783BB16D460B4E0FCD0FC695E80F0042
:1036C00084E80F000C4A0D4B1068516803C39068E2
:1036D0000B4A18600B4BD3F87831C3F3824353661F
:1036E00008B070BDE03F00B0683E00B0543F00B08D
:1036F000E04F00B01B40002028D80308B03E00B0C7
:10370000003F00B0000002B808B504F063FF0E4BA4
:103710001A78A2B90D4A126812F4843F0FD10C4AEC
:10372000102111651B7863B9084B1B68DB0508D4B1
:10373000074B20221A65BDE8084004F046BF054A41
:10374000EEE7044BF5E700BF31400020783200205F
:10375000002002B8001002B810B5104B104AD3F880
:10376000B8001478596A9A6A00F00F0021F4706169
:1037700022F0E052844241EA042142EA84624FF09E
:103780001F04084835BF9A6259625962C0F8B840B0
:1037900034BFC0F8B8409A6210BD00BF00C000B886
:1037A0001840002000E000B80A4B197801F0FF0231
:1037B00029B10021197008499202C1F808215978ED
:1037C00001F0FF0229B1002159709302024AC2F8A8
:1037D0000C3170472C400020005000B8064BD3F845
:1037E000F00E064B9B6C1A0103D4054B9B6E1B0419
:1037F00001D500F580707047003000B0000002B8BD
:10380000004000B810B504F0E5FE0E210446032088
:10381000FFF718F940F20122034B2046BDE81040A3
:10382000DA6204F0D2BE00BF004000B8064B0020B0
:103830001B6893F82430DB0902BF0322034BC3F853
:103840005022FBF77BBE00BFEC3F0020006001B8B8
:1038500038B504F0BFFE4FF48043274C0546C4F84A
:103860008430BFF34F8FBFF36F8F4FF40043C4F822
:103870008430BFF34F8FBFF36F8F4FF48033C4F8A2
:103880008430BFF34F8FBFF36F8F4FF40033C4F812
:103890008430BFF34F8FBFF36F8F4FF48023C4F892
:1038A0008430BFF34F8FBFF36F8FFFF72FFB4FF4C1
:1038B0000023C4F88430BFF34F8FBFF36F8F4FF4F2
:1038C0008013C4F88430BFF34F8FBFF36F8F4FF472
:1038D0000013C4F88430BFF34F8FBFF36F8F4FF4E2
:1038E0000003C4F88430BFF34F8FBFF36F8F2846B7
:1038F000BDE8384004F069BE00E100E038B504F0EE
:1039000069FE05464FF480430E4C63604FF400435C
:1039100063604FF4003363604FF480236360FFF70C
:10392000EDFA4FF4002363604FF4801363604FF4AB
:10393000001363604FF4000363602846BDE838401D
:1039400004F043BE00E100E0012370B5074C237092
:10395000074B1E68074B3240D3E9005319402840FB
:10396000FCF7B8FB0023237070BD00BF2F40002080
:10397000E43F0020783200200022044B1A70044BF0
:10398000197811B11A70FFF7BFBE704730400020A0
:10399000314000202DE9F047DDF820A003EA0108BE
:1039A000099B06460D4602EA000703EA0A09BAF136
:1039B000000F40F04F81031F0B4300F00F810528DB
:1039C00071F1000380F0E58050EA010300F0758199
:1039D000431E0B4300F02581FFF73AFFB84AD2E9B6
:1039E000004323EA050324EA06043C4343EA0807AC
:1039F000B44BC2E900471E6826EA0A0646EA0906F1
:103A00001E60FFF781FE14F02A4F14BF48F2020334
:103A10004FF40043AC4AB007D26EAC4848BF43F401
:103A2000005383EA020122EA0302C266A84A0B405D
:103A30008166D366C4F380421203210348BF42F477
:103A40008072E30648BF42F40052A24BA50648BF6D
:103A500042F40072600648BF42F480622106D968D1
:103A600048BF42F4006282EA010323F080539A487F
:103A700019401A40C1608360984B17F4007FDA60E8
:103A8000974B07F4007200F0048101224FF4802567
:103A900083F88820E30448BF45F48035A00348BF7D
:103AA00045F48015A10748BF45F4001514F4001F24
:103AB000DFF8688206D0D8F8000002F0CDFF08B920
:103AC00045F40025E20248BF45F40035FB06854B6E
:103AD00048BF45F480051A6A834985EA020323F04A
:103AE00001031A400A621D40CB61804B16F0010FA2
:103AF0001D627F4B7F4A18BF1A467F4B7D071B6FA5
:103B000048BF42F000627D4882EA030123EA0203D3
:103B100003677B4B0A4041661A677A4A04F0010347
:103B2000D16CA0F5803081EA030221EA0301C1646F
:103B300082641A40744B2002DA64D8F8002048BF2F
:103B4000724B92F8F62058BF714B610748BF43F49F
:103B5000806322B114F4C06F18BF43F4807332073E
:103B60004FF03A42BDE8F047D2F8181148BF43F091
:103B7000004383EA010222F4A02266481140C0F803
:103B800018111340C0F81421634AC2F81831FFF726
:103B9000B5BEA0F580630B4306D020F48063A3F587
:103BA00000730B437FF418AF04F014FD4449D1E9CE
:103BB000003223EA060322EA050242EA08023B43F6
:103BC000C1E90032554A126892F8F610514A09B319
:103BD00013F4C06F1ED04FF4807311E004F0FAFCB0
:103BE000374AD2E9003123F004033B4341EA08019C
:103BF00057EA0807C2E900314FF48063454A0BD009
:103C0000C2F81431A2F58052C2F81831BDE8F0476D
:103C100004F0DBBC4FF48073C2F81831C2F81431E1
:103C2000F4E704F0D7FC264AD2E9003123F001037F
:103C30003B4341EA0801C2E900310123384A57EA0F
:103C400008071BBF9364A2F58052D364D36408BFF6
:103C50009364DBE750EA01037FF4BEAEBAF1010FD3
:103C60007FF4BAAE04F0B6FC164A136823F00103E1
:103C700043EA090313604FF40053204AB9F1000FDF
:103C800004D05366A2F580521367BFE713675366EB
:103C9000BCE793F8881071B183F88820214BD3F8E2
:103CA000A41003F50053C3F8A410C3F8A0104FF0FC
:103CB0005023C3F8A4200025ECE6BDE8F08700BF40
:103CC00078320020E43F0020004000B8006000B8D7
:103CD000005000B8004001B8006001B8005001B8C1
:103CE000003F00B0000002B8002002B8001002B887
:103CF000043800030418000300C001B800E001B854
:103D000000D001B800C000B800D000B80D0A0A0900
:103D1000090A0A09002000BA001000BAEC3F00208E
:103D200000E000B800400050024B5868C0F3C000EB
:103D3000704700BF78320020024B186800F0010085
:103D4000704700BF78320020024B5868C0F3C03083
:103D5000704700BF7832002010B50446FEF774FDAE
:103D6000FFF776FD2046FDF7A9F8FEF7F7FCFDF713
:103D7000E1FFFEF753F8FFF745FB13490723134A0A
:103D8000D1F8FC1004F1F800FFF79EFB4FF08071B2
:103D90000020FEF785FB4FF000720D4B4FF4001131
:103DA0000120C3F80021FEF77BFBFEF7E7FF20B9F7
:103DB00040F29232142101F0D3F902F0AAFCBDE8DE
:103DC00010400120FDF792BE004F00B0A43F00B0AC
:103DD00000D001B88023074A5364082340B15364DC
:103DE000054AD2F8C03E23F02003C2F8C03E704717
:103DF000024AF4E7001002B8003000B0002002B818
:103E000010B504F0E7FB012104460020FFF7E2FFB4
:103E1000044B1961044B5B6898472046BDE810408D
:103E200004F0D3BB000002B8E0490020F8B5194CFB
:103E30000546207840F2E442B0FA80F03E21400985
:103E400001F08EF955B9607840F2E442BDE8F840DF
:103E5000B0FA80F03E21400901F082B94FF440668B
:103E60000D4F0E4DD7F8083140F2E442C3F38123E1
:103E70002370C5F8086160783E21B0FA80F04009EF
:103E800001F06EF9D7F80C31C3F381236370C5F8E4
:103E90000C61F8BD2C400020004000B8006000B864
:103EA000F8B5084C084D636C0423084F6B64636CD1
:103EB0005B0300D4F8BD042602207E6402F08FFB71
:103EC0006E64F4E7000002B8001002B8002002B8E7
:103ED000A82238B51B4B5D6C03F500535A641022C1
:103EE0009A60A3F5804302F100521A675A66FFF701
:103EF0005BFC154B1B7813B90320FDF7C3FF0024AF
:103F0000124B9C67FFF7CCFF114A124BD2F8F01E00
:103F10000B40C2F8F03E04220F4B5A640F4BC3F81B
:103F2000C840FFF719FCAB0607D50D4B9B6FB3F5E7
:103F3000817F22BF8022034B1A61BDE83840FCF725
:103F40009FBA00BF000002B82E40002000C001B898
:103F5000003000B0DF0000FF002002B8003E00B0DB
:103F6000003F00B010B551B920B3154BDB681B0EF4
:103F700013F00E0F1ED1134B1B6CD9071AD4FFF789
:103F800041FC0F4C0020FEF701FE032801D0092858
:103F900005D1A36ADA07F5D4A36CDB03F2D4FFF7EB
:103FA0007FFF0122084B5A6102229A62042203F524
:103FB00080535A644FF4C062044B9A6510BD00BF31
:103FC000000002B800C002B8001002B8006001B8DA
:103FD00008B503210920FEF735FD2022014B1A61A7
:103FE00008BD00BF000002B80D4A10B5D2F8A030DD
:103FF000D2F8A4100B40B3F1804F0CD34FF04040E7
:104000000849094CC1F8A400D467C1F8A0004FF4D6
:104010008021064AD161034AC2F8A03010BD00BF1A
:1040200000400050006000500000FF01001002B886
:1040300038B5054604F0CEFA0E4B04461868FDF775
:1040400069F835B1FFF798FC2046BDE8384004F028
:10405000BCBA094B1B78002BF6D0084B1D78002DFD
:10406000F2D1FFF789FC2A464FF480400021FFF788
:104070006BFCE9E7EC3F0020304000202F4000209F
:104080002DE9F84F5C4B06460D4614465B6C002A42
:1040900040F0AE8013F0A00F14BF4FF001094FF0B5
:1040A0000009FCF7EDF9FFF757FBA0234FF0000ADA
:1040B000DFF860810320C8F84430FDF7E3FE0420F8
:1040C000FDF7E0FE4D4FFFF757FC4D4B4FF0040B53
:1040D0007B67C7F878A0FFF7E3FE4A4B4FF4807187
:1040E000D3F8C02E42F02002C3F8C02EFF22C8F839
:1040F0000820414A1161D3F8F02E43491140C3F81A
:10410000F01EC8F844B0C3F8C8AE7B6913F0060FC0
:1041100004D0FEF7D1F95846FDF7B4FEB9F1000F0F
:1041200008D04FF40062394B5A644FF40042A3F5B3
:10413000E0339A6666B1364BDB6C180701D4FFF7A3
:1041400061FBFFF745FF0420FDF79CFEFFF72CFB0A
:10415000294B5A69D10746D5DA6812F0706FFBD146
:104160002C4B2D4A5A642D4A936E23F0F00393662C
:1041700015B12046FFF75CFF294BD3F84C315A1C90
:1041800001D05B0002D50122224B5A615CB3204B67
:10419000DA6E03F500539A6603F5D0331B6A1D4AA5
:1041A00023F00103D3611F4BD96803F500539960D5
:1041B00003F50053D3F8841003F5005399674FF0CB
:1041C0003A43D3F8181103F50053C3F81411164BF2
:1041D000D96C03F500539964144903F5803359668B
:1041E0004FF6084353640020BDE8F84FFCF756BC77
:1041F0004FF0000955E700BF000002B800C001B849
:1042000000000101003000B0DF0000FF001002B824
:10421000004000B8002002B810003000003F00B09D
:104220000080E00F004001B800C000B85000002F2F
:104230009C4B2DE9F04F9A6EDB6E85B002EA0308C5
:10424000994BC3F868804FF03A43D3F81461D3F820
:1042500018311E40954BC3F81461954B9A68DB6882
:1042600002EA030A934BC3F808A003F52043DA6976
:104270001B6A02EA0309904B09F47702DA618F4B5B
:10428000D3F80422110306D4D3F804311A03C3F37C
:10429000C04740F1E58004F09DF9894B5A695F6E93
:1042A0001B6F12F0060F07EA0307864A27F0007318
:1042B00023F4006314BF4FF0010B4FF0000B536663
:1042C0007B0706D5804A92F87D300133DBB282F855
:1042D0007D3004F07AF9B8F1000F00F0DF8018F4B7
:1042E000004427D004F076F90146FFF777FA044638
:1042F000764B1D682A682B689A42FCD02A689A423D
:10430000FCD0FFF76BFAA04240F0AC80084604F006
:104310005CF96F4B1C606F4B5D6C15F4E05240F024
:10432000A38024F07F4424F0DF040CB9FFF7D0FD14
:104330004FF0807418F0020F4FF0000514D0654B59
:104340005D495B6C03F460424A64002A00F0A0807F
:104350001D0400F1A08013F4005F0CBF4FF0005368
:104360004FF0006300251C43C8F340384FEA48086B
:10437000594B3340002B4BD016F4206F0AD040F637
:10438000A3120621002000F0EBFE0020FFF750FEF4
:1043900026F48026F00506D5FF22474B44F4C0647E
:1043A0009A60FFF72FFA16F0090F0BD040F6B812FB
:1043B0000821002000F0D4FEFFF70AFE4FF03A4338
:1043C00001225A6316F0106F0CD040F6C112092179
:1043D000002000F0C5FEFFF7FBFD0022114610464D
:1043E000FCF76CFE16F4202F0AD040F6C912072104
:1043F000002000F0B5FE0020FFF71AFE26F480260C
:10440000F10301D5FCF7A4FF002EB8BF48F008085F
:1044100072070ED54FF03A431B6B13F4005F4FF455
:10442000005317BF214A2D4A136344F4000408BF08
:104430001363730548BF44F0040416F4802301930A
:1044400000F0B580FCF73CFF0138062848D8DFE8CB
:1044500010F03501380135013B013E0141014101B8
:10446000BB4638E7044645E70192FFF731FD124BA2
:10447000019A5A6415F4805307D115F4806F0CBF6C
:104480004FF080544FF0806454E74FF0804451E780
:104490004FF0007366E74FF0004363E7444645463C
:1044A00066E700BF004000B8006000B8002000BA16
:1044B000004001B8006001B8002002B800E100E04F
:1044C00000C001B800E001B8003E00B0F0D503081C
:1044D000E03F0020000002B8090B0B89001000BA71
:1044E00040F6FA120321002000F03AFE4FF03A4263
:1044F0000121D2F88C30D2F8AC0003F00703063368
:1045000001FA03F3C0F30C001B1A9BB2072B12D95C
:104510007A4B5B6C58020ED47948D36CD26E406DE6
:1045200058B103F0070306339940C2F30C03C91ACC
:1045300089B2072901D844F40074724B1B78002B10
:1045400035D04FF03A43D3F8143113F4A02F2ED1C5
:104550006D4B6E4A1B7893B9FB0410D4137873B17A
:10456000E3086B4943EA457383F00103D1F8F01E79
:1045700003F001035B0021FA03F3980717D104202D
:10458000FDF780FC634B64495967FFF7F5F95F4A13
:10459000137843B9614B1B782BB1614B614A1B689F
:1045A0002340134201D144F4804427F48057BAF1E8
:1045B000000F27D01AF4805F18BF44F480241AF447
:1045C000807F18BF44F400241AF4005F18BF44F041
:1045D00010041AF4007F18BF44F020041AF4806F0E
:1045E00018BF44F040041AF4006F18BF44F0800470
:1045F0001AF0805F06D04C4B0021186845F48055B6
:10460000FCF78AF9B9F1000F3AD019F4802F18BFDE
:1046100045F4007519F4803F18BF44F4805419F430
:10462000801F18BF44F4003419F4001F18BF44F071
:10463000020419F4003F18BF44F4801419F4800FE9
:1046400018BF45F0100519F4002F19D0304BD3F8DE
:10465000C03E13F0C00F13D0284AD368C3F30363DE
:10466000032B01D0072B05D1936CD90602D4D36C50
:104670001B0732D54FF400222C4B29F40029DA61B4
:10468000002F00F01381380540F18A802849DFF8B7
:1046900084A0CB78274A002B52D04FF40060013B16
:1046A000DBB25066CB7033B9234B1B78C3B140F6F5
:1046B0000142224B5A67002300226FE044F4803409
:1046C00014E744F4006411E744F480640EE744F412
:1046D00080740BE744F0080408E744F40014CFE7C3
:1046E000DAF8783013F4A05F15BF4FF4807340F60A
:1046F0000143CAF85830CAF87830DCE7000002B845
:10470000004000B8314000203040002033400020FD
:10471000003000B000C001B80000010132400020AC
:1047200078320020088D0100EC3F0020002002B804
:104730002040002000E001B82E40002000D001B849
:104740000320FDF79FFBDAF81430AD4813F0060F95
:1047500004BF41F61F73AB4AAB4908BF53674FF420
:104760000062A84B5A66DAF8143013F0060308BF4B
:10477000CAF87830B0F87A3013F400625CD023F4D1
:104780000063A0F87A300B7803F0FF0A002B57D1B2
:10479000FDF792FEFFF79CFB534620221C43154376
:1047A000B90009D52E20FDF7B9FA4FF00052954B0C
:1047B00045F008051A675A66FA0606D52B20FDF75C
:1047C000ADFA10228F4B1A675A6617F0306F05D179
:1047D000FB045FD5BBF1000F00F0BE80380111D59E
:1047E0002920FDF79BFAFFF79FFA48B1874B8849CC
:1047F000844A53660B6701F54051C968490422D4C5
:1048000045F0040517F0007B28D00420FDF73AFBA3
:104810002720FDF783FAFFF75BFB4FF00072794B1F
:104820005A667C4BD3F8F02E51067DD402227A4B87
:104830009A6045F0020528E00B784FF40053ADE78D
:104840004FF4004338E7136720205366FDF766FAFC
:104850002D2045F00C05FDF761FAD3E717F0807FB6
:10486000DFF8B8A14BD00420FDF70CFB2820FDF7A2
:1048700055FADAF87830002B3ED1FFF729FB614B6F
:10488000624A45F001051A675A66FEF7CFFF00221B
:10489000624B9A65BA0409D5614A5379002B00F03E
:1048A000AA80013B5371002348EA0308594BD3F80F
:1048B000C03E1B0603D520462946FCF7F7F84246C2
:1048C00020462946FFF740F8019B0BB1FCF72EFD6F
:1048D0004FF40042534B06F00436C3F81461524BB8
:1048E00019F4002FC3F884211EBF4FF400224A4B55
:1048F000DA6105B0BDE8F08FCAF878B0BFE7F80418
:10490000C5D50420FDF7BEFA484BCAF87430FDF750
:10491000D3FDDAF8643013F0407FB8D12A20FDF7D8
:10492000FDF9FFF7D5FA7CE7D3F8C03E9A0680D4AC
:1049300002223F4B9A603F4B1B6893F825309B0740
:104940007FF577AF2E4B93F8DC30002B3FF471AF3F
:104950008022394B1A616CE7314A13794BB1013B24
:10496000DBB2137113B92A4B344A5A6700231C4334
:1049700090E70420FDF786FA0320FDF783FA274B22
:104980002A4A5A6703F026FE82460DF10F00FEF711
:10499000FDF82B4B83461B780BB1FEF733FFBBF1C1
:1049A000030F0ED1DFF890B00020FEF7EFF80328D8
:1049B00007D1DBF82830D807F6D4DBF84830D90324
:1049C000F2D49DF80F30032B06D101221D4B504627
:1049D0001A7003F0FAFDC9E74FF03A43D3F81431E7
:1049E00013F4A02FF1D1FEF7C7FF504603F0EDFD01
:1049F0004FF48043BBE70520FDF744FA012353E75A
:104A0000003E00B000E001B82E4000201000002061
:104A100000D001B8003000B0002002B800C001B8DA
:104A200020400020002000BA00E100E00000010169
:104A3000001002B8EC3F0020000002B80000010D99
:104A400034400020304000200122024B1A62DA611B
:104A5000704700BF002002B8094A08B5D369116A3F
:104A60000B40084923F47F00DB07C86106D5D168F5
:104A70004FF0FF30C1F3036101F055FE08BD00BFE8
:104A8000000002B8002002B80C4A08B5936CD26C42
:104A900013400B4A9364DB070FD50A4B40F6634281
:104AA0001878122100F0010000F05AFBBDE8084020
:104AB000002201200021FEF747BF08BD00C000B85A
:104AC00000E000B87832002070B5154D2C6C6B6C8E
:104AD0001C40144B24F002021A64E20705D540F68C
:104AE000CA420020296800F03BFBA30716D502222A
:104AF0000C4B1A640C4A6B6814687CB1DBB2042B53
:104B000007D100220121094B18682346BDE87040F7
:104B10001847052B02D100221146F4E770BD00BFF3
:104B200000C0095000E00950143F0020EC3F002075
:104B300038B50C4C0C4DD4F88430DB0706D4A36F89
:104B4000D4F884201340094A936738BDD5F804315E
:104B50005A02F0D5FFF7B8FF4FF48003C5F884314F
:104B6000E9E700BF008001B800E100E000A001B863
:104B700038B514460D4603F02DFD064BD3F8C02E74
:104B800054402C405440C3F8C04EBDE8384003F0B8
:104B90001CBD00BF003000B0034BD3F8C03E9943AA
:104BA0000CBF012000207047003000B02DE9F0411B
:104BB00017460A43012A1D469DF818409DF81C60BF
:104BC000DDF8208029D8B44227D2082E25D8032B1F
:104BD00023D8B8F1000F20D00A460021FBF7A0FB34
:104BE000FF21EB009940C943DFF834C008F1FF38DA
:104BF000FF00E2B2964202D80020BDE8F0813D19E4
:104C00000CEB8505D5F8F82018F8010F0A409840FC
:104C10001043C5F8F8000134EBE72120EDE700BFB1
:104C2000003E00B0174BD3F8C02E12F0010312D093
:104C3000154B93F84C30154A43F08073C2F8D030CE
:104C40004FF4801302F50052C2F8B430A2F580523E
:104C5000C2F8B83070471106EDD40D4B93F84B11E4
:104C600021B1D20602D593F84831E4E74FF480121F
:104C70000020084B0549C3F8B820C1F8D000C3F89C
:104C8000B4207047003000B0003F00B0004000B8D2
:104C9000003E00B0006000B8034B1868034B0028CA
:104CA00008BF1846704700BFE83F0020B41304084F
:104CB0002DE9F843DFF860900646D9F800800846F1
:104CC0001746B8F1000F03D00E242046BDE8F88344
:104CD00006B3336801331DD1E1B100F079F8054620
:104CE0000028F1D0C9F8000000F098F8284601F03B
:104CF00071FD044640B14046C9F8008000F08EF8CE
:104D0000284601F062FDE0E73560002FDDD028463F
:104D1000B847DAE72124D8E7EC3F0020024B1868B7
:104D2000003818BF01207047EC3F0020002108B573
:104D3000024B08465B689847002008BDE049002008
:104D4000431E033306D8044B984228BF18466428F4
:104D500038BF6420704700BF40420F0038B5194B80
:104D600005461B680C4603B1984744B1236833B12C
:104D70001B68013303D0E3680BB1A3684BB901F0A2
:104D800015FC00204FF4C172412100F0E9F9212007
:104D900038BD2046FCF7AEFB00230B4A85F83C31BA
:104DA000C5E93743C2E9003363694BB1074A422181
:104DB00010684FF4D272C31A5842584100F0D0F92B
:104DC0000020E5E7103F002000440020483F00207D
:104DD000F8B5044603F0FEFB002607460E4B1B68A1
:104DE00093B19E68AEB196F82420D20711D435460F
:104DF0000FCC0FC50FCC0FC523682B6096F824305D
:104E000043F0010386F82430384603F0DEFB3046D9
:104E1000F8BD1B68E4E700BF144A002010B5044643
:104E200018B9054B054A136010BDFAF771FAD4F8AA
:104E3000E830002BF6D1F4E7B3670308104A0020EE
:104E4000014B1868704700BF0044002008B50246B7
:104E50000868FFF775FF08604868FFF771FF486052
:104E60008868FFF76DFF8860C868FFF769FF0B6906
:104E7000C860581C03D00B48834228BF03460B610F
:104E80004B69581C03D00748834228BF03468869F2
:104E90004B61FFF755FFBDE8084088611046FBF7FE
:104EA00065BA00BF40420F00D0F8E0302DE9F04174
:104EB00005460C4613B1C38D8B424CD0D5F8DC307F
:104EC000002B4BD09E68002E48D0D868002845D0D3
:104ED000013800B200281ADB002106E0128A591CB2
:104EE000A24217D209B2884211DB0B1803EBD3732D
:104EF0005B1003EBC30206EB8202B2F80EC003F1B3
:104F0000FF3EA445EAD90FFA8EF08842EDDA21205F
:104F1000BDE8F0814FF6FF7299B29142F7D09BB293
:104F200003EBC30306EB83062846B6F9122095F877
:104F30003011D5F8F080D4F731FE0746B8F1000FF4
:104F400004D00023324628461946C047EC85C5F8F0
:104F5000E06085F839710020BDE8F0810E20BDE8E1
:104F6000F08100BF2DE9F04782B004460F46164697
:104F7000FBF770FC002878D14E4D2B68D4F8DC90FC
:104F8000D4F8E0800BB14B4573D04FF0000AAF600E
:104F9000FBF7FAFC0128074604D00121002208464D
:104FA000FAF7FEF9204601F075FA00284ED12B6879
:104FB000D9F80010D8F8002013B11868884263D0DF
:104FC000204601F021FAC5E90098D4F8F0508DF898
:104FD0000760002D5FD00022204611460DF1070327
:104FE000A8472046FAF7E6FD0546BAF1000F10D0B3
:104FF0007EB9D4F88C3013BB012F06D0002D56D0CB
:105000002D4B002103205B689847284602B0BDE87D
:10501000F087B5FA85F040F2FA423321400900F0FA
:105020009FF831462046FAF7ADFF244B05461B6832
:10503000414620469847D4F88C30002BDCD0002223
:105040004FF400732046FAF773F9D5E794F825304A
:105050009A07ACD5D4F894305B05A8D5184B01223B
:10506000002120461B689847A1E70023114D6B6083
:1050700083E76B68002B88D0434586D1AB689F429D
:1050800015D04FF0010A82E7696811B109689142B1
:1050900099D0596894E794F82A1094F83931324637
:1050A000994228BF19462046FAF7D6FC99E7002511
:1050B000ABE700BF00440020E0490020104A002078
:1050C000143F0020F8B50F46054603F083FA394631
:1050D00006462846FFF7E8FE044620B1304603F0B6
:1050E00074FA2046F8BDFBF795FB22463946284660
:1050F000FFF738FF04460028F0D1284601F0CAF92E
:105100000028EBD095F8253013F002030DD0D5F828
:1051100094305B050DD5B5F82A31BB420BD0B5F8FC
:105120002C31DB1BB3FA83F35B09044A82F8DC30D1
:10513000D4E72346F9E70123F7E700BF003E00B0BC
:1051400038B5044D044C054B286021601A6002F00C
:105150006DFA38BDF03F0020184A0020F43F0020CF
:1051600010B550B90548064B016006480260186842
:10517000054B18601868FFF7E3FF10BD184A0020C0
:10518000EC3F0020F43F0020F03F00202DE9F041EB
:10519000364F0646FB68C3F30363022B64D101F06C
:1051A00017FA0546DFF8DC80BC6A14F4802449D184
:1051B00003F010FAFB680546C3F30363022B3BD1EF
:1051C000304601F067F928B1294B93F8DC200AB189
:1051D00083F8DD400022274B83F88420234B5B6C4F
:1051E00098053DD5224BD3F8C43059889A68C90731
:1051F00048BF1821D66848BF927806F4000044BF23
:1052000001FB023303F10C021B4B06F008069B69FD
:1052100093608022194BDA6038B14FF4003203F505
:10522000A043CF20DA61FCF779FDCEB14FF40072D4
:10523000134B5A6402229A60284603F0C6F92046AE
:10524000BDE8F08101F0C4F9401B40454FF06C020D
:105250004FF047018CBF00200120FFF781FFA3E73B
:105260008022024B1A61E7E70224E8E7000002B857
:10527000003E00B0003F00B000C000B800C001B860
:10528000002002B83F420F0053B94AB9002908BFB5
:1052900000281CBF4FF0FF314FF0FF3000F082B903
:1052A000ADF1080C6DE904CE00F006F8DDF804E07D
:1052B000DDE9022304B070472DE9F04F099D0C464B
:1052C000002B4DD18A420F4684469646B2FA82F3AD
:1052D00060D94BB102FA03FEC3F120029F4000FAED
:1052E00003FC20FA02F217434FEA1E461FFA8EF41F
:1052F0004FEA1C42B7FBF6F106FB117701FB04F005
:1053000042EA0742904208D91EEB020201F1FF3740
:1053100002D2904200F231813946121A1FFA8CFCF7
:10532000B2FBF6F006FB102200FB04F44CEA024C40
:10533000644508D91EEB0C0C00F1FF3202D2644523
:1053400000F21E81104640EA0140ACEB040C002143
:1053500025B12CFA03F30022C5E90032BDE8F08F35
:105360008B4205D90DB1C5E9000100210846F5E7DA
:10537000B3FA83F100294DD1A342C0F0F3809042EB
:1053800080F0F080064623460846002DE6D0C5E9A9
:105390000063E3E7002B40F0A3808A1A4FEA1E4720
:1053A0001FFA8EF60121B2FBF7F407FB14204FEA37
:1053B0001C4242EA004206FB04F090420FD91EEB69
:1053C000020204F1FF382CBF4FF001094FF0000931
:1053D000904203D9B9F1000F00F0CC804446121A74
:1053E0001FFA8CFCB2FBF7F007FB102200FB06F65D
:1053F0004CEA024C664508D91EEB0C0C00F1FF325A
:1054000002D2664500F2B3801046ACEB060C40EACF
:1054100004409DE7C1F120068B4004FA01FE22FA08
:1054200006F720FA06FCF4408A401F434EEA0C03BC
:1054300000FA01FE4FEA17484FEA13491FFA87FCAA
:10544000B4FBF8F008FB104449EA044400FB0CF9F3
:10545000A1450ED93C1900F1FF3A2CBF4FF0010BCA
:105460004FF0000BA14503D9BBF1000F00F08B807A
:105470005046A4EB09041FFA83F9B4FBF8F308FBC8
:10548000134403FB0CFC49EA0444A44506D93C1927
:1054900003F1FF3801D2A4457BD8434643EA0040DC
:1054A000A4EB0C04A0FB02984445CC46434602D32F
:1054B00006D1CE4504D20138B9EB020C68EB0703E4
:1054C000002D6CD0BEEB0C0264EB030422FA01F356
:1054D00004FA06F6CC4000211E43C5E900643DE70E
:1054E00002FA03FEC3F1200104FA03F200FA03FCFE
:1054F000CC404FEA1E4720FA01F11FFA8EF6B4FBAA
:10550000F7F00A4307FB1044110C41EA044100FB89
:1055100006F48C420ED91EEB010100F1FF382CBFBE
:105520004FF001094FF000098C4202D9B9F1000F88
:105530002CD04046091B92B2B1FBF7F407FB1411C3
:1055400042EA014204FB06F1914207D91EEB020236
:1055500004F1FF3801D291421ED84446521A44EA5F
:10556000004120E7861A64EB030301200DE7F444B1
:1055700002384AE7023C724431E702397244CCE611
:10558000F4440238DFE602383C4472E702387144E2
:10559000D0E7023B3C4481E7023C7244DEE7294607
:1055A000DCE600BF704700BF81F0004102E000BFB1
:1055B00083F0004330B54FEA41044FEA430594EAD3
:1055C000050F08BF90EA020F1FBF54EA000C55EA0E
:1055D000020C7FEA645C7FEA655C00F0E2804FEADF
:1055E0005454D4EB5555B8BF6D420CDD2C4480EAC1
:1055F000020281EA030382EA000083EA010180EAF1
:10560000020281EA0303362D88BF30BD11F0004F3E
:105610004FEA01314FF4801C4CEA113102D0404274
:1056200061EB410113F0004F4FEA03334CEA1333AF
:1056300002D0524263EB430394EA050F00F0A780C7
:10564000A4F10104D5F1200E0DDB02FA0EFC22FAC2
:1056500005F2801841F1000103FA0EF2801843FAB6
:1056600005F359410EE0A5F120050EF1200E012AA7
:1056700003FA0EFC28BF4CF0020C43FA05F3C018E5
:1056800051EBE37101F0004507D54FF0000EDCF15E
:10569000000C7EEB00006EEB0101B1F5801F1BD307
:1056A000B1F5001F0CD349085FEA30004FEA3C0C0B
:1056B00004F101044FEA445212F5800F80F09A8001
:1056C000BCF1004F08BF5FEA500C50F1000041EB05
:1056D000045141EA050130BD5FEA4C0C404141EB09
:1056E0000101013C28BFB1F5801FE9D291F0000F04
:1056F00004BF01460020B1FA81F308BF2033A3F1B3
:105700000B03B3F120020CDA0C3208DD02F1140CA9
:10571000C2F10C0201FA0CF021FA02F10CE002F1E4
:105720001402D8BFC2F1200C01FA02F120FA0CFCDD
:10573000DCBF41EA0C019040E41AA2BF01EB045126
:10574000294330BD6FEA04041F3C1CDA0C340EDC24
:1057500004F11404C4F1200220FA04F001FA02F367
:1057600040EA030021FA04F345EA030130BDC4F125
:105770000C04C4F1200220FA02F001FA04F340EA1A
:105780000300294630BD21FA04F0294630BD94F0CB
:10579000000F83F4801306BF81F480110134013DB2
:1057A0004EE77FEA645C18BF7FEA655C29D094EA23
:1057B000050F08BF90EA020F05D054EA000C04BFA1
:1057C0001946104630BD91EA030F1EBF002100208C
:1057D00030BD5FEA545C05D14000494128BF41F02B
:1057E000004130BD14F580043CBF01F5801130BD8F
:1057F00001F0004545F0FE4141F470014FF000001A
:1058000030BD7FEA645C1ABF194610467FEA655CCA
:105810001CBF0B46024650EA013406BF52EA03356C
:1058200091EA030F41F4002130BD00BF90F0000F5A
:1058300004BF0021704730B54FF4806404F1320496
:105840004FF000054FF0000150E700BF90F0000F4F
:1058500004BF0021704730B54FF4806404F1320476
:1058600010F0004548BF40424FF000013EE700BF46
:1058700042004FEAE2014FEA31014FEA02701FBFD6
:1058800012F07F4393F07F4F81F06051704732F008
:105890007F4208BF704793F07F4F04BF41F400215F
:1058A000704730B54FF4607401F0004521F00041BD
:1058B0001CE700BF50EA010208BF704730B54FF047
:1058C00000050AE050EA010208BF704730B511F048
:1058D000004502D5404261EB41014FF4806404F180
:1058E00032045FEA915C3FF4D8AE4FF003025FEA06
:1058F000DC0C18BF03325FEADC0C18BF033202EB8A
:10590000DC02C2F1200300FA03FC20FA02F001FAE3
:1059100003FE40EA0E0021FA02F11444BDE600BF86
:1059200070B54FF0FF0C4CF4E06C1CEA11541DBF35
:105930001CEA135594EA0C0F95EA0C0F00F0DEF800
:105940002C4481EA030621EA4C5123EA4C5350EAE5
:10595000013518BF52EA033541F4801143F4801336
:1059600038D0A0FB02CE4FF00005E1FB02E506F0C7
:105970000042E0FB03E54FF00006E1FB03569CF01C
:10598000000F18BF4EF0010EA4F1FF04B6F5007F22
:1059900064F5407404D25FEA4E0E6D4146EB060694
:1059A00042EAC62141EA55514FEAC52040EA5E501D
:1059B0004FEACE2EB4F1FD0C88BFBCF5E06F1ED8C7
:1059C000BEF1004F08BF5FEA500E50F1000041EBFE
:1059D000045170BD06F0004646EA010140EA0200AB
:1059E00081EA0301B4EB5C04C2BFD4EB0C0541EACD
:1059F000045170BD41F480114FF0000E013C00F3E2
:105A0000AB8014F1360FDEBF002001F0004170BD05
:105A1000C4F10004203C35DA0C341BDC04F114041E
:105A2000C4F1200500FA05F320FA04F001FA05F2AA
:105A300040EA020001F0004221F0004110EBD37077
:105A400021FA04F642EB06015EEA430E08BF20EAA3
:105A5000D37070BDC4F10C04C4F1200500FA04F346
:105A600020FA05F001FA04F240EA020001F00041D8
:105A700010EBD37041F100015EEA430E08BF20EA4B
:105A8000D37070BDC4F1200500FA05F24EEA020E93
:105A900020FA04F301FA05F243EA020321FA04F0C2
:105AA00001F0004121FA04F220EA020000EBD37079
:105AB0005EEA430E08BF20EAD37070BD94F0000F79
:105AC0000FD101F00046400041EB010111F4801FAD
:105AD00008BF013CF7D041EA060195F0000F18BF5E
:105AE000704703F00046520043EB030313F4801F9A
:105AF00008BF013DF7D043EA0603704794EA0C0F54
:105B00000CEA135518BF95EA0C0F0CD050EA410669
:105B100018BF52EA4306D1D181EA030101F00041E6
:105B20004FF0000070BD50EA410606BF104619460E
:105B300052EA430619D094EA0C0F02D150EA01361A
:105B400013D195EA0C0F05D152EA03361CBF10465B
:105B500019460AD181EA030101F0004141F0FE41FA
:105B600041F470014FF0000070BD41F0FE4141F47E
:105B7000780170BD70B54FF0FF0C4CF4E06C1CEA7E
:105B800011541DBF1CEA135594EA0C0F95EA0C0F33
:105B900000F0A7F8A4EB050481EA030E52EA0335EE
:105BA0004FEA013100F088804FEA03334FF080550F
:105BB00045EA131343EA12634FEA022245EA11153C
:105BC00045EA10654FEA00260EF000419D4208BFED
:105BD000964244F1FD0404F5407402D25B084FEA9A
:105BE0003202B61A65EB03055B084FEA32024FF446
:105BF00080104FF4002CB6EB020E75EB030E22BFA3
:105C0000B61A754640EA0C005B084FEA3202B6EB62
:105C1000020E75EB030E22BFB61A754640EA5C0011
:105C20005B084FEA3202B6EB020E75EB030E22BFA1
:105C3000B61A754640EA9C005B084FEA3202B6EBA2
:105C4000020E75EB030E22BFB61A754640EADC0061
:105C500055EA060E18D04FEA051545EA16754FEAC3
:105C600006164FEAC30343EA52734FEAC2025FEAE1
:105C70001C1CC0D111F4801F0BD141EA00014FF070
:105C800000004FF0004CB6E711F4801F04BF014341
:105C90000020B4F1FD0C88BFBCF5E06F3FF6AFAE5D
:105CA000B5EB030C04BFB6EB020C5FEA500C50F1ED
:105CB000000041EB045170BD0EF0004E4EEA113170
:105CC00014EB5C04C2BFD4EB0C0541EA045170BD77
:105CD00041F480114FF0000E013C90E645EA060EBB
:105CE0008DE60CEA135594EA0C0F08BF95EA0C0FE9
:105CF0003FF43BAF94EA0C0F0AD150EA01347FF431
:105D000034AF95EA0C0F7FF425AF104619462CE707
:105D100095EA0C0F06D152EA03353FF4FDAE10466A
:105D2000194622E750EA410618BF52EA43067FF4BB
:105D3000C5AE50EA41047FF40DAF52EA43057FF44B
:105D4000EBAE12E74FF0FF3C06E000BF4FF0010C56
:105D500002E000BF4FF0010C4DF804CD4FEA410CBA
:105D60007FEA6C5C4FEA430C18BF7FEA6C5C1BD087
:105D700001B050EA410C0CBF52EA430C91EA030F08
:105D800002BF90EA020F0020704710F1000F91EA65
:105D9000030F58BF994208BF90422CBFD8176FEA33
:105DA000E37040F0010070474FEA410C7FEA6C5C01
:105DB00002D150EA013C07D14FEA430C7FEA6C5C08
:105DC000D6D152EA033CD3D05DF8040B704700BF34
:105DD0008446104662468C461946634600E000BF82
:105DE00001B5FFF7B7FF002848BF10F1000F01BD54
:105DF0004DF808EDFFF7F4FF0CBF012000205DF81F
:105E000008FB00BF4DF808EDFFF7EAFF34BF0120A3
:105E100000205DF808FB00BF4DF808EDFFF7E0FF3C
:105E200094BF012000205DF808FB00BF4DF808ED8D
:105E3000FFF7CEFF94BF012000205DF808FB00BFF4
:105E40004DF808EDFFF7C4FF34BF012000205DF8D6
:105E500008FB00BF4FEA410212F5001215D211D51E
:105E60006FF47873B3EB625212D94FEAC12343F057
:105E7000004343EA505311F0004F23FA02F018BFD9
:105E8000404270474FF00000704750EA013005D1A2
:105E900011F0004008BF6FF0004070474FF0000065
:105EA000704700BF4A0011D212F5001211D20DD571
:105EB0006FF47873B3EB62520ED44FEAC12343F010
:105EC000004343EA505323FA02F070474FF00000BA
:105ED000704750EA013002D14FF0FF3070474FF069
:105EE0000000704702440346934200D1704703F814
:105EF000011BF9E7884210B501EB020402D9844284
:105F0000234607D8431EA14208D011F8012B03F8FD
:105F1000012FF8E7024401468A4200D110BD13F870
:105F2000014D02F8014DF7E7F9F7AABB38B5044671
:105F30000D4600F08EF850B129462046FFF7C2F812
:105F400030B929462046BDE83840F9F759BB0E2044
:105F500038BD70B516460C4602F03CFB314605468E
:105F60002046FCF775FE0446284602F02EFB20462C
:105F700070BD00F033B970B5044600200E4600F045
:105F800019FBD4F8F0503DB1002331462046AC4611
:105F9000BDE870401A4660472B4601223146204634
:105FA000F9F7DAFD284670BD38B5044648880D4635
:105FB00000F000FBD4F8F0302BB929462046BDE8AC
:105FC0003840F9F7DBBC022038BD00F0F5BA00F02C
:105FD0003DB9F9F791B9FBF723BD70B5BDF8106075
:105FE000054606B16BB1334428469BB200F075F903
:105FF000044620B91EB13146284600F0AFF92046CC
:1060000070BD2124FBE7FBF7C3B9C0F8EC100020FA
:106010007047F9F7FFBE00F05CB910B4BDF804405A
:1060200001945DF8044B00F0A0B80B4610B514467F
:106030001846A168928800F022FDE168034631B15C
:10604000A0886288121A92B2184400F018FD00204D
:1060500010BD0346408A18B1188A003818BF0120C5
:1060600070470846FBF7FCBD00F0B2BA00F0B0BACA
:10607000FCF710B80847022A01D800F00EBA212018
:106080007047022A01D800F019BA21207047022A6D
:1060900001D800F025BA21207047FAF765BD0846FF
:1060A000FAF780BDFAF7CABD00207047002070479C
:1060B000013001D1FCF700BB212070477047D0F8B8
:1060C000943003F06003402B0DD0602B03D0203BB5
:1060D00058425841704749B10B68012B06D94869AD
:1060E00040F00100704740F20110704700207047F7
:1060F000F7B504461046D4E954C7DDE908268CEA12
:10610000020587EA06010540194085EA0C05794039
:10611000C4E95451002523F4004106EA010320F0AC
:10612000010043F40073024043F00203CDE900553F
:10613000FDF730FC94F824309A0713D5D4F8543185
:106140009B050FD54FF48811204600F0FDFB94F815
:106150002430024665F3410384F8243020460B4680
:10616000F9F7E6F8002003B0F0BDF0B587B01C46A3
:106170001746BDF830601AB90024204607B0F0BDBC
:10618000002BF9D00029F7D001AAFBF701F900286C
:10619000F2D0BDF80630A2199A42BDF80850C4BF2B
:1061A0009B1B9CB2B54212D90399AD1BADB23144D1
:1061B000A5420391ADF808500DD22A46384600F0AA
:1061C0005EFC0499621B781900F059FCD5E704992C
:1061D000761B3144049122463846F5E70846FCF721
:1061E000A3BC0520FBF74CBF08B5D0F8E4304BB199
:1061F0001A68022A06D993F825204AB1186AB0FB1A
:10620000F2F008BD40F6E7424C210020FEF7A8FF5F
:106210000020F6E7D0F8E42008B57AB11368022B25
:106220000CD9536A13F47F4FC3F3072106D0126AC7
:10623000DBB253438B42B3FBF1F006D2002040F6B1
:1062400006524C21FEF78CFF002008BD0346D0F813
:1062500030010860B3F8343100208B80704790F82B
:1062600030310C2B14BF90F82B00FF20704738B54D
:106270000C464FF400610546FEF78EFC60B16CB130
:1062800095F81E3163B94FF480722846BDE8384056
:106290004FF48071FEF76CBC2202F6E72246F4E769
:1062A00038BD4FF48071FEF777BC08B54A024FF451
:1062B0000071FEF75DFC002008BD08B58A024FF4AE
:1062C0008061FEF755FC002008BD4FF40071FEF719
:1062D00063BC062300208B7170472DE9F04188468E
:1062E00018F0030706461546194633D1B2F5805F0C
:1062F00030D89A422ED33F2A28D9B2FA82F401220A
:106300000120C4F11F03DBB29A4092B2AA422CBF13
:10631000C4F11904C4F11A04E2B2931DDBB298402F
:1063200080B2A84214D096F8F530ABB9012096F8A7
:10633000253060F3000386F825304046FAF7D8FD93
:10634000C6F82080B5823846BDE8F0813A46EAE7D3
:106350000020ECE72127F6E70E27F4E7084600F0D7
:106360000CB9F8B511F0030607460D46144621D1C5
:1063700002B313883F2B1DD9B3FA83F3C3F119017C
:10638000C9B2062901D8192B12D0062928BF062127
:1063900001238A1DD2B293402846238000F0F3F8EF
:1063A00023883846FD617B82FAF7B4FE3046F8BD9B
:1063B0003146EDE72126F9E738B5148811F00305D9
:1063C0004FEAC4041ED13F2C1CD9B4FA84F4C4F1A2
:1063D0001903DBB2052B01D8192C11D0052B28BFCE
:1063E000052301240633DBB204FA03F3C3F3CF041D
:1063F0001480816104824387FAF78CFE284638BDF9
:106400002B46EEE72125F9E710B514460846012191
:10641000FCF75CFA2046BDE810400121FCF756BAB3
:10642000F8B504460E46174602F0D4F83A4605463B
:1064300031462046FCF73AFD0446284602F0C5F8EE
:106440002046F8BD0520704703207047FBF710BEBB
:1064500010B50023FAF734F8044608B9FDF7D0FC6C
:10646000204610BD70B504460E46154600F0A7F84C
:106470003146204600F014FA00F0A1F829462046E3
:10648000F8F788FF204600224FF40031FEF770FB3A
:10649000002070BD8021FEF77FBB7FB5531C05AA8D
:1064A000ADF81410029202210022DBB2CDE90021E6
:1064B0001146FEF77BFB07B05DF804FB7FB5531C6C
:1064C00005AAADF81410029204210222DBB2CDE934
:1064D000002100220121FEF769FB07B05DF804FBF3
:1064E0001FB5531C029100220821CDE90021012291
:1064F000DBB21146FEF75AFB05B05DF804FB10B5A0
:106500000446F8F741FF01462046BDE81040F8F781
:1065100041BF2DE9F74F01251C469DF83030064656
:1065200001930368174603F0070306339D4005F106
:10653000FF380B46A1B1416804EA080BA5EB0B0A32
:1065400041F00059524509EB0B0114D95246184647
:1065500000F095FA49467A1B5A44504400F08FFAED
:10656000019B2BB13C4448EA050804EA0804F460A6
:1065700003B0BDE8F08F1846F0E74FF03A4302222F
:1065800098615A6370474FF03A4301225A6741F6C7
:10659000FF72D96418651A67704737B5002514462D
:1065A0000095FFF7B6FF204603B030BDFAF732B9C9
:1065B00000207047002070470020704770477047E8
:1065C00010F0FD0F14BF4FF0FF300020C0B2704735
:1065D00008B5FBF783FEBDE80840FBF72FBF38B5D1
:1065E0000446FFF7F5FF0546FFF7F2FF431BA34202
:1065F000FAD338BD38B50D460446FBF76FFE35B10A
:10660000844200D90139204601F0030138BD84429B
:1066100038BF0131F7E708B50121FFF7EBFFBDE80F
:106620000840FBF70BBF08B521B1920000F027FA34
:10663000002008BD2120FCE700F06F43B3F1804F3C
:1066400002D0B3F1204F02D120F07040704700F02B
:106650006043B3F1204F08BF20F0805070470B0C0F
:1066600023F48053B3F5284FF7B50D468FB2064695
:1066700099B216D04AF60103994214D04AF60203A1
:10668000994212D0B1F5204F14BF04240324D6F848
:10669000E0300BB1196851B9D6F8DC3093B92868ED
:1066A0000EE00024F3E70124F1E70224EFE723469C
:1066B00068463A46FBF748FFDDE90003002BEBD1C3
:1066C00003B0F0BD19680029E9D0234668463A4670
:1066D000FBF73AFFDDE90003002BE0D1F0E702040D
:1066E000C0F3891307D56FEA83536FEA935313F509
:1066F000007F18B206D0A3F1C8006FF4FF73984270
:10670000B8BF184670470020FCF784BA0120FCF798
:1067100081BA0E207047FDF78BBDFDF789BDFDF7EF
:1067200087BDFDF785BD08B50846FEF78DF908BDA4
:10673000FDF77EBD022070470220704700207047A1
:1067400001207047002070470E207047FAF71CB9EF
:1067500008461146012200F086B870B505460C4681
:1067600011461A46FEF798FA06682B462046B446AC
:10677000BDE87040604710B5FEF78EFABDE81040E6
:1067800083681847FFF764BEF9F7B8BFFFF7CEBBC1
:10679000F9F790BC70B504460D4616464FF48811C3
:1067A00000F0E7F8324629462046BDE87040FAF787
:1067B000F7BA7047431E012B03D9031F58425841B3
:1067C000704701207047FFF7F3BE4FF4D8720021E5
:1067D000FFF788BB70B50446F9F716FD0546A8B962
:1067E000A169F1B1238AD3B1204604F11002FFF769
:1067F000E3FD38BBE16919B3638AA3B1204604F114
:106800001202FFF7AEFD78B1054603E00023A36155
:106810002361E361002328466361236270BDA061A8
:10682000E8E72082E6E7E361216A0029F2D0A28A44
:10683000002AEFD02046E38ABDE87040FFF74DBD47
:106840006182F1E76582E561DEE711B9D0F8DC101D
:1068500021B1CB6813B18B68D88970474FF6FF70B0
:106860007047F8F777BDF8F79BBDFFF7BDBCFFF7A2
:10687000D1BC70B500232425D0F8DC00C4689C424C
:1068800001D1212070BD826805FB0322D6898E428A
:1068900002D8128A8A4201D20133F0E70020F1E7E0
:1068A000F8B506460D46FEF759FAD8B94FF6FF730C
:1068B0004FF0240CEF68C1B28F4208D81C46214625
:1068C0003046FEF7FFFBFFF779FE2046F8BDAA68C9
:1068D0000CFB0122D4899C4202D2002CEFD023462B
:1068E0000130E8E70024F0E7C08D70470A7838B53A
:1068F00005461046FFF75EFF60B14C782046FFF773
:1069000059FF38B12243530704D42846BDE8384024
:10691000F8F7FCBF212038BD10B504460878FFF712
:1069200049FF58B14A781046FFF744FF30B1042AB6
:1069300004D02046BDE81040F9F706B8212010BD6C
:10694000FFF7D6BBF9F70EBB38B505460C4601F08C
:1069500041FED5F890301C40D5F88C302343C5F863
:106960008C3001F032FE211E18BF012100204902A7
:1069700038BD38B504460D4601F02CFED4F89030F1
:106980001D40D4F88C3023EA0505C4F88C5001F082
:106990001CFE284638BDD0F88C00704710B5044660
:1069A0000121FFF7E6FF2046FEF7F0FB002010BDB7
:1069B00038B504460D464FF48811FFF7DAFF294633
:1069C0002046BDE83840FAF713BA73B50D7806468D
:1069D0000C4635B304238DF804302379304601A9E1
:1069E0008DF80530FFF798FF0546B8B92278A379EE
:1069F00052BB8DF80430E379304601A98DF805309B
:106A0000FFF774FF054648B923783BB161883046EB
:106A1000F9F7C6F901213046FFF729FC284602B0F4
:106A200070BD2946FFF723FC29463046FFF73DFCA1
:106A300029463046FFF741FC2378002BCAD1237941
:106A40008DF804306379C9E702228DF80420D3E77A
:106A5000FFF72BBCFFF739BC0020704770470139A6
:106A6000024410B5904201D1002005E0037811F8EE
:106A7000014FA34201D0181B10BD0130F2E70A44B8
:106A8000431E914200D1704710B511F8014B91425D
:106A900003F8014FF9D110BD431C08BF0020F8F7DF
:106AA000A5BD00004FF40022184B5A664FF0B443C6
:106AB0009868C0F304400C280AD8DFE800F00B09FE
:106AC00009090909072119091B1D1F0010487047F2
:106AD000002070479B6803F04073B3F1807F11D0B2
:106AE000B3F1007F10D00B4A002B08BF104670474F
:106AF0000948704709487047094870470948704776
:106B0000094870470948704709487047009000508D
:106B1000405DC60000093D00C0EA210180BA8C0139
:106B20000048E801005A62020024F40080841E003C
:106B300040420F00014B1868704700BF0C44002012
:106B40000A4B1B6F03F00703013B032B03D8DFE85D
:106B500003F00B030609FEE7054B18687047044B6A
:106B600058687047034870470348704700800050DA
:106B70000C44002080D54302002D310108B5FFF7F9
:106B8000DFFF044B1B6FC3F303330133B0FBF3F0A0
:106B900008BD00BF00800050014B5868704700BF1F
:106BA0000C440020034B5A68D20702D5DA69002A48
:106BB000F9D1704700C00A504FF48062294B9A66A1
:106BC000BFF34F8F036A052B14D84FF09842116C16
:106BD000C902FCD504339B0013650168103B1160AA
:106BE0004168116050F8081F11604FF0984203444B
:106BF00083421DD14FF098435A6CD202FCD54FF41A
:106C00008062586D184B10F470209A6628D0B0F549
:106C1000802F1CD010D8B0F5003F1AD0B0F5403FFF
:106C200019D0B0F5803F08BF482018BF0120704739
:106C300050F8041F1160DBE7B0F5202F0DD0B0F540
:106C4000302F0CD0B0F5E02F08BF2120EDE74B200E
:106C500070472A2070472C20704710207047112061
:106C6000704700BF0090005000A0005038B50246A9
:106C70000B4604460D4600200549F4F786F93023FB
:106C800083F3118829462046BDE8384001F096BCC0
:106C9000ED870308F8B5EFF31187302383F31188EC
:106CA00020492148FFF77EFF8B69D0F880540A6C99
:106CB000D20703D5FFF776FF8B69013587F311887B
:106CC000BFF36F8F194A9A42194AAA4124D3D0F8C8
:106CD00084240AB34FF47A74A3FB0401531E1342B5
:106CE00004FB051112D1B2FA82F2C2F11F04531C47
:106CF000D24320FA04F601FA03F31E4321FA02F20A
:106D0000164321FA04F430462146F8BD0023FEF76D
:106D1000BBFA06460C46F6E747210648FFF7A6FFF2
:106D2000F1E700BF00C00A5008100020EFA7C64BD3
:106D300037894100008803080229F8B597BF114B35
:106D400000245B181C7F012805460E4609D0022846
:106D50000AD008B944F002040B4BD3F8DC7437B9FD
:106D6000F8BD44F00804F7E744F02004F4E77B683A
:106D70001A68144203D0314628465B6898473F683A
:106D8000EDE700BFE091030808100020094A034620
:106D900092F82E0510B558B107498C6D14F0050F07
:106DA00002D092F82F4514B1002BF6D1184610BD31
:106DB0000120FCE7081000200040005A164A92F813
:106DC000303533B10121154B596015498B69DB070B
:106DD000FCD5144BD2F83405196F21F0070101439B
:106DE0001967D3F82011D2F8380521F007010143C3
:106DF000C3F82011D3F82811D2F83C0521F007017F
:106E00000143C3F8281192F82E351BB14FF480329C
:106E1000054B9A62FFF7B2BE0810002000D0015067
:106E200000C00150008000500060005A054B93F8EC
:106E30002E0518B1D3F8480500EBD000D3F84C3537
:106E40001844704708100020134B10B593F82E35E6
:106E50008BB1124C94F89D31CBB9114B9A6DD10383
:106E600002D5DA6D920702D49B6DDB0704D54FF48F
:106E700080320C4B9A6210BD012384F8943100F0EB
:106E800083F84FF48032074BC4F890019A620023D4
:106E900084F89D31EFE700BF08100020002100209A
:106EA0000040005A0050005A70B5134C94F8423517
:106EB000D3B1124D95F89E3123B1FFF7C5FF0023E2
:106EC00085F89E310020FFF761FF94F8406560B1BE
:106ED000FFF774FF00230121304684F84235FFF7A5
:106EE0002BFF012384F8403570BD012385F89F6195
:106EF00084F84135F8E700BF081000200021002089
:106F00000D490B6898B100229BB1834203D183687D
:106F100022B90B6003E01A469B68F5E7936083682B
:106F20001BB15A6941690A445A6100207047222006
:106F300070470220704700BF54290020F0B49DF82C
:106F40001050BDF81460C0B10024C461EFF3118784
:106F5000302484F311880B4C246814B1A0420AD168
:106F6000012487F31188BFF36F8F4CB9CDE9045624
:106F7000F0BC01F04FBAA468EFE72220F0BC7047E4
:106F80000320FBE75429002010B5EFF311843023D0
:106F900083F31188FFF706FE034B986984F3118889
:106FA000BFF36F8F10BD00BF00C00A50014B1868BF
:106FB000704700BF8C1400200F4B10B51A689AB1AF
:106FC0004FF47A71531E1342A0FB01010ED1B2FAA5
:106FD00082F2C2F11F04531CD243E04001FA03F3D2
:106FE000184321FA02F20243104610BD0023FEF7B7
:106FF0004BF90246F8E700BF8C14002038B5002595
:10700000FFF7D0FD094B0A489C690A4B1A680368D0
:10701000E31A2AB123B15169994203D3C91A5161C4
:10702000046038BD55615B1A9268F2E700C00A50EF
:10703000502900205429002070B55E4C86B0ADF870
:1070400006100023214611F8015BA84248D0013305
:10705000DBB2082BF7D100230821574D15F8016B3F
:10706000B04200F0A280013911F0FF01F6D11BB14E
:107070008DF80B100DF10B03082114F8015BA842E9
:1070800073D0013911F0FF01F7D14C4B460003EBEF
:107090004001B1F8DA40B1F8B251AC4257D34FF6E3
:1070A000FF718C424FF0010103D01E440134A6F859
:1070B000DA4000F0FD04092C67D1B3F8EE40B3F8D4
:1070C000C6612244B242B8BF96B2A3F8EE603B4B11
:1070D00003EB4003B3F8DA30AB423AD206B070BDEE
:1070E0000123B9E70023BDF806108DF80B308DF8A9
:1070F0001030ADF8121004ABBEE74FF6FF739942A3
:10710000ECD00131A6F8DA1001213EE0012C0ED8B6
:1071100004EB4414044403EB44034FF6FF74B3F848
:107120002E11A1421CBF0131A3F82E11ADE7022C94
:10713000ABD14FF6FF74B6F82E11A1421CBF01313E
:10714000A6F82E1100F1210103EB4103E5E7002130
:10715000ABE70029C2D1F2238DF80E00032103A86A
:10716000ADF80C30F5F7B6FFB8E71C78134B2028C4
:1071700003EB4006B6F8DA10B6F8B251C6D98D4224
:10718000BBD90131A6F8DA1000211D289FD10B4C84
:10719000B4F814319E18AE42BDBF03F1FF339B1803
:1071A000A4F81431A4F8145191E7002B9AD10DF1F1
:1071B000060361E74D9C0308559C030848340020F2
:1071C000F8B5C38804460D464BB9EFF3108772B685
:1071D0001B4B1B78012B09D8384601F0F6F91949E9
:1071E00065610B682BBB0C60A36021E0164B1E6829
:1071F000FFF71CFE0644384601F0E7F9B542EED22F
:10720000EFF3108572B6FFF74FFE284601F0DDF967
:107210003546E4E7AD1A9A68184665616AB11346C7
:107220005A69AA42F6D930B18460521BA3605A61F0
:10723000F8BD0020F4E70C60F7E79C60A260F7E778
:1072400048150020542900205C1500202DE9F0414C
:107250002B4F3B68002B50D05C692A4B002C40D050
:10726000294A2A4E1268144402225A64EFF3108805
:1072700072B6FFF797FCB56901F05AF8F36C326CFF
:10728000960704D45A1B032A01D89D420FD1631BD1
:10729000022B98BFEC1CB4F1FF3F38BF013C01F05A
:1072A00047F80222194BDC6403F580535A644046C8
:1072B00001F08BF9164B93F84D202AB10121114AA8
:1072C0009164002283F84D20002312493A680B7024
:1072D00022B1D088800708D501230B700020BDE8BB
:1072E000F08102225A641A64EEE79268002AF5D00F
:1072F00050690344012BECD9F0E72220EFE700BFEF
:107300005429002000D00A505029002000C00A5003
:107310001C4500202629002038B50446002837D017
:10732000C388062B0BD11B4B93F84E203AB9022190
:10733000194A916404219164012283F84E20EFF3ED
:10734000108572B6FFF75AFE144B20461B68A34205
:1073500008D0FFF7D5FD0446A8B1284601F035F95D
:10736000204638BDFFF7CCFD04460028F5D1FFF7D5
:107370006DFF222807D10122064B83F84D20064BD2
:107380009A6402225A64284601F01FF90024E7E7B4
:107390002224E5E71C45002000E00A505429002083
:1073A0002DE9F84FEFF31187302383F31188594B00
:1073B00059491B6C03F0010213F0020F03F00303A1
:1073C0000B640ED13AB1554A136801331360FFF7CD
:1073D00015FEFFF73BFF87F31188BFF36F8FBDE802
:1073E000F88F3AB14D4A136801331360FFF706FE78
:1073F000FFF72CFFEFF3118A302585F311884FF04A
:10740000000BFFF7FBFD5E46DFF80891444B1C685C
:107410000CB16369CBB10022424B012E1A7003D12B
:107420001BF0020F18BF1E70FFF710FF222807D1B4
:1074300001223D4B83F84D20374B9A6402225A6457
:107440008AF31188BFF36F8FC5E723465A693AB9AB
:107450001A792179914288BF1C469B68002BF5D18F
:107460008AF31188BFF36F8FD4F810B0BBF1000F0F
:107470001DD0FFF797FBD9F81820A369A2EB030AE8
:107480004FEAEA72DA4572F1000211DB5B44A36154
:10749000E36813B1204621689847B4F806B0013676
:1074A000EFF3118A85F31188FFF7A8FDAEE7DA46FE
:1074B000EFF3118885F311882046FFF721FD88F34B
:1074C0001188BFF36F8F2369002BE1D0A38BBBEB37
:1074D0000A0133B1E28B13449BB2B3F57A7F10D229
:1074E000E383EFF3118A85F311882046FFF768FEE6
:1074F000A36922691344A3618AF31188BFF36F8FD4
:10750000C6E7A3F57A73E383A3690139013BA3615D
:10751000E7E700BF00C00A5000E00A5088140020CE
:1075200054290020952200201C45002050B1074B13
:107530001B68984208D3064B1B6898422CBF00205A
:10754000012070470120704700207047741500200B
:107550007C15002008B5054B1868FFF7F7F800F018
:107560000300C31E5842584108BD00BF441D0020FF
:1075700038B54FF0FF300C46FFF78EFA0A4B054640
:107580001868FFF789FA641B241A20B210F1630F00
:1075900006DB10F1240F05DA64308000C0B238BD7C
:1075A0000020FCE7FF20FAE7441D0020F7B5124C4D
:1075B000D4E9086586EA020C85EA03070CEA000CA8
:1075C0000F405CEA070E15D086EA0C067D40C4E940
:1075D0000865CDE900230B46084902460868FFF715
:1075E000AFF938B14FF4FD71054803B0BDE8F04084
:1075F000FFF73CBB03B0F0BD58290020441D00201C
:107600009289030808B5074B1868FFF72EF930B1C7
:10761000054BB3FBF0F083B20BB1184608BD012057
:10762000FCE700BF441D002040420F000148FFF767
:107630001DBB00BFF59C030810B5EFF31184302388
:1076400083F31188064A13889BB231B11843108026
:1076500084F31188BFF36F8F10BD23EA0000F6E7B3
:107660003E1D002008B5114B1B78062B04D040F6B8
:1076700021010F48FFF7FAFA0E4B1B881B0704D4B1
:1076800040F622010A48FFF7F1FA2A2001F08EF8AD
:1076900008200021FFF7D0FF0222074B9A74074B06
:1076A0001868BDE80840FDF741BB00BF401D002041
:1076B000928903083E1D002050460020441D0020F2
:1076C0000022034B01214FF480701A70FFF7B4BF02
:1076D000401D00200D4B70B51B88DB0604D440F61E
:1076E00047010B48FFF7C2FA0A4D00211020FFF7AF
:1076F000A3FF6C6D24B940F2FD310748FFF7B6FADD
:1077000000236B652346BDE8704018473E1D0020EE
:1077100092890308101C00204F9F030810B50D4CE0
:10772000A36A23B940F6A3410B48FFF79FFAA46A66
:10773000B4F8013003F00703032B09D1092201211A
:10774000204600F088FF205C031F5842584110BDBE
:107750000020FCE7582900209289030830B1044B2F
:1077600000F100401B68013803EB4000704700BF88
:107770007415002010B508B9002010BDFFF7EEFF0A
:107780000446FFF7D3FE20B94FF49D610648FFF78A
:107790006DFA002CF0D02388DB0B0ABF60882089AB
:1077A000C0F30C00E9E700BF0989030810B50446DF
:1077B00008B9002010BDFFF7D1FFFFF7B7FE20B9D1
:1077C00040F2CD410748FFF751FA2046FFF7C6FFC8
:1077D0000028EED00388DB0B14BFD0F80A00083075
:1077E000E8E700BF0989030838B5FFF7B7FF0D4682
:1077F000044650B1FFF79AFE20B940F241510348C8
:10780000FFF734FA023534F8150038BD098903084A
:1078100070B5FFF7A3FF0C4616460546B0B1FFF75B
:1078200085FE20B940F24D510C48FFF71FFA304653
:10783000FFF794FFFFF77AFE20B940F24E51074858
:10784000FFF714FA023425F8146070BD40F252516B
:10785000BDE870400148FFF709BA00BF0989030875
:107860002DE9F041C41CA4082D4B64000434B0F58C
:10787000005F064688461D68A4B204D340F29551C5
:107880002848FFF7F3F9EFF31187302383F31188CA
:107890002548426B6AB9254A1368ED1AC5F34F05AE
:1078A000AC4225D987F31188BFF36F8F0020BDE864
:1078B000F081B8F1000F11D01C4B1B68D11AC1F335
:1078C0004F018C42EED8194D610003EB44042C604B
:1078D000B8F1000F0FD10A4442630CE0AD1AC5F3B2
:1078E0004F05C5B940F2A6510E48FFF7BFF9D9E7D9
:1078F00003EB4404146000225E809A80DA801A80D0
:1079000087F31188BFF36F8F094A1068181A401067
:10791000013080B2CBE7AC42C4D8044B1B68D2E73D
:107920007815002009890308582900207C150020BB
:107930007415002082684F4B2DE9F0419A420446AD
:107940000E4605681AD121B140F213114A48FFF7DB
:107950008DF9EFF31182302383F3118823691BB96A
:107960002B683BB924612C6082F31188BFF36F8FC1
:10797000BDE8F081196921611C61F4E700F058FE4F
:107980003E4B80465B68C3F3080323B14FF4957107
:107990003948FFF76BF96FF000439E42216913D21B
:1079A0002B7B08EB0602002B4DD0AB6893424AD1EB
:1079B000531C002949D061699942D9D056B9521A4D
:1079C000B2F1004F06D8D3E7434400293DD06269A5
:1079D0009342CDD0636123696E689C4203D19D219F
:1079E0002548FFF743F92F460023B4420BD0002B64
:1079F0003AD172696169891AB1F1004F2BD83269A5
:107A00003746944225D12269BD420CBF6A603A6173
:107A10007BB92669B44203D1B8211748FFF726F98C
:107A20003B46012E05D062697169521AB2F1004FCE
:107A30001CD99D420BBF6B681A69236122610CBF80
:107A40006C601C6194E71346B3E76A6822616C605E
:107A5000C0E71646CDE7A8EB0202B2F1004FCED93F
:107A60003B4637463669C0E71F46F9E73346366975
:107A7000D7E700BF49330108C69C030800ED00E0CA
:107A800038B50C4630B100210420FFF7D5FD012C9C
:107A90001CD038BD234B1B889B07F8D50129224AEF
:107AA00029D192F8541031B30139C9B282F8541077
:107AB00011B92020FFF7C0FD02200021FFF7BCFD17
:107AC00004221A4B1A481A70FFF734FF164B9C6AAF
:107AD000B4F8013003F44063B3F5006F1ED1012107
:107AE0000422204600F0B7FD215A0022BDE83840AC
:107AF0002020FFF7A1BA00210E4D022082F8541079
:107B0000FFF79AFD95F87C30FF2B04D040F2996185
:107B10000948FFF7ABF885F87C40B8E74FF6FF71EE
:107B2000E3E700BF3E1D002058290020401D002033
:107B3000AC460020504600209289030838B5104C0E
:107B400005462388590708D5FFF704FD072000F0F4
:107B50002DFE00210420FFF76FFD23889A0706D52C
:107B6000284600F023FE01210020FFF789FF23882B
:107B70001B0703D5BDE83840FFF774BD38BD00BF13
:107B80003E1D00202DE9F0431446620680461E4645
:107B90008FB004D5FFF7DEFC012000F007FEF304F0
:107BA00002D52D2000F002FEA7021DD54046FEF7AB
:107BB00051FF0146C0B94020FFF73EFD404608A9ED
:107BC000FEF76DFA80B99DF82830022B40F0BF8097
:107BD000BDF8200000F0F4FAFF2800F0C58000F0A6
:107BE00009FB002840F0C080A00304D5FFF7B2FCD9
:107BF000032000F0DBFDE10104F0807540F1BF805F
:107C0000A94B1B889A072BD5A84D2868FEF7E1F9E8
:107C100030BBA74BA74F83F8540097F87C30FF2B5D
:107C200004D040F25761A448FFF720F80021022059
:107C3000FFF702FD87F87C10A04F3B78062B06D19A
:107C400008200121FFF7F8FC282000F0AFFD3B7869
:107C5000052B05D12B2000F0A9FD2868FDF766F85B
:107C6000250716D5914F0321386803AAFEF7CBF9F3
:107C7000054620B940F2C9618F48FEF7F7FF9DF82D
:107C80000C30072B00F0B080FFF764FC042000F0FC
:107C90008DFDE20504D5FFF75DFC042000F086FDB4
:107CA00014F4863F04D0FFF755FC022000F07EFD5F
:107CB000A30110D5FFF74EFC082000F077FD00214E
:107CC0000420FFF7B9FC7D4B1B78012B03D1774BC8
:107CD0001868FDF72BF814F0084F08D0FFF73AFCAE
:107CE000072000F063FD00210420FFF7A5FCA7009A
:107CF00008D5FFF72FFC062000F058FD00210420D6
:107D0000FFF79AFCA50705D5674B1B881C0701D513
:107D1000FFF7A8FC700602D50A2000F047FDF10528
:107D200040F16D8108AA404603A9FEF70DFD9DF8BC
:107D30000C20222A00F0568100F26A81152A40F2B6
:107D4000538140F60A115C48FEF790FF57E1032B80
:107D50007FF44AAF08A800F0B9FAFF2804D000F079
:107D600087FA05077FF540AF4046FEF796F90028F1
:107D70007FF43AAF01214020FFF75EFC34E706F0C4
:107D8000020755EA070305D0262000F00FFD012168
:107D9000284609E004F0805555EA070307D026205D
:107DA00000F004FD02213846FFF76AFE58E704F0B0
:107DB000884353EA050204D0272000F0F7FC022193
:107DC000E6E706F00802134302D0232000F0EEFCA1
:107DD000730702D5242000F0E9FCF7077FF540AFD8
:107DE000252000F0E3FC3BE72946386808AAFEF7A7
:107DF00010F920B14FF4DA612F48FEF737FFBDF8D4
:107E00000E303868023308A9ADF82430FEF703F9C4
:107E100020B140F2DF612848FEF728FF00230093DD
:107E200029460423386802AAFEF7F7F8042804D08C
:107E300040F2E4612048FEF719FFBDF8093003F075
:107E40000703022B3CD1FFF785FB092000F0AEFCB5
:107E50001A4B1B78062B7FF41CAF154B9DF80B209B
:107E600093F855309A427FF414AF9DF82D3023B922
:107E700040F2FA611048FEF7F9FE2920BDF80950DA
:107E800000F094FC00210820FFF7D6FB094BC5F356
:107E900000159D74FFF742FC00287FF4FAAE3868A5
:107EA000FCF744FFF5E600BF3E1D0020441D002006
:107EB000582900205046002092890308401D0020C8
:107EC000BDF80E000121083080B2FFF7C9FC8146E1
:107ED00000283FF4D9AEFFF769FC0546014603AA26
:107EE0003868FEF7A2F8B5F8013098065FD5386813
:107EF000FEF7B0FD0746FFF72DFB781DC0B200F07E
:107F000055FCB5F80130584F03F00703032B07D198
:107F100009220121284600F09EFB285C042834D069
:107F200001210420FFF788FB4FF0FF30FEF79CF89B
:107F3000B86500214D48BDF80E20407CAB18A85410
:107F40009DF82E209A709DF82F20DA70089A100E56
:107F50001871100C5871100A9871DA716A7899B317
:107F600042F020026A70424A92F8A8205A70EFF359
:107F70001185302383F311883E48494600F0F0FB19
:107F800085F31188BFF36F8F83E60121FFF754FB60
:107F90004FF0FF30FEF768F8374BB8651B8859067D
:107FA000C7D500214020FFF747FB0121C2E7FFF7BB
:107FB000D1FA092000F0FAFB304B1B78012BB8D125
:107FC0003868FCF7B3FEB4E702F0DF02CAE701232A
:107FD0007E32D2B2934013F00A1F30D113F0011F4A
:107FE0003FF4AFAE27202BE001239340244A1A40F0
:107FF0002ABB13F0041FF5D1DA077FF5A2AEB30553
:108000002FD5012180200FB0BDE8F043FFF714BB4E
:10801000652A1AD8622A12D8452A0CD8422A0ED8C4
:10802000352A06D8322A0AD8252A08D9322AD9D0A0
:1080300087E6422AFBE7552A05D8522AF7D9262097
:10804000FFF77CFDDBE7622AF1E7952A3FF679AE80
:10805000812ABCD8722AC5D0733A022A3FF671AE83
:10806000EDE70FB0BDE8F08358290020504600200E
:10807000101C0020922900203E1D0020401D0020E1
:108080003A003800002270B50A4B1C780A4BD5B272
:10809000AC4202D800200C7008E01E8801328642F3
:1080A00005D30D701B881B1A5842584170BD1233FE
:1080B000EDE700BF4C3700204E37002030B50446B6
:1080C0000D4685B002B9084A1068516801AB03C378
:1080D00001AB03CB20602046ADF80C501B886160DB
:1080E000238105B030BD00BF969B030810B5082260
:1080F00007490446FEF7B3FCB0FA80F04FF6FF7371
:108100002289400940009A4208BF40F0010010BD9A
:10811000C89F030838B5012104461020FFF78CFAE8
:10812000064B1D68FFF76EFA012200FB04F1044BB9
:108130002846FEF712FB002038BD00BF441D00207A
:10814000D576030810B5194C237E73B1636913B358
:108150004FF47070164A516D21B9164B5365FFF7F5
:10816000D9FF6369013B636110BD134B4FF0FF31D1
:108170001868FEF70DFBE369002894F92020B8BFCA
:108180000330013340F38700E36163698242B8BF83
:1081900084F8200043B9094881690029E4D1BDE889
:1081A00010400830FFF7C6BB0820D3E7E83A0020AC
:1081B000101C002045810308441D00203849002080
:1081C0000A4B01469B6830B52BB1094A147800224E
:1081D000D0B2844201D8FF2030BD5D888D4202D1EB
:1081E0001D69ED07F8D401321833F1E7E83A0020B1
:1081F000354700200F4A03469068D0B10E4A1278E6
:108200009A4215D919B203EB430300EBC30003698B
:1082100013F001000DD0094A126832F8112002F45F
:10822000E2622AB913F00C0F14BF0120002070473E
:1082300001207047E83A002035470020402B0020FD
:10824000094B9B686BB1094A1278824209D900EB4D
:108250004000C20003EBC0000169C90701D5985C6A
:108260007047FF20704700BFE83A002035470020E4
:108270000C4A0346906890B10B4A12789A420DD985
:1082800003EB430300EBC300D0E9043213F0010019
:108290004FF0000104D018461146704700200146F7
:1082A000704700BFE83A002035470020054B1B68A7
:1082B0002BB9054B1868003818BF01207047012002
:1082C000704700BF4C2D0020382D0020164B2DE9A3
:1082D000F0411C680746F4B1144B93F80080B8F1E4
:1082E000000F18D000260434F5B22FB9E368DA077E
:1082F00013D42846BDE8F081082239462046FEF70F
:10830000AEFB50B9E368DB07F3D40136F5B2A845FC
:1083100004F11804F0D8FF25EBE70136F3B29845D5
:1083200004F11804E0D8F6E7F03A002035470020C1
:10833000034B5A68D20702D59A6D002AF9D17047CB
:1083400000C00A502DE9F843DFF880800646B8F8EF
:10835000000000F01DFA0446A8B3FFF727FA07460D
:108360003046FFF7C3FE05463846FFF7BFFE032D34
:10837000814622D0032820D010F0020F1DD1A9077A
:108380000CD510F0010F18D10543EA0703D4328948
:108390003B899A4211D12046BDE8F883082239462C
:1083A000304645EA0905FEF75AFBEB0703D432894C
:1083B0003B899A4201D10028EDD02146B8F800004F
:1083C00000F0EBF9C7E70024E5E700BFC447002051
:1083D000036813F4E07F03F03F00C3F382120BD075
:1083E000012A0BD0022A06D1074B49B103F580536D
:1083F000012282401A607047044BF6E7044BF4E711
:1084000003F50053F4E700BF6C8000506480005017
:10841000688000502DE9F8431F469DF820300D4636
:10842000037100230446BDF82490DFF8AC80C0E956
:10843000032383600760A0F806901646FEF7B2FBA0
:10844000D8F818302B44A3613DB9656116B139469F
:108450002046B0470020BDE8F883B9F1060F25D1CA
:1084600008221C4B9A62EFF3108472B6FEF79AFB57
:10847000D8F81830022D8CBF5B190333B3F1FF3FDE
:108480002CBF1946591EFFF753FF134B20461965A1
:1084900000F09BF8114B1A78002ADBD00221104A19
:1084A00091640421916400221A70D3E7EFF31086DF
:1084B00072B6FEF7A3FD29462046FEF781FE094B62
:1084C0001B689C4201D1FEF7C1FE304600F07DF8EA
:1084D000C0E700BF0050005A00C00A506A450020A3
:1084E00000D00A5054290020F8B5244A1378FF2BF5
:1084F00002D100283FD0F8BD002B39D10028FAD096
:10850000012313701E4B1B78012BF4D9EFF3108558
:1085100072B61C4E3378F3B11B4C23781BB9012281
:1085200022701A4A13701A4F3B781BB1FEF78CFC6D
:1085300000233B70284600F048F80120FEF726FC97
:10854000EFF3108572B623781BB1FEF737FC0023DA
:108550002370002333700A4C284600F036F8207848
:108560000128C8D00121FEF7E7FB01232370C2E7F1
:1085700008B10133C5E7013B1370BCE7A12200201D
:10858000481500204A150020A0220020491500208F
:108590009E220020074A10B512780C464AB10728DF
:1085A00007D8054A02EB00131B7B13B1D1F73AFA47
:1085B000207010BD341300207011002042DE70477F
:1085C00010B962B6BFF36F8F704710B962B6BFF3D0
:1085D0006F8F7047EFF3108072B6704780F3118889
:1085E000BFF36F8F7047EFF31180302383F311884F
:1085F000704708B528220021FDF774FC002008BD53
:10860000036A042B9FBF00EB83020133D160036236
:108610007047836813B9816070475B685A68012AA4
:10862000FBD15960704708B5FEF734FB80B208BD36
:1086300008B5FEF72FFB08BD10B5EFF3108472B636
:10864000AFF30080D9F754FFAFF300802046BDE8B8
:108650001040FFF7B5BF032A30B545D0435A81F02B
:108660000101C1F1040413F44065E4B209D1042A04
:10867000204605D0052A16D113F0400F18BF20461A
:1086800030BDC1F10600042AC0B2F9D0B5F5006FC3
:1086900003D1C1F10801C8B2ECE7B5F5406FE9D1EB
:1086A000C1F10E01F7E713F4404108D1062AE7D0E3
:1086B000072AE5D0082A13D10130C0B2E0E75C06F2
:1086C0005CBF0230C0B2062ADAD0B1F5004F02D149
:1086D0000230C0B2ECE7B1F5404FE9D10830F8E71D
:1086E0001B07CDD50530E8E70420C9E72DE9F8439D
:1086F00007460846154688461C469DF82090FFF719
:1087000055F84619A4B19EB14046FFF733F8254409
:1087100085420FDC2246B9F1000F06D131463846BA
:10872000FDF7E8FB0020BDE8F88339463046F7E75F
:108730002120F8E71D20F6E707B50DF10701FFF747
:10874000A1FC20B19DF8070003B05DF804FBFF20F9
:10875000FAE708B5FFF734FDFF3818BF012008BD60
:10876000F8B5078805460C4687B100213846FFF763
:108770003BF82246064600213846FFF749F83246C4
:1087800000212046FFF744F82C80F8BD0E46F6E79E
:1087900010B10021FFF728B87047034699420846F8
:1087A00002D00021FFF720B800207047002070475A
:1087B0000121FFF70DBE00000000000000000000D6
:1087C000F8B500BFF8BC08BC9E467047F8B500BFBE
:1087D000F8BC08BC9E4670475FF800F0D940002006
:1087E0005FF800F02D41002042426C66000D0A5BEC
:1087F0004153534552543A25733A25645D0D0A009E
:10880000463A2F4650542F476174657761792F5847
:108810006732365F476174657761795F4E43502FE9
:1088200073696D706C69636974795F73646B5F32CF
:108830003032352E362E332F706C6174666F726D48
:108840002F736572766963652F6C65676163795F05
:1088500068616C2F7372632F626173652D7265702E
:108860006C6163656D656E742E630073696C616223
:10887000737675617274646F776E0070726F636582
:108880007373006D61696E005468726561640048BD
:10889000616E646C6572002C2000463A2F4650547D
:1088A0002F476174657761792F586732365F47616A
:1088B00074657761795F4E43502F73696D706C6991
:1088C000636974795F73646B5F323032352E362E94
:1088D000332F70726F746F636F6C2F7A6967626584
:1088E000652F737461636B2F636F6E6669672F7397
:1088F0006C5F7A69676265655F636F6E66696775ED
:10890000726174696F6E2E63006275666665722DA2
:108910006D616E6167656D656E742E6300463A2FFA
:108920004650542F476174657761792F5867323606
:108930005F476174657761795F4E43502F73696D4E
:10894000706C69636974795F73646B5F3230323560
:108950002E362E332F706C6174666F726D2F7365B7
:1089600072766963652F746F6B656E5F6D616E61A2
:108970006765722F6C65676163792F7372632F73FC
:108980006C5F746F6B656E5F6D616E616765722E93
:1089900063006C6F7765722D6D61632D7261696C18
:1089A0002D3830322E31352E342E6300463A2F4684
:1089B00050542F476174657761792F586732365F5D
:1089C000476174657761795F4E43502F73696D70AD
:1089D0006C69636974795F73646B5F323032352E12
:1089E000362E332F70726F746F636F6C2F7A6967D6
:1089F0006265652F6170702F6672616D65776F7249
:108A00006B2F636F6D6D6F6E2F736C5F7A6967622A
:108A100065655F73797374656D5F636F6D6D6F6EA0
:108A20002E6300526573657420696E666F3A20305C
:108A30007825303258202825732900457874656ED2
:108A400064656420526573657420696E666F3A20B0
:108A50003078253034582028257329002573206D5F
:108A60006F6465207573696E672025732073746168
:108A7000636B202825346C7820746F2025346C7843
:108A8000292C205350203D2025346C780A00257570
:108A900020627974657320757365642028257525B7
:108AA000252920696E20257320737461636B20284B
:108AB0006F7574206F662025752062797465732048
:108AC000746F74616C290A005350206973206F75AC
:108AD000747369646520257320737461636B2072FD
:108AE000616E6765210A004E6F20696E746572724F
:108AF00075707473206163746976650A00496E74D9
:108B0000657272757074732061637469766520286C
:108B10006F72207072652D656D7074656420616E72
:108B20006420737461636B6564293A0A00202575BB
:108B30000052657365742063617573653A205761EF
:108B4000746368646F6720657870697265642C204F
:108B50006E6F2072656C6961626C652065787472F5
:108B60006120696E666F726D6174696F6E0A005282
:108B7000657365742063617573653A20576174632A
:108B800068646F67206361756768742077697468CB
:108B900020656E68616E63656420696E666F0A00A9
:108BA000496E737472756374696F6E206164647268
:108BB0006573733A2025346C780A005265736574C6
:108BC0002063617573653A20417373657274202563
:108BD000733A256C640A005265736574206361758D
:108BE00073653A2048617264204661756C740A00AE
:108BF000484653522E5645435454424C3A206572CF
:108C0000726F722072656164696E67207665637445
:108C10006F72207461626C6520666F7220616E20D5
:108C2000657863657074696F6E0A00484653522E0A
:108C3000464F524345443A20636F6E6669677572CA
:108C400061626C65206661756C7420636F756C641D
:108C5000206E6F742061637469766174650A0048E0
:108C60004653522E44454255474556543A20666174
:108C7000756C742072656C6174656420746F206417
:108C800065627567202D20652E672E2C206578651E
:108C9000637574656420424B50540A0052657365D5
:108CA000742063617573653A204D656D6F7279202C
:108CB0004D616E6167656D656E74204661756C749B
:108CC0000A00496C6C6567616C206163636573734E
:108CD00020616464726573733A2025346C780A00ED
:108CE000434653522E25730A005265736574206300
:108CF000617573653A20427573204661756C740A1C
:108D00000041646472657373206973206F6620612B
:108D10006E20696E737472756374696F6E2061661C
:108D200074657220627573206661756C74206F6360
:108D30006375727265642C206E6F74207468652090
:108D400063617573652E0A00434653522E286E6F79
:108D50006E6529206C6F6164206F722073746F726E
:108D60006520617420616E20696C6C6567616C20A0
:108D7000616464726573730A00526573657420637D
:108D8000617573653A205573616765204661756C3E
:108D9000740A0052657365742063617573653A20C7
:108DA0004465627567204D6F6E69746F722046610D
:108DB000756C740A002573203D2025346C780042C0
:108DC0004242424200496E69743A206465666175A8
:108DD0006C7420434341206D6F646520736574207B
:108DE000746F2025643A2030782530385800537548
:108DF000636365737366756C6C79206D6967726106
:108E0000746564202564206B65797320746F20502D
:108E100053412E0A004661696C656420746F206DB1
:108E2000696772617465202564206B6579732028F9
:108E30007768696368206D617920616C736F206267
:108E40006520696E76616C6964292E0A0076756109
:108E500072740076636F6D006465627567004941E6
:108E6000434356494F4C3A20617474656D70746584
:108E70006420696E737472756374696F6E206665C1
:108E80007463682066726F6D2061206E6F2D657847
:108E90006563757465206164647265737300444131
:108EA000434356494F4C3A20617474656D70746544
:108EB00064206C6F6164206F722073746F72652020
:108EC000617420616E20696C6C6567616C206164FF
:108ED0006472657373004D554E53544B4552523A6C
:108EE00020756E737461636B2066726F6D20657898
:108EF00063657074696F6E2072657475726E20633D
:108F00006175736564206163636573732076696F4F
:108F10006C6174696F6E004D53544B4552523A2048
:108F2000737461636B696E672066726F6D2065781C
:108F300063657074696F6E20636175736564206129
:108F400063636573732076696F6C6174696F6E001B
:108F50004D4D415256414C49443A204D4D415220CD
:108F6000636F6E7461696E732076616C69642066EC
:108F700061756C7420616464726573730049425555
:108F8000534552523A20696E737472756374696FF7
:108F90006E207072656665746368206361757365C1
:108FA0006420627573206661756C7400505245438D
:108FB00049534552523A2070726563697365206463
:108FC00061746120627573206661756C7400494D2F
:108FD0005052454349534552523A20696D7072656B
:108FE00063697365206461746120627573206661D2
:108FF000756C7400554E53544B4552523A20756E61
:10900000737461636B696E67206F6E20657863654A
:109010007074696F6E2072657475726E206361750D
:109020007365642064617461206275732066617584
:109030006C740053544B4552523A20737461636B05
:10904000696E67206F6E20657863657074696F6EF6
:1090500020656E7472792063617573656420646144
:10906000746120627573206661756C7400424641BC
:109070005256414C49443A204246415220636F6E59
:109080007461696E732076616C6964206661756CC9
:1090900074206164647265737300554E444546499B
:1090A0004E5354523A20747269656420746F20657F
:1090B00078656375746520616E20756E6465666998
:1090C0006E656420696E737472756374696F6E0087
:1090D000494E5653544154453A20696E76616C6945
:1090E000642045505352202D20652E672E2C20746D
:1090F0007269656420746F20737769746368207483
:109100006F2041524D206D6F646500494E565043AB
:109110003A20657863657074696F6E207265747546
:10912000726E20696E746567726974792063686510
:10913000636B73206661696C6564004E4F43503AFF
:1091400020617474656D7074656420746F20657837
:109150006563757465206120636F70726F636573FA
:10916000736F7220696E737472756374696F6E00C9
:10917000554E414C49474E45443A20617474656DE3
:109180007074656420616E20756E616C69676E65D0
:1091900064206D656D6F7279206163636573730020
:1091A00044495642595A45524F3A20617474656D8C
:1091B0007074656420746F206578656375746520CC
:1091C00053444956206F722055444956207769749C
:1091D000682064697669736F72206F6620300000C2
:1091E00002020300000000001A0000005700000007
:1091F0000002010000000000000000000104105502
:109200004E4B004649420042544C004558540050D1
:1092100057520057444700205357004352530046CB
:1092200053480042414400464C540042524F0052C1
:109230003000523100523200523300523400523565
:109240000052360052370052380052390052313045
:10925000005231310052313200523133284C522900
:10926000004D53500050535000504300785053521B
:10927000004D535020757365640050535020757332
:1092800065640043535441434B20626F74746F6DA7
:10929000004943535200534843535200494E545FD0
:1092A0004143544956453000494E545F4143544967
:1092B00056453100434653520048465352004446F7
:1092C0005352004D4D41522F4246415200414653A8
:1092D0005200526574300052657431005265743228
:1092E0000052657433005265743400526574350061
:1092F0004461743000446174310000001E000000BD
:109300000B0000000C000000030000000000202003
:1093100000000000030000003C3C3C000000000096
:109320000000000000000000160000001B0000000C
:109330000104010303060105010501090600060BEE
:109340000000070B050B00000000000000000000FB
:1093500001FF010023E1010075E4010063E2010067
:1093600063E5010062E1010079EB010064EE0100B8
:1093700024E1010025E1010026E1010027E10100CF
:1093800028E1010029E101002AE1010000000100BB
:1093900080000100000101008001010000020100C5
:1093A0008002010020E2010000030100000501002D
:1093B00080050100000601002C89010080060100E3
:1093C0000007010001E5010002E5010058E201008B
:1093D00080030100800401000004010080070100F7
:1093E0000008010080080100B0980308AC98030849
:1093F0009898030894980308909803088C98030899
:109400007A9803086A980308509803084898030854
:109410003E9803083C980308249803082198030801
:109420001998030808980308F8970308E6970308B3
:10943000CC970308C4970308B8970308B4970308A8
:10944000B0970308A2970308979703087E9703082D
:10945000659703080997030808970308F896030817
:10946000D0960308BC9603088896030884960308E0
:10947000549603085096030845960308449603083B
:1094800002041104040211101A080A02180108113A
:1094900010111A080A04020D0B19195C0110281288
:1094A000340430040B010001000101000000000041
:1094B00000000000000000000000000100000000AB
:1094C0000000000000000000000000000101010198
:1094D0000101010101010101010101000000000081
:1094E00000010020201400002001010105000000FF
:1094F000000000000000000000000000000000006C
:10950000000101010101010001010101010101004E
:1095100000000101010101010400E40C0A00020144
:109520000A0006000A0026002A00008002010A0044
:109530000600008006000A0026002A0000800000C5
:10954000D8990308809903084C99030840990308A7
:10955000389903082C9903081C99030814990308E7
:1095600008990308F8980308D8980308B8980308DE
:109570005E8E03089E8E0308FF870308D68E0308BD
:10958000178F0308FF870308FF870308508F03081E
:109590007D8F0308AC8F0308CE8F0308F48F030878
:1095A00033900308FF870308FF8703086D900308C3
:1095B0009A900308D09003080B9103083B9103088D
:1095C000FF870308FF870308FF870308FF87030857
:1095D00070910308A091030804FF6BFF9FFFBBFF7E
:1095E000CCFFD8FFE0FFE6FFEAFFEEFFF1FFF3FF5D
:1095F000F5FFF7FFF8FFF9FF6400DEFEFF006400EF
:10960000160000005A00F307B81EFEFF23002902CF
:109610004DE1FFFF16000D018D1C00000F00D3006F
:10962000D02200000B007D009E26000008005B0099
:1096300083240000060046009621000003000F006E
:10964000631100000F000000000000000000000097
:1096500000000000FF00FFFFFFFFFFFFFFFFFFFF15
:10966000FFFFFFFFFFFFFFFFFFFFFFFFFFFFFFFF0A
:10967000FFFFFFFFFFFFFFFFFFFFFFFFFFFF0000F8
:10968000FF00FF0000000000FF000000FFFFFFFFE1
:10969000FFFFFFFFFFFFFFFFFFFFFFFFFFFFFFFFDA
:1096A000FFFFFFFFFFFFFFFFFFFFFFFFFFFFFFFFCA
:1096B000FFFFFFFFFFFFFFFFFFFFFFFFFFFFFFFFBA
:1096C000FFFFFFFFFFFFFFFFFFFFFFFFFF000000A7
:1096D000000000000000000000000000000000008A
:1096E000000000000000000000000000000000007A
:1096F0000000000000000000010000000000000069
:1097000000000000000000000F000000000000004A
:109710000000000000000000000000000000000049
:109720000000000000000000000000000000000039
:109730000000000000000000000000000000000029
:109740000000000000000000000000000000000019
:109750000000000000000000000000000000000009
:1097600000000000000000000000000000000000F9
:1097700000000000000000000000000000000000E9
:1097800000000000000000000000000000000000D9
:1097900000000000000000000000000000000000C9
:1097A00000000000000000000000000000000000B9
:1097B0000000000000000000FFFFFFFFFFFFFFFFB1
:1097C000FFFF00000000000000000000000000009B
:1097D0000000000000000000000000000000000089
:1097E0000000000000000000000000000000000079
:1097F0000000000000000000000000000000000069
:109800000000000000000000000000000000000058
:10981000000000000000000000FFFFFFFFFFFFFF4F
:10982000FF9C0000FF00000000000000000000009E
:109830000000000000000000800000000000FFFFAA
:10984000FFFFFFFFFFFFFFFF00000000FFFF000022
:109850000000000000000000000000000000000008
:1098600000000000000000000000FFFFFF000000FB
:1098700000000000000000000000000000000000E8
:1098800000000000000000000000000000000000D8
:1098900000000000000000000000000000000000C8
:1098A00000000000000000000000000000000000B8
:1098B000FC03000007000000554E4B0055502000EF
:1098C00052502000415030004150310041502000A2
:1098D0004450200044454300554E4B00485244003C
:1098E0004D454D00425553005553470044424700F3
:1098F000444D410056435400554E4B004C434B00E1
:1099000058544C004F424600554E4B0056465900A5
:10991000494E4800554E4B0041535400554E4B00A4
:109920005242540044534C00454D3400554E4B00B8
:10993000455850004C574D00554E4B00485620009E
:10994000554E4B0050494E00454D3400554E4B008E
:10995000474F200042544C004241440046544C00C2
:10996000465243004F54410044534C004241500082
:1099700055504700544D450046415500545A460045
:10998000474F200042544C00474F3200474F3300AE
:10999000474F3400474F3500474F3600474F370099
:1099A000474F3800474F3900474F4100474F42006B
:1099B000474F4300474F4400474F4500474F46003D
:1099C0004A4D5000424452005550520042544D00FE
:1099D0004D534D0046544C00554E4B0000000000C6
:1099E0003F660008AD9A0008499B000861660008C0
:1099F000056700086D6A0008599A000813B779FADC
:109A0000C925DDB7ADF3CFE0F1B614B8010200000F
:109A100000000000FFFFFFFF010000000100000048
:109A20000000000000000000000000000000000036
:109A30000000000000000000000000000000000026
:109A400000000000000000000000000008450020A9
:109A5000F8440020E84400200009005AF895030863
:109A60000100000FD895030800000000000000006E
:109A7000FF640250FF000000BC1C00200501000034
:109A800000800000F813002002463A2F4650542F61
:109A9000476174657761792F586732365F47617423
:109AA000657761795F4E43502F73696D706C6963A0
:109AB0006974795F73646B5F323032352E362E33C2
:109AC0002F706C6174666F726D2F73657276696347
:109AD000652F746F6B656E5F6D616E616765722F68
:109AE0006C65676163792F7372632F736C5F746F3A
:109AF0006B656E5F6D616E75666163747572696EBC
:109B0000672E6300463A2F4650542F47617465779D
:109B100061792F586732365F476174657761795F85
:109B20004E43502F73696D706C69636974795F730C
:109B3000646B5F323032352E362E332F70726F7475
:109B40006F636F6C2F7A69676265652F6170702F24
:109B5000656D3236302F73657269616C2D696E7474
:109B60006572666163652D756172742E63003132B2
:109B700032313132007A69676265652D73746163D1
:109B80006B2E6300666E692B00666E69006E616EF7
:109B900000666E692D00FFFFFFFFFFFFFFFF000162
:109BA00001020305080D1522375990E900F0E1D2B2
:109BB000C3B4A5968778695A4B3C2D1E0F00463AD0
:109BC0002F4650542F476174657761792F5867325B
:109BD000365F476174657761795F4E43502F7369D3
:109BE0006D706C69636974795F73646B5F32303276
:109BF000352E362E332F70726F746F636F6C2F7A21
:109C000069676265652F6170702F6672616D657737
:109C10006F726B2F636F6D6D6F6E2F7A6967626500
:109C2000655F737461636B5F736C6565702E630051
:109C3000383131323200383147003132323232324B
:109C40003232320038320000008F8E8C80000102E8
:109C50000304051D200203040508090A0B505341A3
:109C6000004B455900000000000000000000F03FDC
:109C700000000000000024400000000000005940E7
:109C80000000000000408F40000000000088C3403A
:109C900000000000006AF8400000000080842E41AF
:109CA00000000000D01263410000000084D79741FB
:109CB0000000000065CDCD41000000000000000064
:109CC0000114030001006576656E742D717565756C
:109CD000652E63005465726D696E616C007A696708
:109CE0006265655F64656275675F657874656E64FB
:109CF00065642E63006C69627261696C2E61004656
:109D00003A2F4650542F476174657761792F586711
:109D100032365F476174657761795F4E43502F73C8
:109D2000696D706C69636974795F73646B5F3230FD
:109D300032352E362E332F706C6174666F726D2F34
:109D4000736572766963652F6C65676163795F6EB1
:109D500063705F6173682F7372632F6173682D6E18
:109D600063702E630042424262006C6567616379F2
:109D70002D7061636B65742D6275666665722E6306
:109D800000777600757600757500777500777562D7
:109D9000007577007575620075627570006D61639E
:109DA0002D6D756C74692D6E6574776F726B2E6393
:109DB00000000000000000000000545452205245F2
:109DC00047474553005040300000000064EE01005A
:109DD0001000000024E101001A00000079EB0100EE
:109DE0001100000075E401001100000063E511009E
:109DF0000400000023E111000400000025E101003F
:109E00000800000026E101000A00000027E101002F
:109E10000200000000000000000000001102030624
:109E200007082B2C1910131C1D20222A2E33343521
:109E300037FF000060470020644500205F47002096
:109E40005845002066450020344700205E4700202A
:109E5000E8460020143900205D4700205C470020C0
:109E60005B470020502B00205A4700205947002014
:109E70004F2B00206B29002058470020CD460020A2
:109E80004E2B0020E946002001100000101010C0E9
:109E900002100000201010C003020000301002C0A9
:109EA000051000002C3310E007080000681008C0FF
:109EB000000200000C1002C004020000341002C0B6
:109EC000095C000004325CE00A140000703214E007
:109ED0000D020000001102C00C080000021008C0B2
:109EE000000000000000000041450208F54C010898
:109EF000F999010875450208299A0108DD960108BB
:109F0000DF960108E1960108E396010885ED010856
:109F10006DED0108C1ED010869450208ED990108E0
:109F20000598000879ED01085D450208254D0108F6
:109F3000DD4C0108A9450208E199010885E3000804
:109F400000000000000103047A69676265652D75F1
:109F5000707065722D6D61632E63006E6569676850
:109F6000626F722E63006173736F63696174696FEE
:109F70006E2E630006A0030805A003080000000081
:109F800004A0030803A003080000000002A00308C7
:109F900001A003080000000000A00308FF9F0308C1
:109FA000FE9F0308FD9F0308FC9F030800000000BC
:109FB000FB9F0308FA9F0308F99F0308F89F030813
:109FC000F79F0308F69F0308FFFFFFFFFFFFFFFF58
:109FD000FFFF003F1B901B194A9300001300000075
:109FE00000000000005A6967426565416C6C696158
:109FF0006E63653039000000800080000080808042
:10A0000000000080818081313432323100313832B9
:10A010003173003831310038343132003831323266
:10A0200031313100FF06080402020204020A0B0368
:10A0300003020304FF0204FF0101010108FF000005
:10A040000000000C090202000000001C1A0B0303B0
:10A050000023001B22000000010000009FEB01080C
:10A060000200000085E9010803000000E3E901089F
:10A070000400000095EA010805000000FDEB01085E
:10A08000000000000000000006080C100000001096
:10A09000270F51421B390F390F1C31323100323832
:10A0A0003100726F7574652D7461626C652E63008A
:10A0B0006368696C642D68616E646C696E672D728B
:10A0C00032322E63003138323131003132313131A8
:10A0D0003231323232317300313231313232310089
:10A0E00032323800313131313131003231323231B6
:10A0F000313134005A6967426565416C6C69616E43
:10A1000063653039000018381030000050684C6921
:10A1100000000000434C534E000000003273004624
:10A120003A2F4650542F476174657761792F5867ED
:10A1300032365F476174657761795F4E43502F73A4
:10A14000696D706C69636974795F73646B5F3230D9
:10A1500032352E362E332F70726F746F636F6C2F03
:10A160007A69676265652F737461636B2F7A6967BB
:10A170006265652F6170732D6B6579732D66756CE3
:10A180006C2E6300383131320031313132343831A4
:10A190003132323131000D000000000000000000BB
:10A1A000FFFFFFFFFFFFFFFF505341004B455900EA
:10A1B000FFFFFFFFFFFFFFFFFFFFFFFFFFFFFFFFAF
:10A1C00050C30000F22B0000EE020000EE0200007F
:10A1D00050C30000761600007701000077010000F0
:10A1E000193F0106041001000001010600102700BC
:10A1F000000C00000000000000000000F5DA020082
:10A20000A41F00009001000090010000E5BF0000C5
:10A21000282300006B0300006B0300000200000015
:10A22000C017530206140000802FA6040538000052
:10A23000A00800000000580901040706100A0104E4
:10A240000707C80A00040807800B00040808380C38
:10A25000000409086108000000008A0800000000EE
:10A26000C709010404032C0B01040404920C01042B
:10A270000504000050C30000E62D0000D0070000D8
:10A28000D0070000193F010604100100000101067B
:10A2900000102700000A000000000000000000007D
:10A2A000140000002449920000000000E0A103080F
:10A2B000C0A1030800000000000000000024F4001A
:10A2C00040420F000101F800C224500300000000CA
:10A2D0001CA20308000000000000000000000000B5
:10A2E0002B420F00000000000000000000000000F2
:10A2F0000000000014000000666666000000000018
:10A30000E0A10308D0A10308000000000000000045
:10A310000048E80180841E000101F800F147500266
:10A32000000000001CA20308000000000000000064
:10A33000000000007C841E000000000000000000FF
:10A340000000000000000000140000001CC77100A5
:10A350000000000084A20308FCA103080000000024
:10A36000000000000051250240420F000108F600E5
:10A37000F1471002000000001CA2030800000000CA
:10A3800000000000000000002A420F000000000052
:10A3900000000000000000000000000014000000A9
:10A3A0001CC771000000000084A203080CA203086F
:10A3B00000000000000000000051250240420F0094
:10A3C0000102F600F1471002000000001CA2030881
:10A3D0000000000000000000000000002A420F0002
:10A3E000000000000000000000000000000000006D
:10A3F000140000001CC771000000000084A20308C4
:10A4000074A20308000000000000000000512502B3
:10A4100040420F000108F600F14710020000000062
:10A420001CA2030800000000000000000000000063
:10A430002A420F00000000000000000000000000A1
:10A4400000000000030A0000FC4F0103A0A2030863
:10A4500010400100014100003C40010000000000EC
:10A4600048400100A0070003504001000000000028
:10A470005C4001000000000008410100FF4C0000AA
:10A4800054C00700511130000E0009E62D000000F5
:10A490000405060708000000D1B60200643500007C
:10A4A00040400701000050510000A01110000000C2
:10A4B000000000861FC08100000000200000000096
:10A4C0006440050100000040B904F80040080000A5
:10A4D000020000009200040088400F01B7033B0017
:10A4E000000000E0000000000002050D1C2F425398
:10A4F0006269686053402E1F110A080808080706A1
:10A500000504030302020201010101010000000031
:10A5100000000000000000001C4101010060B18C3F
:10A5200038410701BC200AF0F6625200055B9840F2
:10A530008E6E82941C784852893B4000C003008094
:10A540005C410101FFDD000068410701E853FA00AA
:10A5500000000040000000000000000000000000BB
:10A560000000000000000000D0410301000000AA2C
:10A57000D000000004001200E041130100000000C0
:10A58000FFAB000A5CF10F00D341020095EDB10072
:10A59000197BD80F1208B904EA1B6D1FC9B7C20A8C
:10A5A0000B203B00430600005962F300727E9600C8
:10A5B000A73D1900D022F13B000000A000000000E0
:10A5C00038000000000000004C42010108000304B4
:10A5D000684201010100000038800101C22410001E
:10A5E000A080020170780300D0000000A880011153
:10A5F000F0010000A88001310542CB01AC800111BF
:10A60000F0010000AC800131053EFD00EC000112BC
:10A61000E00F0000EC0001320C20515184010102D6
:10A6200000100000FFFFFFFF03020000FC4F0103CA
:10A63000F4A2030810400100014100003C40010069
:10A640000000000048400100A00700035040010046
:10A65000000000005C400100000000000841010013
:10A66000FF4C000054C00700512130000E000DE6E1
:10A670002A0000000405060708000000D1B6020009
:10A680006005000040400701000050510000A0217B
:10A6900010000000000000861FC0810000000020A4
:10A6A0000000000064400501000000404902F00085
:10A6B00040080000020000009200080088400F01DE
:10A6C000DA032A00000000E0000000000102071188
:10A6D00021374B5A67696254402915050000000074
:10A6E000010203040404030303030302020202023F
:10A6F0000201010100000000000000001C410101F6
:10A7000000B0B18C38410701BC200AF0B6555200A8
:10A71000055B98408E6E8294233C4852893B4000F2
:10A72000C00300805C410101FFDD000068410701BA
:10A73000E853FA00000000400000000000000000A4
:10A74000000000000000000000000000D0410301F4
:10A750000000AAAAD000000004001200E04113018A
:10A7600000000000FFAB000A5CF10F00D3410200C3
:10A7700095EDB100197BD80F1208B904EA1B6D1FC3
:10A78000C9B7C20A0B203B00430600005962F30020
:10A79000727E9600A73D1900D022F13B000000A078
:10A7A0000000000040000000000000004C420101D9
:10A7B0000800030468420101010000003880010123
:10A7C000F1471000A080020170780300D5C000009E
:10A7D000A8800111F0010000A88001310542CB01E1
:10A7E000AC800111F0010000AC80013105228D0028
:10A7F000EC000112E00F0000EC0001320C205111BE
:10A800008401010200000000FFFFFFFF03080000B9
:10A81000FC4F0103F4A203081040010001410000B5
:10A820003C4001000000000048400100A007000378
:10A8300050400100000000005C40010000000000EA
:10A8400008410100FF4C000054C0070051213000B6
:10A850000E000DE62A0000000405060708000000AF
:10A86000D1B60200600500004040070100005051D1
:10A870000000A02110000000000000861FC0810021
:10A8800000000020000000006440050100000040BE
:10A890004902F00040080000020000009200080099
:10A8A00088400F01D7032A00000000E000000000EC
:10A8B0000002050D1A2D3F50606869635746352523
:10A8C000150D090807060505040404030303030224
:10A8D0000202020201010101010101010101010164
:10A8E0001C41010100B0B18C38410701BC200AF0C5
:10A8F000B6555200055B98408E6E8294233C4852B8
:10A90000893B4000C00300805C410101FFDD000085
:10A9100068410701E853FA00000000400000000011
:10A920000000000000000000000000000000000027
:10A93000D04103010000AAAAD000000004001200C8
:10A94000E041130100000000FFAB000A5CF10F00C2
:10A95000D341020095EDB100197BD80F1208B9045C
:10A96000EA1B6D1FC9B7C20A0B203B00430600005B
:10A970005962F300727E9600A73D1900D022F13B88
:10A98000000000A0000000004000000000000000E7
:10A990004C4201010800030468420101010000006B
:10A9A00038800101F1471000A08002017078030097
:10A9B000FFC00200A8800111F0010000A880013151
:10A9C0000542CB01AC800111F0010000AC800131E7
:10A9D000050A0D00EC000112E00F0000EC0001324E
:10A9E0000C2051118401010200000000FFFFFFFF55
:10A9F00003030000FC4F010348A3030810400100BB
:10AA0000004100003C4001001000000048400100EF
:10AA10002007000350400100000400005C400100DA
:10AA20000D0F00000841010003C0010054C00700E1
:10AA3000511130000E000DE62A000000080B0C0D2D
:10AA40000D000000D1B60200800500004040070163
:10AA5000000020700000A01110000000300000462F
:10AA60001FC8810000200030008000006440050104
:10AA700000000000B904F8004008000010000000C9
:10AA800092000A0088400F01B70312000000006026
:10AA9000000000000002050D1C2F4253626968602F
:10AAA00053402E1F110A080808080706050403036F
:10AAB000020202010101010100000000000000008B
:10AAC000000000001C41010100302C8C38410701BE
:10AAD000BC200AF049C0510001000040B7563512B1
:10AAE0000078085009084000C00300805C41010163
:10AAF00000000000684107014CD4E83B04190D70C8
:10AB0000080E141A20262C32383E10325476980A39
:10AB10001D6940B4D041030100000000D0000000D6
:10AB200000000200E041130100000000E2CFDD2C34
:10AB30007EB63A00600919005122E2004CB9510E6C
:10AB40003982A904D8229B29E2CFDD2C7EB63A00B7
:10AB5000600919005122E2004CB9510E3982A90452
:10AB6000D8229B29000000000000000044000000E3
:10AB70003C3C3C3C4C42010108000004684201019D
:10AB80000000000038800101F1471000A0800201A0
:10AB900070380300D0000000A8800111F00100000F
:10ABA000A8800131055AFD01AC800111F0010000BF
:10ABB000AC800131053EFD00EC000112E00F000009
:10ABC000EC0001320C205111840101020000000050
:10ABD000FFFFFFFF03040000FC4F01039CA30308D9
:10ABE00010400100004100003C4001001000000046
:10ABF00048400100201700035040010001040000FC
:10AC00005C4001000D0F00000841010003C001007D
:10AC100054C00700511130000E000DE62A0000005C
:10AC2000080B0C0D0D000000D1B6020080050000DD
:10AC300040400701000020700000A011100000003B
:10AC4000300000461FC88100002000300080000056
:10AC50006440050100000000B904F800400800004D
:10AC60001000000092000A0088400F01B703120094
:10AC700000000060000000000002050D1C2F425380
:10AC80006269686053402E1F110A08080808070609
:10AC9000050403030202020101010101000000009A
:10ACA00000000000000000001C41010100302C8C5D
:10ACB00038410701BC200AF049C0510001000040A2
:10ACC000B75635120078085009084000C0030080CC
:10ACD0005C41010100000000684107014CD4E83BE1
:10ACE00004190D700A10161C22282E343A40103216
:10ACF0005476980A1D6980A4D04103010000000029
:10AD0000D000000000000200E0411301000000003C
:10AD1000E2CFDD2C7EB63A00600919005122E20034
:10AD20004CB9510E3982A904D8229B29E2CFDD2CDF
:10AD30007EB63A00600919005122E2004CB9510E6A
:10AD40003982A904D8229B290000000000000000DD
:10AD5000440000003C3C3C3C4C4201010800000423
:10AD6000684201010000000038800101F147100035
:10AD7000A080020170380300D0000000A8800111FB
:10AD8000F0010000A8800131055AFD01AC800111DD
:10AD9000F0010000AC800131053EFD00EC00011225
:10ADA000E00F0000EC0001320C205111840101027F
:10ADB00000000000FFFFFFFF03050000FC4F010340
:10ADC000F0A3030810400100004100003C400100D6
:10ADD000000000004840010020070003504001002F
:10ADE000000000005C4001000D0F00000841010060
:10ADF000FF4C000054C00700511130000E000DE65A
:10AE00002A000000080B0C0D0D000000D1B6020056
:10AE1000E004000040400701000020700000A01185
:10AE200010000000000000461FC08100000000204C
:10AE3000008000006440050100000000B904F80033
:10AE400040080000100000009100040088400F013D
:10AE5000B703120000000060000000000002050DB2
:10AE60001C2F42536269686053402E1F110A080864
:10AE7000080807060504030302020201010101019B
:10AE80000000000000000000000000001C41010163
:10AE900000302C8C38410701BC200BF049C0510018
:10AEA000055BA0408E6E82942182485209084000C2
:10AEB000C00D00805C410101FFDD00006841070119
:10AEC0004CD4E83B04190D50080E141A20262C32DD
:10AED000383E10325476980A1D0040B4D041030128
:10AEE00000000000D000000004001200E041130147
:10AEF00000000080E2CFDD2C7EB63A006009190028
:10AF00005122E2004CB9510E3982A904D8229B2962
:10AF1000E2CFDD2C7EB63A00600919005122E20032
:10AF20004CB9510E3982A904D8229B290000000097
:10AF300000000000440000003C3C3C3C4C4201014D
:10AF4000080003046842010100000000388001018C
:10AF5000F1471000A080020170380300D00000000B
:10AF6000A8800111F0010000A8800131055AFD01FF
:10AF7000AC800111F0010000AC800131053EFD0004
:10AF8000EC000112E00F0000EC0001320C20511126
:10AF90008401010200000000FFFFFFFF48A4030836
:10AFA000809C2B8F80841E00000000002500FF7F06
:10AFB000684900200000000044A4030800000000CD
:10AFC00048A40308809C2B8F80841E00000026006C
:10AFD0002600B700684900200000000044A40308D0
:10AFE0000000000048A40308809C2B8F80841E0072
:10AFF0000000270027008C006849002000000000A6
:10B0000044A40308000000002CA60308809C2B8F9A
:10B0100080841E00000000002500FF7F684900209A
:10B020000000000028A60308000000002CA603086A
:10B03000809C2B8F80841E00000026002600A0002C
:10B04000684900200000000028A603080000000056
:10B050002CA60308809C2B8F80841E0000002700F4
:10B060002700FF7F684900200000000028A6030891
:10B070000000000010A80308809C2B8F80841E0015
:10B08000000000002200FF7F68490020000000004F
:10B090000CA803080000000010A80308809C2B8F58
:10B0A00080841E00000023002300B60068490020B1
:10B0B000000000000CA803080000000010A803080E
:10B0C000809C2B8F80841E000000240024009D00A3
:10B0D00068490020000000000CA8030800000000E0
:10B0E00010A80308809C2B8F80841E000000250080
:10B0F00025007D0068490020000000000CA803081E
:10B100000000000010A80308809C2B8F80841E0084
:10B1100000002600260053006849002000000000BF
:10B120000CA803080000000010A80308809C2B8FC7
:10B1300080841E00000027002700FF7F6849002050
:10B14000000000000CA8030800000000F4A9030898
:10B15000809C2B8F80841E00000000002500FF7F54
:10B160007049002000000000F0A903080000000062
:10B17000F4A90308809C2B8F80841E000000260009
:10B180002600B7007049002000000000F0A9030865
:10B1900000000000F4A90308809C2B8F80841E000F
:10B1A0000000270027008C007049002000000000EC
:10B1B000F0A9030800000000D8AB0308809C2B8F87
:10B1C00080841E00000000002500FF7F70490020E1
:10B1D00000000000D4AB030800000000D8AB030857
:10B1E000809C2B8F80841E00000026002600B70064
:10B1F0007049002000000000D4AB030800000000EC
:10B20000D8AB0308809C2B8F80841E000000270091
:10B2100027008C007049002000000000D4AB030818
:10B2200000000000BCAD0308809C2B8F80841E00B2
:10B23000000000002500FF7F704900200000000092
:10B24000B8AD030800000000BCAD0308809C2B8F44
:10B2500080841E00000026002600B70070490020F0
:10B2600000000000B8AD030800000000BCAD0308FA
:10B27000809C2B8F80841E000000270027008C00FC
:10B280007049002000000000B8AD03080000000075
:10B290000C4001000181010020400200000000007C
:10B2A000010000003040030000000000000000002A
:10B2B00000000000404002000000000000400000CC
:10B2C0006040010001010000A840010007000000EB
:10B2D000BC4004000000000000000000000000006E
:10B2E000000000000C410300FF4C0000FF4D000077
:10B2F000FF4D000020C0011000F8070020C0013001
:10B30000F502280124C00110FF00000024C0013014
:10B310000013000028C00800EC80B30343754051BF
:10B32000A00F00F800400000A8AA070000000000DD
:10B33000000000000000000070C00900BA1000000A
:10B3400000042000041880000B3C2001187C10022F
:10B350002FFCE0067F00000000000000000000005D
:10B36000A8C00500BD4B721511A318051032547604
:10B37000980A000000000000CCC00400010000009A
:10B380000000000001000A0001002800080001017F
:10B390000807000018000101AAAAAA002000010164
:10B3A0000060DA005C4002010000000300000020A1
:10B3B0007840040129417671000000008C000C00E7
:10B3C00000000000C4400401000000000000000074
:10B3D0000000000000000000E04001010002000049
:10B3E00010410201331E050000000000204106014B
:10B3F00000000000FF0483078813C83AFF06660CAC
:10B40000FF0483078813FF03584101010000000077
:10B41000644101010C0100008441050101010000AB
:10B42000000000000000000000000000000000001C
:10B43000A44102010000000000000000B041020130
:10B440000000000058923EC0BC4103010000000013
:10B4500000003C00699006002C4203016018004087
:10B4600000000000000000003C420101000000005C
:10B47000444202011400000000000000804202016A
:10B480000000000081000000984205013F0000021A
:10B49000FFFF0000FFFF0000FF030000FFFF0000B0
:10B4A000B44201010000000030430A0140002001C5
:10B4B000A0000000085000011F1F1F1F1F1F1F1B9F
:10B4C00018151311100E0D0C45C1872F0000000038
:10B4D0000000000010800101030000003C80010119
:10B4E000010000009C80010100000000B08002010A
:10B4F00000030002370000019C000102000C000460
:10B50000D8000302050040AA88010000C000000026
:10B51000F00001022B0100001001011200FF0F00DA
:10B5200010010132020000315001011200C001007F
:10B5300050010132C100A2007401010269F11B0C2B
:10B540007801011200001C00780101321004E0CFE4
:10B550008001011279070000800101320200000021
:10B560008801010250000000FFFFFFFF50C30000F0
:10B57000761600007701000077010000193F0106F0
:10B58000041001000001010600102700000C00005B
:10B590000000000000000000ED170000ED170000A3
:10B5A000F40100000000000002000000C017530278
:10B5B00006140000802FA60405380000A008000033
:10B5C0000000580901040706100A01040707C80A09
:10B5D00000040807800B00040808380C0004090860
:10B5E0006108000000008A0800000000C70901048B
:10B5F00004032C0B01040404920C01040504000054
:10B60000E1190000E1190000F40100000000000051
:10B61000193F010604100100000101060010270077
:10B6200000090000000000000000000014000000FD
:10B63000666666000000000010B6030800B6030846
:10B64000000A000000000000005A620280841E0010
:10B650000420F800F147500200000000A8B50308DC
:10B6600000000000000000000000000062841E00D6
:10B6700000000000000000000000000000000000CA
:10B680001400000066666600000000007CB5030838
:10B690006CB5030800000000000000000048E8014D
:10B6A00080841E000101F800F147500200000000F4
:10B6B000A8B5030800000000000000000000000022
:10B6C0007C841E000000000000000000000000005C
:10B6D0000000000014000000666666000000000024
:10B6E00010B6030800B60308000B000000000000BD
:10B6F000005A620280841E000420F800F1475002C4
:10B7000000000000A8B503080000000000000000D1
:10B710000000000062841E00000000000000000025
:10B7200000000000000000001400000066666600D3
:10B730000000000010B6030898B5030800000000E0
:10B7400000000000005A620280841E000420F600FF
:10B75000F147500200000000A8B5030800000000F7
:10B76000000000000000000062841E0000000000D5
:10B77000000000000000000000000000FC4F01037A
:10B7800080B603080C4002000CB11100004100001B
:10B79000304004002508000000010000FF00000008
:10B7A00041030100504001000B0000005C4002001A
:10B7B0000F0D0000010100000841040001400000DD
:10B7C000FF0C000001410000FF0D000020C001102F
:10B7D00000F8070020C00130F502280124C0011044
:10B7E000FF00000024C001300013000054C0070017
:10B7F000512130000E000DE62A0000000405060766
:10B8000008000000D1B6020060050000D0C00100B1
:10B8100000000000080001010E17000018000101DF
:10B82000FFFFFFFF200001012083B8ED404006012B
:10B83000000050510000A021100000000000008610
:10B840001FC081000000002064400A010000004089
:10B850004902F000400800000200000092000800C9
:10B860007C4E78AB000000008C000C000000000053
:10B87000DA032A0094400A010102071121374B5ACA
:10B8800067696254402915050000000001020304A5
:10B890000404030303030302020202020201010182
:10B8A00010410101331E05001C4102010030B38C20
:10B8B0000000000040410501055B9840D51E723E26
:10B8C000263C4852893B4000C00300805C41010196
:10B8D000FFDD0000B441010158923EC0D041030198
:10B8E00000005555D000000004001200E4410E0194
:10B8F000FFAB000A5CF10F00D341020095EDB100EF
:10B90000197BD80F1208B904EA1B6D1FFFAB000AA0
:10B910005CF10F00D341020095EDB100197BD80F07
:10B920001208B904EA1B6D1F244203014000000005
:10B9300000000000601800403C42010100000000CF
:10B940004C42010108000304804202010000000093
:10B9500081000000A0420301FFFF0000FF03000080
:10B96000FFFF0000B442010100000000304303016A
:10B9700040002001A0000000085000014C430101DC
:10B9800045C1872FA080020170780300D5C0000058
:10B99000A8800111F0010000A88001310542CB010F
:10B9A000AC800111F0010000AC80013105228D0056
:10B9B000B0800101000300027401010269F11B0C57
:10B9C0007801011200001C00780101321004E0CF60
:10B9D000800101127907000080010132020000009D
:10B9E000840102020000000050000000FFFFFFFF82
:10B9F00003000000FC4F010380B603080C40020066
:10BA00000CB1110000410000304004002508000086
:10BA100000010000FF000000540701005040010039
:10BA20000B0000005C4002000F0D0000010100004F
:10BA30000841040001400000FF0C0000014100002B
:10BA4000FF0D000020C0011000F8070020C00130E9
:10BA5000F502280124C00110FF00000024C00130BD
:10BA60000013000054C00700512130000E000DE605
:10BA70002A0000000405060708000000D1B60200F5
:10BA800060050000D0C001000000000008000101B6
:10BA90000E17000018000101FFFFFFFF2000010149
:10BAA0002083B8ED40400601000050510000A02165
:10BAB00010000000000000861FC081000000002070
:10BAC00064400A01000000404902F0004008000004
:10BAD000020000009200080083B1875400000000BB
:10BAE0008C000C0000000000DA032A0094400A01D8
:10BAF0000102071121374B5A676962544029150525
:10BB00000000000001020304040403030303030212
:10BB1000020202020201010110410101331E05006F
:10BB20001C4102010030B38C0000000040410501BF
:10BB3000055B9F402AE18DC1263C4852893B40006D
:10BB4000C00300805C410101FFDD0000B441010140
:10BB500058923EC0D041030100005555D00000006E
:10BB600004001200E4410E01FFAB000A5CF10F007B
:10BB7000D341020095EDB100197BD80F1208B9042A
:10BB8000EA1B6D1FFFAB000A5CF10F00D3410200FE
:10BB900095EDB100197BD80F1208B904EA1B6D1F8F
:10BBA0002442030140000000000000006018004033
:10BBB0003C420101000000004C4201010800030466
:10BBC000804202010000000081000000A042030149
:10BBD000FFFF0000FF030000FFFF0000B44201016F
:10BBE000000000003043030140002001A0000000DD
:10BBF000085000014C43010145C1872FA08002017C
:10BC000070780300D5C00000A8800111F001000089
:10BC1000A88001310542CB01AC800111F001000088
:10BC2000AC80013105228D00B080010100030002CB
:10BC30007401010269F11B0C7801011200001C0063
:10BC4000780101321004E0CF800101127907000071
:10BC500080010132020000008401020200000000A5
:10BC600050000000FFFFFFFFFC4F01032CB603084C
:10BC70000C400200018014007F40000030400400AE
:10BC800000000000000000000000000000000000B4
:10BC900050400100000000005C4002000000000075
:10BCA000000000000841040000400000FF4C0000BC
:10BCB00000410000FF4D000020C0011000F8070007
:10BCC00020C00130FE01280124C00110FF00000047
:10BCD00024C001300014000054C00700513130006E
:10BCE000070007E61500000004060607070000002D
:10BCF00088C6020000050000D0C00100A1000000BD
:10BD00000800010104070000180001010000000004
:10BD100020000101088400004040060100000000EE
:10BD2000000000001000000020FB130407C24200C6
:10BD30000000000064400A0120B802004902F0003F
:10BD40004108000002000000B0070800A700000042
:10BD50002F0000005A02A0089BC34A74F0030F0092
:10BD600094400A010101103050707F7F00000000F4
:10BD700000000000000000000000000000000000C3
:10BD80000000000000000000000000001041010160
:10BD9000731E05001C4102010090C28B11010000BE
:10BDA0004041050100000000B75635120000005068
:10BDB000803B0000000000005C4101010310000016
:10BDC000B441010100002000D04103010000000047
:10BDD000D000000000000200E4410E01DE635E3688
:10BDE000BF6F07006FEA1600E530CE00B2B9D90E7A
:10BDF0004B8494045A1FA924DE635E36BF6F07008C
:10BE00006FEA1600E530CE00B2B9D90E4B84940427
:10BE10005A1FA924244203012C00000007EE7536A6
:10BE2000601800003C420101120100004C42010177
:10BE300008000004804202010100094001081000CE
:10BE4000A04203010000E80300020000000010000F
:10BE5000B44201010000C000304303014000400231
:10BE60004001AC0450B000014C4301015D280F2D8E
:10BE70009C800301EB400200D5C00000D5C000004B
:10BE8000A8800111F0010000A880013105228D0079
:10BE9000AC800111F0010000AC80013105228D0061
:10BEA000B08001013F0000017401010269F11F0C23
:10BEB0007801011200001C00780101321004E01F1B
:10BEC00080010112790700008401020200000000D5
:10BED00048000000FFFFFFFF05010000FC4F0103C9
:10BEE00028B7030820C0011000F8070020C0013067
:10BEF0001402280124C00110FF00000024C00130FA
:10BF00000043000044C001002E02000068C002008F
:10BF1000D1B60200C0060000D0C001000000000041
:10BF20004C40030120F91304070062003870000040
:10BF3000604002010068010F40B8244080400101C8
:10BF4000236300008C40020100800060BE0A0000F4
:10BF500020410101590B00003841010190200AF0F5
:10BF60005C410101001E00006C410B0100140CC07B
:10BF7000141A21282E343B42495043557698BA0C66
:10BF800023730000010100001721286414171A0010
:10BF90002004C87DA1203A09A84101012900000020
:10BFA0003C4201010000000080420201000000004C
:10BFB00081000000A0420301FFFF0000FF0300001A
:10BFC000FFFF0000B4420101000000003043030104
:10BFD00040002001A0000000085000014C43010176
:10BFE00045C1872FFFFFFFFF05000502FC4F01033E
:10BFF000D4B6030820C0011000F8070020C00130AB
:10C00000FE01280124C00110FF00000024C00130FF
:10C010000014000044C001000000000068C00200DD
:10C0200088C6020000050000D0C00100A100000089
:10C030004C40030120FB130407C042000000000035
:10C0400060400201000000280080020080400101E1
:10C050005A01A0088C4002010000006000000000AE
:10C06000204101010000000038410101BC200AF01C
:10C070005C410101031000006C410B010000004015
:10C0800000000000000000000000000000000000B0
:10C09000000000000101000000000000000000009E
:10C0A0000000000000000000A841010100000000A5
:10C0B0003C420101120100008042020101000940DE
:10C0C00001081000A04203010000E8030002000084
:10C0D00000001000B44201010000C0003043030121
:10C0E000410040024001AC0450B000014C4301014A
:10C0F0005D280F2DFFFFFFFF050A0000FC4F010325
:10C10000D4B6030820C0011000F8070020C0013099
:10C11000FE01280124C00110FF00000024C00130EE
:10C120000014000044C001000000000068C00200CC
:10C1300088C6020000050000D0C00100A100000078
:10C140004C40030120FB130407C042000000000024
:10C1500060400201000000280080020080400101D0
:10C160005A01A0088C40020100000060000000009D
:10C17000204101010000000038410101BC200AF00B
:10C180005C410101031000006C410B010000004004
:10C19000000000000000000000000000000000009F
:10C1A000000000000101000000000000000000008D
:10C1B0000000000000000000A84101010000000094
:10C1C0003C420101120100008042020101000940CD
:10C1D00001081000A04203010000E8030002000073
:10C1E00000001000B44201010000C0003043030110
:10C1F000410040024001B40550B000014C43010130
:10C200005D280F2DFFFFFFFF05090000FC4F010314
:10C2100028B7030820C0011000F8070020C0013033
:10C220001402280124C00110FF00000024C00130C6
:10C230000043000044C001002E02000068C002005C
:10C24000D1B60200C0060000D0C00100000000000E
:10C250004C40030120F9130407006200387000000D
:10C26000604002010068010F40B824408040010195
:10C27000236300008C40020100800060BE0A0000C1
:10C2800020410101590B00003841010190200AF0C2
:10C290005C410101001E00006C410B0100140CC048
:10C2A0001A20272E343A41484F56546687A9CB0DA1
:10C2B000237300000101000017272E6A14171A00CB
:10C2C0002004C87DA1203A09A841010129000000ED
:10C2D0003C42010100000000804202010000000019
:10C2E00081000000A0420301FFFF0000FF030000E7
:10C2F000FFFF0000B44201010000000030430301D1
:10C3000040002001A0000000085000014C43010142
:10C3100045C1872FFFFFFFFF68BC03084063598FAB
:10C32000404B4C000B000B001A00FF7F804900209F
:10C3300000000000E8BF0308000000007CB703080D
:10C340004063598F404B4C001B001B002A00FF7FAD
:10C350007849002000000000F0B903080000000048
:10C3600068BC03084063598F404B4C000B000B0026
:10C370001A00FF7F8049002000000000E8BF03088A
:10C3800000000000F4B903084063598F404B4C0093
:10C390001B001B002A00FF7F7849002000000000DE
:10C3A000F0B9030800000000204002000000000077
:10C3B00000000000404003000000000000400000BA
:10C3C000A0070003A840010007000000BC400400D3
:10C3D000000000000000000000000000000000005D
:10C3E00028C00800EC80B30343754051A00F00F84B
:10C3F00000400000A8AA07000000000000000000A4
:10C400000000000070C00900BA1000000004200005
:10C41000041880000B3C2001187C10022FFCE00661
:10C420007F0000000000000000000000A8C0050020
:10C43000BD4B721511A3180510325476980A0000EE
:10C4400000000000CCC0010001000000D4C00200C8
:10C4500001000A000100280058400301000000000C
:10C4600000000003000000208C400201000000607A
:10C4700000000000BC4006010000000000000000B9
:10C4800000000000000000000000000000000000AC
:10C49000E040010100020000144101010000000021
:10C4A00024410701FF0483078813C83AFF06660C7E
:10C4B000FF0483078813FF03BC200AF0F8545200DE
:10C4C000584101010000000064410D010C01000011
:10C4D000E853FA00000000400000000000000000E7
:10C4E000000000000000000000000000010100004A
:10C4F000000000000000000000000000000000003C
:10C50000A44102010000000000000000B041010150
:10C5100000000000BC4103010000000000003C00DE
:10C5200069900600E0410101000000001C42020188
:10C530000000000000000000304202010000000086
:10C54000000000004442020114000000000000004E
:10C550006842010100000000984202013F00000211
:10C56000FFFF00003C4304011F1F1F1F1F1F1F1B55
:10C5700018151311100E0D0C50430201000000009D
:10C58000000000001080010103000000388002015B
:10C59000F147100001000000B480010137000001E4
:10C5A0009C000102000C0004D8000302050040AA10
:10C5B00088010000C0000000EC000112E00F000044
:10C5C000EC0001320C205111F00001022B0100009F
:10C5D0001001011200FF0F001001013202000031B2
:10C5E0005001011200C0010050010132C100A2003F
:10C5F000FFFFFFFFDCBE03084063598F404B4C0038
:10C600000B000B001A00FF7F804900200000000093
:10C61000D8BE030800000000000000004063598FEE
:10C62000404B4C000B000B001A00FF7F804900209C
:10C6300000000000E8BF0308000000000C400200FA
:10C64000018014007F400000204002000000000034
:10C650000000000030400700000000000000000063
:10C66000000000000000000000000000004000008A
:10C67000A007000350400100000000005C400200E1
:10C680000000000000000000A840010007000000BA
:10C69000BC4004000000000000000000000000009A
:10C6A000000000000841040000400000FF4C0000B2
:10C6B00000410000FF4D000020C0011000F80700FD
:10C6C00020C00130FE01280124C00110FF0000003D
:10C6D00024C001300014000028C00800EC80B3031F
:10C6E00043754051A00F00F800400000A8AA0700C1
:10C6F00000000000000000000000000054C0100016
:10C7000051313000070007E6150000000406060757
:10C710000700000088C6020000050000BA100000F3
:10C7200000042000041880000B3C2001187C10023B
:10C730002FFCE0067F000000000000000000000069
:10C74000A8C00500BD4B721511A318051032547610
:10C75000980A000000000000CCC0040001000000A6
:10C76000A100000001000A000100280008000101EA
:10C770000407000018000101000000002000010172
:10C780000884000040402501000000000000000077
:10C790001000000020FB130407C04200000000004E
:10C7A00000000000000000030000002020B802008C
:10C7B0004902F0004108000002000000B007080034
:10C7C000A7000000000000005A02A0089BC34A74A2
:10C7D000F0030F00000000600000000001011030B5
:10C7E00050707F7F0000000000000000000000008B
:10C7F0000000000000000000000000000000000039
:10C800000000000000000000000000000000000028
:10C81000000000000000000000000000E0400101F6
:10C820000002000010410201731E0500000000001C
:10C830001C410E010090C28B11010000FF04830710
:10C840008813C83AFF06660CFF0483078813FF03AA
:10C85000BC200AF0F854520000000000B756351210
:10C8600000000050803B0000000000005841020121
:10C87000000000000310000064410D010C010000E5
:10C88000E853FA0000000040000000000000000033
:10C890000000000000000000000000000101000096
:10C8A0000000000000000000000000000000000088
:10C8B000A44102010000000000000000B04102019C
:10C8C0000000000000002000BC4103010000000047
:10C8D00000003C0069900600D04103010000000008
:10C8E000D000000000000200E0411601000000003E
:10C8F000DE635E36BF6F07006FEA1600E530CE00DC
:10C90000B2B9D90E4B8494045A1FA924DE635E3653
:10C91000BF6F07006FEA1600E530CE00B2B9D90E3E
:10C920004B8494045A1FA92400000000000000005A
:10C930002C00000007EE75366018000000000000B3
:10C94000000000003C4201011201000044420301CA
:10C95000140000000000000008000004684201010B
:10C96000000000008042020101000940010810009F
:10C97000984205013F000002FFFF00000000E803AD
:10C980000002000000001000B44201010000C000DD
:10C9900030430A01400040024001AC0450B00001A5
:10C9A0001F1F1F1F1F1F1F1B18151311100E0D0C0B
:10C9B0005D280F2D00000000000000001080010124
:10C9C0000300000038800201F14710000100000060
:10C9D0009C800301EB400200D5C00000D5C00000E0
:10C9E000A8800111F0010000A880013105228D000E
:10C9F000AC800111F0010000AC80013105228D00F6
:10CA0000B08002013F000001370000019C000102DC
:10CA1000000C0004D8000302050040AA88010000B1
:10CA2000C0000000EC000112E00F0000EC00013239
:10CA30000C205111F00001022B0100001001011225
:10CA400000FF0F00100101320200003150010112FD
:10CA500000C0010050010132C100A20074010102B6
:10CA600069F11F0C7801011200001C0078010132ED
:10CA70001004E01F80010112790700008401020206
:10CA80000000000048000000FC4F01032CB6030822
:10CA9000FFFFFFFFECBF03084063598F404B4C0082
:10CAA0000B000B001A00FF7F8049002000000000EF
:10CAB000EABF030800000000FCC003084063598F70
:10CAC000404B4C000B000B001A00FF7F80490020F8
:10CAD00000000000F8C00308000000000CC20308BA
:10CAE0004063598F404B4C000B000B001A00FF7F36
:10CAF000804900200000000008C203080000000078
:10CB00000C400200018014007F4000002040020021
:10CB1000000000000000000030400700000000009E
:10CB20000000000000000000000000000000000005
:10CB300000400000A007000350400100000000007A
:10CB40005C4002000000000000000000A84001005E
:10CB500007000000BC4004000000000000000000CE
:10CB60000000000000000000084104000040000038
:10CB7000FF4C000000410000FF4D000028C00700EE
:10CB8000EC80B30343754051A00F00F80040000053
:10CB9000A8AA0700000000000000000054C0050023
:10CBA000513130000E000DE62A000000080B0C0D7C
:10CBB0000D00000070C00900BA1000000004200041
:10CBC000041880000B3C2001187C10022FFCE006AA
:10CBD0007F0000000000000000000000A8C0050069
:10CBE000BD4B721511A3180510325476980A000037
:10CBF00000000000CCC0010001000000D4C0020011
:10CC000001000A00010028000800010104070000DB
:10CC1000180001010000000020000101088400004C
:10CC20004040030100000000000000001000000070
:10CC300058400201000000000000000368400601A7
:10CC40004902F0004108000002000000B00708009F
:10CC5000A700000000000000844002019BC34A744A
:10CC6000F0030F00944010010101103050707F7FDD
:10CC700000000000000000000000000000000000B4
:10CC800000000000000000000000000000000000A4
:10CC90000000000000000000000000000000000094
:10CCA0000000000000000000E04001010002000060
:10CCB00010410201331E0500000000001C4101016B
:10CCC0000090C28B24410501FF0483078813C83AF2
:10CCD000FF06660CFF0483078813FF033C4106012F
:10CCE000F854520000000000B75635120000005002
:10CCF000803B0000000000005841010100000000DE
:10CD0000644102010C010000E853FA00A441010152
:10CD100000000000B04102010000000000002000FF
:10CD2000BC4103010000000000003C0069900600C7
:10CD3000D041030100000000D0000000000002000C
:10CD4000E041160100000000DE635E36BF6F0700A1
:10CD50006FEA1600E530CE00B2B9D90E4B849404C8
:10CD60005A1FA924DE635E36BF6F07006FEA160004
:10CD7000E530CE00B2B9D90E4B8494045A1FA924D1
:10CD800000000000000000002C00000007EE7536D7
:10CD90006018004000000000000000004442030151
:10CDA00014000000000000000800000468420101B7
:10CDB00000000000984202013F000002FFFF000057
:10CDC0003C4304011F1F1F1F1F1F1F1B181513119A
:10CDD000100E0D0C50430201000000000000000086
:10CDE000108001010300000038800201F1471000AB
:10CDF000010000009C800301EB40020070780300FA
:10CE0000D5C00000A8800111F0010000A880013108
:10CE10000542CB01AC800111F0010000AC80013172
:10CE200005228D00B08002010003000237000001DE
:10CE30009C000102000C0004D8000302050040AA77
:10CE400088010000C0000000EC000112E00F0000AB
:10CE5000EC0001320C205111F00001022B01000006
:10CE60001001011200FF0F00100101320200003119
:10CE70005001011200C0010050010132C100A200A6
:10CE80007401010269F11B0C7801011200001C0001
:10CE9000780101321004E0CF80010112790700000F
:10CEA0008001013202000000840102020000000043
:10CEB00050000000FFFFFFFF02000000C0175302F8
:10CEC00006140000802FA60405380000A00800000A
:10CED0000000580901040706100A01040707C80AE0
:10CEE00000040807800B00040808380C0004090837
:10CEF0006108000000008A0800000000C709010462
:10CF000004032C0B01040404920C0104050400002A
:10CF1000DBD61000DBD6100020A1070000000000C7
:10CF2000193F010604100100000100020200000088
:10CF300000050001010000000000000012000000D8
:10CF4000000000000000000020CF030810CF0308FD
:10CF5000000000000000000070305E01E8030000E7
:10CF60000102F2003304100300000000B8CE0308F1
:10CF7000000000000000000000000000D0070000DA
:10CF800000000000000000000000000000000000A1
:10CF9000000000008008089240420F0000000000DE
:10CFA0000000FF7F88490020000000008CCF0308AC
:10CFB000000000000C4002000000000000400000E3
:10CFC000204002000F000000000000003040070079
:10CFD0000000000000000000000000000000000051
:10CFE0000000000000400000000700035040010066
:10CFF000000000005C400200000000000000000093
:10D00000A840010007000000BC4004000000000030
:10D0100000000000000000000000000008410400C3
:10D02000FF40000000000000FF4100000000000081
:10D0300020C0011000F8070020C0013000012801C5
:10D0400024C00110FF00000024C0013000130000C4
:10D0500028C00800EC80B30343754051A00F00F8CE
:10D0600000400000A8AA0700000000000000000027
:10D070000000000054C0100051213000F400E3E62D
:10D08000A354000086B7CFDCE300000088C602008E
:10D0900040070000BA1000000004200004188000BF
:10D0A0000B3C2001187C10022FFCE0067F000000E2
:10D0B0000000000000000000A8C00500BD4B721574
:10D0C00011A3180510325476980A000000000000E1
:10D0D000CCC00400010000000000000001000A00B4
:10D0E00001002800080001014407000018000101A8
:10D0F000000000002000010101A0000040402501C7
:10D10000000000000000000010000000910100007D
:10D1100001C0020600300000000000000000000313
:10D1200000000020000000004272060041080000DC
:10D13000F0070400100000000000000000000000E4
:10D140000000AC08000000001C030F00000000609D
:10D1500000000000000000000000000000000000CF
:10D1600000000000000000000000000000000000BF
:10D1700000000000000000000000000000000000AF
:10D18000000000000000000000000000000000009F
:10D1900000000000E0400101000200001041020117
:10D1A000331E0500000000001C410E010010568BCC
:10D1B00000000000FF0483078813C83AFF06660CCE
:10D1C000FF0483078813FF03BC200AF05633500086
:10D1D00000000000B756351200000050803B0000F0
:10D1E00000000000584102010000000000000000A3
:10D1F00064410D010C010000E853FA0000000040FA
:10D20000000000000000000000000000000000001E
:10D21000000000000101000000000000000000000C
:10D220000000000000000000A44102010000000016
:10D2300000000000B04102010000000000002000DA
:10D24000BC4103010000000000003C0069900600A2
:10D25000D0410301000000001000000000000200A7
:10D26000E041160100000000E6E7FF0BCDA10A0037
:10D27000BD066A005EB04D007D02420EA5B62202D8
:10D28000FF25B234E6E7FF0BCDA10A00BD066A0018
:10D290005EB04D007D02420EA5B62202FF25B234DB
:10D2A0000000000000000000050000000000000079
:10D2B0006018004000000000000000003C42010136
:10D2C00000000000444203011400000000000000C0
:10D2D00008000004684201010000000080420201D1
:10D2E0000000000081000000984205013F0000029C
:10D2F000FFFF0000FFFF0000FF030000FFFF000032
:10D30000B44201010000000030430A014000200146
:10D31000A0000000085000011F1F1F1F1F1F1F1B20
:10D3200018151311100E0D0C45C1872F00000000B9
:10D33000000000001080010103000000388002019D
:10D3400033041000010000009C8003010000000075
:10D3500070780300D0000000A8800111F0010000E7
:10D36000A88001310542CB01AC800111F001000021
:10D37000AC800131053EFD00B080020100030002D7
:10D38000370000019C000102000C0004D8000302D9
:10D39000050040AA88010000C0000000EC00011256
:10D3A000E00F0000EC0001320C205151F0000102AE
:10D3B0002B0100001001011200FF0F0010010132CB
:10D3C000020000315001011200C001005001013281
:10D3D000C100A2007401010269F11B0C7801011265
:10D3E00000001C00780101321004E0CF800101121E
:10D3F000790700008001013202000000840102026E
:10D400000010000050000000FC4F01033CCF030857
:10D41000FFFFFFFF90B20308000000009CAF03086D
:10D420000300000000000000C017530214D40308DA
:10D4300090B203080000000008B0030803000000D9
:10D4400000000000C017530230D4030890B2030854
:10D450000000000074B00308060000000000000097
:10D46000C01753024CD4030890B203080000000018
:10D470004CB103080300000000000000C017530275
:10D4800068D4030890B2030800000000B8B1030894
:10D490000300000000000000C017530284D40308FA
:10D4A00090B203080000000024B20308030000004B
:10D4B00000000000C0175302A0D4030800CB0308EB
:10D4C00000000000F4C50308010000000000000097
:10D4D000C0175302BCD4030800CB030800000000AF
:10D4E00094CA03080100000000000000C0175302A6
:10D4F000D8D403083CC603080000000018C603087F
:10D500000100000000000000C0175302F4D403081B
:10D51000A8C303080000000060C303080200000065
:10D5200000000000C017530210D50308A8C3030869
:10D530000000000018C30308020000000000000003
:10D54000C01753022CD5030800CB030800000000CD
:10D55000DCCA03080100000000000000C0175302ED
:10D5600048D5030800CB030800000000B8CA030830
:10D570000100000000000000C017530264D503083A
:10D58000B4CF03080000000090CF030801000000A2
:10D5900000000000C017530280D5030800021000ED
:10D5A000AC3C0020F8310020000002080000000020
:10D5B000FFFFFFFFFFFFFFFFFFFFFFFF0000000077
:10D5C000000000000000000000000000000000005B
:10D5D0000000000020000000BDEE02081000000066
:10D5E00035EE020800000001000001010001010108
:10D5F00020C001B800010000010202030000000089
:10D6000000000000020303030304040404050500F2
:10D6100000000001010101020202020303030303EF
:10D6200004040404040000000101010107070808C4
:10D63000030303050404040505050606060707079A
:10D64000080302020404040304050506060606078F
:10D65000070702020203030303040404040505058B
:10D660000505060606060102020202030303030380
:10D670000404040404050505050606060C0C0C0C40
:10D680000B0B0B0B0B0B0B0B0B0B0B0B0B0B0B0BEA
:10D690000B0B0C0C0C0C0C0C0C0C0C0C0B0B0B0BD0
:10D6A0000B0B0B0B03040404040505050506060615
:10D6B000060607020202020303030304040404042F
:10D6C0000505050505060606020202020707030412
:10D6D0000607040403030303040506030305060702
:10D6E00008040506040304040303040506060304F2
:10D6F00005060708C7BFBEBEBEB5B5B4B4ABABDC4C
:10D70000DCDBDBD2D2D1D1C8C8C8C7BFBEBEBEBD6C
:10D71000B5B5B4B4B4DCDBDBD2D2D2D11B1B161648
:10D720002E2D2D2A29292925242420201F1B1B1BAF
:10D73000162E2D2D2A2A29292524242020201F1B9E
:10D740001B1B2D2DBEB5B5B4B4ABABABAAA2A1A12A
:10D75000A1A099999898C7BFBEBEBDB5B5B4B4B4E1
:10D76000ABABABAAAAA2A1A1A19999990000000014
:10D770000303030303020202020202020303020282
:10D780000202010101010101000000000303030383
:10D7900003020202D0C7C6C6C6BDBDBCBCB3B3B28D
:10D7A000B2B2A9DBDBDADAD1D1D0D0C7C7C6C6C6E0
:10D7B000BDBDBCBCBCB3B3B2DBDBDADA1F1F2D2BA3
:10D7C000221E2E2E323232312D2624303028231FB5
:10D7D0001B2B26222E322E2E31312D282424302CA4
:10D7E00027231E1AFFFFFFFFFFFFFFFFFFFFFFFFC3
:10D7F000FFFFFFFFC8C8C8C8C8C8C8C8C8C8C8C8CD
:10D80000030404080808080800B801B802B800B00A
:10D8100003040408080500000000000000000000E8
:10D820000000000000000000040008007C0031003F
:10D830003B001B00B03700007C030000303B0000C1
:10D84000040000002C3E000004000000B83200007C
:10D85000F80400002C3B000004000000283E0000FB
:10D860000300000000000000B8320000343B00005C
:10D8700001000000303E000037000000313A000097
:10D88000B9320000010000000006800F7047944983
:10D8900009684143880B7047924800680104C80F2B
:10D8A000704730B5002090490A680023FA24A4018B
:10D8B000521C6568AA4200D322681578AD06AD0EE9
:10D8C0009D40054328009B1D1E2BF1D30A6030BDEF
:10D8D00084480168090408D584490A68824B1A60A3
:10D8E0004A68C2618868B14908607047F3B583B07F
:10D8F0001700C006000E00901038912833D2FFF7B1
:10D90000CBFF00282FD00026794C01250398FFF784
:10D91000BBFF002802D0022803D003E02068284083
:10D9200000D001260197734F04980C21615E4018C6
:10D930000E21615E4018FFF7AAFF01994018386078
:10D94000049800994018FFF7A2FF019940187860E9
:10D95000C020800168490860300368490860FDF70D
:10D9600001F89348057005B0F0BDFEB5644B654DF8
:10D97000C02080040290F020000501901869022860
:10D9800005D228680199014002988142F0D0894867
:10D990000068C01C8849014388480160884A894C56
:10D9A0000421A068084204D0187D8006C10F4900F8
:10D9B00023E00226304022D01869042805D22F68BF
:10D9C00001983840029FB842F6D0187D0007000F3A
:10D9D000072814D1587D022811DD987D8006800E1D
:10D9E00002280CDBD87D009007460F4207D0C00705
:10D9F00000D50A21374200D0891D00290BD1724879
:10DA00006E49086000201860802189026F4B196000
:10DA100010602061F7BD481C1E69864205D22F6840
:10DA2000019E3E40029FBE42F6D06948405C009095
:10DA300020610098C000F821014002D08020C0047D
:10DA4000186064480668012E00D1490059602168B9
:10DA500000291DD159490B682026A65F36039B0576
:10DA60009B0D33430B6001261660022191600099E3
:10DA7000890909D10068002801D1182000E01A2086
:10DA8000225E0098FFF732FF207A000700D426605C
:10DA9000F7BD4A484C4901600021194A11608022B3
:10DAA00092024A4B1A60464A11604B4A0261426137
:10DAB0003F480170704706204849086000204849E7
:10DAC0000860F0210901474A116080214900464A57
:10DAD00011600849404A0A604A6035490870704739
:10DAE000A83E0000C04101A82C3E0000883E000076
:10DAF000A43E0000C84101A8C06101A8C05101A80E
:10DB0000C44000A80C0002A830B581B00400A003F6
:10DB100014D530480068002801D1162000E00C2000
:10DB2000FEF7F2FA3148806E0007C10F30480170ED
:10DB3000082030490860C003244908602E4D286839
:10DB4000000406D5FFF7ADFEE861FFF7AAFE17490E
:10DB50000860A00727D58020C0021C490860FCF798
:10DB600024FF00281FD0254A1068C0B2002802D028
:10DB70000621234B1960810915D01C490B68012B24
:10DB8000FBD949680905090D091DC900114B1B681E
:10DB9000012B00D14908002B01D1182300E01A23E2
:10DBA000D25EFFF7A3FE01B030BD00005C4201A8C9
:10DBB000663E0000204000A800F0FF3FB84101A8E9
:10DBC000044003A89C3E0000FFF3FF3F106001A843
:10DBD000D84000A86C3F0000FFFF0300006401A8CC
:10DBE000504000A80C6000A80C5000A81C4000A8E1
:10DBF000343B0000846000A8C04101A8A03E0000A2
:10DC0000005401A870B50822814B1A60FB239B01C8
:10DC10001B68DC0302D50020088070BD0C88001949
:10DC2000401E00787B4DA870641C0C8045076D0F6A
:10DC3000052D05D8784E3668F60603D5022D0DD091
:10DC4000032070BD9604AE401E4001D1082070BD77
:10DC5000052D03D1104201D1641E0C80A9484860F3
:10DC6000002070BDF3B582B008886C490978491C62
:10DC7000C9B2814204D202990918491E097800E00C
:10DC80000021644A517093785B075B0F0193302346
:10DC9000019C052C28D1194233D19478E5081E2423
:10DCA0002C40CD0702D5250001242C430125A14E8F
:10DCB000E6402E4073D0019F9F4EE641402426400F
:10DCC0003E434C0602D5340020262643947889082A
:10DCD0000D40A7080C2139402943C02525400D439C
:10DCE0002021294396705170FB2189010C685578D9
:10DCF000022123262E4008D0660302D52B40202B7C
:10DD000001D0052082E0424B196093789B0601D434
:10DD1000202203E09278120702D540223C4B1A6081
:10DD20003C4A92786B461A70C022844B1E680E40A3
:10DD300001D1154212D06E46377827263E40232E59
:10DD400003D1E60207D4012606E0252E03D0212EBA
:10DD500004D1260302D504262D4F3E601B681940CE
:10DD60002026019F002F1CD11E4027D0294B5B7815
:10DD70001A40402A13D00C221A40042A0FD02A0736
:10DD80003BD40122002902D0E100CB0F5A40694662
:10DD90000978CB07DB0F1A422FD021012AD40720A4
:10DDA00034E0022FE2D11E4008D00029DED1CC237E
:10DDB0002B4003D16B461B785B0601D5032025E081
:10DDC000A30311D59C4E73691B051B0D5B1C3668A4
:10DDD000F60205D5994E36683607B60F9B1B5B1EBB
:10DDE0009BB2052B04D1C1E7029B1B78052BBDD04C
:10DDF00006200BE08021064A1160E90702D4401C8E
:10DE000003990880AB4803994860002004B0F0BD36
:10DE10004C1002A8283E0000480002A8443E000022
:10DE2000F2B587494978CA0705D4009A1288801844
:10DE3000401E037800E00023FB22920110680224B8
:10DE40009D4D2E68F60611D512695340DBB2002BAA
:10DE500003D16E68D30973402340002B03D0020224
:10DE600004D40A20F2BDE206944E3260744A1E02C7
:10DE7000C0230B403343914E336093785E07760F97
:10DE8000022E06D16D682C4003D100200099088035
:10DE9000F2BDA0250D409E08102737402F433D09B5
:10DEA0000E0702D42E0010253543CC240C401A2630
:10DEB0002E400A2E04D1CC2C02D02E00FD25354058
:10DEC0007F4EEE40F60705D4000416D5412B10D145
:10DED000082912D17B48E84011210140214320202C
:10DEE000084310700D210140009808D000F0AAF8F6
:10DEF000F2BD0B2B01D10029ECD00720F2BD00F0C0
:10DF00001FF8F2BD1933000038B50C006E490B78CC
:10DF10001A0953399500491925881B071B0FEB1A5D
:10DF20009A1A8018FEF78EFD010002D1200000F041
:10DF300007F832BDF300A3E3981440684C0002A830
:10DF4000F8B50400614805683D4F3878D026304266
:10DF500002D00D21014005D008205D490860EF2066
:10DF6000FEF72DFD39782000314204D009093970BF
:10DF700000F068F8F2BD0521294020D00288FB217D
:10DF80008901CA60534BEC0705D5521C0280690613
:10DF900007D4514B05E043242C40422C03D1521CA2
:10DFA000028043600DE01022494B1A604B4A096819
:10DFB0008B00DB0F1901116380210903116000211F
:10DFC00001800020F2BD0A888018401E0078830678
:10DFD00001D4121D0A801822024004D00888520879
:10DFE0008018C01E088039480068C00702D508881C
:10DFF000401C08803848486000207047334A136846
:10E00000DB0708D51268920705D40A888018401EDD
:10E01000007804280DD110202D4A10602F48FB22D3
:10E02000920112689300DB0F1A010263802212032F
:10E0300002600020088070470C4000A8080001A87A
:10E04000283E000031B581B025490020009008220B
:10E05000244B1D7802230C24254202D100222249A0
:10E0600003E02C40082C00D10222EC0703D50C0061
:10E070001E21614000931D4207D01449096809061A
:10E0800001D51A4901E00021C943019B184C2160C8
:10E090001849FF248C70009C15012543CD70087031
:10E0A000188800994018801818801348586000207C
:10E0B00036BD0000D5340000480002A8481002A870
:10E0C0000D0F0C0D071708504B3F00004C0002A825
:10E0D0004C2002A87B360000B13600001C1002A8BC
:10E0E000DE1B2501283E00002084100000FCFF01FB
:10E0F000F43E0000483F0000BD350000283E00000F
:10E10000853200009D3200009D3200009D320000EB
:10E110009D3200009D320000000000000000000061
:10E1200000000000000000009D3200009D32000051
:10E130009D320000E12900009D320000132B0000F9
:10E14000232B00004F2C0000B12C0000612D00009B
:10E15000F12E0000912D00009D2F0000ED2D0000FC
:10E16000392E0000B12E0000F1300000CD3100004A
:10E17000E52A0000E7260000952200009D320000FD
:10E18000912700009D320000B52800007D28000086
:10E190009D3200009D320000F52800009D320000F5
:10E1A0009D3200009D3200009D3200009D32000033
:10E1B0009D32000005120000F51100000000000073
:10E1C0000004000802140218032400004B48806871
:10E1D000000200D4704780B580208002AC490860FE
:10E1E000CF2000F071FA01BDF8B58B49886B8B4CDC
:10E1F000802292032260FB26B60133681B0520D5DE
:10E20000130BA025054002D10968C90601D523607A
:10E2100017E002403FD1802781490F6081490F609C
:10E22000184038D0354D287A400705D501207E4961
:10E23000086000027D4908602878002801D006287F
:10E2400001DB0020F2BD00F09FFB716889684E6819
:10E250002978052907D1B905A1606E60B668CC217F
:10E260008901724A116000F098FB012E00DA022643
:10E27000BC20800587490860942080058649086095
:10E2800067480021C94301647142416483490F60BA
:10E2900040210160D5E782480360FFF797FF012026
:10E2A000F2BDB4480168890504D5C06E0004000FB2
:10E2B000022801D0002070470120704738B5802423
:10E2C0005748046000F060FB05007648006800F0E5
:10E2D00071F9280000F061FBFFF778FF0748007A2A
:10E2E000000705D5A0004D49086000F05FFC31BD76
:10E2F00060036B490860AE48046031BD303E0000E9
:10E30000FEB50500CC2080016749486001266748BA
:10E310000660FFF7C6FF00287DD0654C20780028F6
:10E3200079D031020195052802D02A460A4072D1DF
:10E33000CC27BF015C4A17608F4A126881231B02F9
:10E34000134001D0032301E053075B0F022805D1DE
:10E35000022B5ED3080135490860F7BD4D01032843
:10E3600004D1022B55D931480560F7BD042802D1EC
:10E3700011404ED0F7BD05284BD10198002848D058
:10E38000C005C10F684641700198C004C10F6846BE
:10E39000017000F0F9FA0290606869464978002936
:10E3A00003D0066880211F4A11602C0488496A4600
:10E3B0001278002A0CD0C2680B68D21A854B1B68F1
:10E3C000234001D0066800E04668964200DD160052
:10E3D000684640786A461278024308D0086842428C
:10E3E000B01E824202DA7042886000E00026029885
:10E3F00000F0D3FA0198800501D5774804600198B0
:10E40000054001D075480460002E02D0074807601F
:10E41000F7BDFFF753FFF7BD0C0002A8442002A888
:10E420000CC001A890E001A8C4D000A8145001A815
:10E4300038B580249448046001201C4908601C4DB4
:10E440002878052802D0600090490860FFF729FF6E
:10E45000002812D013480068000A80214140A868B3
:10E46000000EC9B2814208D2434800684007400FFD
:10E47000022802D2FFF722FF31BD85480168C02281
:10E480000A4002D1C06F204001D00448046031BD71
:10E490001C1002A808E001A808D001A894D001A887
:10E4A000441002A818C000A8106001A8C4E000A889
:10E4B000303E0000F1B582B00F00A020384003D1FB
:10E4C00075480068C00603D58020800073494DE080
:10E4D00000F05AFA00906F480468F80202D5A0686C
:10E4E0000069029000F0C3FB80210903606800F01E
:10E4F0009DF926780020761C6178B14200D2002672
:10E500001821714365180C3529780829F3DA26702B
:10E51000A56063492A780A70BA0507D55D48006886
:10E520008068C068FA0201D4032290438860012702
:10E53000384003D100F0A6FC01F086F8F9046869C0
:10E5400000F074F93C2000F0BFF8F0B200F0BCF825
:10E550006088544901406180009800F01EFA380537
:10E560004E490860504807603802504908600298D8
:10E57000FEBD0000440002A8184001A810B54C4898
:10E580000068800501D4FE2010BDC02080034949E9
:10E59000086000F0F9F93F4909688A78D20702D586
:10E5A00089688C7800E00C7800F0F7F9200010BD45
:10E5B000100002A8374909688A688B78DB0704D500
:10E5C000927818235A438A180C32906070470000E2
:10E5D00048C001A84C0002A84C1002A84C2002A878
:10E5E000F1B582B0344804680027200F000702D13B
:10E5F000E001029038E0012630480068304001D147
:10E6000001F022F800F0C0F90190F104606800F018
:10E610000DF925786D1C6078A84200D20025E8002D
:10E6200020180C30009000680290F10400984068B7
:10E6300000F0FCF821480068304002D01E2020493C
:10E6400008603D2000F040F8E8B200F03DF8257089
:10E650000098A060019800F0A0F9184800680640F2
:10E6600002D102A801F04AF816480068800408D5D3
:10E670001148C06901F00BFD02990818029000D5FD
:10E6800002970298FEBD000094E001A8146001A862
:10E6900014C001A8C43E00000C0002A8442002A837
:10E6A000303E0000FEFF0000C0E000A8106001A89E
:10E6B000440002A8441002A8C83E0000784000A808
:10E6C000841102A8FC0302A84C490968002901D55D
:10E6D0004B4908607047F3B581B00100494FB868F5
:10E6E000494C42005BD50125000100D52125474A50
:10E6F00010685668226893069B0E802252001A43C7
:10E7000000928022FD2333400D2B09D1FB239B0176
:10E710001B68134004D03E4B1B681B2B00D31643D1
:10E72000009B9C463B689B001A4063461A4300923C
:10E730000A0023D0890601D5012008E0F02101401C
:10E7400007D16946097A0C220A4002D0022000F063
:10E750003FF83049096809040AD53968090701D525
:10E76000022605E03968490301D5002600E00326AA
:10E770004835009A28490968890003E0009A26492B
:10E78000896B09094023194011439A00002E02D0D9
:10E790001643266608352166024322662566E06D2B
:10E7A0004407640F00F0DAF8A0070BD0052C09D05D
:10E7B000B868000406D400F0E7F80221174A116097
:10E7C00000F0EBF800F0D3F8002000F001F8F7BDFE
:10E7D0000E490A68F0239A43000110430860C0B252
:10E7E00070478020C0020E490968890701D10D4990
:10E7F00000E00D490860704700000000500002A8CA
:10E80000884000A8480002A8284000A8683F0000EF
:10E81000448001A8684101A8184001A814D50350FC
:10E82000844000A8486000A8485000A880B56F4AFE
:10E83000116001F057FCFFF7D4FF01BDFEB5FB25C9
:10E84000AD012878000604D5287F002801D01824BF
:10E8500000E0462400F098F802906548C068400542
:10E86000C20DD52A01D2D52204E0D1204000824237
:10E8700000D90200100001005E4B01932B6B5B017D
:10E880001DD55D4B00931D1D5C4E367806277E43DB
:10E89000AA530025019B1B7CEB40DB070CD5009B9A
:10E8A00006266E439B199B888FB2BB4200D219008B
:10E8B00086B29E4200D218006D1C022DEAD389B2A6
:10E8C000091909044E4B0B40001BC005C00D18432D
:10E8D00047490860C02000064A4908604548017D54
:10E8E00000290CD04849D52A02D98023DB050B60CA
:10E8F000D1235B009A4202D280231B060B600021C9
:10E90000424B19604188002900D10280029800F032
:10E9100044F800F043FDF7BD80B53D483D4908602F
:10E920003D48C1680902090A192251434160052185
:10E930000160FFF783FF01BD80B5FB2080010178F6
:10E94000090604D5007F002801D0FFF777FF324881
:10E950000068C00301D5FFF771FF01BD8020C00230
:10E96000224908602D4800684007FBD4704780208A
:10E97000C0022B490860704701E02A4908602A4913
:10E9800009680140F9D17047284800682021284AC9
:10E9900011601021274A116070473021014002D1D7
:10E9A000102023490860704720480068302101404A
:10E9B000102901D101207047002070471E48012115
:10E9C0000160C160704701201C49086070471C4805
:10E9D00000780621014007D01A480068022803D0B9
:10E9E000032801D00120704700207047441002A87E
:10E9F0007C400050743F0000543E0000503E000038
:10EA00000000FF01A0600050A450005018E000E09A
:10EA10007F1A0601540002A810E000E0440002A89A
:10EA2000442002A8282002A8280002A8600002A80A
:10EA3000602002A8601002A8789001A884A001A814
:10EA4000A43E00006C3F0000F8B55A4880214902FE
:10EA5000C1610221584A51600021584AD162584A86
:10EA600011800321544A116002210160554DCC01EF
:10EA7000A868204010D051480068F02109050140E5
:10EA800090200005814207D002204F4908600120F4
:10EA900001F04CFB4D48046020204D490860802067
:10EAA0004C490860CC2080014B49086001244B4848
:10EAB00004602E683004070F49480068C505ED0D55
:10EAC000103DC0202843C0B2FFF7FEFD3B48C06B9D
:10EAD000800309D5092F07D0FFF779FF002801D05F
:10EAE00002F0FBFF01F050F93007000F00903D48A5
:10EAF00006680098032803D0022806D1032F37D0D8
:10EB000000F040FA0098032803D0062F30D1062DDC
:10EB10002ED035480068C00B204001D001F038FCF1
:10EB200032480068000108D5052D06D1012530487E
:10EB300004606005FFF720FF00E000253100380089
:10EB400000F058FA0600002D06D000F0DFFB29483F
:10EB5000046002202849086060052649486580094C
:10EB600026490860FFF733FF002801D002F0A3FF19
:10EB7000114821040162002F08D1022141600020C8
:10EB80000E49C863C020C000134948643000F2BD7C
:10EB900080B5FFF7E3FEFB2080010078800602D4F9
:10EBA000022017490860FFF7E2FE01BD0220154967
:10EBB000086070472C1002A8282002A80C0002A8A8
:10EBC000603E0000B00002A86C1102A8B82002A8A4
:10EBD00094E001A80CC001A8146001A8C4E000A83A
:10EBE00004ED00E0B44000A800E200E0F03E0000C8
:10EBF000645000A8646000A82C4000A880E200E0F7
:10EC0000081002A8082002A8F8B55C480468042788
:10EC10005B4DBE01A0070FD55A4A0120E021C90073
:10EC200093680B4002D02E602F612861126811405A
:10EC300002D02E60AF60A860FFF7A6FE210506D5C2
:10EC40002E602F61B7490D220A600F220A60FFF77C
:10EC5000A4FEF1BD80B5FFF797FE874901228A60C7
:10EC60000A600021B04A1160FFF797FE01BD10B5A0
:10EC7000012082498A680240FCD1C04A0423136102
:10EC80000C680440FCD193600002106010BD7C4908
:10EC900008680122104200D1704710B5E023DB0064
:10ECA0000340FF24A41CA34207D3B54B9C6BA406CE
:10ECB00002D41B68DB0600D54868024001D000F092
:10ECC00021F910BDF8B504008B4D28683F21884319
:10ECD0008A49097801432960FFF7D9FFC820A86253
:10ECE0000620874908608020400390490860800919
:10ECF0008F49086020688F4DAF68874200D30700B6
:10ED0000C01B20600121200000F0A4FB0600206849
:10ED1000C0192060FFF778FF874800682860002E40
:10ED200011D18648102141620821854A12680A40A3
:10ED300001D0016000E0416094490968490002D5B2
:10ED40008021490141623000F2BDFB208001017841
:10ED5000090610D5007F00280DD08948C16BC9066F
:10ED600009D4816BA0220A4005D10068C006C10FFA
:10ED7000012048407047002070470000500002A862
:10ED8000881102A8900102A880B5FFF7DEFF0028D5
:10ED900003D00021042001F08FFB01BDF1B57C48B8
:10EDA0007C49C860EE20C00408607B487B4908604D
:10EDB000FFF7CBFF002803D00021042001F07CFBEB
:10EDC000774C8020C00120600827764887650125A0
:10EDD000704845641D2073498862734E9B20400033
:10EDE000B061072001F0A2F902206E4988625449FF
:10EDF0000A68D20603D56B496C4A0A6008E00F2204
:10EE00000968394002D03100103101E0310014317D
:10EE10000A6067490968002900D4B761E321090144
:10EE20003160C021C900634A1268F823DB01134036
:10EE300001D1F16201E0574A9165216C294008D067
:10EE4000616BC90705D45C490968084001D101F02C
:10EE500051FB0020C04359490860606B054001D157
:10EE6000FFF7D2FE009801F04FF9606B8001FCD4EF
:10EE7000606A53490860F1BD902102A8940102A87C
:10EE8000783F000010B5FB2080010178090606D507
:10EE9000007F002803D00021052001F00DFB16485B
:10EEA00001683F229143474A12780A4302603C4C72
:10EEB000606BC00701D4FFF7CDFE434997204000A7
:10EEC0000860102008604148E22212018266404A30
:10EED000CA6100213F4A11600F210822184B1B68AC
:10EEE000134001D0816700E0C16703210160026324
:10EEF0001003206010BD00002C8001A8623E0000BD
:10EF00000C9001A8F0210901334A116001403348F7
:10EF10000160202032490860324909680840B94937
:10EF20000860704700100C5000000C50982002A898
:10EF3000A41002A8A03F0000340002A8601102A89B
:10EF4000FC0302A82848294982680A4002D1C26805
:10EF5000114001D01049016013480821AA4A1368E2
:10EF60000B4000D081611178C90602D58C210901BE
:10EF700001601420A5490860C9E10000882102A8A9
:10EF80000C0002A80448054908607047EC0002A87C
:10EF9000000FFF00242102A801200000706201A8D8
:10EFA000100002A8C01002A8501102A8BD03000062
:10EFB00028C000A8A88001A8383E0000B46000A8BE
:10EFC0009C3F0000633E0000682102A8E82002A8E0
:10EFD00010100000C00002A8586001A8585001A8F5
:10EFE000482002A8184001A8704201A800800080B3
:10EFF00070470000F8B586B005000C008448006832
:10F00000400102D52000402404438248C66AFFF72D
:10F01000BBFC0590B00503D57F480068FFF7CAFA2E
:10F020000020019001237006C00F02907B4A916876
:10F0300000209060B8204000794E30606608B8200B
:10F0400030401278F0261640402E02D102004020B7
:10F0500010430D2D02D10A00042111434A0704D5A3
:10F0600002001420104310229443A44A12686D46F3
:10F070002B70D20506D5802252009C4B1A600200EC
:10F0800001201043029A002A11D10C220240082AC2
:10F090000DD002005F4B9B6BDD0601D41025AA4307
:10F0A0009B0601D420239A43B12313404FD06A46D4
:10F0B0001278002A4ED0994A956B966D01236D0700
:10F0C0006D0FAD1DAB40F504ED0C5B1B9BB2082B27
:10F0D00009D2802006234F4D2B604302904D2B60B8
:10F0E00000236D462B708123034036D00823029DF8
:10F0F000002D00D113620D000821294310239C43E9
:10F1000004231D05874E3560DD04874E35606D464E
:10F110002D78002D1ED0062B25D33D4DEE6CF60626
:10F1200021D5824E3668360E01966D69ADB27F4E9E
:10F13000F66B360603D02E0080256D013543156130
:10F140002D1215616D4A1268D50592D40BE0082284
:10F15000724B1A620491009032E000BF87A345060B
:10F16000ED0E5B5DD3E7049100902A48026B6F4976
:10F1700009686A4D2E686F463E81282616401E4358
:10F18000930CDB0133431600120E3240102632403E
:10F190001A43890040231940114302AA9170406B21
:10F1A000000A02A9C870FFF7E9F902A908710198DD
:10F1B00048715F480068C8800298E8660398E8666E
:10F1C0000598FFF7EAFB0825600601D555488560DC
:10F1D000FFF7FDFB002805D056480078002801D035
:10F1E000554805600498C1B20098C0B2FFF773FAA1
:10F1F000200007B0F0BD081A03D250490968401832
:10F20000401C7047481002A8F84F0000703F0000F3
:10F21000084000A8180002A81CC000A8683F000011
:10F22000B46000A8F8B5464E0F24012545491027C3
:10F23000B06B38401BD00120087043480068434938
:10F240000968FFF7D8FF42490968401801284BDBDD
:10F2500001F0F8F93F490968090B0C40022C41D133
:10F2600069053D4A11603D490F6435603AE0306CF4
:10F27000C0001ED53A480068E0218905014033D01E
:10F28000344D286821030140780281422CD1FFF7D8
:10F290007BFB344A34490968C90502D533490968FA
:10F2A00011602968090B21400229F3D0FFF775FB93
:10F2B000F1BD2F4E3068002816D00D7000F024FFED
:10F2C000002811D101F0BEF922490968090B0C4050
:10F2D000022C07D12904204A116002211F4A116023
:10F2E0000021316001F0B2F9F1BD00001C2100AA3B
:10F2F000802080041F490860704700001C0100AA9C
:10F30000802040041B4908607047000000BF1A4875
:10F310000168490701D0FF2141617047540000AAEC
:10F32000141100AA441002A84C5001A8184001A8CA
:10F33000448001A8343B0000845000A838C001A8D4
:10F34000100002A8653E00001CC101A820C001A851
:10F35000E03E0000B00002A81C1002A8082002A88D
:10F360004C4001A8800000AA084000A8904000A8D6
:10F370003C3E00003C2002A80C4000A80301070608
:10F380000301070605010606050106060302070636
:10F390000302070605020606050206067047FF2857
:10F3A00007D0032805D2BC490978C140C807C00F5F
:10F3B0007047002070470000F0B58020000208214F
:10F3C0009E4A11600A2301219D4A01249C40044366
:10F3D000C4A5ED5C25439560F0259A4E3560974DA8
:10F3E000C3A6F65C022737432F6004262E60AB4D80
:10F3F0002D680D4006D1CD026D1E03D0966C3603EC
:10F40000FAD401E00220F0BD956CD66C6D036D0B53
:10F41000AE4200D220005B1ED7D50823894C236062
:10F4200090609F4B1B685B0112D59E4C63785D1CFE
:10F4300001262E4066701D00062675436519126868
:10F44000AA80E880237094480278994011430170A3
:10F450000020F0BDF1B582B0FFF7FCFBFB2080017E
:10F46000006B400101D401241DE08F48826B002015
:10F470008C49C3B206246343CB189B8894B2A34241
:10F4800004D0401CC3B2022BF3D3FF200870012428
:10F49000FB208001006B400105D50878FFF77FFF56
:10F4A000002800D00024FB208001007800060AD547
:10F4B000FB208001007F002805D0FB208001407FD9
:10F4C000002800D10124794DE8690190784800684E
:10F4D000E861784E02980068316D4718012F16DBFD
:10F4E00000F089FD3060C001381A01280FDBFFF7FA
:10F4F000BEFB00F0A9F802980068316D401800F0DA
:10F5000003FE002803D00021029A116010E06A4F28
:10F51000C020C00038602868072832D00521084084
:10F52000052808D029600C2000F000FE002802D039
:10F530000199E961FEBD614EFF207A3070620420BE
:10F54000B062FFF794FB02203060E020C0045C4909
:10F55000486080208004786002203860012000F03C
:10F56000E5FD802080007062022000F0DFFD802039
:10F57000C00070620820B062022000F0D7FD0220B7
:10F58000B062504EE02040003060042000F0CEFD1C
:10F5900007003FD102204A4908608002B062C001E2
:10F5A000B0621020404908600120F06546480068BC
:10F5B00040061CD4FB208001006B400113D5394864
:10F5C00000786946087068460078FFF7E8FE002872
:10F5D00009D0344869460978062251434018C0884A
:10F5E0003149086403E0FFF7E7FE070012D12E4817
:10F5F000012101600021C167022000F097FD334E18
:10F6000040203060C0303060022000F08FFD81204B
:10F61000C002B062002C05D02B480068800101D4E4
:10F62000FFF78AF9E869E021490301400198284A77
:10F6300002400A43EA613800FEBD0000889001A83C
:10F64000448001A888A001A838B5FFF703FBFFF7A5
:10F650000EFB0224144804601E4D0820A862C0015D
:10F660006862012000F062FD200268622C600620C2
:10F67000A86219486862E0204000144908601048F8
:10F6800004600021094A1160C021C90001601348CB
:10F6900000681349086031BD843F0000140002A8CF
:10F6A000F03E0000503E00000C8001A85C0102A862
:10F6B000F80302A88C3F0000981002A85C1102A871
:10F6C000982002A82C9001A8500002A82CA001A804
:10F6D000FFFFE3FF5C2102A8F9610000340002A8EB
:10F6E000943F0000000000010102040810202000E7
:10F6F00050505040404040302020200070B506005F
:10F70000FFF7B5FAC020C00019490968F822D201F4
:10F710000A4001D1174900E0174908601748AC2199
:10F72000490081640A210160154880214903016074
:10F730008909C160134C6069AF21C901451830685F
:10F74000854200D30500401B306000213000FFF7E8
:10F7500081FE3168491931600B490968216070BD2B
:10F7600080200001094908600001094908607047CC
:10F77000AC8001A87C1102A87C2102A80C8001A801
:10F78000981002A8903F0000340002A8441002A87C
:10F79000685000A8F1B584B0B64800680190B6483A
:10F7A000806BAF21C90140180499884205D2081A1C
:10F7B00000F0AAFC002800D03FE2B04D6868C00706
:10F7C00000D53AE20420CE49C8628003CD49886260
:10F7D000FB2080010468A86B8607B60F032E03D0B8
:10F7E0001020C749C86223E0802080028862E96B4C
:10F7F000890601D5012062E0210610D5EA6B0221BD
:10F800000A400CD1C04A05231360EB6B10273B4024
:10F810001943116000211160A96B090A11600421CC
:10F82000B84AD162E96B002902D5B5498862002641
:10F8300020060ED5FB208001007F002809D0202063
:10F84000AF49C862B148006820210840AD49C8628C
:10F850000EE0A86B400705D5A86BC00080214900C9
:10F86000084003E084480069C10701D5FFF74AFB5F
:10F87000E00708D5C748B1014018006AC004C00CB1
:10F88000401EC5490860C5480168090404D5806F59
:10F89000C00F0121414000E00021C148C022920078
:10F8A00002603202002902D0C021890000E011006C
:10F8B000BC4B1960C021890041605A600020296C4E
:10F8C000942292050A40140000D0012480263602BA
:10F8D000204300062FD0FB2080013021405CC02156
:10F8E0000140402902D1FFF753F901E0FFF75EF92B
:10F8F00020202860240600D19FE1A86B400709D58D
:10F900007008804988620220CD49086000F08AFAB8
:10F91000002807D004207A49C862400279498862E9
:10F92000C7480660FB2080010078000600D484E10F
:10F93000300173492BE16868C00700D57DE1B00054
:10F940007049C862FFF70AF89348406E296C31404D
:10F9500008D1C00606D5FFF717F80221C64A116084
:10F96000FFF71BF8FFF703F8F0082860C34CC02727
:10F970003F066760A86B4007C10F68460170EE2024
:10F98000C0040199C9077BD5BD4908603009E06111
:10F990000320AC490864FE20C0034864422048604C
:10F9A000A02020600820A84908660420A749086014
:10F9B000286CC00232D5B3484168080CA44A090437
:10F9C000C90B515A102829D32B4A1289E72A25D36B
:10F9D00095235B009A4205D89A1A12095143890A65
:10F9E0004B4204E0A84BD218120951438B0A5BB278
:10F9F000C01821498A6B94464A6C53436246D21818
:10FA00008A636F2801D36F2002E00F2800D20F20F5
:10FA100001020143000408439C49086098489C493E
:10FA20008164B90C61600221874A5167B90D816018
:10FA3000F02109014165F00920610A2000F076FB00
:10FA40006760822040022066012000F06FFB0120E9
:10FA50006060062000F06AFB6660082000F066FB2C
:10FA60003001606080006060032000F05FFB700088
:10FA700042E000BFFC0302A86C3F0000100002A897
:10FA80000199490744D57E4908606F4E8220C00421
:10FA9000F06680208000E061C001B066B80C886428
:10FAA0007C4860600A2000F041FB66490020086441
:10FAB00008604860A020206008203066022070673F
:10FAC0000A2000F033FB676073482066012000F0D5
:10FAD0002DFB062000F02AFB08206060062000F0C5
:10FAE00025FBF80D6060082000F020FB60206060BE
:10FAF000032000F01BFB0220544908600DE000BF0A
:10FB00001C2002A81C1002A8E40000AA184001A8AA
:10FB1000624A4021002001F003F893480021C943C4
:10FB2000C1630121FB2292011278120614D5AA6B3F
:10FB3000520711D48D4A1278FD2313400D2B0BD19F
:10FB40008B4A926B520507D58A4A12681B2A03D248
:10FB50003B480161C16400E0016000F04CFA834E53
:10FB6000401DC001B16B47188020C0018249496F18
:10FB700001400291814908600498874215D2B16B17
:10FB8000401A00F0C1FA00280ED002987C490860A3
:10FB900053E000BF0C0000AA204000A8684101A863
:10FBA000086100A8085100A8049F0198400702D5E9
:10FBB0008020800000E073486060012000F0B6FA09
:10FBC000686A7063802040001F490860380000F0B8
:10FBD0009BFAFB24A40168460078002806D16648F9
:10FBE000006860628020C0038D4908600298644903
:10FBF000086023480199490704D580218900816460
:10FC0000234903E002218164C02189018164686A7B
:10FC1000F06268460078002809D0012000F086FADA
:10FC20002078000603D58020000391490860286CE5
:10FC3000C00202D513480068B06305B0F0BD0000F3
:10FC4000685000A8600102A8B81002A8C82102A844
:10FC5000C000000080B5FEF797FE8A4900220A60C6
:10FC60000A22CA61FEF799FE8748C0218902016015
:10FC70008649416001BD000014E50350681102A8E7
:10FC8000242102A8F83F0000D6FEFFFFDC4001A8B7
:10FC900004040000040440000204000011070000F6
:10FCA0007B48806B800300D47047F8B579480768BB
:10FCB0000024002001252F4202D0C020800102E054
:10FCC000790700D57448754902220A600864082043
:10FCD0007349086073480068C00403D47248006820
:10FCE0000007FBD5714E27487065042000F01EFA0E
:10FCF0008820C00470653D4007D0A0208003706557
:10FD0000012000F013FA6A4808E060207065802046
:10FD10004002B060012000F009FA66487065664D47
:10FD20002C606C60C02000067065C00C63490860E0
:10FD3000012000F0FBF9F0200001F066604804604B
:10FD4000862040025F4908605F4870650820306087
:10FD5000A02030652C646C64802080014C490860D0
:10FD600000015A490860F1BD786000A86C3F0000AE
:10FD7000184001A8448001A820C001A894E001A86F
:10FD800094D001A802400000F8B5514800680D2544
:10FD9000054008200424002D01D1042504E0092198
:10FDA0002940092900D145404A49102706034A4AFB
:10FDB0004A4B1B682340126814D04A60284004D084
:10FDC0000220FEF705FD464806602C4007D0454856
:10FDD0000068074343480760B008414908600220B3
:10FDE000414915E00A60284005D00220FEF7F0FCEA
:10FDF000A0023B4908602C4006D03A4801680F43F6
:10FE000007607009364908603748066030032F499B
:10FE10000860FFF745FF00210020FEF75CFCF1BD04
:10FE20001C1002A810B5802030490A6802400AD090
:10FE30002F4B1A680624144005D15C6E2D4A2240CF
:10FE40001B6D9C0101D5002010BD096808400DD034
:10FE50002948824203D1180501D5012010BD274849
:10FE60000068C107C90F481E8041C00F10BD0000C7
:10FE70001C2002A8224803210164A821C16310218B
:10FE800001607047D80000AA442002A80400008046
:10FE9000100002A8FC0302A8040400002C1102A810
:10FEA000106001A8D84001A8104001A8182102A89C
:10FEB0000180000089050000600102A8B06101A86E
:10FEC000548001A8C82102A804340000482002A8D8
:10FED000B44000A8E83E00001CC101A8480002A8E8
:10FEE000441002A8683F0000685000A8440002A81F
:10FEF00014C001A81F1F0000010C000030C101A8A0
:10FF0000082002A86C4800680121084209D16B4A08
:10FF100012686B4B000C1840F03291400B40984235
:10FF200001D00220704700207047F8B507000F3855
:10FF30006A461080604CE0680A0004D16B461B885A
:10FF400082B29A423AD200226B461A8001250226DA
:10FF50003A0013D02268324007D000292ED05948E9
:10FF60000088401C5749088000203900216156490B
:10FF70000E6080B2B84201D369460D805348456097
:10FF800000E030BF2068304003D1FFF7BBFF0028FE
:10FF9000F7D04D484560390010D02168314005D078
:10FFA00048490A886B461B88D2180A8006600020E0
:10FFB0002061E068B84201D244480660FFF7A2FF22
:10FFC000F2BD38B5050000F03DFB04000121992089
:10FFD0004543A8093E4A12688018123880B2FFF7DC
:10FFE000A4FF05008020C0013A490860200000F00D
:10FFF0002DFB280032BD3348038835490968028843
:020000040804EE
:100000009342F9D1100408187047FEB51238070C56
:100010006946088000F016FB0190274C294D28887E
:10002000B8421ADA01202C490860274E30BF02205E
:100030002168014006D030604003264908602888C6
:10004000401C2880FFF75EFF002802D12988B942B2
:10005000ECDB0121716000280DD12888B8420AD15B
:10006000E06869460988884205D200216846008810
:10007000FFF75BFF01E0FFF745FF04008020C001B0
:1000800014490860019800F0E1FA2000FEBD10B5A7
:1000900012490A680E4B1B680C689442FAD0DB01C7
:1000A0004033141A02D288692418641C0C48006872
:1000B0004443181B10BD0000280002A804ED00E016
:1000C000FF3F0000603E0000282002A8281002A880
:1000D000340002A880E200E02C1002A820C001A891
:1000E000B43F0000F0B502E00A601C602E607EC8DC
:1000F0004F1C07D05F1C04D06F1CF5D10A601C6038
:10010000F0BD0A60F0BD000010B5C409FFF773FF31
:10011000201A312806DAC000183801D4C01EFDD5D7
:10012000002010BD2000FFF770FF10BDC321484321
:100130006F3801D41E38FDD50020704780B5FEF71A
:1001400047FB01208C49086001BD38B58B490C681C
:1001500008258B490D60FFF7F1FF2C4001D089483D
:10016000056031BD80B5EB2000F001F801BD30B570
:1001700085490B6818401022134211D0834BFB2491
:10018000A4012468224008D0B04A14682402FF2544
:100190002D0225401D6300241460802252031A6042
:1001A000086030BDF3B5010016001C000025009565
:1001B000A748019A330000270BE0BC464F5D474338
:1001C000AE009E597E40575D4743374066463743F1
:1001D0006D1CA542F1D3390939438A080A435108F5
:1001E00011430840C10901430F208A0B0A43024012
:1001F0005040F6BDF1B582B00E0000209349086072
:10020000FD25AD01EF7AA87A01900F2139400091C8
:100210000ED00B468F4A90490298FFF7C3FF019911
:1002200001408A4801608D4841438D48084001D112
:10023000012400E04401380915D032003B092900AF
:100240000298009E6D7A75194019FFF7ABFF01996E
:10025000091101407D4802680B0113430360002926
:1002600001D0480044437F480068204001D1042069
:10027000FEBD0020FEBD80B50A00002111807A4934
:1002800052888018FFF7B6FF02BDF0B50F22774BFA
:100290005C7905780F202040C540200928400125C1
:1002A0009C79C4402C4001D10320F0BDFB24A40163
:1002B0002468254008D06E4D9E684700F65B761E88
:1002C0002E608026B601EE60DD78DE79C640F0074C
:1002D00011D5E0060FD5002D0DD06648486008887E
:1002E000488008881C7800192A4080185A7880189D
:1002F0002A09801800E0002008800020F0BD10B519
:100300005D4801685D4A0820014200D09061C9063D
:1003100002D58C210901116059495A4A5A4B1B6870
:100320001B040CD54B685C0402D5C303136006E0C4
:10033000C024A4011C4043029C4200D010600B6802
:10034000034005D0514B1B689B0F9B0700D01060EA
:10035000FB2080010078C023034002D180204005AB
:100360001060086820210840106049480068C001FA
:1003700001D4FFF7F7FE10BD2C4000A84C4000A8A8
:100380004C6000A84C5000A8703F00001C1002A850
:10039000F8B5404F38687E6806403F4830403F49D6
:1003A00008608024A4033E4DF00228D5FB20800184
:1003B000016801200A0605D53A490968A960287034
:1003C000022014E0014202D03749A9600FE000206A
:1003D000C9060CD52749A960344A91780B071B0F31
:1003E00012789A1809095118A980E880A888A8806D
:1003F000A888002801D0264301E0FFF7B3FE26407D
:1004000023D0264E74603460A88800280BD0396A47
:10041000814208D3291D2648AA6890470100F3D0DD
:10042000FFF78CFEF1BD01000CD0FC218902F161C7
:1004300020490203CA6134604C603A6A824204D3A4
:100440000C60F1BDEB20FFF792FEF1BD403E0000D5
:1004500001010101F83E0000383F000011110000C9
:1004600021840000F43E0000183F0000483F0000D7
:10047000204000A87B210000F84F0000502102A876
:10048000184001A8481002A8684101A84C4201A8E0
:10049000D04000A8B44000A8FFFFDFFFB46000A870
:1004A000443E00002C3B00008F210000493F00002B
:1004B000D84000A8B45000A870B505000C0000F0AA
:1004C000C1F80600FEF77AFA2002054306480560E7
:1004D000022006490860FEF776FA300000F0B6F810
:1004E00001200349087070BD04C0095040D0095074
:1004F000643E0000FEB5C020C004334908603348A4
:100500003349486533488865334840240460446073
:100510001020FFF70BFE002854D1FF2000052F49C3
:1005200008602F482F4908602F4829490860A50313
:100530002A4805602D4807680820FFF7F7FD0028C6
:1005400040D108262A4806600120FFF7EFFD274822
:10055000806801902748066027481D4908601F48A9
:1005600005600820FFF7E2FD00282BD12048066037
:100570000120FFF7DBFD1D48806800901D480660E4
:10058000134D1E4828600199009800F03FF8860638
:10059000B60E0198C10B0098C00B00F037F80002AE
:1005A000FC21890101403143296010480760600344
:1005B0000A49086012480460446012490164124903
:1005C00041640020FEBD000020E000A85714000098
:1005D0004C0102A8FF3FFF3F601102A8B42002A80F
:1005E0000000380EB41002A830300000104101A8FD
:1005F000105101A8106101A8101000002020000077
:10060000602102A8F703F000FF3F000010B5490485
:10061000CA104004C310991A00209A18D30F9A18D0
:10062000521052188B115B0E5B18DB11D21820236D
:10063000541A01D422001843CC0F611849105B08EA
:10064000F6D110BDEFF3108072B67047002800D1CC
:1006500062B6704710B5C20018231340FF249C40B7
:10066000E2438907090E9940030004D474489B08AB
:100670009B00C01806E0734B0007000F0838800885
:100680008000181803681A401143016010BD80B53E
:1006900073225421002000F043FA01BD10B5FFF78A
:1006A000D1FF694901220A60684B694C2360694C9B
:1006B00023600323684C2360684C2360684B1A60F6
:1006C000684B1A60684B80241C601A60674A1A6085
:1006D00011228A63FFF7BAFF3F206549096801408C
:1006E0000A1D402A00D2081D624A1070AE480170EF
:1006F00010BD80B501001120FFF7ACFF01BDFFF771
:10070000A1FF05000024012160B2FFF7A3FF641CD4
:100710000E2CF8D301210F20FFF79CFF012113209D
:10072000FFF798FF01211720FFF794FF0321012015
:10073000C043FFF78FFF01211E20FFF78BFF4E48BC
:100740004E49086002204E4908600120A149086016
:1007500047044C4C20693840FCD02068800101D40B
:10076000FEF7DAF82800FFF771FF4748006800033A
:1007700011D4FF222A325321002000F0D1F90AE0DF
:1007800000281CD0FEF700F919E020693840FCD0A1
:100790002800FFF75BFF206E0004000F022801D144
:1007A000FEF740FDFFF74EFF0500724EFEF7FCF826
:1007B00000287078E4D0002801D1FEF7EEF801207F
:1007C0002F493278002A05D1784A1268920600D45F
:1007D000086030BF0022327002220A607D49086042
:1007E000D3E77D48016842680A407C4810401849B8
:1007F0000860800700D4704710B579480188491C0B
:100800000180FB24A4012078000617D575490A68E9
:100810000F20120B0240032A10D1A94A1268520776
:10082000520F032A0AD80968090B0840032805D18A
:100830000D20FFF78AFCE08A401CE08210BD00001A
:1008400000E400E01CED00E0040002A80000FF3F0F
:10085000282002A82C1002A840E002A844C002A848
:1008600004C001A8044001A8145001A8200060069B
:100870002C8001A8623E0000FFFF9B4000E100E0E9
:10088000602002A8500002A8F80702A8F8B5564C4C
:100890002068656805408B4805605448284007D0AB
:1008A000FEF795F8002803D0280087490968884793
:1008B000864801210D4211D00222854B1A60854ADB
:1008C00012680A4007D10268F0231B0513409022EA
:1008D00012059342F3D009027F4A116080210D4234
:1008E00020D0A26AF823DB0113401BD0C0221201E2
:1008F000934217D880231B06884E3360A76AF826D8
:10090000F6013E40374F3F683F043F0F022F01D0B2
:10091000032F03D1002E01D09642EFD38F4A1360EC
:10092000684A11608E49097806290DDACC208001C9
:1009300028401DD0FFF786FE04002800FDF7E0FCEC
:100940002000FFF783FEF1BD806B800510D5854840
:10095000284005D0FEF74CFB2800FDF7D1FCF1BD87
:10096000A80205D580204001564908607E490860EC
:10097000F1BD0000653E000010B57C480168446888
:100980000C407B48046080210C4205D041607948CE
:1009900001600020FDF7B4FC600403D58020400511
:1009A0007549086010BD0000633E0000F40302A812
:1009B00038B57248016844680C40E00707D5FFF776
:1009C00041FE0500FDF734FD2800FFF73FFE6C48AF
:1009D000046031BD601002A8280002A8FFFF00C01B
:1009E000603E0000B00002A8104001A8020006000E
:1009F000FEB5644C206C676C074001252F4216D071
:100A00002E0661480660206860490D60002802D00B
:100A10000021FDF70BFF5E480068A021C901884254
:100A20008041C043C00F5B4948705B480660FDF7DA
:100A3000ABFF0190022007403ED06168CEB20F0AA2
:100A4000564908224A4B4403012E24D0022E31D1AC
:100A5000012F22D1524EF6780096514E377801265A
:100A6000BE40504F3E604E4E3678760590277F044C
:100A7000F71903263E434C4F3E601C604B4B1C60F5
:100A80000B68009C1B194B65454909788D40484906
:100A90000D6048490DE00090DFE7002F0AD1464E77
:100AA000356000254D655C601C60C104434B1960D6
:100AB00043490A60354908600198FDF76EFFF7BDAC
:100AC000184001A8106001A8303B00000C0002A8EB
:100AD0006C1102A8B44000A8B82002A870B5FDF7B8
:100AE00053FF0400FFF7AEFD2F490A68D2070FD568
:100AF0002A4A566D1368334D2E60CE686E60496881
:100B0000E9818021C904204E3160297B5918516543
:100B1000FFF79CFD2000FDF740FF70BDE06101A8DC
:100B2000002800D0704770B50C00FDF72DFF0500C0
:100B3000FFF788FD0600FDF741FF2348046001210F
:100B4000224A1160026C0A40FCD1FDF73CFF3000E4
:100B5000FFF77CFD2800FDF720FF70BDE05101A8E4
:100B6000303E000000104006145001A890C001A8BB
:100B700090E001A80CC001A804ED00E0C0C000A8EE
:100B8000C0E000A800C002A8441002A840E002A8EB
:100B9000404000A8653E0000442002A818C00A504A
:100BA000793E000068E00A5060C101A894D001A815
:100BB00068D00A50F42302A860E101A880E200E0B6
:100BC000F41302A8703E000000C0095040D0095044
:100BD00080B5FDF7FCFE002801D000F08BFE01BDC2
:100BE00080B5FDF731FFBC48006800030AD4FEF76A
:100BF000C9F9FFF755F8FEF745F90120FFF72AF884
:100C0000FEF722FD80208005FDF7B6FE01BD80B510
:100C1000FDF71AFF80204002FDF7AEFE01BDFEB5D4
:100C200005208D490860954806680124264201D1B7
:100C3000FEF710F8FDF708FF914908680090914809
:100C400049680160B105CA0F69460A71002526424C
:100C500010D00095A14949680160A04802688A49FE
:100C60000B68981A9A4202D38B69C018401C9C4B9F
:100C70009842F5D39B48056068460079002804D067
:100C800031000098FDF716FC009000279548006899
:100C9000204003D16846FEF715F80700FEF755F827
:100CA000002840D08D48407C00283CD19C498B4D89
:100CB000EE680A6933689A4200D00120994A944646
:100CC000994A1378062253436246D35AB446020027
:100CD000182672436646B2185360009A0192EA6879
:100CE0000123434018204343D61830680861B06898
:100CF00008608E48F16801603169016270698C4951
:100D0000086001A8FDF7DEFF002806D18549864A64
:100D1000127806235A43895A7160390007000F433D
:100D200001D16C7401E0002F02D10098FEF736F873
:100D30009C48046002209C490860C820C004A54962
:100D400008606004FDF718FEF7BDF8B5A24C8025D9
:100D5000EF02FDF7FAFF002808D0A048007800282D
:100D600004D13800FDF708FE2560F1BD206CC005F8
:100D700006D580200006206000BF00BF400820602C
:100D8000FEF7E0F8FDF760FEFDF72EFA0600944846
:100D900094490860FFF71CFF3800FDF7EDFD002EB9
:100DA00000D025600120B2490870F1BDF8B50120DE
:100DB000FFF79FFCFDF748FE8B484421405C05216E
:100DC000014002D0FDF7E4FE01E0FDF7EFFE824CAA
:100DD000012702258448406C284000D0276010205D
:100DE000C043A44908600026E663A3480660FDF7F7
:100DF000EEFD002802D000F0CAFD01E07A4806604E
:100E0000FDF7ACFD9D480068216C090407D400077C
:100E100005D5FDF7B9FD9A490D60FDF7BEFDFDF75B
:100E2000A6FDFFF76CFA9748006807400CD08020B9
:100E3000000695490968014006D0944909680840B0
:100E400002D10D20FFF781F9A804FDF795FD0020E0
:100E5000FFF74FFCF1BD00005C1102A880B5FDF763
:100E6000F3FD1D480068000303D4FEF70BF8FEF7FE
:100E7000EBFB80204003FDF77FFD01BD440002A88D
:100E8000B83F00003C3E000020C001A838B5FDF787
:100E9000DBFD514C2025FEF7C5FF002806D0606B16
:100EA000000704D5FEF7E6FFFEF75AFC2560FDF7C4
:100EB000E9FFFEF7C9FB764800780C2101400429C0
:100EC00002D1FDF765FE01E0FDF770FE6804FDF755
:100ED00053FD4020206031BD0C0002A8CC3E000034
:100EE00001FF0000383E00001CB50520694908607C
:100EF000FDF7AAFDFEF7BEFFB64800680090684601
:100F0000FEF7FCFB0400FFF763FE002C02D1009803
:100F1000FEF740FC80204004FDF72EFD13BD0000CD
:100F2000348001A8563E0000503E00001C4101A83C
:100F3000284000A8F8B5FDF787FDA74CA56A50200A
:100F4000284002D0FDF724FE01E0FDF72FFE224FDE
:100F5000FEF768FF00281BD1B86B40071DD4786BE3
:100F6000E0214901014018D1A80611D4FDF7F6FC93
:100F7000A56A9A4E354207D0FF20C0432D18A562BE
:100F80008020000596490860FDF7F1FC2E4002D054
:100F90000120386001E00020206080208004FDF7FF
:100FA000EBFCF1BD442002A8305201A880B5FDF74A
:100FB0004BFD8C480068C00501D5FDF763FF01209B
:100FC000FEF748FEFEF740FB8020C004FDF7D4FC8E
:100FD00001BD0000106001A8100002A8DD3E000065
:100FE00070012000B46000A8AC3E000070B5284835
:100FF0000668FDF729FD8024A4037B4D29680903B9
:1010000003D52000FDF7B8FC70BD0321C00601D553
:10101000314001E0B0080140012902D1FDF7B8FDDF
:101020000BE0300107D50E20FFF788F8A348042114
:10103000016008210160FDF7B9FDFDF728FEA04E13
:101040003069A0490860FFF7C3FD3068002807D069
:101050004000122802D2FFF769F801E0FEF7B1FF65
:101060002000FDF789FCA86B8000FCD470BD000057
:10107000653E0000482002A8403E0000844000A8D1
:1010800014E50350404101A8D44101A8304001A813
:10109000F03E00005C1102A8F8B584B001260024DF
:1010A0000294FDF7D1FC03904F4D2868000374D4DF
:1010B0000320A5490864A54802680227FF21890189
:1010C0000F200F231340032B03D0120B10400628D0
:1010D0003ED19F4800684A6800922A6C3A4001D08D
:1010E00089680091FEF7D3FF0099401801D501945B
:1010F00000E00190A86B0007C10F68460170032053
:10110000FB218901096B014002291BD10399C90602
:1011100018D5FB2189010968CA0512D5EB6B8D4AE8
:101120001340934203D11020874908640AE08905DF
:1011300008D4296C28220A4004D1002628490860D6
:1011400000E00026684600780290300002D10EE0F0
:1011500008680190FEF766FE002808D0FEF78AFEB8
:101160000298002802D0FEF7FBFA00E0002676483D
:101170000760002E12D0FB2080013021405C0C2142
:101180000140042902D0E86BC00602D5FDF700FD3E
:1011900001E0FDF70BFD2020686014E0FDF772FE12
:1011A000802000060E4908600020C0436A4908609C
:1011B00001A8FEF7A3FA0400FFF70AFD002C02D1F4
:1011C0000198FEF7E7FA80200004FDF7D5FB05B093
:1011D000F0BD0000CC3F0000C83E000000FFFF0053
:1011E000481002A8680102A80C0002A8FEB500245D
:1011F0000194FDF729FCFFF7EBFC584EF06E584DBB
:101200000007000F07280ED1706800280BD40020BB
:10121000FEF720FD28682B490860FDF7B5FD306812
:10122000800045D5FBE701210320FB229201736872
:101230005B070BD44B4B1B680B4007D01368DF05D3
:101240000BD55B0502D43368DB0503D40191116B28
:10125000890904E01021444B1960116B0909084009
:1012600000900020FEF7F6FC0098002805D1706879
:10127000C00602D4FDF79AFC01E0FDF789FC0020CE
:101280000199002903D139480068FEF700FF696918
:10129000401801D5009400E000906846FDF712FD6B
:1012A000002805D10098FDF779FDA8690549086077
:1012B00080200005FDF760FBF7BD000080E200E044
:1012C000AC3F00003C3E0000F8B5FDF7BDFB00243C
:1012D00000252748466B80277F05300606D5300756
:1012E00009D5FEF7C7FDFEF73BFA29E001251D48A9
:1012F0000068284019D00020FEF7ACFC0220064010
:1013000002D01C490C60C8611B480468002D03D042
:101310002000FDF765F90400FEF7ACFD2000FEF7A4
:1013200039FA3800FDF728FBF1BD14480078C021D8
:101330000140402902D1FDF72BFC01E0FDF736FC0E
:1013400020200B490860ECE7082002A8B00002A8A2
:101350000CC101A810000010B46000A8440002A84D
:10136000BC3F0000B44000A8481002A81CC101A85E
:10137000100002A8180000AAD83F0000F03E0000AC
:10138000FFF78CF9024803494860FFF7B8F900BF3E
:10139000032600000000000080B5EFF305800B2855
:1013A00001D23A2100E02921FF2216320020FFF766
:1013B000B7FBFEE745F80208F5F7020801F8020856
:1013C000F1F80208E3610308356703083967030889
:1013D0003D670308416703084567030800000000F4
:0813E000B00100008032002082
:0813E800941DFD7F01000000CF
:0C13F000FC1304080044002072040000FC
:1013FC000000000000000000FFFF0000C0EA210117
:10140C00C0175302EFBECEFA020000000060310894
:10141C0000800000A4220020C8000000FE00000094
:10142C0000000000E0990308280000000200000002
:10143C007168000801000000FFFFFFFF330000008F
:10144C006D320108857B03080000000000000000DD
:10145C000000000000000000000000000000000080
:10146C0000000000000000000100B80B001C002070
:10147C00654A020800000000FF8703080000000016
:10148C000000000000000000000000000C01030739
:10149C00001C00208963020800000000FF8703087D
:1014AC000000000000000000000000000000000030
:1014BC00001C00200163010800000000FF870308E6
:1014CC000000000000000000000000000000000010
:1014DC003300000049DC0008F41400204D8E030892
:1014EC000300000041BC000828290020538E03088B
:1014FC00020000000585010824150020588E030801
:10150C0004000000D5BC0008E55E03083020FFFF96
:10151C00FFFFFFFFFFFF200030460020000000000F
:10152C000000000010460020000000000000000039
:10153C00F04500200000000000000000D045002015
:10154C00000000000000000008009C000000CDAB73
:10155C0010C105201001100201010100001C002027
:10156C007563010800000000FF87030800000000FD
:10157C000000000000000000000000002C0101FF32
:10158C00001C00202D8B020800000000FF870308C0
:10159C00000000000000000000000000000000003F
:1015AC00001C0020E946020800000000FF87030829
:1015BC00000000000000000000000000000000001F
:1015CC00001C0020E563010800000000FF870308F1
:1015DC0000000000000000000000000000000000FF
:1015EC00001C0020E163010800000000FF870308D5
:1015FC0000000000000000000000000000000000DF
:10160C00001C0020DD63010800000000FF870308B8
:10161C0000000000000000000000000000000000BE
:10162C00001C0020D963010800000000FF8703089C
:10163C00000000000000000000000000000000009E
:10164C00FFFF00000000000020A1070000000000C8
:10165C000BFFFF7F401001002C010000001C00203C
:10166C001163010800000000FF8703080000000060
:10167C00000000000000000000000000001C002022
:10168C00A181010800000000FF8703080000000092
:10169C00000000000000000000000000001C002002
:1016AC001562010849330108FF8703080000000098
:1016BC00000000000000000000000000FF1001000E
:1016CC0040060100B80B000010270200FDFFFDFFD3
:1016DC00FF00FFFF800080000FFF00008447002008
:1016EC000000000064470020000000000100000022
:1016FC00001C00203D83010849330108FF870308C3
:10170C0000000000000000000000000000000000CD
:10171C0000000000000000000000000000000000BD
:10172C000E0F000008400000001C0020951F02084E
:10173C0000000000FF87030800000000000000000C
:10174C00000000000000000001020301081E0F0A47
:10175C0020000000001C00209D81010800000000FA
:10176C00FF870308000000000000000000000000DC
:10177C0000000000001C00209981010800000000FE
:10178C00FF870308000000000000000000000000BC
:10179C0000000000001C00206D99010800000000F2
:1017AC00FF8703080000000000000000000000009C
:1017BC00000000000000400005000000001C00209C
:1017CC000D9E010800000000FF87030800000000C8
:1017DC00000000000000000000000000001C0020C1
:1017EC000DA2010800000000FF87030800000000A4
:1017FC00000000000000000000000000001C0020A1
:10180C00A9A2010800000000FF87030800000000E7
:10181C00000000000000000000000000001C002080
:10182C0079A3010800000000FF87030800000000F6
:10183C00000000000000000000000000800000001C
:10184C00001C0020D5D7010800000000FF8703080A
:10185C00000000000000000000000000000000007C
:10186C00001C002079D8010800000000FF87030845
:10187C00000000000000000000000000000000005C
:10188C00001C002019ED010800000000FF87030870
:10189C00000000000000000000000000000000003C
:1018AC00001C002009C2010800000000FF8703088B
:1018BC00000000000000000000000000000000001C
:1018CC00FFFF0000001C0020B9CE01080000000042
:1018DC00FF8703080000000000000000000000006B
:1018EC0000000000001C0020C9430208000000009A
:1018FC00FF8703080000000000000000000000004B
:10190C0000000000FFD80000001C0020E544020885
:10191C0000000000FF87030800000000000000002A
:10192C000000000000000000018E020801FF000012
:10193C00001C0020555D020849330108FF8703088D
:10194C00000000000000000000000000000000008B
:10195C00FFFF0100FFFF0000FFFFFFFFFFFFFFFF86
:10196C00FFFFFFFFFFFFFFFFFFFFFFFFFFFFFFFF7B
:10197C00FFFFFFFFFFFFFFFFFFFFFFFFFFFFFFFF6B
:10198C009449002000000000703B0020D83B002050
:10199C00403C00200000000000000000000000009F
:1019AC00000000000000000000000000000000002B
:1019BC00000000000000000000000000000000001B
:1019CC00000000000000000000000000000000000B
:1019DC00AD600308A9600308FFFFFFFFFFFFFFFFD7
:1019EC00BD600308FFFFFFFF27660308FFFFFFFF33
:1019FC00FFFFFFFFFFFFFFFFFFFFFFFF932500002F
:101A0C00B3670308DC130408FFFFFFFF04F8FFFFB4
:101A1C000C00000000000301FF0C01FF0F00000090
:101A2C0059310108313101080000000000000000AC
:101A3C00000000000000000000000000000000009A
:101A4C00000000000000000000000000000000008A
:101A5C00000000000000000000000000000000007A
:101A6C00000000000000000000000000000000006A
:101A7C00000000000000000000000000000000005A
:101A8C00000000000000000000000000000000004A
:101A9C00000000000000000000000000000000003A
:101AAC00000000000000000000000000000000002A
:101ABC00000000000000000000000000000000001A
:101ACC00000000000000000000000000000000000A
:101ADC0000000000000000000000000000000000FA
:101AEC0000000000000000000000000000000000EA
:101AFC0000000000000000000000000000000000DA
:101B0C0000000000000000000000000000000000C9
:101B1C0000000000000000000000000000000000B9
:101B2C0000000000000000000000000000000000A9
:101B3C000000000000000000000000000000000099
:101B4C000000000000000000000000000000000089
:101B5C000000000000000000000000000000000079
:101B6C000000000000000000000000000000000069
:101B7C000000000000000000000000000000000059
:101B8C000000000000000000000000000000000049
:101B9C000000000000000000000000000000000039
:101BAC000000000000000000000000000000000029
:101BBC000000000000000000000000000000000019
:101BCC000000000000000000000000000000000009
:101BDC0000000000000000000000000000000000F9
:101BEC0000000000000000000000000000000000E9
:101BFC0000000000000000000000000000000000D9
:101C0C0000000000000000000000000000000000C8
:101C1C0000000000000000000000000000000000B8
:101C2C0000000000000000000000000000000000A8
:101C3C000000000000000000000000000000000098
:101C4C000000000000000000000000000000000088
:101C5C000000000000000000000000000000000078
:101C6C000000000000000000000000000000000068
:101C7C000000000000000000000000000000000058
:101C8C000000000000000000000000000000000048
:101C9C000000000000000000000000000000000038
:101CAC000000000000000000000000000000000028
:101CBC000000000000000000000000000000000018
:101CCC000000000000000000000000000000000008
:101CDC0000000000000000000000000000000000F8
:101CEC0000000000000000000000000000000000E8
:101CFC0000000000000000000000000000000000D8
:101D0C0000000000000000000000000000000000C7
:101D1C0000000000000000000000000000000000B7
:101D2C0000000000000000000000000000000000A7
:101D3C000000000000000000000000000000000097
:101D4C000000000000000000000000000000000087
:101D5C000000000000000000000000000000000077
:101D6C000000000000000000000000000000000067
:101D7C000000000000000000000000000000000057
:101D8C000000000000000000000000000000000047
:101D9C000000000000000000000000000000000037
:101DAC000000000000000000000000000000000027
:101DBC000000000000000000000000000000000017
:101DCC000000000000000000000000000000000007
:101DDC0000000000000000000000000000000000F7
:101DEC0000000000000000000000000000000000E7
:101DFC0000000000000000000000000000000000D7
:101E0C0000000000000000000000000000000000C6
:101E1C0000000000000000000000000000000000B6
:101E2C0000000000000000000000000000000000A6
:101E3C000000000000000000000000000000000096
:101E4C000000000000000000000000000000000086
:101E5C000000000000000000000000000000000076
:101E6C000000000000000000000000000000000066
:101E7C000000000000000000000000000000000056
:101E8C000000000000000000000000000000000046
:101E9C000000000000000000000000000000000036
:101EAC000000000000000000000000000000000026
:101EBC000000000000000000000000000000000016
:101ECC000000000000000000000000000000000006
:101EDC0000000000000000000000000000000000F6
:101EEC0000000000000000000000000000000000E6
:101EFC0000000000000000000000000000000000D6
:101F0C0000000000000000000000000000000000C5
:101F1C0000000000000000000000000000000000B5
:101F2C0000000000000000000000000000000000A5
:101F3C000000000000000000000000000000000095
:101F4C000000000000000000000000000000000085
:101F5C000000000000000000000000000000000075
:101F6C000000000000000000000000000000000065
:101F7C000000000000000000000000000000000055
:101F8C000000000000000000000000000000000045
:101F9C000000000000000000000000000000000035
:101FAC000000000000000000000000000000000025
:101FBC000000000000000000000000000000000015
:101FCC000000000000000000000000000000000005
:101FDC0000000000000000000000000000000000F5
:101FEC0000000000000000000000000000000000E5
:101FFC0000000000000000000000000000000000D5
:10200C0000000000000000000000000000000000C4
:10201C0000000000000000000000000000000000B4
:10202C0000000000000000000000000000000000A4
:10203C000000000000000000000000000000000094
:10204C000000000000000000000000000000000084
:10205C000000000000000000000000000000000074
:10206C000000000000000000000000000000000064
:10207C000000000000000000000000000000000054
:10208C000000000000000000000000000000000044
:10209C000000000000000000000000000000000034
:1020AC000000000000000000000000000000000024
:1020BC000000000000000000000000000000000014
:1020CC000000000000000000000000000000000004
:1020DC0000000000000000000000000000000000F4
:1020EC0000000000000000000000000000000000E4
:1020FC0000000000000000000000000000000000D4
:10210C0000000000000000000000000000000000C3
:10211C0000000000000000000000000000000000B3
:10212C0000000000000000000000000000000000A3
:10213C000000000000000000000000000000000093
:10214C000000000000000000000000000000000083
:10215C000000000000000000000000000000000073
:10216C000000000000000000000000000000000063
:10217C000000000000000000000000000000000053
:10218C000000000000000000000000000000000043
:10219C000000000000000000000000000000000033
:1021AC000000000000000000000000000000000023
:1021BC000000000000000000000000000000000013
:1021CC000000000000000000000000000000000003
:1021DC0000000000000000000000000000000000F3
:1021EC0000000000000000000000000000000000E3
:1021FC0000000000000000000000000000000000D3
:10220C0000000000000000000000000000000000C2
:10221C0000000000000000000000000000000000B2
:10222C0000000000000000000000000000000000A2
:10223C000000000000000000000000000000000092
:10224C000000000000000000000000000000000082
:10225C000000000000000000000000000000000072
:10226C000000000000000000000000000000000062
:10227C000000000000000000000000000000000052
:10228C000000000000000000000000000000000042
:10229C000000000000000000000000000000000032
:1022AC000000000000000000000000000000000022
:1022BC000000000000000000000000000000000012
:1022CC000000000000000000000000000000000002
:1022DC0000000000000000000000000000000000F2
:1022EC0000000000000000000000000000000000E2
:1022FC0000000000000000000000000000000000D2
:10230C0000000000000000000000000000000000C1
:10231C0000000000000000000000000000000000B1
:10232C0000000000000000000000000000000000A1
:10233C000000000000000000000000000000000091
:10234C000000000000000000000000000000000081
:10235C000000000000000000000000000000000071
:10236C000000000000000000000000000000000061
:10237C000000000000000000000000000000000051
:10238C000000000000000000000000000000000041
:10239C000000000000000000000000000000000031
:1023AC000000000000000000000000000000000021
:1023BC000000000000000000000000000000000011
:1023CC000000000000000000000000000000000001
:1023DC0000000000000000000000000000000000F1
:1023EC0000000000000000000000000000000000E1
:1023FC0000000000000000000000000000000000D1
:10240C0000000000000000000000000000000000C0
:10241C0000000000000000000000000000000000B0
:10242C0000000000000000000000000000000000A0
:10243C000000000000000000000000000000000090
:10244C000000000000000000000000000000000080
:10245C000000000000000000000000000000000070
:10246C000000000000000000000000000000000060
:10247C000000000000000000000000000000000050
:10248C000000000000000000000000000000000040
:10249C000000000000000000000000000000000030
:1024AC000000000000000000000000000000000020
:1024BC000000000000000000000000000000000010
:1024CC000000000000000000000000000000000000
:1024DC0000000000000000000000000000000000F0
:1024EC0000000000000000000000000000000000E0
:1024FC0000000000000000000000000000000000D0
:10250C0000000000000000000000000000000000BF
:10251C0000000000000000000000000000000000AF
:10252C00000000000000000000000000000000009F
:10253C00000000000000000000000000000000008F
:10254C00000000000000000000000000000000007F
:10255C00000000000000000000000000000000006F
:10256C00000000000000000000000000000000005F
:10257C00000000000000000000000000000000004F
:10258C00000000000000000000000000000000003F
:10259C00000000000000000000000000000000002F
:1025AC00000000000000000000000000000000001F
:0825BC00000000000000000017
:040000050800A63D0C
:00000001FF
