S02B0000463A2F4650542F476174657761792F586732365F476174657761795F4E43502F636D616B655F67631A
S31508006000081000203DA6000821EB0208D962000806
S31508006010D962000829EB020831EB0208D9620008A8
S31508006020D9620008D9620008D9620008D962000856
S3150800603035EB0208FC990308D9620008D962000802
S31508006040D9620008D9620008D9620008D962000836
S31508006050D9620008D9620008D9620008D962000826
S31508006060D9620008D9620008D9620008D962000816
S31508006070D9620008D9620008758901080D890108E6
S31508006080D9620008D9620008D9620008D9620008F6
S31508006090D9620008D9620008D9620008D9620008E6
S315080060A0D9620008D9620008D9620008D9620008D6
S315080060B0D9620008D9620008D9620008D9620008C6
S315080060C0D9620008D9620008D9620008816300080D
S315080060D0D9620008D9620008D96200085D63000821
S315080060E039630008D9620008D9620008D962000835
S315080060F0D9620008E93F0308894A03081B670308B1
S315080061001767030831420308316703081F67030846
S31508006110594A030823670308C94A0308314B030889
S31508006120D9620008D9620008D9620008D962000855
S315080061300DDB0008D9620008D9620008D962000898
S31508006140D9620008D9620008D9620008D962000835
S31508006150D9620008D9620008D9620008D962000825
S31508006160D9620008D9620008D9620008D962000815
S31508006170D9620008D9620008D9620008D962000805
S31508006180D9620008D9620008D9620008A173030819
S31508006190992E0308D9620008076703080D670308E4
S315080061A0D9620008D9620008D9620008D9620008D5
S309080061B0D96200089A
S315080061B4F0B5114A114C124E00F00105E3695F0768
S315080061C413D40DB9334213D103EA00078F4207D11A
S315080061D40B4A1A40002A0CBF00206FF00100F0BDDC
S315080061E4013AEBD16FF00200F9E74FF0FF30F6E71A
S315080061F46FF00100F3E700BF809698000000035093
S31508006204020001002DE9F84F16464FF48032274B59
S31508006214274D9A66EB69074603EA020841F6713385
S315080062240122EB63234BDFF89490DA600EB930460B
S3150800623429E007F5005404EA09046F61E41BEB69D5
S31508006244B44228BF34465B072DD48B465BF8043B1F
S3150800625401EB040AAB61D3450ED1042300212120A6
S315080062642B61FFF7A5FF70B92120FFF7A1FF50B9ED
S3150800627459462744361BD9E708210846FFF798FFED
S3150800628468B104232B6101220B4BDA60B8F1000FC5
S3150800629403D00022A3F50053DA63BDE8F88F5BF850
S315080062A4043BAB61D7E74FF0FF30ECE700900050B2
S315080062B400000350001003500020035000E0FFFFC5
S315080062D0013800D0FCE77047FEE72DE9F041044697
S315080062E00C264FF00108134D0CB314F001000BD027
S315080062F0002024F0010406FB00525768002FF3D053
S315080063009168C0B2B847EFE72246013020284FEA25
S31508006310520201D0D307F8D508FA00F20F2824EA6A
S315080063200204E8D9103806FB0052B432E5E7BDE8A6
S31508006330F08100BF08100020074BD3F82404D3F8D7
S31508006340202403F50053104000F0553020F0A040FB
S31508006350C3F82004C1E700BF00C00350074BD3F8B9
S315080063602404D3F8202403F50053104000F0AA3083
S3150800637020F02040C3F82004AFE700BF00C0035058
S315080063801A4B2DE9F0411F6D5B6D1F4000D5FEE7E6
S3150800639001260025164CDFF8608037421CD0C8F865
S315080063A050602368C3B1A168284601316268A160BC
S315080063B09847637B012B0FD170B90E4B03EB45133E
S315080063C093F8F42160F3410283F8F42193F8042248
S315080063D060F3410283F804220135082D4FEA460688
S315080063E004F11004D9D1BDE8F08100BF00000450C3
S315080063F07011002008100020002004504369426CE8
S31508006400D91C143AB1FBF2F103EBC1000330B0FB1F
S31508006410F2F00230704738B505460C46FFF7EEFF36
S315080064206A6CE31D143AB3FBF2F3013304EBC304BD
S3150800643002FB004038BD38B5054644692146FFF7DA
S31508006440EAFF6A6CE31D143AB3FBF2F3013304EB7B
S31508006450C304204438BD73B506460D460024F36BC5
S3150800646001225B6901A928199847019B013309D1C3
S31508006470736C043462196A405B421A42EFD02046B4
S3150800648002B070BD0024FAE7D01E009B424242418A
S31508006490187E824211D11A688A420ED85A688A42F0
S315080064A00BD35A6901325A61D3E9030282423FBFCC
S315080064B0986840F8221001321A61012070470023BB
S315080064C04FF0FF3230B544689C4202D10023037274
S315080064D030BD016801EBC30541F833206A6001331A
S315080064E0F2E70023F0B545689D4210D00468DF0046
S315080064F054F8332004EBC306B2F1FF3F08D0C2F3C9
S315080065001302914204D14FF0FF33E3517360F0BD9B
S315080065100133E9E710B5032A029C07D1A26A534062
S31508006520626C5242134201D1FFF7DBFF012010BD16
S315080065300023F0B545689D4202D14FF0FF300EE0CA
S315080065400468DE0054F83340671C09D0C4F3130707
S31508006550B94205D1240D1470036833445868F0BD58
S315080065600133E8E773B5164600F108040D462046E0
S3150800657009680DF10702FFF7DBFF032E05D16B68EB
S31508006580834202D12046FFF7ACFF012002B070BD5E
S315080065902DE9F043466886B3056898464FF0000C27
S315080065A0A946AE4655F83C400CF1010CC4F3130756
S315080065B0013401D0B94217D066450EF1080EF1D163
S315080065C02F46002403E0A64207F1080712D055F823
S315080065D0343001340133F6D1C1F3130141EA0851CD
S315080065E0C7E90012BDE8F08341EA0851CEE9001276
S315080065F0BDE8F083B8F1030F03D101230372BDE8A8
S31508006600F083002303E09E4209F10809F5D055F806
S3150800661033400133C4F30754032CF4D1C1F31303F5
S3150800662043EA0853C9E90032BDE8F08308B50830E3
S315080066301346D1E90012FFF7ABFF012008BD4FF45E
S315080066408032064B00209A6641F6713203F51C33F8
S31508006650DA63012203F50053DA60704700900050B0
S31508006660704737B5054601F10C04436901A90122B3
S3150800667020469847BDF80430012200936946204613
S31508006680AB69984703B030BD174B10B50446D3F82D
S31508006690200100F0070006281FD8DFE800F0040AEA
S315080066A00E2112161A00012304B1206001B10B60F5
S315080066B010BD0E4B18680523F6E70C4B58680323E4
S315080066C0F2E730F0EFF90723EEE7084B18680623E0
S315080066D0EAE7064B58680423E6E700231846E3E78B
S315080066E002230348E0E700BF008000500C44002066
S315080066F0002D3101024A536B0342FCD1704700BF9B
S31508006700008009504FF480322DE9F843204B4FF0B2
S3150800671001089A6641F671331E4D0446EF69EB632C
S315080067201D4B0021C3F80C800223686121202B61D0
S31508006730174032F051F8DFF86890064640B1C9F8BC
S315080067400C8007B1E96301360CD16E20BDE8F883E9
S31508006750212032F041F8C9F80C8007B1EE63431CDA
S31508006760F3D008B17120F1E70C4B9A6801230A327D
S3150800677002F01F02934023F0030323449C4201D1F5
S315080067800020E3E754F8042B0132F7D03E20DDE77A
S315080067900090005000000350001003500080E00FE6
S315080067A000200350A0F50623A3F55063B3F5807FB8
S315080067B0024616D85809082813D0012302F01F02EA
S315080067C003FA02F2084B03EB8003D3F8E8121143ED
S315080067D0C3F8E812D3F8081321EA0201C3F808132C
S315080067E070474FF0FF3070470810002010B5A0F52D
S315080067F00624A4F55064B4F5807F1FD86409082CD4
S315080068001CD001220F4B00F01F0003EB84018240CD
S31508006810D1F8080303F53A730243C1F808230022A6
S31508006820114653F8040B0132082A0144F9D119B963
S31508006830202205482FF056FB204610BD4FF0FF34A6
S31508006840FAE700BF081000201013002000280CDB10
S3150800685001220649430900F01F008240203341F80F
S315080068602320BFF34F8FBFF36F8F704700E100E01F
S315080068704FF06042D2F8803E1B02FBD4704780F886
S315080068809910704790F89900704790F896007047ED
S31508006890D0F8A4309A695206FCD50020D96370470F
S315080068A0D0F8A4309A69120643BF5B6A00200B70C1
S315080068B01B2070470122D0F8A43019B103F5805384
S315080068C0DA64704703F50053DA649A647047174B25
S315080068D0B3F82803020A10F0FF00134604D1012A70
S315080068E023D143F080007047072BFAD801A252F84B
S315080068F023F000BF19690008E36800081569000855
S3150800690029690008296900081D6900082169000825
S315080069102569000809207047184670470320704704
S315080069200B20704706207047022070470810002089
S315080069304BF6EF6283B2002B08BF1346044A000CDD
S3150800694013814FF6CE2308BF18465081704700BF03
S315080069500C44002038B5202204460D460C30002190
S315080069602FF0C0FA4FF0FF33C4E90035A36038BDF5
S31508006970F8B5134642880C460732072A4FEAD20171
S3150800698001D0A14245D1D0E90167058820221846E1
S3150800699000212FF0A7FA360A034626B1012E10D099
S315080069A06FF08B00F8BDA4B341F20102954205D001
S315080069B0B5F5885F02D0B5F5905F19D15C60002007
S315080069C0F0E7C6602CB341F2010295420AD15C6039
S315080069D0B90707F001020ED4002AF0D14FF08072F1
S315080069E09A60ECE7B5F5885FF1D0B5F5905FEED023
S315080069F0B5F5105F02D06FF08500D3E7182C03D0E9
S31508006A00202C01D0102C04D1C3E90044002ED6D086
S31508006A10DEE76FF08600C5E71FB54FF000639B6A97
S31508006A2003F17842B2F5C04F1CD21C6B04F17843CF
S31508006A30B3F5C04F16D2002301A8CDE9023324F0DE
S31508006A40E7FD039BDB030DD5029B1A0E0AD0012A2C
S31508006A5003D1C3F307430A2B04D9236C04B0BDE85A
S31508006A601040184740F2011004B010BD10B5044696
S31508006A7044EA010313F00303084609D1934201D1FE
S31508006A80002010BD54F8231040F823100133F5E711
S31508006A90214692002FF0F3FFF2E738B5074D084676
S31508006AA095F82A431146064A2346928924F032FA73
S31508006AB010B9013485F82A4338BD00BF08100020F4
S31508006AC00C44002038B5074D084695F82B43114667
S31508006AD02346112224F01EFA10B9013485F82B43F7
S31508006AE038BD00BF081000202DE9F743D0E904346B
S31508006AF004F17C07D0F80C900646013B10220021D1
S31508006B003846D4F874809DB22FF0ECF90B4BC5F3D8
S31508006B100A0543EA0513C4E91F39012394F87800E6
S31508006B2084F88C30C4F884803A46054B009604F104
S31508006B30640127F0D7FF03B0BDE8F08300001030EA
S31508006B40456B0008536910B514460022D3F8900027
S31508006B5083F88C2028B10168C3F890100260FFF70B
S31508006B60C3FF63681BB100212046A268984700202E
S31508006B7010BD034693F89420084610B5FAB10A6981
S31508006B80B2F5006F1DD8EFF31184302282F3118815
S31508006B9093F88C204B617AB103F19002D3F89030C8
S31508006BA03BB90360106084F31188BFF36F8F002030
S31508006BB010BD1A461B68F3E7FFF796FFF3E70E20AA
S31508006BC0F6E72120F4E713B504460DF10701007D29
S31508006BD031F0E0FC9DF8073043B1236DD4E9120289
S31508006BE00244934218BF184602B010BD3022237DD6
S31508006BF0534303F1A04303F58023DB6EEEE72DE94B
S31508006C00F84F884693469946EFF3118A4FF02001CC
S31508006C1081F311881F4F3B78532B01D00CF09CFF52
S31508006C20D7F8C051D7F8BC61B5422BD9D7F8B841C7
S31508006C30D7F8B411641B5C4528BF5C464046294416
S31508006C4022462FF01CFFD7F8B83125449D4208BFCD
S31508006C500025A044ABEB040B761B5E4528BF5E46B9
S31508006C6046B1D7F8B4113246294440462FF007FFFB
S31508006C703444354444B98AF311881B20C9F80040C6
S31508006C80BDE8F88F0024E7E7C7F8C0518AF31188F2
S31508006C900020F3E7004C0020282307B5054A3D20CD
S31508006CA0CDE900320449702302220DF045FE03B0F7
S31508006CB05DF804FB3800E00FE887030830B40446A3
S31508006CC0EFF3108072B6256885EA02030B406B4025
S31508006CD0236030BC31F079BC38B504464B4A936D15
S31508006CE0D903FCD4916D11F08041FBD1D4E900039E
S31508006CF01B0543EA0063E07B0343207B43EA00432A
S31508006D00607B43EA0033A07B43EA801313619069F2
S31508006D10D4E904531B0643EA856300F000400343A5
S31508006D20A07EE57E0343207E43EA0043607E43EA75
S31508006D3000239361136AE06923F00F0343EA85038E
S31508006D40334D00283DD1136294F82430916A94F8A3
S31508006D502000DB00294043EA40130B4394F8211036
S31508006D6043EA011343F4803393622A49274A936D11
S31508006D7031EA0303FBD14FF080712748816213691A
S31508006D80A56823F4700343EA055313614FF00043E3
S31508006D90836194F822300BB9204B996294F823301A
S31508006DA03BB94FF480321D4B9A62184A936D5B00CB
S31508006DB0FCD494F825301BB1144B194AC3F880202B
S31508006DC038BD034343F008030228136208D1116152
S31508006DD0144891614FF408524FF47F41FFF76EFF54
S31508006DE00A4994F822308A6A94F820001B062A4039
S31508006DF043EA4013134394F8242043EAC20394F861
S31508006E00232043EA02438B62D3E700BF0040005ABF
S31508006E10C7FFFEFE030001000050005A0060005A3A
S31508006E20F1A7FFFF3440005AF8B504460D46EFF3C4
S31508006E301186302383F3118890F89630A1B173B97F
S31508006E4090F898305BB1EFF3108572B6012031F0F7
S31508006E504BFB0123284631F0B8FB84F8963086F3BD
S31508006E601188BFF36F8FF8BD002BF8D0EFF31087AA
S31508006E7072B6084631F038FB384631F0A6FB84F87E
S31508006E809650ECE7BFF34F8F0549064BCA6802F4E4
S31508006E90E0621343CB60BFF34F8F00BFFDE700BF2F
S31508006EA000ED00E00400FA054FF0FF307047FEE7FA
S31508006EB0002070470020704700207047002808DB34
S31508006EC001224309034900F01F008240603341F85C
S31508006ED02320704700E100E02DE9F0418846164678
S31508006EE0044600286AD00F296AD803782BB1012BEB
S31508006EF056D0022B57D0032B62D140F2FF7362782B
S31508006F00D340DB075CD5304AD2F81053002D59D14F
S31508006F10EFF31187302181F31188D2F8100308F1B5
S31508006F20FF300E28237894F801C042D8012059432F
S31508006F3000FA0CF00A44002E38D002F5825210608E
S31508006F4042460F21BCF1070F03EB430388BFACF1A0
S31508006F50080C4FEA03131D4895BF4FEA8C0C4FEAFD
S31508006F608C0C04330C3302FA0CF201FA0CF11844B7
S31508006F70FFF7A4FEB8F1000F0BD101223020637889
S31508006F8021789A40104B00FB0133A6B103F58253D2
S31508006F901A6087F31188BFF36F8F2846BDE8F08122
S31508006FA040F2FF13ABE743F6FF73A8E702F5015279
S31508006FB0C5E72A46C5E703F50153E9E72225ECE7C5
S31508006FC02125EAE70225E8E700C0035030C0035050
S31508006FD010B528B303782BB1012B1BD0022B1CD07C
S31508006FE0032B1FD140F2FF734278D340DB0719D534
S31508006FF0EFF31184302383F3118801220178407856
S315080070005943094B82405A5084F31188BFF36F8F56
S31508007010002010BD40F2FF13E6E743F6FF73E3E7EF
S315080070202220F6E72120F4E740D0035010B528B314
S3150800703003782BB1012B1BD0022B1CD0032B1FD19D
S3150800704040F2FF734278D340DB0719D5EFF311847A
S31508007050302383F311880122017840785943094B7C
S3150800706082405A5084F31188BFF36F8F002010BDF9
S3150800707040F2FF13E6E743F6FF73E3E72220F6E75D
S315080070802120F4E740E003500B4B93F82C2362B120
S3150800709007280CD803EB001393F874314BB101237E
S315080070A0064A834013640020704705487047054820
S315080070B070470548704700BF0810002000100450AC
S315080070C0028000F0018000F0078000F00B4B93F877
S315080070D02C2362B107280CD803EB001393F87431FC
S315080070E04BB10123064A83401364002070470548C4
S315080070F07047054870470548704700BF08100020CC
S3150800710000200450028000F0018000F0078000F0A3
S31508007110014638B508B9012038BD047D2046FFF779
S31508007120B3FF3023634303F1A04303F580232046CE
S31508007130DD6EFFF7CBFF0A4B9D421CBF042381F887
S31508007140A13091F8953091F8A1002BB1022803D10E
S31508007150012381F8A130DFE70428DCD1F8E700BF76
S315080071603513002010B5EFF31184302383F311880B
S3150800717000220E490B7B73B90D49026001EB02121E
S315080071800121C2F8683182F8741184F31188BFF3BB
S315080071906F8F184610BD0132082A01F11001E9D196
S315080071A084F31188BFF36F8F0248F3E7701100204C
S315080071B008100020048000F073B5054690F8426078
S315080071C01C4630460DF1030327F052FAEB6B012EED
S315080071D05B690DD1324601A998479DF8033013B172
S315080071E0BDF806300193BDF80430236002B070BDC7
S315080071F00122214602B0BDE87040184703460846FA
S31508007200EFF3108172B6034ADB6BC2F83013DB6802
S31508007210184700BF081000202DE9F04106464068CF
S3150800722082B0C0B10F4690460024336853F83450F4
S3150800723003EBC403C5F30752C5F31301013504F183
S31508007240010406D05B683046CDF80080B84710B117
S3150800725070688442E9D302B0BDE8F081036813F090
S315080072607E0F03D1406820F07C40704713F0780009
S315080072701CBF03F07F03D81F7047202A0B681EBF68
S315080072804FF0FF3191408B43590801F055315B1A95
S3150800729003F033319B0803F033330B44017803EBD7
S315080072A013130A444FF0013103F00F334B43A2EB9B
S315080072B01362027070472DE9F041054600244868BC
S315080072C0EB6B86B00E4601225B69029402A9083070
S315080072D09847A04695F84230012B40F08180632CF0
S315080072E003D9029806B0BDE8F081612C08D805AB31
S315080072F0224631462846FFF75FFF9DF8143013B340
S3150800730005AB2246314628468DF81080FFF754FF14
S3150800731095F84230059F012B52D14FF6FF739F42D5
S3150800732000F09180082205A904A8FFF7A6FF9DF89A
S315080073301020C7F307239A4240F08580FFB2029BCC
S315080073403B4402937FE095F84230012B2ED122462A
S315080073503146284603ABFFF72FFF3146284604ABD4
S31508007360621CFFF729FF3146284605ABA21CFFF72A
S3150800737023FF102208230DEB02010DF107008DF8FB
S315080073800730FFF77AFF102205A9FFF776FF039B60
S31508007390DAB2002A50D19DF80720B2EB132F4BD151
S315080073A0DDE9043203EB0243029345E0302C29D988
S315080073B042E09DF80720B2EB134F3DD1049BF3E75B
S315080073C07B1C40D0102205A90DEB0200FFF755FFE4
S315080073D09DF81020C7F307439A4234D1BFB2AEE7EF
S315080073E0312C3FF67EAF8BD005AB22463146284678
S315080073F0FFF7E2FEBDF81430002B81D195F8423034
S31508007400012BA4D022463146284603ABFFF7D4FE0B
S315080074103146284604AB621CFFF7CEFE1023202215
S315080074200DEB03010DF107008DF80730FFF725FF77
S31508007430039B9AB2002ABCD095F84230012B14BFA0
S31508007440012302231C44013444E737B504460025CA
S315080074501B22011D0DF107008DF80750FFF70DFFE0
S3150800746063689DF80720B2EBD36F03D123F0784009
S3150800747003B030BD1B2204F108018DF80750FFF751
S31508007480FCFEA0689DF80730B3EBD06F0ABFC04377
S315080074904FF0FF3020F07840EAE74BF29A22036873
S315080074A010B5B2EB134F044613D19BB2012B15D17D
S315080074B0FFF7CBFF013011D04FF6FF72E068B2EB51
S315080074C0104F4FEA10430BD180B2C01A18BF0120E3
S315080074D010BD013314BF04200320F9E70420F7E7A1
S315080074E00220F5E7F0B50546002687B0EC69013CB1
S315080074F0B44203D80C46204607B0F0BD01B14C1E75
S315080075006F6C2868EB6B05225B6901A907FB040011
S31508007510984701A8FFF7C1FF0128ECD92146013693
S31508007520E4E70368F0B5CC1A436C0646B4FBF3F4FB
S31508007530002587B0F36937685A1E9542706C06D3E2
S31508007540736C306803FB0400143007B0F0BD0134D7
S31508007550B4FBF3F203FB1244F36B05225B6901A942
S3150800756000FB0470984701A8FFF797FF0128E7D9A1
S315080075700135DFE710B423F0030422449B070A44CD
S31508007580436C18BF04325B4282EA0104234202D0EC
S315080075905DF8044BC5E710465DF8044B70472DE9C6
S315080075A0F04F144606460F468BB00393C36B012271
S315080075B05B6907A960689847F36B01225B693846DF
S315080075C006A99847079B5D1C07D10022A360A275F0
S315080075D0627500200BB0BDE8F08F0122A27500226B
S315080075E0217E069D04EBC101CF610A846068C5F35C
S315080075F0D31CB84205F07F010CD14FF0FF33C4F815
S3150800760000C02175A360237D043B022B26D80023E6
S31508007610A375DEE794F814E020688E4503D1A0EB45
S315080076200C004242424103F07F0001288CBF002033
S31508007630012001298CBF00210121884218BF0022A0
S3150800764015F07E0FA27503F07E0304D1002BDAD065
S315080076500023A375D7E7002BD5D1F9E715F07E0FE0
S315080076600FD1F36B022238465B6908A9984708A828
S31508007670FFF7F4FD237D032B4FD8DFE803F0130D46
S31508007680045706A8F4E7CC22237E04EBC3031A8426
S315080076900123694AD35C0AE0237E04EBC3031884FA
S315080076A00023F6E7237E04EBC30318840123149A08
S315080076B01370069A12F07E084FEAD26A227E37D1F4
S315080076C0F36B04EBC2020AF003055B69B2F820907B
S315080076D082F8225008A902223846984720220DF13E
S315080076E017000DEB02018DF81780FFF7C6FD1A2269
S315080076F009A9FFF7C2FD9DF81730099A4FF0080B44
S31508007700B3EB926F0CBF012300236375637D33BB14
S315080077100023A3754FF0000851E0227E013BDBB23F
S3150800772004EBC202052B1084C0D8B2E70223B0E7E7
S31508007730002504EBC202B2F8209082F8225006A96E
S315080077401B2208A88DF82050FFF797FD9DF82020EA
S315080077504FF0040BA2EB0A0253425341D5E794F8C3
S315080077601680B8F1000FD5D0B9F1000F09D1DDB1F7
S315080077700123E375637E002B35D1012D28D165766B
S3150800778014E0736C07EB0B02594287EA02000842C1
S315080077901CBF0021A175591E0A409B1A4B45B7D339
S315080077A0A37D002BE3D1B5E7E37D43B94FF000088D
S315080077B04B465A4639463046FFF7DCFEA060A27DA6
S315080077C0237EBAB9012B33D801332376A07D01E78E
S315080077D096F8343063B9F36A0133E9D1032DE7D15A
S315080077E00123A376E2E7012DE9D0032DDED1F7E7E1
S315080077F09846DDE72269012B4A44226118D80133ED
S315080078002376039B002BE1D0E37D002BDED0B8F175
S31508007810000FDBD1032DD9D0A1684B1CD6D0149B01
S315080078202246009330460123FFF7B9FEA075CDE73F
S315080078300023A375CAE700BFE091030813B50C46F9
S31508007840002121760093616813462246FFF7A7FEBA
S3150800785018B1E37D03B1A07EA075A07D02B010BD6E
S315080078602DE9F743044616461F460D46DFF8748091
S31508007870816AE36A8B421ED04B1C1CD0DFF86090ED
S315080078804846FFF767F80122494620460DF10703E7
S31508007890FFF7D4FF30B13B4620469DF80720104934
S315080078A0B04740B1D8F83C134A1C07D0012D0DD07B
S315080078B0E36A9942E4D103B0BDE8F083D8F83813F7
S315080078C02046FFF72EFE012D0146D2D1D8F83833CF
S315080078D081EA0302636C5B421A42ECD1C9E700BF36
S315080078E03C130020081000202DE9F0410F461646EB
S315080078F09846044688B060B390F83450FDB101212B
S31508007900FFF77CFC00210E9BCDE90511CDE9023776
S315080079109DF83C30CDF804808DF81C30237C049605
S315080079208BB90D4901AA04F10800FFF775FCDDE9DA
S315080079300553E06B002E08BF1D4626F0E7FF2846D4
S3150800794008B0BDE8F0812046044A01ABFFF788FF7E
S31508007950EDE70546F3E700BF896400081D7C0008CB
S315080079602DE9F041D0E90A369E42044686B028D170
S315080079701422C369456802FB1355284606B0BDE8BC
S31508007980F0812068676C331AB3FBF7F3E26B07FBE9
S315080079900300D2F8148001A90522C04701A8FFF701
S315080079A07CFD012804D0636C1D44013B3340ED1A6D
S315080079B031462046FFF7B5FD0646A36AB342E0D135
S315080079C0DBE70025F9E72DE9F04F0F469A46002335
S315080079D089B004464FF0FF31104690468DF80B30BB
S315080079E0FEF7B8FFB7F5801F20D2394603AA04F17F
S315080079F00800FEF79DFD451C014605D1237CBBB951
S31508007A002D2009B0BDE8F08F4046FEF7A3FF0122FE
S31508007A10414620460DF10B03FFF710FF0028EDD075
S31508007A209DF80B308AF800300020EAE7B81CE5D14B
S31508007A30E66A711C2CD12046616AFFF753FD06469B
S31508007A40BB1C18BF0123DFF8C4B00093636A626CDD
S31508007A500193236803A902FB0639E36B484605220E
S31508007A605B6909F114099847002549464B1C05D05E
S31508007A70636C81EA09025B4213420FD03146204605
S31508007A80FFF730FD019BB3422FD085BB0646DDE7E5
S31508007A902368F61A636CB6FBF3F6D1E71A48FEF7C5
S31508007AA059FF2046009A18490DF10B03FFF7C6FE49
S31508007AB08446B8B1BA1C03D0DBF86033BB4211D197
S31508007AC045469DF80B30DFF840E08AF80030BEE8FE
S31508007AD00F000FC5BEE80F000FC59EE8070085E832
S31508007AE007006546DBF86813C0E7002D88D0B7F5B0
S31508007AF0801F99D239469AF80030D8F8042004F144
S31508007B000800FEF745FD8FE76813002008100020DF
S31508007B102DE9F04385B00C4617461E460546DDF8A6
S31508007B203080A0B390F834309BB3B1F5801F32D2C1
S31508007B30DFF868900121FFF761FB214628460DF121
S31508007B400F0309F56372FFF73EFF044688B99DF8EF
S31508007B500F30012B14D1D9F89C2306EB08039A425F
S31508007B6013D30090434632463946284623F08EFC06
S31508007B700446E86B26F0CAFE204605B0BDE8F08349
S31508007B80022B14BF2D246024F3E76324F1E7212494
S31508007B90F2E71124F0E72924EEE700BF08100020D9
S31508007BA02DE9F3411F4600230C46164605463B6061
S31508007BB058B390F8343053B3B1F5801F29D2DFF8A3
S31508007BC058800121FFF71AFB214628460DF10703C5
S31508007BD008F56372FFF7F7FE0446A0B99DF807306B
S31508007BE0032B10D0022B0AD10123336004233B60F8
S31508007BF0E86B26F08BFE204602B0BDE8F0813060C7
S31508007C00D8F89C33F3E72D24F2E72124F3E711246F
S31508007C10F1E72924EFE700BF0810002073B50D46E9
S31508007C20D11E4A421C461B7E4A419A4228D12968DF
S31508007C302368994224D36368994221D8124E0DF1DC
S31508007C40070306F56E72FFF7BEFEC8B9D6F8BC2361
S31508007C506B689A4214D19DF80730DA1E5342534195
S31508007C60227E93420CD1636901336361D4E903230D
S31508007C70934205D22968A26842F82310013323618A
S31508007C80012002B070BD00BF0810002070B50025A5
S31508007C90044686B00562E369AB4202D8206A06B09C
S31508007CA070BD666C2068E36B05225B6906FB050000
S31508007CB001A9984701A8FFF7F0FB012898BF236A96
S31508007CC005F101059CBF01332362E4E72DE9F04F76
S31508007CD097B0CDE908230F460A69416CD31D1439BC
S31508007CE0B3FBF1F3013302EBC302036B0446934281
S31508007CF0C0F008820023DFF880920C93E36A9C4860
S31508007D0019460693FEF726FED7E903360393099B21
S31508007D10022B61D1CC2E40F0E081089B002B2DD0A0
S31508007D2039462046FFF7C7FA656C069A6B1E13405C
S31508007D301290ED1AE36B01225B69786814A99847DB
S31508007D40149B13F07E0F14BF04230823782E059383
S31508007D5051D9012200234FF0080A04923A68C9F85B
S31508007D607063C9F86023099A032A62D0022A14D0DC
S31508007D70049A002A14BF0022072212E0039B01225C
S31508007D801B684FF0080A12933B680492C9F86033DF
S31508007D9008230593089BC9F87063049AC2F1020286
S31508007DA0D2B289F874234FEA9A020E92069A019281
S31508007DB000220A920D9207920B92606C019A411E5C
S31508007DC01140421A002E36D053449A423ED8236BAD
S31508007DD01B1A0B44236359E1656C069A6B1E134004
S31508007DE0782EA5EB030516D8FB7D7BB9089B002BDF
S31508007DF0A0D104230593331DAB4212D9B6B1082D81
S31508007E00A7D8042300229A460492A7E7089B002BCA
S31508007E1090D10823EEE7089B002B8BD10823059306
S31508007E2097E7002304934FF0040A97E70423049680
S31508007E30F9E7099AB5E75245C9D3B046019B5344B9
S31508007E400293079B002B18BF032314E0A2EB0A0238
S31508007E50019B9642B046534428BF904696420293E9
S31508007E60EFD90123D9F8702389F87733964243D19D
S31508007E70019AC9F86423079399F87733002B3DD004
S31508007E8099F878230199D31C09EBC303C3F8641343
S31508007E9007990132A3F8688383F86A1389F8782367
S31508007EA0B8F1000F14D0099B022B2BD10A9B7BB982
S31508007EB00D9B4344032B0BD9E36B01229B69029864
S31508007EC012A998470546002840F01E8101230A9307
S31508007ED099F874333D68274A012B02EAC51528F03C
S31508007EE07C4B40F290809A1E012A03D908F10703B9
S31508007EF003F07F031D438CE00223BCE7019BC9F80E
S31508007F006433CDE7089B002B38D1039BB8F1030FE8
S31508007F1003EB080B28D9DDE90201E36B4FEA980267
S31508007F209B6998470546002840F0D18018F003025F
S31508007F3066D0039B28F003052B440393029B1D443C
S31508007F404FF0FF33039913A813932EF098FDE36BB4
S31508007F50284601229B6913A998470546CDF80CB017
S31508007F60002DB5D0029B76E04246029DE8E700BFA9
S31508007F706813002080FFFF070810002007F1200380
S31508007F80DDF808B00F93FB7D78689BB100233D7E32
S31508007F900B9AD9B28D4211D90F9903F1010C31F818
S31508007FA03310914226D9059907EBC303D8690A44C9
S31508007FB0104403E00B9B059A13441844E36B012213
S31508007FC05B6913A99847139B012211930B9B58468B
S31508007FD004330B93E36B11A99B699847029B0546EB
S31508007FE04344A3EB0B03042B07D9002872D10BF1EA
S31508007FF0040BC8E76346521ACBE7CDF808B0AFE7DB
S31508008000CDF80CB064E7079A43EAC2632B4343F002
S3150800801060454FF000038DF84C30049BCDE9145BA6
S31508008020002B49D0202214A913A8FFF726F91A22F3
S3150800803015A9FFF722F99DF84C304BEA836315938F
S31508008040E36B0E9A9B69019814A99847019A051E35
S315080080500C9B18BF134652460C932046434601997B
S31508008060FFF788FA236B08F10302A3EB0A0322F051
S3150800807003029B1AC9F868032363002D44D10D9B9C
S31508008080A6EB080643440D93029B019320460199EB
S31508008090FFF747FA00230190002E7FF48EAE494A77
S315080080A03968D2F8683304F10800E362D2F8642329
S315080080B0099BFEF76DFA11E01B2214A913A8FFF716
S315080080C0DCF89DF84C3045EAC3651495B8E7CDF859
S315080080D00CB047E7CDF808B044E77026304617B02D
S315080080E0BDE8F08F002650E03A69616CD31D14395B
S315080080F0B3FBF1F3013302EBC302236B9342BFF4E4
S31508008100FDAD5DE01C26E9E73D2D59D104F10803D4
S3150800811001932668069B2046E16AD4F844A0A3EB9F
S31508008120060BFFF7FEF9A26ABBFBFAFB8242DBD01D
S31508008130616CD9F8682301F1FF3C02EA0C0C226B4A
S315080081400C9B521A624422632268E0629A1AB2FBB6
S31508008150F1F8C345C6D10AFB0866069B06F1140B5F
S31508008160B3EB0B0611D0E36BB20859469B699847E7
S315080081708246E26A069B3244E262226B0198D21A70
S315080081805A442263FEF79BF956462368616CE06BF6
S3150800819001FB0831FEF765FA2046FFF777FD204612
S315080081A0FFF7DEFB2063002E9ED03A69616CD31D73
S315080081B01439B3FBF1F3013302EBC3029042A8D2A0
S315080081C02E468BE7081000202DE9FF471E46436917
S315080081D00446B342884617469DF830907FD300255B
S315080081E08DF80F502046FEF726F9D4F830A08245C0
S315080081F00AD2236AB5EB430F06D220460DF10F01CA
S3150800820023F082F8002868D09DF80F30012B04D19E
S3150800821020460DF10F0123F077F8B9F1030F06D0C8
S3150800822031462046FEF7F7F8256B854259D32E4D81
S315080082304FF0FF3105F56E70FEF78CFB4B460022BA
S31508008240204605F56E71C5E9F176C5F8B883FFF7DE
S315080082503DFD236E0746002B3BD02046FEF7EBF884
S31508008260636E256B03449D422CBF00230123854280
S3150800827094BF00252D1A6565257C002684F85030A4
S3150800828084F85850D5B1DFF8648033463246314613
S3150800829020460196CDF80080FFF726FB0123054608
S315080082A0CDE900833246334631462046FFF71CFBAC
S315080082B0E36805449D4294BF3546ED1A94F850305C
S315080082C0E56513B994F858301BB1236E04F15000D4
S315080082D09847384604B0BDE8F087013582E762273B
S315080082E0F7E71C27F5E700BF08100020FFFF0F007F
S315080082F02DE9FF410F4690461E460546A8B390F85D
S315080083003430A3B3B1F5801F33D21B4C0221FEF7DC
S3150800831075FF04F56372394628460DF10F03FFF71A
S3150800832052FB024678B1012342460093394633464A
S315080083302846FFF749FF0446E86B26F0E7FA204689
S3150800834004B0BDE8F0819DF80F30012BEBD1D4F8CD
S315080083509C138E42E7D1009341463346284623F0C4
S3150800836095F804460028DED1E6E72124E7E711243C
S31508008370E5E72924E3E700BF0810002070B586B0BA
S315080083800E4605460392A0B390F834309BB3B1F578
S31508008390801F32D20221FEF731FF31462846184A9D
S315080083A00DF11703FFF70FFB044618B99DF81730B0
S315080083B0032B0ED10223314600932846CC2303AA69
S315080083C0FFF702FF0446E86B26F0A0FA204606B03F
S315080083D070BD022B0BD10A492846FEF76CFF03999C
S315080083E002468142EFD0284626F0A6F9EAE761243C
S315080083F0E9E72124EAE71124E8E72924E6E700BFAC
S315080084009413002030B50C46054685B028B390F87D
S31508008410343023B3B1F5801F23D20221FEF7EEFED6
S315080084200DF10F03214628460F4AFFF7CCFA0346FB
S3150800843088B99DF80F20032A0DD003222146009201
S3150800844002462846FFF7C0FE0446E86B26F05EFAA9
S31508008450204605B030BD2D24F7E72124F8E711247E
S31508008460F6E72924F4E700BF941300202DE9F34129
S31508008470089C032A1746266806D1237A012B25D09D
S31508008480012002B0BDE8F081DFF8988030460DF192
S31508008490070308F56E72FFF796FA60600028ECD1BC
S315080084A02568D8F8BC33A96AD5F844C04B40CCF146
S315080084B000021340207AE0D1012809D1E068D8F8F3
S315080084C0C82302447069824202D92374207CD8E703
S315080084D02868EB6A1B1A081AB3FBFCF3B0FBFCF01E
S315080084E083420BD1706CF36A421E1340326B121A28
S315080084F0134428463363FFF714F8E862D8F8C8230C
S31508008500E36808321344E36001223B4604492068C5
S31508008510FFF7DCFB60600028AFD00020B1E700BFA2
S31508008520C013002008100020032A2DE9F34106464F
S315080085300D4617461C4606D1237A012B24D0012066
S3150800854002B0BDE8F081DFF8608009680DF1070325
S3150800855008F56E72FFF737FA60600028ECD19DF8CF
S315080085600720237A032AE7D0D8F8BC136A68914211
S31508008570E2D1012B2969D4F80CC007D172690CEB3A
S315080085800103934202D92074207CD9E7083161445B
S31508008590E1603B46012229463046FFF797FB6060BB
S315080085A00028C9D00020CBE708100020F0B5044603
S315080085B00D46466CE36B006887B005225B6901A926
S315080085C006FB0500984701A8FEF767FF012804D8AF
S315080085D001A8FEF73AFF07B0F0BD29462046FEF788
S315080085E081FF0646676C2068E36B05225B6901A973
S315080085F007FB0600984701A8FEF727FF431CEAD0A9
S31508008600B54238BF0130E6E72DE9F04306469946FC
S3150800861089B0036908460F469046984704460028DD
S3150800862067D1D9F804305B0A012B22464FEA530377
S3150800863004F10104F8D899F8035099F802302D038B
S31508008640DB0203F4006305F480551D43B9F80030D6
S315080086504FF00009C3F30A0352032B4492B29D1844
S31508008660294B0DF107001B2228F0784402A9039331
S3150800867002948DF80790FEF700FE9DF807306FEA22
S31508008680054544EAC36404946FEA08041B2224F0EF
S31508008690784402A902948DF80790FEF7EEFD9DF83E
S315080086A007306FEA154544EAC3644FF0FF330122E9
S315080086B00594069307A9B369079507F1100098472B
S315080086C001220446B36905A907F108009847012263
S315080086D0484518BF0446B36904A9381D98470122BE
S315080086E0484518BF0446B369384603A9984728B1D0
S315080086F0044639463046FDF7B4FF01E0002CF8D1B0
S31508008700204609B0BDE8F08301009AB238B50446A0
S31508008710456C006804F1400305FB0101E06BFFF7B7
S3150800872073FF05462046FFF7B1FA284638BD2DE9FE
S31508008730F04F4FF0FF334FF6FF720025044600F165
S315080087400808C0E909238BB0C36205620563404681
S315080087508B46FDF7B4FE2046FFF798FA50BB4FF656
S31508008760FF79676A00264F4514BF3D460025E36931
S315080087709E4248D32046FFF789FA18BB5E200BB005
S31508008780BDE8F08F2368E26B606C566900FB053024
S31508008790052205A9B04705A8FEF77FFE012828D1BE
S315080087A029462046FFF702FF421C29462046FFF7C6
S315080087B0ADFF0135E3699D42E4D32046FFF766FA2B
S315080087C00028CCD000254FF0FF394FF6FF734F46EF
S315080087D02E46C4E90853E3699E423ED3A5EB090534
S315080087E0012D5BD84FF6FF72636A934268D1672002
S315080087F0C5E70338C0B20128DBD829462046FFF76B
S31508008800D5FE0246D1E7E26B2368606CD2F814C045
S3150800881000FB0530052205A9E04705A8FEF73DFE41
S31508008820022807D04F450DD10BF1010229462046F3
S31508008830FFF76CFFE3690135B5FBF3F2013603FB7D
S31508008840125594E729462046FFF7B0FEB0F1FF3FE0
S3150800885014BF02465A460132E8E7E26B2368606CA9
S31508008860D2F814C000FB0630052205A9E04705A882
S31508008870FEF713FE01280FD805A8FEF7E6FDB84255
S3150800888038BF6662814528BF8146854238BF05469E
S315080088900746236A0133236201369CE74FF6FF73C6
S315080088A000256362E3699D429CD2666C2068E36B8F
S315080088B006FB050005225B6905A998470135F1E71E
S315080088C0E26B666C206855696946052206FB03005B
S315080088D0A847626A616C23684A4D01FB0233143368
S315080088E0A3624FF0FF336FF00101E362204605AB48
S315080088F005F56E72FFF767F8002849D1D5F8C05319
S3150800890029462046E562FDF7A6FD206320B92046E4
S31508008910E16AFEF706FEE06229462046FEF701FEFA
S315080089200546A36A9D4235D12046FDF767FD002618
S3150800893007463546E3699D423ED3B74257D9204696
S31508008940616AFEF7CFFD4FF00008054604F1400ABC
S31508008950464512D8626C2368694602FB0539E36B03
S3150800896005225B69484698476846FEF76EFD5346FA
S3150800897002464946E06BFFF747FE29462046FEF7C2
S31508008980B1FD08F1010847450546E1D16420F6E640
S31508008990A56AB5E729462046FDF75DFD236B2946FE
S315080089A00344064623632046FEF7BBFD0546002E14
S315080089B0B7D1C4E90B06B4E7626C236805A902FBC4
S315080089C00539E36B05225B694846984705A8FEF713
S315080089D064FD012809D8204609F11401FDF73BFD7D
S315080089E0636C143B984208BF01360135A2E740463E
S315080089F0FDF765FD002320461946034AFEF730FFBA
S31508008A000020BCE6081000202D6600082DE9F84372
S31508008A100025DFF890810E46D8F8E4930446C8F896
S31508008A20E45318B921252846BDE8F88390F8347030
S31508008A3007B30A6803689A4240F0A9804A684368FF
S31508008A409A4240F0A4808A6883689A4240F09F80E0
S31508008A50CA68C3689A4240F09A800A6943699A428A
S31508008A6040F095808A69C36B9A4240F090804B69C2
S31508008A708361D8E768223946856B2DF033FA336867
S31508008A8004F1080023607368A56363603369636152
S31508008A907369A361D6E90223C4E90223FDF70FFD32
S31508008AA0B36904F14000E3639B68984720B9676C93
S31508008AB017B16368B3FBF7F794F84330E761002B07
S31508008AC0B0D00023656C2366002D68D0002F66D0D1
S31508008AD02368B3FBF5F205FB1233002B59D16768FF
S31508008AE0B7FBF5F605FB1676002E52D12046FDF7A4
S31508008AF0A2FCA369043303449F424CD340F6347264
S31508008B006369CC3B934248D8B5F5805F47D30321C8
S31508008B102046FEF773FBD4E90001E36B1B68984710
S31508008B200546E36B0220DB6898472DB184F834606C
S31508008B30E06B25F0EBFE76E749462046FFF7F7FDA2
S31508008B406428054604D149462046FFF7F0FD054648
S31508008B50636C143BBDB9226A204602FB03F6FDF797
S31508008B606AFCA369043303449E4223BF012384F8A5
S31508008B703430D8F8E83384F834502ABF01335A25FC
S31508008B80C8F8E833D4E7002384F83430D0E75D2505
S31508008B9049E7592547E75A2545E75F2543E75B2512
S31508008BA041E700BF08100020014902482EE700BF30
S31508008BB01C440020F8130020044BD3F88420D20666
S31508008BC0FBD4D3F88400C0F38110704700400050EE
S31508008BD04209531E022B96BF074B002303EB820361
S31508008BE000F01F0029B103F58053012282401A6064
S31508008BF0704703F50053F8E76080005038B5174C06
S31508008C00FF28A26A28D8A36D154D13F4803F18BF14
S31508008C104FF48031134B18BF99624FF080719962F7
S31508008C20A36995F92C5023F47F03054423F47F4365
S31508008C3043EA002385F3080543EA0543A3610A4886
S31508008C40FEF73CF8A36DDB0304D54FF480310648E4
S31508008C50FEF734F8002038BD2120FCE70040005A12
S31508008C600C4400200050005A2840005A38B50F4CD2
S31508008C700F48A26AA36D13F4803F18BF4FF48031E2
S31508008C800C4B18BF99624FF080719962A569FEF77F
S31508008C9015F8A36DC5F30725DB0304D54FF480311A
S31508008CA00348FEF70BF8284638BD00BF0040005AB7
S31508008CB02840005A0050005A014B83F82C00704790
S31508008CC00C440020014B93F92C0070470C440020FB
S31508008CD04FF4803311481249826A8B62836D03F020
S31508008CE00303032BFAD14FF080730E488B620B4BAC
S31508008CF0996D30EA0101FBD1012009490865996D92
S31508008D008907FCD4054B996D8807FCD5996D8907A9
S31508008D10FCD505490548FDF7D1BF00BF0040005AFC
S31508008D200050005A03000100000001012840005AC3
S31508008D30164B10B5D3F82831044603F00703013B58
S31508008D40052B04D8DFE803F00A161E120E1A0023B4
S31508008D50184604B1206001B10B6010BD0C4B1868B1
S31508008D600523F6E70A4B18680623F2E72DF09AFE64
S31508008D700723EEE7064B58680323EAE7044B5868CF
S31508008D800423E6E702230348E3E700BF0080005018
S31508008D900C440020002D31010E4BD3F8403103F06E
S31508008DA00303022B0DD0032B0FD0012B0BBF0A2375
S31508008DB001234FF40042002200B1026001B10B60AA
S31508008DC0704709234FF40042F6E70C234FF47A72F2
S31508008DD0F2E700BF00800050002337B50193154B1A
S31508008DE00546D3F860320C4603F00703013B032B14
S31508008DF01ED8DFE803F0020E1914002101A8FDF7BA
S31508008E0043FC10230DB1019A2A6004B1236003B014
S31508008E1030BD002101A8FFF7BFFF1123F2E72DF0AF
S31508008E2041FE07230190EDE7034B01930223E9E78F
S31508008E300023E7E700800050002D3101002337B5F5
S31508008E400193154B0546D3F894320C4603F00703F5
S31508008E50013B032B1ED8DFE803F0020E191400218C
S31508008E6001A8FDF711FC10230DB1019A2A6004B17F
S31508008E70236003B030BD002101A8FFF78DFF112341
S31508008E80F2E72DF00FFE07230190EDE7034B019360
S31508008E900223E9E70023E7E700800050002D3101AF
S31508008EA04FF48032104B10B59A66A3F580531B6FAA
S31508008EB0C3F3033303FB00000C4BDC69144041F693
S31508008EC07132DA635A6822F4401259B9084988425D
S31508008ED094BF00200120000502435A600CB100220D
S31508008EE0DA6310BD0349F2E7009000500000035012
S31508008EF0005A6202002D3101124B10B5D3F8083220
S31508008F00044603F00703042B17D8DFE803F0031918
S31508008F10090D1100012204B1236001B10A6010BDD8
S31508008F2009224FF40043F6E70C224FF47A73F2E76E
S31508008F302DF024FE0F22830AEDE700221346EAE706
S31508008F400A22EEE7008000501FB50023B0F5807FA7
S31508008F50019300F056816AD8002800F0F98020387D
S31508008F60602876D8602874D8DFE810F0F20000018F
S31508008F70F200000121012101210121012101000145
S31508008F8033017E005C01B0007E0000010001000193
S31508008F90730073007300730073007300730073002B
S31508008FA0000100010001D200710100017300730085
S31508008FB0730073007300730073007300730073000B
S31508008FC0730073007D012101F200F200F2006C01CA
S31508008FD07E007E00DE00810195002E01730073007D
S31508008FE0730073007300E900F20073002101210188
S31508008FF02101210121012E012E010001730000012A
S31508009000000173007300730073007300730073002C
S3150800901073007300730073007300730073007300AA
S31508009020730073007300730073007300EE00B0F5ED
S31508009030E06F00F00C815BD8B0F5607F00F09D8092
S315080090401DD8B0F5007F00F0868006D8B0F5C07F41
S315080090507ED0019805B05DF804FBB0F5207F00F0DE
S315080090608580B0F5407FF4D12DF088FD934B1B6FBA
S31508009070C3F380230133B0FBF3F0400866E0B0F594
S31508009080B06F00F0A6801AD8B0F5806F00F08F8018
S31508009090B0F5A06FDDD10021884B0391D3F82032BB
S315080090A003F00703042B08D8022B00F28980012B52
S315080090B000F08280022B00F09E80039BABE0B0F5A7
S315080090C0C06F00F0AF80B0F5D06FC2D17B4BD3F83C
S315080090D0003203F00700032800F0AF805B0700F1B9
S315080090E0A680013801288CBF00200120C0032DE08E
S315080090F0B0F5186F00F0B7800ED8B0F5086F00F01D
S31508009100C780B0F5106F00F09D80B0F5F06FA0D164
S315080091106A4BD3F860319DE0B0F5286F00F0A78060
S3150800912007D8B0F5206F94D1002101A8FFF754FEA7
S315080091308FE7B0F5406F47D0B0F5486F89D1002169
S3150800914001A8FFF77BFE84E72DF0FAFC019080E783
S315080091502DF014FDFAE72DF0F3FC584BD3F89030B8
S31508009160C3F304630133B0FBF3F0EFE72DF006FD1C
S31508009170524B1B6FC3F38023F4E75049D1F8802084
S3150800918002F00302022A0AD0032A0BD0012A0CD1C4
S315080091902DF0D6FCD1F88030C3F30113E2E72DF0A9
S315080091A081FCF7E7464B1868F4E71846F2E7002112
S315080091B001A8FDF769FA4CE703A8FFF7B9FD7CE7B4
S315080091C04FF40043039378E7002101A8FFF7B0FDA9
S315080091D03FE70021394B0391D3F8803103F00303AD
S315080091E0022B0CD0032B06D0012B7FF466AF03A805
S315080091F0FDF74AFA61E72DF055FC03905DE7314B20
S31508009200E0E702934FF0E0231B695A0705D52DF0D6
S31508009210B5FC0290029B01931BE703A902A8FFF77E
S31508009220BBFDF7E7002101A8FFF7B6FD11E7042803
S3150800923006D12DF0A3FC800A88E74FF47A7085E7FB
S31508009240002083E7002101A8FFF756FE01E71B4B24
S31508009250D3F8403203F00303032B16D0003B18BFA4
S315080092600123DB03D7E7154BD3F85032F2E7002189
S31508009270124B0391D3F8703203F00303012B7FF4EA
S315080092801CAF03A8FFF788FD17E74FF47A73C2E708
S315080092900A4BD3F8003103F00303022B06D0032B45
S315080092A007D0012B07D1064B5B68B4E74FF40043A0
S315080092B0B1E7054BAFE70023ADE700BF00800050DC
S315080092C00C440020002D310180D5430270B5A84812
S315080092D088B0A84C2FF06CFAA7482FF069FA636893
S315080092E01BB1636DC3F30B03FAE7042522F0A8F953
S315080092F0A24AA34B41F202011D6115611D61156168
S315080093001D6115611D612023156123610023E3603A
S31508009310A36061614FF4A0219A4EA361A3656162BF
S31508009320E3612362A362E36263632365D66423630E
S315080093302269572022F0870242F0810222612269BF
S3150800934022F0F80242F080022261E26822F0F0423E
S3150800935022F47022E260A26822F0030242F00102BF
S31508009360A260A268A260A26842F48062A260626AF1
S3150800937022F4772222F4EE6242F480226262626963
S3150800938022F00F0242F002026261A361FFF7DCFDE0
S31508009390A36813F0010F636800F0FC807A4DB0FBF8
S315080093A0F5F5D80705F1FF354FEA05651ED5714B6A
S315080093B05A6D12F0280FFBD19A6C910740F0D480B1
S315080093C09A6CD20700F1D2809B6C13F0020F14BF7F
S315080093D00624002422F034F9664A2046136923F04D
S315080093E07F432B43136122F04BF904E0236923F0F2
S315080093F07F432B432361052022F042F95D4B9A6C8B
S31508009400D24312F44054FAD140F202330122042125
S315080094106846ADF80030FDF75FFD40F202232246AC
S31508009420012101A8ADF80430FDF756FD4FF481730C
S315080094304FF4E0640122042102A8ADF80830FDF7D4
S315080094404BFD0421012203A8ADF80C40FDF744FDAD
S315080094504E4B4F4A4FF44870C3F8C8244FF00212D7
S31508009460C3F8C42402F58032C3F8CC241C22C3F8FE
S31508009470B42405F054F807A8ADF81C40FDF7D6FD4E
S31508009480142005F04CF807A8ADF81C40FDF7A0FD20
S31508009490232005F044F807A8ADF81C40FDF7C6FDE3
S315080094A0344CA36C5A06FCD5B9236364A36C1B061B
S315080094B0FCD54FF4E06507A8E36BADF81C50FDF743
S315080094C087FD002240F20233114604A8ADF8103099
S315080094D0FDF702FD002240F20223114605A8ADF869
S315080094E01430FDF7F9FC4FF481730122002106A818
S315080094F0ADF81830FDF7F0FC0122002107A8ADF8F9
S315080095001C50FDF7E9FC22F09BF804231B4A1C4972
S3150800951019480B6113610B6113610B6113610B61D0
S31508009520136120230021236141F20203E160A16057
S3150800953063614FF4A023A161A1656362134BE161E6
S315080095402162A162E16261632165D6642163C3F881
S31508009550B414C3F8C814C3F8C414C3F8CC1408B0B8
S31508009560BDE870402EF034BF052433E7092431E7FF
S31508009570E891030800C00850EC91030800E0085081
S3150800958000D00850FF3F0D03E070720000C0035082
S3150800959002000100A36D174A13F0010F164B08BF0E
S315080095A01A46164B9B6803F0E003402B1DD005D8DE
S315080095B0EBB1202B7FF41FAF082505E0602B03D005
S315080095C0802B7FF418AF012555434001B0FBF5F019
S315080095D00B4A2038094B02EAC002596DC807FCD469
S315080095E01A635A6DD107FCD405E70625ECE7102562
S315080095F0EAE700BFC0E1E400E070720000C008506E
S31508009600F8FF7F0008B58020FFF79EFC034B9842C1
S315080096109EBF4FF48032024B1A6708BD005A620299
S3150800962000A0005070B5704C022025F0ABF9256FEC
S315080096306E4BC5F3802500216A1C6D4883F85824B3
S31508009640FFF72EFC4FF48032236F43F480632367C1
S31508009650684B1A67236F23F0070343F00303236756
S315080096602DF08CFA0646FFF7A7FA0128D4BF012188
S3150800967000213046FFF714FC002025F0B7F9236FC8
S3150800968023F4806343EA85232367FFF7BBFF236F31
S31508009690584923F474432367574BD3F8FC2012F038
S315080096A0807240F08880D4F8803023F0030343F0BA
S315080096B00103C4F88030C1F880204B4B4FF4803149
S315080096C0D3F820214D4822F0070242F00202C3F8DF
S315080096D02021D3F8282122F0070242F00202C3F81B
S315080096E02821D3F8802122F0030242F00102C3F8B0
S315080096F08021D3F8402122F0030242F00202C3F887
S315080097004021D3F8602122F0030242F00202C3F896
S315080097106021D3F8402222F0030242F00202C3F885
S315080097204022D3F8002222F0070242F00202C3F8D0
S315080097300022D3F8082222F0070242F00202C3F8F8
S315080097400822D3F8502222F0030242F00202C3F89C
S315080097505022D3F8702222F0030242F00102C3F825
S315080097607022D3F8202222F0070242F00102C3F841
S315080097702022204A5C6E5166426A22F00102426249
S31508009780E2035CBF1E4A51664FF0E0210A6942F0C7
S3150800979004020A61D3F8602222F0070242F00102AD
S315080097A0C3F86022D3F8942222F0070242F001029D
S315080097B0C3F8942270BDD3F8FC2022F08072C3F857
S315080097C0FC20D4F8802022F0030242F00102C4F8FB
S315080097D080200022C1F88020D3F8FC2042F0807255
S315080097E0C3F8FC2069E700BF00800050081000207D
S315080097F000B4C4040090005000ED00E000000850DA
S3150800980000A0005070474FF00042104B70B55D6ED7
S3150800981003F580535A664AF6CD3304460C49802030
S315080098204E6C0B64FCF766FF0B6A23F4F85343EAA5
S3150800983004230B62F30744BF064B0B64002DA2BF3B
S315080098404FF00042044B5A6670BD00BF00800050BE
S31508009850008009503254FFFF00A000502DE9F04166
S3150800986005460F461E4690464AB101233022194C3A
S315080098708B4002FB004436B304F5825423600F2163
S31508009880072F05EB450388BFA7F108044FEA031322
S31508009890114895BFBC00A40004330C3308FA04F23F
S315080098A0A1401844FDF70AFAB8F1000F09D10123BF
S315080098B03021084ABB4001FB05223EB102F582521F
S315080098C01360BDE8F08104F50154D7E702F50152AB
S315080098D0F6E700BF00C0035030C0035010B5044679
S315080098E0D0F8A42093695906FCD5002394F8AD1046
S315080098F01A4694F8AC00FFF7B1FF002394F8AF10AE
S315080099001A4694F8AE00FFF7A9FF94F8B430DA07C0
S3150800991007D5002394F8B1101A4694F8B000FFF75B
S315080099209DFF94F8B4309B0707D5002394F8B3102D
S315080099301A4694F8B200FFF791FF0122D4F8A43032
S3150800994003F5005003F58051C2644A600A21596143
S31508009950002159614260D4F8A800FFF739F9084692
S3150800996010BD0123F0B5C4B2204DA340D1F800C004
S315080099708F7ACC7A0E7B2B65850005F1A04505F517
S315080099808825C5F804C030256843240591F80DC01C
S3150800999044EA074400F1A04000F5802044EA465412
S315080099A022F00302C0F860C0C4650267EFF31184B1
S315080099B085F311880E4A087A536500B11364487A0C
S315080099C000B1936308798A7942EA004207488261BE
S315080099D04D79CA79064942EA05428A61054A4363CE
S315080099E0936484F31188BFF36F8FF0BD0020045091
S315080099F000100450000004500123C0B28340EFF366
S31508009A001180302282F31188054A516D21EA03013B
S31508009A105165936280F31188BFF36F8F704700BF5B
S31508009A20000004500123C0B28340EFF311813022B5
S31508009A3082F31188074AD06A184209D1526B9343B8
S31508009A400CBF0120002081F31188BFF36F8F704788
S31508009A500020F8E70000045070B594002246054639
S31508009A600E462EF0BDFE431C0AD058B92246314692
S31508009A7028462CF0F4FF002814BF3D20002070BDB6
S31508009A806E20FCE77120FAE741F671320121064B98
S31508009A90DA6303F50052D1600022DA634FF48032AC
S31508009AA0A3F518339A66704700000350ECE7114394
S31508009AB021F0F8014904044B490C41F440210630D1
S31508009AC043F82010704700BF00800350021E30B5CF
S31508009AD04FF000000CBF1025042547F60774084907
S31508009AE052B9831D51F82330234023B101308542F2
S31508009AF0F6D14FF0FF3030BD00F11603F2E700BF94
S31508009B00008003503AB122F0030202F1A04202F5A6
S31508009B10603209B9106070470002FBE74FF48032E3
S31508009B20084B5A6603F5EE239B69C3F3461203F006
S31508009B300F010A434280C3F30342C3F3033342705F
S31508009B40037070470090005013B5044601A8FFF74C
S31508009B50E5FFBDF80630012223804FF4807300200C
S31508009B606380054B9B680A3303F01F0302FA03F36D
S31508009B70636002B010BD00BF0080E00F054B9A6815
S31508009B809107FCD45A689207F9D4DA69002AF6D103
S31508009B90704700BF00C00A500020704747F6FF73A1
S31508009BA09A42F0B56FD002296FD8394B0B441B7C0B
S31508009BB0012B6AD8374DDE0005EBC30393F85C0426
S31508009BC093F85E14012815D1002593F85F04401A0E
S31508009BD0854202D30844C0B2F0BD441BD3F8606482
S31508009BE0A0EB540436F914609642D4BF254604F116
S31508009BF0FF30EDE7D3F860040028EDD0B0F9004057
S31508009C00A24204DCB0F902409442B8BF14468388E5
S31508009C103544FF2B19BFC8232827B0F90630B0F9F9
S31508009C200870A3EB04030CBF0122002293FBF7F391
S31508009C3095F85D6413441BB29E4201DD002B01DAE0
S31508009C40731E1BB24FF47A7C00EBC305EA88AD6835
S31508009C505F1C14FB02521D4622EAE2723BB25C32DA
S31508009C609E42B2FBFCF204DD00EBC307BF88BA4292
S31508009C70EAD900EBC5039888904228BF1046884267
S31508009C8038BF0846A7E7FF20A6E70020A4E700BFDD
S31508009C90E0910308081000200229F0B55CD82F4B84
S31508009CA00B44197C012957D82D4B03EBC10393F8B4
S31508009CB05C04D3F86014012811D193F85F0493F873
S31508009CC05E44904294BFC4EB0003C4EB0203001B3E
S31508009CD0DBB28342C8BF002331F91300F0BD002967
S31508009CE03AD093F85E04904202D3B1F90200F5E740
S31508009CF093F85F44B1F900009442EFD993F85D44B4
S31508009D008B88013CA3F1FF06734201F10405E4B216
S31508009D10734101F10C07DEB2B44216D805EBC30352
S31508009D204FF47A756A43B3F902405B68D21A04EBBA
S31508009D30D47302EB630292FBF4F29042CEDBB1F9E4
S31508009D4002009042CADC10B2C8E737F833C05E1C7E
S31508009D509445E3D33346DEE70248BFE7E0910308BC
S31508009D60081000200080FFFF2CF0A2B90023F7B5E9
S31508009D700B600368054603F070430B60C2680C4627
S31508009D80032A00F28180012A6ED812B143F00063DB
S31508009D902360D5E90223900102F0407167D5B1F13D
S31508009DA0407F67D0002B6FD04FF00072236823F0F6
S31508009DB0407313432360EA68022A07D12A69032AF3
S31508009DC062D823F47F0343EA02432360EB68032B3C
S31508009DD003D12B69F62B57D9A370AB681A0442BF77
S31508009DE0236843F400432360EB68032B09D02368F8
S31508009DF02A6823F4FF4323F07F03C2F30E021343BA
S31508009E0023602B68AE68002B06F480573EDB16F4F9
S31508009E10E84F39D12B6806F4806603F0704303F1E6
S31508009E200043B3F1804F04D21EB1236843F4806324
S31508009E3023600023284601A9019321F0ADF988B9CA
S31508009E402B6813F0704139D12368019A23F4FF4334
S31508009E5023F07F03C2F30E021343236017B1EB69A5
S31508009E6093B10F2003B0F0BD43F0806390E7B1F1E2
S31508009E70407F03D143B14FF0407297E702F08072FA
S31508009E80002B93D1002A91D02120EBE7730406F426
S31508009E9000520CD4002AF7D0236843F400532360F9
S31508009EA0002FB7D0236843F480532360B2E72368B2
S31508009EB043F480432360002AF2D0EDE703F05043D1
S31508009EC0B3F1004F05D0B1F1304F02D0B1F1404F98
S31508009ED0DAD1019B2268013B03F07F0322F07F025F
S31508009EE013432360002FBDD0EA69002ACCD0B1F114
S31508009EF0004FB6D1117F61B1002EB3D043F4007381
S31508009F002360537F002BADD0236843F4807323600E
S31508009F10A8E7537F002BA5D0002EA3D0F4E7012392
S31508009F204B60C368013B012B08D88269054B1AB1FF
S31508009F300A6000208B607047034AF9E74FF0005328
S31508009F40F7E700BF08000020F4910308012373B562
S31508009F50C56806469D420C464B6016D8002301A9E3
S31508009F60019321F087F970B9019B05B11C33726919
S31508009F709A4207D332696AB1226043F0005300203F
S31508009F80A36000E01D2002B070BD023D012D01D87E
S31508009F900023F4E72120F6E7436813B941607047C8
S31508009FA05B685A68012AFBD1596070472DE9F04F62
S31508009FB0A9B0CDE9032180461D4604460822339FF1
S31508009FC028FA02F383EA08039E0702F1080218BF7B
S31508009FD09B00202A1C44F3D1DFF8F4A1E4B29AF8D6
S31508009FE0743404F5062404F55064002B38D1FEF7C2
S31508009FF0DBFD8146002870D10146402208A82BF0D7
S3150800A00071FF4022494618A82BF06CFF6D4E0AF5E1
S3150800A0107C73059306F10F0A102208A93346CDE989
S3150800A02000A90598FDF760FC0022834608A95A4551
S3150800A03040D101231022CDE900A36348334618A96D
S3150800A040FDF752FC002283460DF1600A5A4549D1B4
S3150800A0505E4B10369E42DDD101225D4B83F8742497
S3150800A0604FF480790026DFF868B1A4F50623A3F536
S3150800A070506252090BEB8202D2F8E80204F01F0183
S3150800A080C840C00746D4D2F80823CA40D20733D5F9
S3150800A090A3F6FF43DBB2002E08BF264603F50624C7
S3150800A0A0B9F1010904F55064DFD1039B33B32EB32C
S3150800A0B034462BE051F8040B07920691FCF772FB25
S3150800A0C0DDE9061201300BD10022414B83F87424D6
S3150800A0D03F4B93F87434002BC2D16FF091000FE018
S3150800A0E00132A4E75AF8040B0692FCF77FFB01300D
S3150800A0F0EED0069A0132A9E7039B23B96FF08B00CD
S3150800A10029B0BDE8F08F002E18BF3446349B0020D6
S3150800A1101C60F5E7329B13B10023329A13600FB126
S3150800A12000233B604FF0100A00232A4621462648A2
S3150800A130CDF800A0FDF7ECFC002831D1329A254B6A
S3150800A140BAB92A689A4205D021461F48FEF75AF935
S3150800A1500028D3D1D5E9022304998B4208BF42458A
S3150800A16027D0A4F50624A4F6FF44E4B204F5062491
S3150800A17096E7329AC2F800A02A689A42E4D1002FDC
S3150800A180E8D03B462146104818AAFDF709FD38B91C
S3150800A190329A3B68126893429FD39B1A3B60D9E771
S3150800A1A00D4B9842D0D06328CED00C4B9842D1D0D4
S3150800A1B093E7039B002BA9D06B68012BA6D16FF000
S3150800A1C084009DE7006D0800F8130020006E080063
S3150800A1D008100020105D175EFFDF00F0FEDF00F0BC
S3150800A1E070B58CB006460D4614460021102208A804
S3150800A1F02BF078FE002205AB029307AB019306AB62
S3150800A20000933046294608ABCDE90622FFF7CEFE75
S3150800A21018B9099B6360079B23600CB070BD70B5C5
S3150800A2208CB00C4605461022002108A82BF05AFED1
S3150800A230002205AB029307AB019306AB21460093B8
S3150800A240284608ABCDE90622FFF7B0FE044630BB28
S3150800A250099B012B26D0059E154D314605F57C70C8
S3150800A260FEF7D0F808BBA6F50623A3F55063B3F5A9
S3150800A270807F06F01F0110D85B09082B0DD001223C
S3150800A28005EB8305D5F8E8328A4053403046C5F8D1
S3150800A290E832FCF7ABFA013001D16FF086042046AC
S3150800A2A00CB070BD6FF08404F9E76FF09104F6E71F
S3150800A2B008100020F0B5164600221C4643688DB0EB
S3150800A2C01B0A07460D46009204D0012B36D06FF0C4
S3150800A2D08B006DE0224631460096FCF749FB0028C4
S3150800A2E066D1F31CC4E9030523F003036361002E5A
S3150800A2F000F097802022002101A82BF0F3FD3146BB
S3150800A300384601AAFCF734FB002840F08A80236807
S3150800A310019A9A4240F085806368029A9A4240F010
S3150800A3208080A368039A9A427BD1A369079A9A42C6
S3150800A33077D1E369089A9A423AD072E0032E75D922
S3150800A3400B78012B7CD14978002941D0F7390829A7
S3150800A350BDD801A353F821F0B5A300087DA30008D2
S3150800A360CFA2000885A30008CFA20008CDA3000845
S3150800A370CFA20008BFA30008C7A30008F8254FF41A
S3150800A38010561EE0FA254FF0807610271C22002171
S3150800A39002A82BF0A7FD0323CDE904350197039600
S3150800A3A001AD0FCD0FC495E80F0084E80F0000201B
S3150800A3B00DB0F0BDF7254FF000762027E6E7FE251D
S3150800A3C0214E224FE2E7FF25214EFAE7FC25D6E784
S3150800A3D02B2E2BD9202220462BF084FD05F11003C5
S3150800A3E02361AB070DD001AB05F1280C1A46286886
S3150800A3F06968083503C265451346F7D1286801AD73
S3150800A40010606B6869462360AB6820466360EB683A
S3150800A410A6F11005A36001236561E36020F0BCFE88
S3150800A42038B12022002120462BF05CFD6FF0860013
S3150800A430BEE7009E06F11C039D42BFF458AFF0E745
S3150800A4406FF09100B4E700BF0044000220000080CE
S3150800A450004400032DE9F04FA5B08046DDE92E9BA8
S3150800A4608A4615461E46002B00F0BD80B9F1000F3E
S3150800A47000F0B980002900F0B680002A00F0B38009
S3150800A4800021D300309ACBF8001012A813602022BE
S3150800A4902BF028FD2946404612AAFCF769FA04461D
S3150800A4A0E0B90AAF0DF1480CBCE80F000FC79CE8ED
S3150800A4B00F0087E80F00EB1C23F003032822214630
S3150800A4C01AA80F93CDE90D4A2BF00CFDD8F80430E5
S3150800A4D01B0A07D0012B13D06FF08B04204625B03A
S3150800A4E0BDE8F08FA945C0F0818032464B461AA8D0
S3150800A4F0CDE916232EF07DF858B16FF09204EDE7FA
S3150800A50005F12C03994571D306F1100205F11C03D8
S3150800A510EDE712A90AA820F067FE18B9159B013BBA
S3150800A520012B07D96FF092041AA82EF062F80028BA
S3150800A530D4D0E2E74FF080731C90CDE91A30229010
S3150800A54007A912A8FFF712FC0028EBD107991AA849
S3150800A5502EF056F801A90AA8FFF7F8FC0028E1D161
S3150800A56001A91AA8FFF718FD04A912A8FFF7D7FC36
S3150800A5700028D7D11AA8FFF70FFD07A912A8FFF7D9
S3150800A580E5FC0028CED107A91AA82EF042F82CF02F
S3150800A59013FB0028C6D1B9F12B0F2AD90123338022
S3150800A5A0129B70807360139BB360149BF360D8F89A
S3150800A5B00430CBF800001B0A04D0012B11D06FF031
S3150800A5C08504B1E7B8F8003023F0FF02B2F5824FF0
S3150800A5D004D1413BDBB2012B00D90135CBF8005041
S3150800A5E0A2E72C35FAE76FF0860477E76FF08C045C
S3150800A5F074E76FF0890471E70028ACBF00F160408A
S3150800A600064B4FEA0111C9B2ABBF00F5614000F035
S3150800A6100F0080F800131954704700BF14ED00E0CE
S3150800A620002807DB01234109034A00F01F00834085
S3150800A63042F82130704700BF00E100E008B52B4B17
S3150800A64083F30A884FF48041294A2A4B9360D2F84B
S3150800A650883043F47003C2F88830274B99664FF068
S3150800A660FF31264B19666FF4003159660D2199663C
S3150800A6700221C2F8D010BFF34F8FBFF36F8F0121AD
S3150800A6804FF44034A2F54062C2F880110020DC6025
S3150800A690FFF7C6FF1A4B1B481C611B4BC01A8010DC
S3150800A6A020F0A8FF194B1A498B4212D30020194BE8
S3150800A6B019498B4218D308F065FD186850F82240EE
S3150800A6C0586840F82240013298688242F5D30C3324
S3150800A6D0EAE70022F8E71C6844F8220001325C68C1
S3150800A6E0A242F8D30833E4E70022F8E7080000207E
S3150800A6F000ED00E0006000080090005000A0004453
S3150800A70000800044C4620008B4610008F01304081D
S3150800A710FC130408FC130408FC13040808B5EFF33B
S3150800A720108072B6034BD3F878342DF04EFF1846D6
S3150800A73008BD00BF081000202DE9F0410468054651
S3150800A74094F89420002A63D1EFF31183302181F322
S3150800A7501188C4E9162283F31188BFF36F8FFFF7B8
S3150800A760DDFF854202D1104624F0C6F8236E2A4F33
S3150800A77093F910603046FCF7A1FB3046FCF766F803
S3150800A780236E93F911603046FCF798FB3046FCF7C8
S3150800A7905DF897F82C33207D43B1072806D807EBD8
S3150800A7A0001393F874310BB1FFF726F9207D24F0D6
S3150800A7B077F8EFF31188302383F311880023174ABB
S3150800A7C0167BAEB90133082B02F11002F8D123200B
S3150800A7D0FCF73CF8FF22124B31465E6520209A6250
S3150800A7E05E60FEF7F5F92120FEF7F2F987F82C638B
S3150800A7F088F31188BFF36F8F0023C5E90033C5E9D5
S3150800A8000533EB60236E2046BDE8F041DB68184748
S3150800A8100F20BDE8F08100BF08100020701100204D
S3150800A8200000045010B510B9FFF778FF28B1436847
S3150800A8301BB1BDE8104000681847232010BD07B5B6
S3150800A84001228DF807100DF10701FFF7EBFF03B0A2
S3150800A8505DF804FB0B4601461846F0E710B50446BA
S3150800A86020F0FEFA28B1006818B12146BDE810406C
S3150800A870E5E710BD302337B5007D0DF107014343E9
S3150800A88003F1A04303F58023DD6E1C6F2DF082FED5
S3150800A8909DF8070040B9054B9D4203D184F0020498
S3150800A8A0C4F3400003B030BD0120FBE73513002098
S3150800A8B03021037D02464B4303F1A04303F5802371
S3150800A8C0D86E07491B6F884208D113F0020006D0DC
S3150800A8D0106A136D1B1A584258417047002070477A
S3150800A8E0351300202DE9F84F90F8943004460D46AC
S3150800A8F01646002B40F08E8090F89970EFF3118879
S3150800A900302282F3118890F895206AB190F8982041
S3150800A91052B180F89530EFF3108972B601202DF008
S3150800A920E3FD48462DF051FE88F31188BFF36F8F7B
S3150800A9304FF030082E44AE4205D1236E0121204641
S3150800A9409B68984754E094F89A30002B3ED0207DB7
S3150800A950FCF79AFB2046FFF7ABFF0146207DFCF784
S3150800A960B5FB99BBEFF3118988F31188207DFCF7B5
S3150800A9708BFB2046FCF727F9D4F848A0411E514521
S3150800A98038BFE16C94F854B038BF01F1FF31207D2F
S3150800A99038BF5144FCF79AFBBBF1000F12D10B46A6
S3150800A9A0D4F89C0098420BD013F80129112A01D03B
S3150800A9B0132A20D1A2F111035A425A4184F8A02041
S3150800A9C0C4F89C1089F31188BFF36F8F94F8A030F0
S3150800A9D0002BB0D0236EA9462A785B6897B9236EF8
S3150800A9E020465B6899F80010013598470028A2D0E0
S3150800A9F00020BDE8F88F9A4582BFE36C03F1FF3368
S3150800AA005344CFE70A2AEAD10D2120469847002861
S3150800AA10E5D0EDE70E20ECE72DE9F04F044685B0CA
S3150800AA20007D04F13806FCF72FFB00211022304682
S3150800AA302BF058FA4FF0300B4FF44473DFF80CA1A3
S3150800AA40207DDFF80C910AF22D3763870BFB009304
S3150800AA50C4E90F77DB6EBB4204D105B0BDE8F04F01
S3150800AA60FCF734BB0DF10F012DF094FD9DF80F7026
S3150800AA70002F62D12046FCF7A6F89AF82C238046C8
S3150800AA80237DEAB1072B1BD80AEB031A9AF874211F
S3150800AA90B2B1EFF311818BF31188D9F834000BFBAF
S3150800AAA00399D9F8642081F31188BFF36F8F0121C8
S3150800AAB001FA03F3034204BFC2F30A135F183D46C3
S3150800AAC004F11807102200213846D4F810902BF00C
S3150800AAD009FA3022237D013D5343C5F30A052D01AA
S3150800AAE045F04075C4E9065903F1A043C4F820802F
S3150800AAF003F580231A6F94F82410520862F3410173
S3150800AB0084F82410196F94F8242027F0030761F3BA
S3150800AB10000284F824201B6F626A9B0863F39F0275
S3150800AB2047F00207626267640094207D3246214638
S3150800AB30054B23F0D7FF207D8FE794F844306FF359
S3150800AB40410384F84430EFE785AD0008081000207B
S3150800AB50000004502DE9F04F9B460023044689B0B7
S3150800AB6005910392CBF80030DBF80050039B5E1B7F
S3150800AB7000F0A180059B5D1900F09D80207DFCF703
S3150800AB8083FA2046FFF794FE8146207DFCF79EFA5D
S3150800AB90B9F1000F40F08F802046FCF714F8216DBC
S3150800ABA094F89A8088429CBFD4E91203C018401AC8
S3150800ABB0864228BF0646B8F1000F00F0AC80EFF3D6
S3150800ABC011830493302383F311883746D4F850A0B1
S3150800ABD02046FFF74FFE0AEB06029245D4F89C1072
S3150800ABE072D1D4E912231344994208BFC4F89C20B1
S3150800ABF0049B83F31188BFF36F8F8046207DFCF793
S3150800AC0043FA0DF11F01207D2DF0C4FC2046FBF709
S3150800AC10DAFFD4F850A08146504540F28A80A36CEA
S3150800AC20B5B29A457DD123691022049304F128030D
S3150800AC30002118462BF056F93021049A013DC4E943
S3150800AC400B2A227DC5F30A054A432D0120F003038A
S3150800AC5002F1A04245F0407543F0020302F5802256
S3150800AC60A5621367236DD4E9121233440A4493424A
S3150800AC7008BF0B464B45236505D10123204684F8BA
S3150800AC805430FFF7C9FE207DFCF720FA94F89A3075
S3150800AC903BB1B8F1000F04D0236E112120465B6842
S3150800ACA09847DBF8003037B1039A3B449342CBF818
S3150800ACB00030FFF459AFDBF80030002B14BF00203A
S3150800ACC01B2009B0BDE8F08F0AF1010A0AF1FF332B
S3150800ACD0994210D1C4F89CA01AF8013C112B01D056
S3150800ACE0132B14D1013FA3F111014B424B41C1462D
S3150800ACF084F8A03071E71AF8013C03F0FD01112928
S3150800AD0006D1013FB9F1000F3FF467AFEBE7C14643
S3150800AD1005F8013B61E7324628462BF0B0FE374678
S3150800AD206CE7238DC3F30A12154465F30E132385C6
S3150800AD3098E79DF81F30207D93B93023434303F1EC
S3150800AD40A04303F58023596E5A6EC1F30A1122F403
S3150800AD50FF42314422F0700242EA01125A6681E744
S3150800AD60CDE900644A462369216823F053FE302260
S3150800AD70237D534303F1A04303F580235A6E22F43F
S3150800AD808012EBE792F8543037B5144633B1936D19
S3150800AD900BB1D06D9847002384F8543094F89A3054
S3150800ADA01BB32046FFF766FDF8B1236E1321204634
S3150800ADB05B6898471025236E20461B680DF107012E
S3150800ADC0984778B99DF8073003F0FD02112A05D196
S3150800ADD0A3F111025342534184F8A030013D15F006
S3150800ADE0FF05E8D12046FFF717FE002084F8540037
S3150800ADF003B030BD1A2813D8102815D940F2852378
S3150800AE00A0F11102D2B2D340DB070DD50122074BC0
S3150800AE1080F0200083F87D0483F87C247D2003E0FD
S3150800AE20A0F17D03012BF1D9704700BF081000205F
S3150800AE3049BA89B280EA0103C3F3031253401803DF
S3150800AE4080B258405B0103F4FF535840704708B579
S3150800AE50302383F311884FF20F02034B18805A8070
S3150800AE60BFF35F8FFCF70EF83840002008B52DF0C9
S3150800AE70DAFB4FF6FF73002818BF0346014AA2F80B
S3150800AE80883408BD081000204FF07E62F8B54FF6EA
S3150800AE90FF73B2F84670B2F84460174D9F4208BF78
S3150800AEA04FF448679E4208BF4FF4C876B5F88A44FF
S3150800AEB060B16400A5F88A44B5F88A34BB4215D94E
S3150800AEC0A5F88A740023A5F88834F8BDB5F888343F
S3150800AED0002BF1D02DF0A7FBB5F88834C4EBC404D9
S3150800AEE0C01A80B204EB8004E408E3E7B34238BF33
S3150800AEF0A5F88A64E6E700BF081000206E4A2DE927
S3150800AF00F0416E4B55686E4C9D65516AD9656D4921
S3150800AF10D1F800021866D1F804025866D1F808126A
S3150800AF20986B9966916A10F0040FD966D16A4FF04A
S3150800AF3000001967116B5967516B9967D26B1865D1
S3150800AF40DA67D3E90F1218BF11465F4A91425A656C
S3150800AF505DD301F12000A04259D88869C5F30805D8
S3150800AF605864CE69062D9E6455D1584DA84252D3D1
S3150800AF70574DA8424FD205884DF6426085424AD1C0
S3150800AF805868C3F898009868C3F89C0040F20170A6
S3150800AF90A242154604D22E680432B6F1CD3FF7D048
S3150800AFA00022C3E92022C3E92222C3E92422641B22
S3150800AFB0DFF818C1424DDFF818E1DC648D422DD860
S3150800AFC0D3E920C7D3E92265D3E924414FF0000E1F
S3150800AFD0013AD2B2FF2A3CD1BEF1000F05D0C3E92F
S3150800AFE020C7C3E92265C3E92441B3F85830C3F33F
S3150800AFF008030C2B3BD8022B54D9DA1E092A51D840
S3150800B000DFE802F03157404350505050504D002170
S3150800B010C3E911112C494FF42060B9E755F8044DDE
S3150800B0206445CBD37445C9D2E607C7D50026294F50
S3150800B03057F8048FA045C1D00136062EF8D132B193
S3150800B040013AD2B203EB8206C6F88040B6E705227B
S3150800B050F8E7E0464FF0010EBC4637462E46254631
S3150800B0600C464146B4E740F60120BDE8F0814A2B7C
S3150800B07018D1194B9B6913F0020F40F2025318BFFF
S3150800B0801846F2E740F60320EFE740F2017240F671
S3150800B0900423B0F5206F14BF10461846E5E740F6BE
S3150800B0A00520E2E740F60722013B6B2B98BF1046C6
S3150800B0B0DBE740F60220D8E700ED00E03840002044
S3150800B0C00810002000E100E008000020D062000817
S3150800B0D0C0870308B44000200040005B0B4AB2F961
S3150800B0E008301089002BB8BF80F06200B2F90A1048
S3150800B0F04300138153890029BCBF83F4805383F02E
S3150800B1000B03590051815840704700BF0C4400207A
S3150800B11010B50A4B93F88C2412F002000DD193F85F
S3150800B1208D1493F88E448C421FBF62F07D02A3F8FB
S3150800B130880483F88F1483F88C2410BD0810002027
S3150800B140074A92F99034002B09DB92F88C3403F005
S3150800B1504101402904BF43F0050382F88C34704747
S3150800B1600810002038B50E4C04F2924594F88D2448
S3150800B17094F897349A4200D138BD28461FF0FEFD50
S3150800B180B4F89434834204BF012384F8963494F8BF
S3150800B1909734013303F0070384F89734E6E700BFD2
S3150800B1A008100020064BB3F89424B3F8981491427B
S3150800B1B004BF012283F896240022A3F89824704736
S3150800B1C0081000207028034607B504D103B05DF8BF
S3150800B1D004EBFBF761BD074A3D2092F89A140191EA
S3150800B1E092F8902404490092022209F0A5FB03B0C4
S3150800B1F05DF804FB08100020C08D030807B5034658
S3150800B200009102223D20034909F096FB03B05DF840
S3150800B21004FB00BFC18D0308F8B5B84CB4F88834F0
S3150800B220BBB32DF000FAB4F88834C01AB4F88A34DF
S3150800B23000B298422DDB94F88C34580629D5990724
S3150800B24094F88D244CBF94F88F3494F88E349A422F
S3150800B25036D00120FFF718FE7320FFF7B3FF4FF033
S3150800B2607E624FF6FF7194F8A0340133DBB284F89E
S3150800B270A034B2F848208A4208BF032293421CDD54
S3150800B2805123722084F8A134FFF79CFF202384F809
S3150800B2908C349B4D94F98C2494F88C34002A1CDA4F
S3150800B2A013F0300310D01A20FFF7D8FA94F88C342C
S3150800B2B003F07F0384F88C34ECE7FFF729FFE8E70F
S3150800B2C00023A4F88834E4E794F8A224022AEDD1EE
S3150800B2D0A4F8883484F8A234E5E794F8A224012A6D
S3150800B2E000F0FB800DD9931E012BD3D894F8B01427
S3150800B2F0FF2900F00B81002940F0F88094F8A31488
S3150800B300F2E09A0719D594F88F2494F88D6494F886
S3150800B3108E04B11A821A02F0070201F0070191425F
S3150800B32098BF84F88F6494F88F24824205D123F05D
S3150800B330020384F88C34FFF715FF94F88C6416F032
S3150800B340300F20D0B70618D5C22394F8A10484F884
S3150800B350A334022384F8A50484F8A4340320012323
S3150800B36026F03C0684F88C6494F8A31484F8A23476
S3150800B3701FF088FDFFF772FA8CE7C12384F8A3341F
S3150800B380FBF7A5FAE5E716F00C0F23D0700794F83B
S3150800B390A61413D56039C9B2802084F8A314FFF720
S3150800B3A02DFF94F88C3403F0F30384F88C3494F866
S3150800B3B0A63484F8A73401231846D5E781F080011E
S3150800B3C07E2084F8A314FFF719FF94F88C3403F051
S3150800B3D0F703EAE7B1072ED594F88F6494F8973403
S3150800B3E0F61A06F00706EFF31187302383F3118860
S3150800B3F0B4F892042DF0CCF9AEB987F31188BFF3EF
S3150800B4006F8FA4F8A8042CF0B5F994F88F2494F853
S3150800B410A634013043EA021343F0080384F8A33440
S3150800B420C0B20323A0E70146013EB4F892042DF00A
S3150800B430B4F9F6B2E0E74FF07E634FF6FF70DB8FA4
S3150800B44094F88D14834208BF052394F88E240B4480
S3150800B450013B521A5B1A02F0070203F007039A42ED
S3150800B46030DCB4F89E64AEB1264B1888C4F8AC3408
S3150800B4702DF08EF9A4F8A8042CF07CF994F88E2403
S3150800B48094F8A634013043EA021384F8A334C0B210
S3150800B490022369E7B4F89C34A3B194F8AA346BB1D3
S3150800B4A02DF0C1F894F8AA34C3EB1010020607D49D
S3150800B4B084F8AA64B4F89E34002BD5D1124BD4E78D
S3150800B4C0002BF7D094F8A72494F8A6349A4244D0CF
S3150800B4D094F88C3443F00803ECE694F8B034FF2B68
S3150800B4E02FD0234493F8A314002041E7013989B2E9
S3150800B4F0B4F8A80409F00CFE0146F5E70810002088
S3150800B5009A140020A6140020A4140020022A1CD194
S3150800B51094F88E34D4F8AC04013303F0070384F8A6
S3150800B5208E341FF02BFC2846B4F8A8142DF018F911
S3150800B530B4F888340BB9FFF799FC94F8A63484F864
S3150800B540A734002384F8A234A4E694F88F34013390
S3150800B55003F0070384F88F34EAE7F8BD07B5064B0E
S3150800B560022293F890343D2000930449812309F080
S3150800B570E3F903B05DF804FB08100020C18D030849
S3150800B580F8B500240646274630462CF0F3F88742DD
S3150800B59000D3F8BD30462CF0EDF8C51BEDB2202DD2
S3150800B5A03946304628BF202509F09FFD002C08BFE4
S3150800B5B042244219904202D13D44EFB2E4E710F822
S3150800B5C0013B634000F8013C04F00103C4F347045F
S3150800B5D0002BEFD084F0B804ECE72DE9F04F85B0E6
S3150800B5E0002800F0F5807B49D1F8C844D1F8CCE4AE
S3150800B5F0EFF3118B302383F3118810F8087C30F8A9
S3150800B60006CCFE0702D5BCF1000F07D18BF31188D3
S3150800B610BFF36F8F012005B0BDE8F08FD1F8BC5499
S3150800B620D1F8C494A5EBCC0330F8048C0193C1F887
S3150800B630BC3409F10103A0F108060CF10102C1F8B6
S3150800B640C434B8F1000F42D04FEAC8030293A6EB00
S3150800B650C803DD88B3F802A003951D7807F0020732
S3150800B660ED0724D427BB039DA5EB0A07012F2ED18E
S3150800B670019D0CF10202083D5244C1F8C494C1F878
S3150800B680BC5430F8028CB8F1000F22D110F8085CCF
S3150800B69020F8068C68F3000500F8085C013A5A8021
S3150800B6A01A7868F300021A700022DA8046E077B149
S3150800B6B0DDE901757D1BC1F8BC5410F8085C4244ED
S3150800B6C06FF3410500F8085C00259D80D9E73346ED
S3150800B6D0D7E7D1F8B454D1F8B87406EBC8092F44A3
S3150800B6E0B9450ED310F8085C013A6FF3000500F867
S3150800B6F0085C002520F8065C5A801A7865F3000273
S3150800B700D1E716F838604D4616F0010632D010F823
S3150800B710086C013A6FF3000600F8086C002692B22E
S3150800B72020F8066C5A801A7866F300021A70C3F17C
S3150800B73007022A44C2F3CF02DA80AA80002C45D039
S3150800B7409C4243D86288002A08BF1C46BEF1000FF7
S3150800B75006D09E4504D3BEF80220002A18BF7346B9
S3150800B760C1F8C844C1F8CC348BF31188BFF36F8F86
S3150800B770002050E7A8EB0C08B8F1010FC7D1B9F8BB
S3150800B7800270A9F802601744B9F80620E2B109EB7D
S3150800B790C2050026D1F8C424013AC1F8C424D1F858
S3150800B7A0BC24083AC1F8BC2410F8082C20F8066C0A
S3150800B7B06FF3000200F8082C1A785F8066F300021F
S3150800B7C01A70002DB3D16FE71546E2E71C46BDE7B0
S3150800B7D0222020E708100020002313B5019369B141
S3150800B7E060B101FB00F401A920461FF02FFC0146B9
S3150800B7F020B9019810B122462AF074FB019802B0CC
S3150800B80010BD2DE9F04F87B0824689469846164600
S3150800B810DDF840B02AB1002B52D040F26C739A4240
S3150800B82051D8BBF1010F51D8002406F1100739464B
S3150800B83001200594FFF7D0FF0546002849D0214688
S3150800B8403A462AF04FFB05ABCDE9014300942B4657
S3150800B850012250464946FEF7A9FB044680B110F17D
S3150800B8608C0F08BF6FF08D043A46002128462AF04F
S3150800B87039FB2846FFF7B1FE204607B0BDE8F08F32
S3150800B880154BC5E902A92B60C5F804B02EB132469E
S3150800B890414605F110002BF0F2F8059E3B462A4674
S3150800B8A031460E48FCF724FD38B93046FAF77AFFD8
S3150800B8B0013008BF6FF08604D6E76FF09104D3E72E
S3150800B8C06FF08604D8E76FF09104D5E76FF085042A
S3150800B8D0D2E76FF08C04CFE7105D175EF8130020EF
S3150800B8E0FEE7002307B5084601A901931FF0AEFB42
S3150800B8F0019803B05DF804FB08466EE60846114653
S3150800B9006AE7002303604360704730B5D0E9054510
S3150800B91053B394420FD0E2B9046974B9036983B387
S3150800B920002918BF0D462B78DB0714D5AB8843B31F
S3150800B930A5EBC305F7E704698CB141B90468237818
S3150800B940DB070CD5E3884BB104EBC304F7E70C46D9
S3150800B950F5E79542E2D0C0E9054530BD1C4695425B
S3150800B960DCD0002ADAD0F6E7944208D08C4228BF09
S3150800B9700C46954207D08D4238BF0D46EBE70C467C
S3150800B980F7E71D46E7E70D46E5E700232DE9F34708
S3150800B990964E0193D6F8B8340C469A42104604D20D
S3150800B9A039B912B101A91FF051FB019802B0BDE8DF
S3150800B9B0F0871AB90846FFF710FEF6E7EFF3118885
S3150800B9C0302383F3118834F8063C0730DF0020F073
S3150800B9D00705AF42A1F1080180F0898034F8020C0E
S3150800B9E000286ED0C21A012A6BD101EBC00211F8E9
S3150800B9F03000C00765D4B2F802C0A7EB050919EBF9
S3150800BA00CC095ED4B9F11F0F39DD6119C5F3CF052D
S3150800BA1024F8065C0135084624F8025CFFF771FF36
S3150800BA2034F8020C4FEAD9038880D0884B8018B3C3
S3150800BA305588451B15FA83F39BB202EBC000CB80F1
S3150800BA40838000236A48FFF760FF1046FFF759FF17
S3150800BA50002234F8061CD6F8BC34019403EBC10363
S3150800BA60D6F8C014DB1B8B42C6F8BC343CD86AB384
S3150800BA70083BC6F8BC3429E00023CB80E1E7D6F8BA
S3150800BA80C40401330138C6F8C404D088634424F8D2
S3150800BA90063C90B15588451B15FA83F39BB202EB19
S3150800BAA0C00024F8023C838001235148FFF72DFF8C
S3150800BAB01046FFF726FF0122CBE7002324F8023CB5
S3150800BAC0F2E7284601A91FF0C1FA20B188F31188C8
S3150800BAD0BFF36F8F69E73A46214601982AF0CFFFF0
S3150800BAE02046FFF77AFDF1E7C6F8C034BFE77AD9F2
S3150800BAF034F8020CA7EB050900F1FF3AAAEB030A92
S3150800BB00002836D011F8303001EBC002DB0731D4FB
S3150800BB10BAF1000F2ED1C5F3CF03611924F8063CFC
S3150800BB200133084624F8023CFFF7EBFE508800EB89
S3150800BB30D90334F8020C4B808880D088B8B1B2F8A3
S3150800BB4002C0A0EB0C0C1CFA83F39BB202EBC000FC
S3150800BB50CB80838000232648FFF7D7FE1046FFF7E1
S3150800BB60D0FED6F8BC3401942B44DB1B81E7C88091
S3150800BB70F0E70246B9F1270F35D9C5F3CF036119A6
S3150800BB8024F8063C0133084624F8023CFFF7B9FEC0
S3150800BB9034F8020C09F1FF33DB084B80888002B3C6
S3150800BBA00AF1010A1AFA83F39BB2CB809380D6F87E
S3150800BBB0C4340F480133C6F8C43400231A46FFF7C5
S3150800BBC0A4FED6F8BC34D6F8C02408332B44DB1BB5
S3150800BBD093420194C6F8BC347FF678AFC6F8C034F1
S3150800BBE074E7CA80E3E7019470E700BF08100020F5
S3150800BBF0BC14002003464160EFF3108072B6044A75
S3150800BC00D2F8DC141960C2F8DC342CF0DEBC00BFB4
S3150800BC100810002001234FF0604207480749C0F882
S3150800BC20E034D2F8003E00F2E44043F48073C2F8F0
S3150800BC30003EFFF7DFBF00BF081000203C4400208D
S3150800BC40F8B51E4DD5F8E0340BB9FFF7E3FF00232E
S3150800BC501B4CC5F8EC342378532B01D007F07CFF36
S3150800BC60EFF311834FF0200181F31188154A00265E
S3150800BC70C4F8B021012720221348C4F8B401C4F837
S3150800BC80B821C4F8C061C4F8BC61C4F8C47183F3B0
S3150800BC9011880E4B1038C5F8F0340D4BC5F8F8343A
S3150800BCA022F02AFEEFF3108472B638462CF01CFCFC
S3150800BCB020462CF08AFC3046F8BD00BF081000204C
S3150800BCC0004C00206B88030804150020C56A00088C
S3150800BCD0FF6B000838B5084CD4F8E0340BB9FFF709
S3150800BCE099FF0025054B0648C4F82035C4F82855A1
S3150800BCF022F002FE284638BD081000209B6A00087C
S3150800BD00241500200146EFF3108072B6084AD2F8CF
S3150800BD10DC3402F2DC422BB1994205D10B68136080
S3150800BD2000230B602CF051BC1A461B68F3E700BFD2
S3150800BD30081000200246EFF3108072B60E4991F8FB
S3150800BD402C35FF2B02D1A2B12CF03FBC1BB9002A1F
S3150800BD50FAD0012203E0002A0CBFFF220122134475
S3150800BD60DBB281F82C35B3FA83F35B0981F82D35FC
S3150800BD70EAE71A46F3E700BF0810002010B50A4C98
S3150800BD8094F8403573B194F841355BB12BF016F849
S3150800BD90002384F8413584F84235012384F8433575
S3150800BDA084F8443510BD00BF081000200122024B5C
S3150800BDB083F82E25704700BF0810002000232DE9C0
S3150800BDC0F04FB748B74AB84D121AC5F8B824013A21
S3150800BDD0A7B0D20885F8D034C5F8D834C5F8B40465
S3150800BDE0C5F8C804C5F8CC04FFF78BFD42800823C4
S3150800BDF00122C5F8BC34C5F8C424C5F8C034EFF32D
S3150800BE001183302181F3118895F85015002940F0E7
S3150800BE105B8485F8502583F31188BFF36F8F6FF025
S3150800BE20040210460132052152B2FEF7E5FB5D2AEF
S3150800BE30F7D14FF0004807224AF6CD369B4F9C496A
S3150800BE409C4BC7F864804C6C0B200E64DA63FAF7D7
S3150800BE5051FC4B68984823F4F87343F480734B609D
S3150800BE6040F209138B6040F203130B610023C7F8F5
S3150800BE7064804A6C04F0010402F001020E640E6B41
S3150800BE80370740F12A84834240F02484884B002AED
S3150800BE9040F037840CB1894A1A644FF00042884B47
S3150800BEA083495C6E03F580535A664AF6CD334E6C69
S3150800BEB080200B64FAF71EFC0B6AF00723F00F03C9
S3150800BEC043F00C030B6248BF7C4B7E4848BF0B64AB
S3150800BED0002CA2BF4FF000427B4B5A662CF068FC40
S3150800BEE07A4AD2F84C3113F4802300F00E844FF0CE
S3150800BEF07E6292F89C3092F99C20002AB8BF3F23B4
S3150800BF004FF40001694A022051664FF4D15102F5F7
S3150800BF10B83251626E494F2B486028BF4F23012023
S3150800BF2001F58051DBB24860116911F48031FBD10B
S3150800BF3043F48073536140F20143664E14AC936038
S3150800BF4051600FCE0FC40FCE0FC496E8030084E8E5
S3150800BF5003005E4BD3F84C21120340F1DA83A3F5B4
S3150800BF60FE431B88B3F5807F28BF8C235A4E8DF875
S3150800BF70693096F92C20134483F308038DF868304A
S3150800BF80564B73604E4B1B6F03F00703032B01D10F
S3150800BF902AF0F4FD1FF0A3F9032815D04FF48012F8
S3150800BFA0424B14A85A6645F60E024D4BC3F880203C
S3150800BFB04FF0A06203F580539A624FF4803203F57E
S3150800BFC080539A62FAF788FE4FF4C0223F4BD3F8A3
S3150800BFD09840364B5A6603F598335A68012A00F09A
S3150800BFE09C831FF07CF905280CD100213D48FCF7FD
S3150800BFF057FF334A136F43F4806313674FF4803255
S3150800C0002A4B1A673768384B24F040749F4202D887
S3150800C010344822F0EBFC354BDA6812F0060FFBD1F8
S3150800C0209A689C6099684C4014F4F81F0DBF2D4C13
S3150800C0309A603C4634601FF052F905281DD12AF053
S3150800C0409DFD8046FCF7B8FD0128D4BF01210021DB
S3150800C0504046FCF725FF4FF4C070FCF775FF2449EE
S3150800C060174A884294BF00200120136F23F4806387
S3150800C07043EA80231367FDF7C5FABC4202D80020BD
S3150800C08022F0B4FC4FF40022084C104B1948D3F8A0
S3150800C090C03062664FF0B44223F040732CE000BF14
S3150800C0A0C855002000000820081000200090005005
S3150800C0B0008009500040005040420F003254FFFFF4
S3150800C0C000800050FC92030800A000500080E00F9A
S3150800C0D000100250009303080C440020C0175302B6
S3150800C0E00040005A00B4C404FFB3C4040000015061
S3150800C0F080F0FA022893030893602CF059FB4FF45A
S3150800C100800302226366C84B5A609A6812F480322A
S3150800C1100592FAD15A62059A5A60FDF783FAEFF347
S3150800C120108772B6C1482CF043FB95F85135002BA1
S3150800C13040F0488306F058FA002800F02183384674
S3150800C1402CF043FA06F050FAF26B511C08BFB84BB4
S3150800C1504FF4003108BFD3F894204FF0502308BF9E
S3150800C160F2631967D30700F1D48301210C46084608
S3150800C17004FA00F3134001F1010100F0CC83AD4B42
S3150800C18003EB4000B0F85031DFF8F0B2062BBBF8ED
S3150800C1900020BBF8021040F0C5834FF20F03994206
S3150800C1A040F0BD83B2F5406F28BF4FF4C0624CF231
S3150800C1B03C33A5F82823ABF802309F4A536A43F468
S3150800C1C070235362EFF308834FF0CD319B4A043B4B
S3150800C1D0934280F0B8830222954B1A6706F004FA58
S3150800C1E018B16A2196482AF041FD1FF0A1FA4FF4CA
S3150800C1F0005022F00FFD4FF40053924CC5F8640529
S3150800C200C5F86835002800F0A183D4F864351BB951
S3150800C210DE218D482AF02AFDD4F86835D4F864253D
S3150800C22023F001031344C4F86C25C4F87035C4F828
S3150800C2307425002A40F09583F82183482AF016FDD4
S3150800C2407A482CF0B5FA03213C20FEF7D5F94FF4CD
S3150800C25080134FF004094FF08052DFF824827B4D9B
S3150800C260C8F86430DFF81CA2794BC5F874A03C20E6
S3150800C270C5F87490C5F870A0C5F87090C3F8842105
S3150800C280FEF7CEF94FF00072724B6848C3F874A0F7
S3150800C290C3F87490AA624FF480529A622CF088FA16
S3150800C2A0FDF714F84FF000639B6A6B4F03F1784271
S3150800C2B0B2F5C04F52D21A68684B9A424ED194F8DA
S3150800C2C0785515F0FD0549D194F87935002B00F01D
S3150800C2D04E83022384F879354FF000639B6ADB6945
S3150800C2E0984794F879850746B8F1010F40F0DA8344
S3150800C2F0FAF792FB013040F0C383D4F88025584BF7
S3150800C3001A66D4F884255A66D4F888259A66D4F825
S3150800C3108C25C3F87021D4F890251A64D4F894258E
S3150800C3205A64D4F898259A64D4F8A425D00700F15D
S3150800C330B683D4F89C25484B5A66D4F8A0259A6645
S3150800C34025F0BAFBD4F87C3583F31188BFF36F8FD9
S3150800C35084F8795517B9012384F87835FCF724FC55
S3150800C36032482CF025FA4FF440730122042114A810
S3150800C370ADF85030FAF7B0FD01223A4BC3F8442421
S3150800C380EFF31185302383F311884FF46070FCF7BF
S3150800C390DBFD85F31188BFF36F8F274B00F5D5209A
S3150800C3A0D3F8F02000F2FC4042F00102C3F8F02076
S3150800C3B0D3F8FC20264D42F08072C3F8FC202A4AA6
S3150800C3C0A3F55D431A60294B0222B0FBF3F0284B14
S3150800C3D001381861C3F8F0204FF48072C3F80423BB
S3150800C3E04FF06043234A1148C3F8B02F224AC3F8D6
S3150800C3F0802ED3F8002E42F48072C3F8002EFF2256
S3150800C40083F82020D3F8002E22F48072C3F8002E79
S3150800C4102CF0CEF96B681B0636D480232720C5F886
S3150800C4208431FEF7FDF82FE000400250E89103083A
S3150800C43000400050E091030800ED00E008000020ED
S3150800C4400088030808100020098903080060005ABC
S3150800C45000E100E00050005A0080005007B0CD5EB1
S3150800C4600080004400D00350FF030040F8590D0037
S3150800C470000004E055CEACC5090001003840002094
S3150800C48000900050010000A06B68DF0506D44FF449
S3150800C49080732820C5F88431FEF7C2F84FF060454E
S3150800C4A00227D5F8003E14A843F48073C5F8003E69
S3150800C4B09D4BCDE914731FF007F9D5F8003E23F418
S3150800C4C08073C5F8003E06F08FF8054640BB9748CE
S3150800C4D02CF06EF9964B974A1A624FF41672C3F807
S3150800C4E03C7103F5EA239D64D4F884345343924A95
S3150800C4F003F5742303F23F23B3FBF2F38F4AC4F820
S3150800C5004835D4F8A835D4F84815013542F8041B3F
S3150800C510EDB2D4F848150A2D0B44F4D1C4F8A83561
S3150800C52094F8D51594F8D435022901D1072B19D0DA
S3150800C530D80703D443F0010384F8D43594F8D435E6
S3150800C5409A075FBF012243F0020384F8D43584F8C2
S3150800C550DC2B94F8D42511B9D70700F1A582550725
S3150800C56040F1A982FFF7B6FB75497648FFF742FB0B
S3150800C5700BF0C8FFFFF764FBEFF3108372B6C4F83D
S3150800C580E835FCF711FB002800F09A8204F052FD0A
S3150800C5901FF0CEF8012029F01EFD22F043FD0221EE
S3150800C5A0694B6A48CDE914134FF00073CDE91603B9
S3150800C5B0072314A94FF0FF30189329F052FD0123E1
S3150800C5C0002784F8E13B624B624DC4F8E27B5F606A
S3150800C5D09F60D5F8FC311020C3F3074308930DF08C
S3150800C5E0BFFF10F0800F384600F078820DF0B8FFD4
S3150800C5F002060CD5089B802B40F066822B6A13F046
S3150800C600020F00F07E82EB699D0740F17A8252485C
S3150800C6102AF0D9F851495248FCF7F8F9054618B3F3
S3150800C620D6E90401B36A00251B689847B36A14A8BB
S3150800C6309B689847B36A0220DB6898471598736920
S3150800C640E9B2B3FBF0F38B42B26A05F1010500F2D9
S3150800C6505D82D36800209847B36A5B6898473F496C
S3150800C6603F48FCF7D3F905464FF000093D4E3C4FCD
S3150800C67006F5987306F1980A0693002D40F09B82FA
S3150800C680394B19F80330002B00F02087D6F80080C4
S3150800C690384641460BAB0FAAFBF782FA2D280AD07B
S3150800C6A0002840F088820F9B012B00F084824146C7
S3150800C6B03846FBF7A7FEDAF80030414638461A68CE
S3150800C6C0FBF75CFE054676E283F31188BFF36F8FAE
S3150800C6D0FFF7AFBB0133FFF7D2BB83423FF4D6ABBC
S3150800C6E02021224B99620121A3F580535960204BE2
S3150800C6F02049886A86063FF5C9AB013BF9D1FFF7A1
S3150800C700C5BB1D4A1A64FFF7C5BBD2F85021FFF70F
S3150800C710F7BBD3F85031DBB228E418494A605A68A7
S3150800C7209707FCD45DE400BF006A18102C93030831
S3150800C73000800350010E0C0040420F00B415002083
S3150800C7404C440020E8150020006A18000002060084
S3150800C750EA1B00200080E00F690345EC1C4400201A
S3150800C760F813002050930308A694030800A0095064
S3150800C77041420F00008009503254FFFF00E001508B
S3150800C780AF4B03F5A6702CF013F8AE4BAE4ADA6140
S3150800C7900122C3F844214FF4807203F5EA239A6410
S3150800C7A0059BC5F85435C5F8DC34D5F88434C5F886
S3150800C7B05835A64B5A6F42F001025A67DA6E22F0D4
S3150800C7C03002DA664FF00008404685F85C8522F0AC
S3150800C7D00DF996F83830D5F858459BB19B49D5F8E8
S3150800C7E04C254B6F23F440734B67A301984903F517
S3150800C7F0742303F23F23B3FBF1F31344C5F84C3516
S3150800C80086F838804FF48011924BD3F80021924A6B
S3150800C81051664FF4003151661A6F904902F00702CB
S3150800C820C5F834258969032A01F00200C1F34001DD
S3150800C83085F830150BD0D3F8202102F00702022A1A
S3150800C84005D0D3F8282102F00702022A22D10123B3
S3150800C85085F82E3560BBD5F858357D49C3EB4312AC
S3150800C86002F5742202F23F22B2FBF1F2D5F84C052A
S3150800C8700244C5F84C254FF4C872534303F5742394
S3150800C88003F23F23B3FBF1F3C5F86035012385F8BE
S3150800C890513554E4002285F82E250028DBD0D3F83C
S3150800C8A0003103F00303581E4342434185F82E35F1
S3150800C8B0684BD3F8003103F00303022B24D0032B73
S3150800C8C025D0012BC7D17268002AC4D0634BDFF884
S3150800C8D08081DB68501EC3F30B0C002319460CF14C
S3150800C8E0010C0CEB8C0CECFB080128F0CDFC60432A
S3150800C8F000F5742000F23F20B0FBF8F0D5F84C356F
S3150800C9001844C5F84C05A6E74FF40042DEE7544A3A
S3150800C910DCE7002033E410297FF429AC34E44FF433
S3150800C920C06244E440F20720834209D14FF20F0067
S3150800C930814205D19A4204BF4CF23C32ABF8022040
S3150800C940A5F8283339E443F8041941E440F2A5115F
S3150800C95044482AF08BF9D5F86835002B3FF458ACD3
S3150800C96053E407F0CFFF64287FF666AC68E44FF01F
S3150800C970010909950B950F9584F87995EFF31183BD
S3150800C980302282F31188C4F87C3525F08DF87B6E49
S3150800C990C4F89C35BB6EC4F8A0354FF48043C8F87C
S3150800C9A06830314B5A68C4F8A425304A9A601A6E22
S3150800C9B0C4F880255A6EC4F884259A6EC4F888256A
S3150800C9C0D3F87021C4F88C251A6CC4F890255A6CD3
S3150800C9D0C4F894259A6CC4F89825254A116C1964EC
S3150800C9E0516C5964926C9A64C8F864901B6E1F0463
S3150800C9F01BD5204AD368D807FCD44FF000639F6A3A
S3150800CA0007F17843B3F5C04F07D2002314A816934D
S3150800CA101EF0FEFD169B5B050CD4099A164B1A668A
S3150800CA200B9A5A660F9A9A6656E4144AD368D90737
S3150800CA30FCD4E2E73B6C0FAA0BA909A89847ECE7D8
S3150800CA40E091030800800350010D0C0000400050DF
S3150800CA5040420F00008000500090005000C0015076
S3150800CA6080D543029A8803080080004455CEAC005E
S3150800CA7000C0005400000440009000440000045028
S3150800CA80F9F7CAFF40F2011398423FF436AC2C4B33
S3150800CA902C4AC3F86480D368D907FCD42DE4002255
S3150800CAA09A6046E4012553E42748FEF72AFF022345
S3150800CAB084F8D53553E542F0040284F8D42551E5C7
S3150800CAC0012384F8E03B61E5089B812B19D1D5F851
S3150800CAD00C315B0015D5D5F80C3195E50DF040FD08
S3150800CAE007067FF594AD089B802B03D12B6A13F0BC
S3150800CAF0010F86E5089B812B03D1D5F80C31002B55
S3150800CB00E9DB472111482AF0B1F856E3336912697F
S3150800CB1001FB0030904791E533683846CD18294621
S3150800CB200BAB0FAAFBF73CF82D281AD080B108F1F9
S3150800CB300108079B5FFA88F18B42EDD800201AE0BE
S3150800CB400090004000000440E0150020AC8903086E
S3150800CB500F9B002B40F0B484069B1A780B9B9A42D5
S3150800CB60E5D0069B294638461B78DAF80020FBF7FD
S3150800CB70BFFB0028DBD0C24B19F80330002B3FF46B
S3150800CB80A1AD0546DDF81C805FFA88F37E2B12D826
S3150800CB903168384641440BAB0FAA0791FBF700F8FA
S3150800CBA02D2808D038460799FBF72CFC08F1010810
S3150800CBB005460028E8D0069B09F101090133B9F1B9
S3150800CBC0260F06F104060AF1040A06937FF455AD0A
S3150800CBD0B5FA85F3AB4E5B0986F8EE3B96F800345A
S3150800CBE01BB1DB21A8482AF041F8002D89D108227B
S3150800CBF0A649A74804F024FA01232A462F46C6F870
S3150800CC00FC3BA44BC6F8F85B86F8085C0132082A98
S3150800CC105F609F8043F8087FF8D1482200219E482C
S3150800CC2029F060F94FF6FE73A4F8703C6FF4803370
S3150800CC30802200219948C4F8643C29F053F9984B9E
S3150800CC4084F84C7CC4F8507CC4F8547C84F8587C2E
S3150800CC50C4F85C7CC4F8A83CC4F8AC7C84F8B07C06
S3150800CC60FEF73CFAFF23002184F8340D2C2214A881
S3150800CC7084F8353D29F036F964234FF00230012156
S3150800CC80CDE9160319930B23B4F8368D854F18EAA8
S3150800CC9001088DF854108DF8783040F0D980084690
S3150800CCA02AF0CAFC0A2384F8383D4FF42873ADF8F5
S3150800CCB056304FF0FF33C4F83C3D7B4B7B4A1B880C
S3150800CCC07B48A7F858307B4B07F148011B68A7F843
S3150800CCD05E803B66784BC7F868801B88A7F85A3091
S3150800CCE0764B1B687B6627F0E3FF20B14FF41B7178
S3150800CCF0734829F0BBFF0521D6F83C0D29F0B1FD94
S3150800CD0020B140F27D216E4829F0B0FFD4F83C0DE1
S3150800CD1022F008F800236B49D4F83C0D84F8403D0E
S3150800CD204FF00C0829F040F92AF06CFC08FB00F0DB
S3150800CD301A902AF067FC08FB00F014A91890D4F89A
S3150800CD403C0D21F0C1FF20B140F295215C4829F045
S3150800CD508DFF00224D49D6F83C0D29F098F920B1EF
S3150800CD6040F29721564829F081FF40F20353A4F870
S3150800CD70443D052384F8463D07F086FD84F8470DB3
S3150800CD802AF040FC00EB80008000A4F8480D2AF049
S3150800CD9039FC0023C0004FF0FF31A4F84A0DC4F84F
S3150800CDA04C3D4FF0FF3034A3D3E900232AF0FEFBB5
S3150800CDB04549D4F83C0D29F028F9D4F83C0D0FA9BB
S3150800CDC029F0F6FD20B14FF434713D4829F04EFFA5
S3150800CDD00422D6F83C0D0BA929F0BBF8042804D088
S3150800CDE040F2D721364829F041FF0BA81DF054FC24
S3150800CDF0F9F79EFDEFF31188302383F31188012399
S3150800CE0087F86C30B6F8363DDA0704D50021D6F82F
S3150800CE103C0D29F01DFE88F31188BFF36F8FB6F815
S3150800CE20363DDB0712D5002241F20D0127480023C3
S3150800CE302AF0BCFB0822D6F83C0D114629F074F8F6
S3150800CE4020B140F636711E4829F010FF07F09AFC0B
S3150800CE501DF024FC1E48B7F86E8009F00DFA002371
S3150800CE60A6F8503DA6F8523D1A4B1B4AA6F8548D13
S3150800CE7003F10C0132E000BF0A0020FF4203000064
S3150800CE80F2940308081000201D890308F71B0020E8
S3150800CE9034B608C0101C0020681C0020BC1C0020EA
S3150800CEA00000FFFF0C4400209ED50308C176030846
S3150800CEB0441D0020A4D503089CD50308A0D5030863
S3150800CEC0928903081895030871750308400D030035
S3150800CED07C4400201E9503085E1D002053F8040BB1
S3150800CEE08B4242F8040BF9D11B88002113800723D3
S3150800CEF0342214A884F8963D28F0F4FF0B238DF805
S3150800CF0050306FF4803315934FF6FE73ADF86030EA
S3150800CF1003238DF86D30D34BD34A1C93D34B5168FA
S3150800CF201D93D34BD4F8EF0B2193D24B2293D24BBC
S3150800CF302393D24B2493D24B259316AB03C314A940
S3150800CF4000201EF093FC14A901201EF08FFC042279
S3150800CF50002014A928F0FDFF042803D0D721C948CA
S3150800CF6029F084FE1498F9F7E3FC14F0D7FC97F837
S3150800CF709020FF2102EB42029200C34828F0B2FF3C
S3150800CF80C24BC348C4F85C3E0023C4F87C0EC148B3
S3150800CF90C14AC4F89C0EC148C149C4F8BC0EC14870
S3150800CFA0C4F8582EC4F8DC0EBF48C4F8603EC4F86E
S3150800CFB0FC0EBE48C4F8641EC4F81C0FBC48C4F86E
S3150800CFC0683EC4F8782EC4F8803EC4F8841EC4F8B7
S3150800CFD0883EC4F8982EC4F8A03EC4F8A41EC4F827
S3150800CFE0A83EC4F8B82EC4F8C03EC4F8C41EC4F897
S3150800CFF0C83EC4F8D82EC4F8E03EC4F8E41EC4F807
S3150800D000E83EC4F8F82EC4F8003FC4F8041FC4F874
S3150800D010083FC4F8182FC4F8203FC4F83C0FA548A9
S3150800D02097F891E0DFF8DC82C4F85C0FC4F8241F97
S3150800D030C4F8283FC4F8382FC4F8403FC4F8441F42
S3150800D040C4F8483FC4F8582FC4F8603FC4F8641FB2
S3150800D050C4F8683F02F560705FFA85FCE64500F1A2
S3150800D060200000F23A820025DFF89C82C4F8725C40
S3150800D070C8F80450FEF732F884F8980FFEF72EF831
S3150800D0800523482284F8990FA8F1120114A884F8F8
S3150800D0909A3F29F0F4FC754B754A1D93864B2192ED
S3150800D0A01E93744A854B22921F93734A734B2846E4
S3150800D0B0CDE923232093724B14A925931EF0D6FBA2
S3150800D0C030204FF0010CEFF3118180F31188D6F868
S3150800D0D0F82B002A40F0098281F31188BFF36F8F7D
S3150800D0E00023D6F8FC6B012E40F011820025FF20A4
S3150800D0F0C4F8FC6B18F064F80EF0CEFB17F07AFD56
S3150800D1000EF092F812F009FA3046FF2697F8923098
S3150800D1106B4A43F004036B49A4F89E3F022384F844
S3150800D1209B5F84F89C5F0DF09DF997F89320314634
S3150800D1309200654884F8A25F84F8A36F28F0D2FEAF
S3150800D1404FF6FD7384F8C05FA4F8C23F84F8C15F48
S3150800D15084F8C45F84F8C55F0EF07EFC3222294647
S3150800D1605A4884F8C65F84F8C75F28F0BBFE58485B
S3150800D17009F082F8574B584D584F83F8446083F8A6
S3150800D1808C6083F8D46083F81C6184F8FC6F06F021
S3150800D1906BFE06F0D5FD41F6583151482AF0CAFB18
S3150800D1A0EF6612F007FC4F4B08371422314605F19B
S3150800D1B078002F676B6728F095FE01230025DFF8B6
S3150800D1C018810121C8E92353474B0420B3F82823C3
S3150800D1D0B2F5406F4FEA1223444A38BF02EB830286
S3150800D1E00092434A21F076FBB4F8283341491A0ADB
S3150800D1F001EB8202D2F86023D9B202EB81020092D7
S3150800D20001213D4A042021F065FB0123B4F82823B7
S3150800D210120A934040F2A172134240F07C81012029
S3150800D22088F89C00EFF3108572B62BF05DF9284656
S3150800D2302BF0CBF931493248FEF7DCFC00210A20F5
S3150800D2402AF00EFB06462AF089FA002840F00F83DA
S3150800D25006460123244D4FF6FF7285F896344FF0A3
S3150800D2607E6353E0B19E0108F71B0020959A0108DA
S3150800D2705DCF0108679A01088DEC0108619A0108DB
S3150800D280C197010800880308A01D002029AA0108E3
S3150800D29039BC010899C80108001C0020AD7F0208A6
S3150800D2A0FF870308154E0208E5ED010831630108FA
S3150800D2B0916602085D980108E596010859E3000899
S3150800D2C027E10100A81F0020AC1F0020D01F002066
S3150800D2D0A044002008200020002100202C950308E7
S3150800D2E0C044002005A8010808100020FF91030883
S3150800D2F0238A0308E09103083B8A0308E0440020D8
S3150800D300A0210020ED0D02087A1C0020A5F89464DF
S3150800D310B3F84C30934208BF4FF47A73A5F88A34B1
S3150800D3200023A5F88834FDF7A1FDB5F88834002B4D
S3150800D330FBD02BF078F9B5F88834C01AB5F88A34DA
S3150800D34000B29842F1DB4FF07E634FF6FF72B3F8F6
S3150800D3504230934208BF4FF4C863A5F88A340023C5
S3150800D360A5F88834F9F7B3FA431EDBB20A2B85F819
S3150800D370A10400F28B8240F2035222FA03F3DB0780
S3150800D38040F18482C12302220290CDE900323D2079
S3150800D3908423BA4907F0D0FAFF2385F8A134D023AD
S3150800D3A085F88C34F9F778FC03230021D4F83C0D72
S3150800D3B0A8F8843128F076FE021E18BF0122002143
S3150800D3C0AF4806F00BFC002021F0BCF8012021F044
S3150800D3D0B9F80FA802F006FD02230FA88DF83C3015
S3150800D3E004F0C8FFA74C08B31A23A74A012014A9BA
S3150800D3F00DF038F80DF15A030BAA17461E460DF123
S3150800D4006A0C154618685968083303C563452A46E1
S3150800D410F7D139460FA804F07BFC0546002800F032
S3150800D4203B8294F88731013384F887310FA802F0DC
S3150800D430D9FC05230FA88DF83C3004F09BFF062382
S3150800D44005460FA88DF83C3004F094FF0646002DDB
S3150800D45040F03382002800F08B8228228B4814A9DA
S3150800D46003F0EEFD01250DF165030BAA94461E4651
S3150800D4700DF1750E174618685968083303C77345C2
S3150800D4803A46F7D1062361460FA88DF83C3004F0DA
S3150800D4903FFC002800F0FE8294F88831013384F8B6
S3150800D4A0883194F88D31002B00F06282002D40F00F
S3150800D4B02B821022FF210DF1550028F013FD23E2DF
S3150800D4C029463846FAF79EFFFFF74BBB704BA8462E
S3150800D4D019F803300793FFF72CBB40E9082840E901
S3150800D4E0063140F8103C0135B6E51369C6F8F85B15
S3150800D4F0C2F810C081F31188BFF36F8F012B3FF478
S3150800D500EFAD1A461B691561012BFAD1DBE53269C5
S3150800D51033611646E7E5DBE91310DBE90E320690C0
S3150800D520580744BF00252F46DBF840A05FBFDBF84D
S3150800D530547006919246574D54BFDFF89891DFF81C
S3150800D540989113F0080F544B544A18BF1A46EE1B0D
S3150800D5501FBF64210698730801FB00331DBFB3FB88
S3150800D560F6F39BB2079307964B464D490020CDE943
S3150800D570015A0097B6B21DF008FD0020CDE90096C5
S3150800D580079BBDF8182047491DF0FFFC554501D3F8
S3150800D590574504D94A46002043491DF0F6FCDBE905
S3150800D5A018301843DBF86830184326D13F491DF078
S3150800D5B0ECFC00203E491DF0E8FC40F605223D4BF8
S3150800D5C0B3F8283393420ED8B3F5206F35D840F216
S3150800D5D00252934240D040F20172934247D040F241
S3150800D5E00152934233D00025DFF8F0B0324EDFF80F
S3150800D5F0F090324FDFF8ECA032E1002030491DF000
S3150800D600C4FC00264FF001092B4FDFF8DCA00025EB
S3150800D610FA6D09FA05F3134204D05146002072192F
S3150800D6201DF0B3FC0135202DF2D12036602E07F10E
S3150800D6300407ECD100201E49B9E7A3F60223032B01
S3150800D64054D8DFE813F06E009D00D300F1001D49A1
S3150800D65000201DF09AFCC6E71B4900201DF095FC2A
S3150800D660DBF84420194900201DF08FFCBBE7184958
S3150800D670DBE9262300201DF088FCB4E7BF8D0308EC
S3150800D680C58D03080021002024E1010002E5010000
S3150800D690CC94030808100020888803088F8803089C
S3150800D6A05C8A03088E8A0308C88A0308E78A03087F
S3150800D6B0FE870308081000203C400020FD87030869
S3150800D6C0FD8A0308318B03086F8B0308A08B0308B8
S3150800D6D0BB8B0308838803087B8803082F920308FB
S3150800D6E0B58D0308978803082D8B03080020894900
S3150800D6F01DF04BFC9BF870309F0703D50020864928
S3150800D7001DF043FC9BF873305E0603D50020834961
S3150800D7101DF03BFC9BF97330002BBFF664AF8049C4
S3150800D72096E700207F491DF030FC9BF86C309D077A
S3150800D73005D00020DBF844207B491DF026FC9BF928
S3150800D7406C30002B05DA0020DBF8782077491DF0CD
S3150800D7501CFC00250126764FDFF8E091DBF86C20EB
S3150800D76006FA05F3134207D057F8252013781BB19C
S3150800D770494600201DF009FC0135082DEED132E797
S3150800D7806C4900201DF001FC0020DBF844206649A6
S3150800D7901DF0FBFB9BF86D30580703D50020664942
S3150800D7A01DF0F3FB9BF96D30002B05DA0020DBF842
S3150800D7B078205E491DF0E9FB08255D4E5F4FDBF8D2
S3150800D7C06C30EB40D90707D556F8252013781BB1DE
S3150800D7D0394600201DF0D9FB0135102DEFD19BF8F5
S3150800D7E06C0000287FF4FFAE554932E75549002002
S3150800D7F01DF0CBFB0020DBF844204B491DF0C5FB90
S3150800D80010254B4E4D4FDBF86C30EB40DA0707D549
S3150800D81056F8252013781BB1394600201DF0B5FBB4
S3150800D82001351A2DEFD1DEE6474916E75A4649462D
S3150800D830002056F8043B1DF0A8FB9BF800205B4629
S3150800D8400BF1010B002AF8D15B7873B105F00303DD
S3150800D850032B0CBF3946514600201DF096FB0135B7
S3150800D8609BF80030002BE1D1D9E43946F4E7DC23F4
S3150800D8700381364BC0F80A3003886FEA43436FEAE0
S3150800D880534303800023C0F80E30E2E4F9F704FAA4
S3150800D890A02385F88C3487E51022FF21304628F02E
S3150800D8A021FB1A2328462A4A14A90CF0DBFD94F812
S3150800D8B08C31013384F88C31B8E52822254814A91F
S3150800D8C003F0BEFB0BAA17460DF155030DF1650CC7
S3150800D8D0154618685968083303C563452A46F7D1BB
S3150800D8E0052339460FA88DF83C3004F011FA054691
S3150800D8F090B394F88831013384F88831002E7FF488
S3150800D900B2AD94F88D319BB32822124814A920F0A1
S3150800D91077FE2DE0D78B0308F08B03082B8C0308C2
S3150800D9205F8C03089C8C0308A08B0308C28C030831
S3150800D93070950308E98C0308018D0308E08C030839
S3150800D940488D0308798D0308938D0308A8210020C4
S3150800D95024E1010002E5010094F88D310133DBB2C0
S3150800D96084F88D31002E7FF47EAD002B7FF4A1ADB7
S3150800D97000250FA8CDE9095502F034FA04238DF8DD
S3150800D9803C309DF849300DF1500843F001038DF8FD
S3150800D99049300BAE16AF5FFA85F90FA88DF83D90A2
S3150800D9A004F0E8FCE8B14146484603F0A5FB97E8D1
S3150800D9B00F0086E80F0098E8030010AB83E8030021
S3150800D9C00822184609A929F04AF850B131460FA885
S3150800D9D004F09EF9002871D094F88731013384F851
S3150800D9E087310135142DD6D10FA802F0FBF907238C
S3150800D9F00DF172068DF83C30059B0FA88DF83D3069
S3150800DA0004F0B8FC00B3059B342203F5813707F50B
S3150800DA10C077384614A903F013FB0BAA94460DF1F8
S3150800DA206203154618685968083303C5B3422A467F
S3150800DA30F7D161460FA804F06BF900284DD094F889
S3150800DA408931013384F88931059B0133052B059308
S3150800DA50D2D1002414A802F0C5F92146284A059B0C
S3150800DA60501F12F8015B013B294410F8015B13F0C3
S3150800DA70FF032C4489B2A4B2F3D151EA04033CD083
S3150800DA80204806F015F821461F4827B0BDE8F04F94
S3150800DA9006F00EB894F88D310133DBB284F88D3177
S3150800DAA0002B3FF465AF2DB91022FF210DF155006B
S3150800DAB028F018FA1022FF213046FEE41022FF2132
S3150800DAC0384628F00FFA4146484602F0C7F994F856
S3150800DAD08C31013384F88C3183E71022FF2114A896
S3150800DAE028F000FA3422384614A920F089FD94F863
S3150800DAF08E31013384F88E31A6E727B0BDE8F08F62
S3150800DB008B220020EE8D0308158E0308474AF8B5C8
S3150800DB10156F15F004032BD04549464E0B670823AD
S3150800DB208B62926D444C12F0010F13D1D6F88424FF
S3150800DB30B2F57A7F0ED9414F3A6C12070AD5404A98
S3150800DB4013642AF0F5FB7B6D23B1C4F890310123E9
S3150800DB5084F8943196F8403513B1012386F8413597
S3150800DB60FEF70CF90123042284F89531344B1A6424
S3150800DB7015F001062CD001222D4B2F4C1A6794F86C
S3150800DB8094311BB329F000FAD4F89031C01AC4F8BE
S3150800DB909801D4F898310BB1D4F898614FF41670FF
S3150800DBA02449C4F89861D4F89831D1F88434D4F863
S3150800DBB098214343234803F5742303F23F23B3FB19
S3150800DBC0F0F3934210D2002384F89431FEF7D6F886
S3150800DBD015F000521CBF164B1A67002DBEBF4FF03A
S3150800DBE00042134B1A67F8BD94F89C31D4F8980193
S3150800DBF001EB8306D6F8AC250133101AD1F8A8250F
S3150800DC00DBB2121AD4F89801C1F8A825C6F8AC05F3
S3150800DC100A200932B2FBF0F2C1F84825B3FBF0F24C
S3150800DC2000FB123384F89C31CDE700BF0040005A50
S3150800DC300060005A081000200021002000C00A5089
S3150800DC4000E00A5040420F00704770470E4B0340F1
S3150800DC50B3F1607F06D1B1F5885F14BF6FF0860017
S3150800DC6000207047B3F1707F0BD101F4E043B3F5A0
S3150800DC70005F06D111F4E06F0CBF6FF0860000203C
S3150800DC8070476FF0860070470000C07F9142F8B574
S3150800DC9006460C4600F01D8121F0FF00B249884275
S3150800DCA00CD122F0FF0383423CD114F0FF0334D099
S3150800DCB0AE4943F000738B422FD10AE1AC4DA8421E
S3150800DCC016D0AC4B98420DD024F4FF7323F0010311
S3150800DCD0B3F1062F06D0A84FB84203D0A7F5A06720
S3150800DCE0BB4267D122F0FF038B422DD10022F0E020
S3150800DCF022F0FF038B42F9D0834227D184EA02033C
S3150800DD00FF2BF3D89A4B984200F0FE809949884237
S3150800DD1040F04C8114F0FF010FD112F0FF0340F0E0
S3150800DD20E1801EE192498B4210D184EA0201FF2963
S3150800DD30DCD814F0FF0100F0DC808C4841F000715B
S3150800DD40814240F0EA80C4E0AB42D6E7894DAB4257
S3150800DD5000F09B8022F4FF7121F00101B1F1062F3A
S3150800DD6006D0854FBB424AD005F50075A94221D198
S3150800DD7084EA0201FF29B9D87B4D24F4875121F0A2
S3150800DD801F01A94240F00E8114F0FF01D5D179494F
S3150800DD908B4200F0DD8022F4FF7121F00101B1F120
S3150800DDA0062F00F0D5807448834200F0D180734B6B
S3150800DDB09942B2D004F0FE45B5F1A06F2AD102F01F
S3150800DDC0FE43B3F1A06F91D184EA020333F47E13C4
S3150800DDD08CD12504C4F30543C2F3054002F400417F
S3150800DDE040F1F280002900F0EB80834238BF0346F9
S3150800DDF024F47E1242EA034242F4004269E084EACD
S3150800DE000201FF2940F2998004F0FE45B5F1A06FA2
S3150800DE103FF46CAFB5F1407F7FF468AF02F0FE4384
S3150800DE20B3F1407F7FF462AF84EA020333F47E15D0
S3150800DE307FF45CAF31462046FFF708FF00287FF4E1
S3150800DE4055AF14F47C1300F0C780C4F3054312F4ED
S3150800DE507C1504F4004C02F4004700F00C81C2F370
S3150800DE600540BCF1000F00F04F810546002F00F079
S3150800DE7047819D4238BF1D462D0405F47C1524F4C0
S3150800DE807E142C4344F4004223E084EA0201FF296D
S3150800DE90BAD8354988421ED001F5805188420FD03C
S3150800DEA0984240F0838014F0FF017FF446AF314971
S3150800DEB08B424DD112F0FF0314D104F0FE45A9E7B9
S3150800DEC014F0FF033FF429AF284943F000738B424F
S3150800DED004D11046F8BD14F0FF03F5D112F0FF0384
S3150800DEE03FF404AF214943F000738B427FF462AFDD
S3150800DEF008E012F0FF02ECD01C4B42F000729A4286
S3150800DF007FF4F4AE2246E4E714F0FF030AD017497B
S3150800DF1043F000738B42DCD0034615498B427FF4ED
S3150800DF2036AF15E012F0FF02D3D0104B42F0007165
S3150800DF3099420CBF22460022CBE70B4988421FD1E3
S3150800DF4014F0FF0304D0094943F000738B42C0D094
S3150800DF5012F0FF03C6D104F0FE45B5F1A06F7FF4B9
S3150800DF6059AF1A46B5E700BF00030006FF000002D6
S3150800DF700013000600020006000900060004000659
S3150800DF8063498842DCD0A8428DD0624D24F47F7163
S3150800DF9021F00301A94201D09842BED114F0FF0135
S3150800DFA0BBD0CAE65C4988423FF4EEAE594D24F42C
S3150800DFB07F7121F00301A942F0D058498842ECE765
S3150800DFC0834288BF002284E700293FF48FAE83424C
S3150800DFD02CBF224600227CE751492140B1F1607FDF
S3150800DFE038D15048E1B241F00071814241D001F187
S3150800DFF07E4104390F293FF62AAF01A050F821F0D7
S3150800E00045E0000845E000084FDE000873E0000818
S3150800E01041E0000849E000084DE0000851E000082A
S3150800E02041E0000849E000084FDE00084FDE00081E
S3150800E03041E0000849E000084DE0000851E000080A
S3150800E0401C2304E7142302E7202300E73023FEE617
S3150800E0504023FCE6B1F1707F7FF4F9AE06F4E041A7
S3150800E060B1F5005F7FF4F3AE0123C6F302218B40BE
S3150800E070EDE61023EBE62A491140B1F1607F1ED187
S3150800E0802848D1B241F00071814237D001F17E4172
S3150800E09004390F2916D8DFE801F00A0A1531080CE9
S3150800E0A00E10080C1515080C0E101C20D9E61420A5
S3150800E0B0D7E62020D5E63020D3E64020D1E6B1F1D8
S3150800E0C0707F11D03846BCF1000F7FF4CFAE002F19
S3150800E0D07FF418AF83427FF409AE1B0403F47C1364
S3150800E0E024F47E121A43F4E606F4E041B1F5005F23
S3150800E0F0E8D10120C6F30226B040B2E61020B0E609
S3150800E100AB4288BF0022E4E6002FE3D05FE700BFFA
S3150800E11000130006000400060002000600090006B7
S3150800E1200000C07F030000028A421AD001F0FE43B5
S3150800E130B3F1A06F17D102F0FE43B3F1A06F12D16D
S3150800E14082EA010333F47E130DD111F400400BD09B
S3150800E150C1F30541C2F3054291428CBF002001205C
S3150800E16070470120704700207047037E022B06D1B6
S3150800E170C3695A1C03D00133C361002070476FF08E
S3150800E180960070479A4238BF88547047704710B156
S3150800E190D1E90031184770472DE9F84F9846DDE96F
S3150800E1A00B490D9B15469A0706460F4623D02A4665
S3150800E1B00A9B03EB040A1444A24220D10D9B9B0739
S3150800E1C005D5A2EB050AD14505EB0A0420D8204659
S3150800E1D0BDE8F88F434639462020B0470AF1010AC0
S3150800E1E0CA450AEB0B02F5D3A9EB04024C4588BFD6
S3150800E1F000222A44DCE7A246A5EB040BF0E702F16D
S3150800E200010B434639461AF8010DB0475A46D3E77B
S3150800E2104346224639462020B0470AF1010AD2E78A
S3150800E2202DE9F0479E46DDE90D3CDDE90874DDE998
S3150800E2300B651CF0020F9DF828801FD10CF0010910
S3150800E2404BB1B9F1000F06D0B8F1000F02D11CF09E
S3150800E2500C0F00D0013B4FF0300A02E007F804A08B
S3150800E2600134A54201D9202CF8D1B9F1000F05D007
S3150800E2704FF03009A34201D9202C1BD11CF0100FF6
S3150800E28015D01CF4806F32D1C4B1AC4201D09C4287
S3150800E2902DD1651E12D0102E36D11CF0200FA4F1F8
S3150800E2A0020456D178263E5530266C1C7E55202C05
S3150800E2B036D00DE007F804900134DBE7102E10D1B4
S3150800E2C01CF0200F26D178243C7030247C70022460
S3150800E2D0B8F1000F31D02D253D55013421E06224D7
S3150800E2E0F2E7022EFBD030243C700124F0E7102E12
S3150800E2F012D11CF0200F2AD1202C11D07826651CAB
S3150800E3003E55202D0CD0CFE7022ECDD162247C5568
S3150800E3100135F6E75824D7E7022E0CD1202C08D170
S3150800E3202024CDE90A3CCDE908747346BDE8F047D8
S3150800E33032E72546EAE72546E3E71CF0040F01D055
S3150800E3402B25C9E71CF0080FEBD02025C4E7202CA5
S3150800E350E6D05826651CD3E707B5094B1B78312B41
S3150800E3600AD14423ADF802008DF804106846052149
S3150800E370ADF800301EF0AEFE03B05DF804FB00BF3A
S3150800E3801C45002010B50D4C204606F057FCA01C75
S3150800E39006F054FC0A4806F051FC0A4806F04EFC02
S3150800E3A0094806F04BFC094806F048FC084806F000
S3150800E3B045FCBDE81040074806F040BC483400203C
S3150800E3C0A0140020A6140020A41400209A140020EB
S3150800E3D09C140020B014002037B5427B0446D007B1
S3150800E3E00D4605D5607810F0ACFFC8B103B030BD56
S3150800E3F0930731D5C2F3800310074FEA8313ADF8AC
S3150800E40006300DF1060248BF43F4806304F10400A8
S3150800E41048BFADF8063010F0BFFF08B92D20E5E774
S3150800E42008222946201D27F065FD2B7C0020237332
S3150800E430AB89590642BF627B42F0040262735A05F1
S3150800E44042BF627B42F0080262731B0742BF637BCE
S3150800E45043F002036373C9E70120C7E7014610B119
S3150800E4600020FCF7ECB9704773B50D46910730D418
S3150800E47083072ED1034622F0030281188B4217D157
S3150800E4804FF48031174BAC18996641F6713103F594
S3150800E4901C33D963012103F50053D960461BA542F5
S3150800E4A005EB060009D102B0BDE87040FBF7ECBAEF
S3150800E4B01C6801340DD10433E0E7042255F8043B07
S3150800E4C00DEB020101932AF08BF90028E7D0FBF740
S3150800E4D0DBFA4FF49C71044802B0BDE8704028F09E
S3150800E4E0C5BB00BF00900050899A0308B0F1006FC1
S3150800E4F00FD300F07843B3F1006F0CD000F0604002
S3150800E500B0F1404F09D0B0F1604F14BF042003208A
S3150800E510704700207047012070470220704710B5E9
S3150800E520044628F02BFB0C4BA0F57A729A4212D8B7
S3150800E5304FF47A73B0FBF3F05C43084BB3FBF0F38C
S3150800E540B4FBF3F0022806D9BDE810400323B0FB5C
S3150800E550F3F0F7F7BDBE10BDFFC99A3B40420F0066
S3150800E56030B52A3885B0062800F2A380DFE800F027
S3150800E5700419496A757B840000244F4D8DF80040C4
S3150800E5806B78E0B2834207D813F0C8F9002005F08B
S3150800E590BEFE012005B030BD694612F08FFC01347D
S3150800E5A0EEE705F07BFE054605F078FE8DF80000DF
S3150800E5B005F074FE8DF8010005F09FFEADF8020027
S3150800E5C005F06CFE0DF105018DF80400082005F034
S3150800E5D06DFE05F063FE8DF80D00284606F079FEFF
S3150800E5E058B98DF80D006946284613F0D5FC04463F
S3150800E5F028B9284606F092FE01E040F60444204673
S3150800E600C5E705F04BFE694612F0C0FC05F07FFE33
S3150800E6109DF8000005F058FE9DF8010005F054FE2F
S3150800E620BDF8020005F060FE9DF8040005F04CFEFA
S3150800E63008200DF1050105F0A4FE9DF80D0005F072
S3150800E64043FEA6E705F02AFE054606F042FE002828
S3150800E650D3D1284613F0F8F8C9E705F01FFE0221C2
S3150800E66011F03EFFEBE705F019FE144B03EB4003F0
S3150800E670988805F039FE8CE705F010FE044605F08B
S3150800E6803CFE0D4B05465B78A34282D90B4B03EB48
S3150800E69044039A884FF6FD739A423FF67AAF694665
S3150800E6A0204612F073FC29460DF1050012F024FCF1
S3150800E6B06FE700206EE700BF1C45002048340020A5
S3150800E6C02DE9F04700246A28034625468CB050D821
S3150800E6D032280FD820460CB0BDE8F0876FF49B723D
S3150800E6E01344032B00F28381DFE813F09B01B50185
S3150800E6F0D101F001A0F13303372B00F23D83DFE8A7
S3150800E70013F09E00A4003B03CB003B03FE00100160
S3150800E7103B033B033B033B033B033B033B034C01EC
S3150800E72056013B033B033B033B033B033B033B03D2
S3150800E7303B033B033B033B033B033B03F601DA0284
S3150800E7403B033B033B033B033B033B033B033B03CB
S3150800E750F1012A0230023B033F023B038E029D026F
S3150800E7603B03A502BA023B03F1003B033B033B0311
S3150800E770FC0240F21B12904200F0E282B0F58E7F56
S3150800E78044D2EF2800F0BB8223D8822800F01682F4
S3150800E7900CD87E2800F005827F289BD1082009A97D
S3150800E7A005F084FD09A813F0C3F9EDE0AE2891D170
S3150800E7B005F0A3FD05F072FDBF4A2146936C03449C
S3150800E7C02046936429F04CF800280CBF1920002035
S3150800E7D0DAE0F42800F08B82FE2800F06482F32841
S3150800E7E07FF478AFB44BB3F9CC20B44B93F93E50D1
S3150800E7F0B3F84040002A00F09F82B5EB222F40F381
S3150800E8009B8244F04004A3F840408DE2B0F59D7F1A
S3150800E8103FF660AFB0F59B7FBFF460AF40F21D12C4
S3150800E820904200F0958240F2211290427FF452AF56
S3150800E830A14B93F8CE00003818BF012001E011F073
S3150800E8400BF805F041FD012444E705F027FD0546D0
S3150800E85005F053FD09AF0646384605F046FE05F0B5
S3150800E8604CFD044605F01AFD03469349E4B28A6C4A
S3150800E8701018886407A9CDE9032102934FF6FF72A1
S3150800E880002331462846CDE9007405F0E6FB05F07D
S3150800E8903EFD9DF81C00D4E705F02FFD804605F0E7
S3150800E8A02CFD074605F0FAFC0DF1240A8146504670
S3150800E8B005F01BFE05F0F2FC064605F01EFD0446B3
S3150800E8C005F0ECFC7C4AE4B2936C1918916407AA2B
S3150800E8D0CDE9033202904B46424639463046CDE9E9
S3150800E8E000A4D2E7082009A905F0E0FC734A09ABA1
S3150800E8F003CBC2F80200C2F80610002044E00DF16E
S3150800E900240A504605F0F1FD05F0C8FC064605F058
S3150800E910F4FC074605F0F1FC804605F0BFFC81468D
S3150800E920CBE705F0EAFC044609A805F0DEFD05F08C
S3150800E930B5FC614D0246AE6C3318AB645F4B9B7AEF
S3150800E940202B05D1BDF92A30002B01DB02201BE064
S3150800E95009AB03CBC5F84E001868BDF82A30A5F8F0
S3150800E9604C40574C5B066160A060EFD57AB1114602
S3150800E97030461BF041FA014668B1BDF8260010F092
S3150800E98082FF052385F85A3005F0C1FC5BE710467F
S3150800E9901BF044FAEFE71920F3E705F0AEFC04464E
S3150800E9A005F07CFC014620460EF086FDECE705F0F6
S3150800E9B0A4FC044605F072FC054605F06FFC270426
S3150800E9C0C4D4032DC2D83C4B3E4E93F85B30214647
S3150800E9D003EB430306EB83029571D07156F82300C7
S3150800E9E094802A4607F0CEFC10F0F8FACCE705F03A
S3150800E9F084FC29F0E5FBFF2804462AD029F038FCD8
S3150800EA00C607034625D59D0700F0020021D42A4BE8
S3150800EA1003EB4403B3F85C2042F01002A3F85C2031
S3150800EA20B2E705F06AFC29F0CBFBFF28044610D0B4
S3150800EA3029F01EFC0346D8070BD5990703F00200F8
S3150800EA4007D41D4B03EB4403B3F85C2022F01002F5
S3150800EA50E4E7172098E705F050FC09A904460820C2
S3150800EA6005F024FC05F01AFC09A90546204616F00F
S3150800EA70E7FA03230020CDE90030134B22465B5DFD
S3150800EA8009A917F019FF201A18BF01207CE709A960
S3150800EA90082005F00BFC09A829F018FC04464FF6D7
S3150800EAA0FF7109A80CF026FCFF2C03D0204616F0AF
S3150800EAB0DBFE22E7012067E7483400201C450020DA
S3150800EAC09634002028450020489C030805F015FCCC
S3150800EAD0044609A9082005F0E9FB204609A916F00D
S3150800EAE0AFFAB0E605F0DAFB17F05EFE4CE705F084
S3150800EAF004FC09A90646082005F0D8FB05F0FDFB2D
S3150800EB0005460BF02DFF20BB9C4BD3F8A04014F014
S3150800EB1002041ED14FF6F77296421AD893F8A4301B
S3150800EB205BB101232A463046009409A91BF092F9E5
S3150800EB30002808BF1924204626E70BF011FF854256
S3150800EB400BBF06220B223046284609A916F0E8FC18
S3150800EB50EEE70224EFE705F0A1FB012111F0C0FC66
S3150800EB606FE605F09BFB09A90446082005F09EFB05
S3150800EB7005F0C3FB09A90246204613F055FA03E738
S3150800EB8005F08CFB09AA07A912F002FF05F0BFFBE6
S3150800EB90BDF81C0005F0A8FB082009A905F0F1FB43
S3150800EBA051E609A9082005F081FB05F077FB011E4F
S3150800EBB018BF012109A813F099FAE5E605F06EFBDE
S3150800EBC009A90546082005F071FB05F096FB0746DE
S3150800EBD005F064FB07AA0DF11A010646284612F04D
S3150800EBE0D7FE07A812F0A4FFB0FA80F43A462846E2
S3150800EBF009A9640913F018FA28B9311E18BF0121AA
S3150800EC0009A813F073FA05F082FB082007A905F096
S3150800EC10B8FBBDF81A0005F067FB204611E6082088
S3150800EC2009A905F043FB07A909A80CF037F905F06F
S3150800EC306EFBBDF81C0005F057FB04E605F05DFB0E
S3150800EC4009A90CF0ADFC05F062FBA5E705F026FB6B
S3150800EC504B4B93F83C30834281BF4A4B00B233F8A2
S3150800EC60205003EB800292BF02200020947805F022
S3150800EC704EFB2846CFE705F011FB044605F03DFBA1
S3150800EC80054605F00BFB3E4B93F83C30A3427FF656
S3150800EC905DAE3C4A24B202EB840322F824509870F5
S3150800ECA00020D87070E605F0F9FA003818BF012080
S3150800ECB00DF01AF93FE705F0F1FA304B04469F6C60
S3150800ECC03A189A6405F0EAFA054605F0E7FA214685
S3150800ECD0064638461BF090F838B1321E18BF012296
S3150800ECE02946294B1BF038FD4EE619204CE605F05F
S3150800ECF026FB224BC3F8C800A5E50320A1E5204E54
S3150800ED009DF9245096F93E30AB4209D0012320469E
S3150800ED101E4A07A986F83E508DF81C500BF0A2FB38
S3150800ED20BDF82640A6F84040002005F0F0FAE8B203
S3150800ED3005F0CAFA20467EE724F04004A4B262E54C
S3150800ED40134807F099FA2146114828F0F3FDD4E54F
S3150800ED5005F0A4FA044605F0A1FA084B93F8CF206B
S3150800ED60120706D000283FF4F1AD20460DF0BCFD91
S3150800ED70C3E583F8D040C0E50024ABE4483400205E
S3150800ED801C450020EE340020619A010829E10100A3
S3150800ED90C01E0020044BB3F8D2201AB13C20034908
S3150800EDA005F0CABD704700BF48340020689D0308B7
S3150800EDB0014610B5074806F080F918B1A1210648A2
S3150800EDC027F054FF054CB4F8D20028F0EFFCC4F83D
S3150800EDD0D40010BD1A350020049B030848340020CF
S3150800EDE00D4A92F8D830013B022B11D892F8CF3051
S3150800EDF0112B07D9432B0DD0053B18BF4FF0FF3316
S3150800EE00D8B270470548184110F00100F4D1704790
S3150800EE10FF2070470020FAE748340020EBFFFDFF8B
S3150800EE20074B10B54C0022460146186827F091F8A2
S3150800EE3040F61243844214BF1846002010BD00BF96
S3150800EE40441D00202DE9F04F4FF00009B3B0D32838
S3150800EE50CA464C464E464D46C8464F46CB46CDF862
S3150800EE601C90CDF8209000F2EE80C92806D84C28D0
S3150800EE7000F28280032830D84A46B2E1CA38092807
S3150800EE8000F2DF80DFE810F0A701DD00DD00DD001D
S3150800EE90DD00DD0036054205DD00E501B9380A2842
S3150800EEA000F2CF80DFE810F09406CD00CD00CD004B
S3150800EEB0CD00CD00CD00CD00C904C704C4049538E3
S3150800EEC0072800F2BE80DFE810F08405BC00BC000D
S3150800EED0BC0076057C05BC000D030438482800F202
S3150800EEE0B080DFE810F02B06AE00AE00AE006C0670
S3150800EEF0AE00AE00AE00AE00AE00AE00AE008105BC
S3150800EF00D905AE00AE00AE00710182019601A001DE
S3150800EF10AE00A801AE00AE00C101C8012602DE029D
S3150800EF20E602FA02AE00AE00AE00AE00AE00510335
S3150800EF309703AE00AE00AE00AE00AE00AE00AE0067
S3150800EF40AE00AE00AE00AE00FA05AE002106AE0079
S3150800EF50AE00AE003F027106AE00C304AE00000666
S3150800EF60AE00AE00AE00AE00AE00AE00AE00AE0023
S3150800EF70AE002604070616069C2857D894289ED85D
S3150800EF807A2800F0C7847B2800F0DC8479287FF48F
S3150800EF9073AF05F083F9DE4B93F80423824240F2FF
S3150800EFA0628493F8D830033B012B40F25C84D94B3A
S3150800EFB000B200EBC00003EB400433F810302046E3
S3150800EFC0ADF8403063881B0A8DF842300CF006FA1B
S3150800EFD08DF843000020237903F007021B098DF8FA
S3150800EFE04530D4F806308DF84420CDF84630D4F8AC
S3150800EFF00A30CDF84A3005F08AF9BDF8400005F028
S3150800F00073F99DF8420005F05FF99DF8430005F095
S3150800F0105BF99DF8440005F057F99DF8450005F0A1
S3150800F02053F90DF14601082000F07ABDC32808D827
S3150800F030B8283FF633AFAC2800F09C83AD2800F023
S3150800F04038840022CDE0F73881B25A293FF614AF4A
S3150800F0505A28F6D801A252F820F000BFC9FA0008CB
S3150800F060AFFA0008BFFA0008BBFA0008B7FA0008AA
S3150800F07043F00008D9F5000843F00008CDF9000868
S3150800F08043F0000843F0000843F0000843F0000886
S3150800F09043F0000843F00008FFF7000827F80008C7
S3150800F0A043F0000843F0000843F0000843F0000866
S3150800F0B043F0000843F0000843F0000843F0000856
S3150800F0C043F0000843F0000843F0000843F0000846
S3150800F0D043F0000843F0000843F0000843F0000836
S3150800F0E043F00008DDFB0008A9FC000843F000080F
S3150800F0F043F0000843F0000843F00008EDFC000860
S3150800F10043F0000843F0000803FD000821FD00084D
S3150800F1102BFD00083FFD000843F00008F7FC000837
S3150800F12043F0000843F0000843F0000843F00008E5
S3150800F13043F0000843F0000843F0000843F00008D5
S3150800F14043F0000843F0000843F0000843F00008C5
S3150800F15009F8000813F8000843F0000843F000080F
S3150800F16043F0000843F0000843F00008E1FA0008FD
S3150800F1703DF60008E1FA000845F6000881F60008A1
S3150800F180D9F6000805F7000811F7000819F700086E
S3150800F190E1F10008C3F60008C9F6000843F00008C4
S3150800F1A043F0000843F0000843F0000843F0000865
S3150800F1B043F0000843F00008E1FA000871FA000875
S3150800F1C079FA000883FA000805F097F8524BA3F875
S3150800F1D04200002024E0504BB3F8420005F084F8C2
S3150800F1E00122104633B0BDE8F08F05F086F84A4B89
S3150800F1F00446A3F844000CF0E4FE04F0100400F002
S3150800F2000403A342E5D020EA0300414B83F8060233
S3150800F210DFE705F072F8ADF8400010A80DF0B8F970
S3150800F22005F075F8DCE73A4B93F8CF0000F00F00CD
S3150800F23005F04AF8D4E705F031F8044605F07FF8FA
S3150800F240054605F02BF82946024620460CF0EEFE48
S3150800F250E6E705F074F8044605F020F800220146B2
S3150800F26020460BF0B3FDDBE716F02EFD0C22284BEB
S3150800F27083F80722ADE7264D10A805F01AF995F888
S3150800F280CF30002B40F0FF844FF6FF73BDF84820BF
S3150800F2909A4200F0F88429F009F8002840F0F3842F
S3150800F2A0D5F8A00010F0020007D00BF059FB4FF676
S3150800F2B0FE73984201D10FF0F7FE10A90CF0ECFC92
S3150800F2C0044610BBD5F8A03098074CBF0220012091
S3150800F2D00CF0B9FC0021012011F03EF90446A0B952
S3150800F2E016F0E8FB2246082110A80BF0DDF9B8B99C
S3150800F2F095F8D03010A88DF85030084B1593002398
S3150800F300ADF84E300DF038FA0446204688E700BFBF
S3150800F310483400204E3700201C45002000F8FF071F
S3150800F320042110A8FFF77CFD0028E1D040F612441E
S3150800F330EBE704F0B3FF044610A805F0BAF801227B
S3150800F340C64B83F846209DF84C3043B10BF008FBBA
S3150800F3500146224610AB01200DF046FA60E74FF64B
S3150800F360FE71F6E704F09AFF1622002181460AA8E4
S3150800F37026F0B8FD04F092FF80468DF82C0004F0C4
S3150800F3808DFF8DF82D0004F089FF8DF82E0004F00E
S3150800F39085FF8DF82F0004F081FF8DF8300004F00A
S3150800F3A07DFF8DF8310004F079FF8DF8320004F006
S3150800F3B075FF003818BF01209DF835300AAD60F397
S3150800F3C000038DF8353004F069FF003818BF0120B6
S3150800F3D09DF8353060F341038DF8353004F05EFF53
S3150800F3E0003818BF01209DF8353060F382038DF888
S3150800F3F0353004F082FF0746ADF8280004F07DFF9B
S3150800F4000DF13601ADF82A00082004F04FFF04F08C
S3150800F41045FF824604F042FF0446914B0EAA2E464B
S3150800F42003CE964218605960354603F10803F6D1B3
S3150800F43030681860B2889A80DDF83600DDF83A1030
S3150800F44010AB03C300234A468DF84C304FF6FE71C5
S3150800F450012010ABADF848708DF84AA08DF84B80A6
S3150800F4600CF052FC00287FF4DBAE10A80CF068FB09
S3150800F4709DF834301BB17B4B93F8202262B90AA859
S3150800F4800DF080FB00287FF4CBAE003C18BF0124AA
S3150800F490744B83F83C42C3E673490AA80DF0CEFBC9
S3150800F4A0F0E704F0FBFEFF224FF6FF710EF05EFA5E
S3150800F4B0B6E604F0F3FE044604F041FF054604F000
S3150800F4C0EDFE064604F0EAFE0346201E32462946AD
S3150800F4D018BF01200CF04AFEA2E604F0DFFE0CF08D
S3150800F4E07BFB9DE604F009FF064604F028FF044668
S3150800F4F004F0D4FE054604F000FFB4F1006F2CBFFB
S3150800F500392238224FF00003ADF842204FF480022A
S3150800F5102CBF4FF001099946FF2D4FEA1447804644
S3150800F520ADF840301192ADF84830A4B20FD10DF0C5
S3150800F530BDF8B9F1000F19D14C4ACDE902082346A6
S3150800F5403046CDE9007510A915F034F968E6FE2DA8
S3150800F5500AD10DF0ABF80130C0B20DF0C5F9B9F11A
S3150800F560000F0FD0424A02E0C0B2F8E7414ACDE99F
S3150800F570030801233046CDE90175009410A915F05A
S3150800F58019F94DE63C4AD8E710A90AA80CF04AFF33
S3150800F59004F0BDFE9DF8280004F096FE10A9082088
S3150800F5A004F0EFFEBDF8480004F09EFE9DF84A0000
S3150800F5B004F08AFE9DF84B0004F086FE9DF84C0088
S3150800F5C004F082FEBDF84E0004F08EFE9DF8500051
S3150800F5D004F07AFE159823E604F060FE214A92F8B4
S3150800F5E0CF2002F00F01022902D0033A022A0FD8CF
S3150800F5F00020224A92F858A092F95A6004F087FE31
S3150800F600F0B204F061FE002004F05EFE50460FE6FC
S3150800F6101720F3E7194A10ABD2F86A00D2F86E1031
S3150800F620B2F8684003C30F4B93F83D0204F04CFE52
S3150800F630082010A904F0A5FE2046CFE5074B93F84D
S3150800F6404700F5E50D4BB3F8680029F075F8054B4A
S3150800F65003EB8003D3F84002E2E500BF1C45002017
S3150800F6605036002048340020E1BF01086F9B03088C
S3150800F67090A103086E9B030891A10308101C0020A3
S3150800F68004F05DFE0A230546A74A012010A90AF0E0
S3150800F690E9FE4FF6FF73BDF848609E420FD0082278
S3150800F6A0FF2110A80BF000F848B9304610A90BF056
S3150800F6B047FE9E4B03EB8003C3F8405289E50120C1
S3150800F6C0AEE50BF0EDF889E50BF0EAF810F0070F58
S3150800F6D00CBF01200020ABE50A23934A012010A99C
S3150800F6E00AF0C0FE4FF6FF73BDF848209A4200F0B4
S3150800F6F0F7810822FF2110A80AF0D6FF80F0010042
S3150800F700C0B295E50BF0CCF8B0FA80F040098FE569
S3150800F710864B93F8CE00F7E71BF015FB20B94FF49C
S3150800F720D671834827F0A2FA05F008FC0028FBD119
S3150800F73056E504F0B3FD10A915F010FB04F0E7FD3B
S3150800F74010A9082004F01DFE9DF8480004F0BCFD31
S3150800F750BDF84A0004F0C8FD9DF84C0004F0B4FD5D
S3150800F7609DF84D0004F0B0FD9DF84E0004F0ACFD88
S3150800F770149855E504F092FD0DF1400841460646F9
S3150800F780082004F093FD04F089FD04468DF848002E
S3150800F79004F0B3FD0546ADF84A0004F07FFD8DF888
S3150800F7A04C0004F07BFD8DF84D0004F077FD8DF8D4
S3150800F7B04E0004F0C4FD5F4A149092F84720B24206
S3150800F7C01BD998E803000AAF022C87E80300ADF8B6
S3150800F7D0305010D0E11E4C464A424A41D2002243DC
S3150800F7E006F582308DF8322039460B2200F5C070B6
S3150800F7F01EF006FFEDE44A46F1E7272010E504F07F
S3150800F8004DFD15F04DF9E9E404F048FD16F0D8FE73
S3150800F81076E704F043FD044604F040FD41B2204675
S3150800F82016F0E6FEDCE404F068FD28F0C9FCFFE407
S3150800F830414B1878FCE4414BFBE704F02FFDFF2809
S3150800F8401FBF3F4B00B203EB800233F820B01BBF4B
S3150800F850937800202D20089304F059FD584604F0AB
S3150800F86043FD0898E4E40120FFF7C5BB082010A96A
S3150800F87004F01CFD10A80BF0F3FAFF2813D110A80A
S3150800F88028F024FDFF2812D02A4B93F84820274B4E
S3150800F890024403EB82030020D3F84032099304F0B4
S3150800F8A036FD0998BCE4214B03EB8003F3E72D20D2
S3150800F8B0F5E710A9082004F0F9FC04F040FD044619
S3150800F8C010A80BF0CDFAFF280ED110A828F0FEFCE0
S3150800F8D0FF280DD0174B93F84820144B024403EB2E
S3150800F8E08203C3F8404274E4104B03EB8003F8E745
S3150800F8F02D2095E404F0D2FC072800F20E82C207F8
S3150800F90040F10B820B4B83F8490062E4094B93F8EC
S3150800F91049008DE4054991F8D820033A012A40F2B6
S3150800F920DF8091F8040383E426E1010048340020CF
S3150800F930759B03081C4500209F440020AA1F002031
S3150800F940AC1F002004F0AAFCD04B93F84A3083423F
S3150800F9502DD9CF4B93F8D8100339012927D903F5A8
S3150800F960876300B203EBC0018A7912BB33F8308093
S3150800F97000200C794F8804F00303A509C4F3011984
S3150800F98007936D01C4F3810404F0C1FC404604F0FA
S3150800F990ABFC384604F0A8FC079804F095FC28460A
S3150800F9A004F092FC484604F08FFC204640E401200F
S3150800F9B0EAE72D20E8E704F071FC40B20AF0FEFE03
S3150800F9C02EE404F06BFC0CF0ABFA29E40AF014FF01
S3150800F9D02EE404F063FCAF4B0146186826F062FB80
S3150800F9E0003818BF01201BE404F058FC074604F051
S3150800F9F084FC064604F081FC054604F07EFC0446B9
S3150800FA0004F04CFC814604F049FC804604F046FCB0
S3150800FA109F4B0246B3F8C214B3F8C004884250D8C4
S3150800FA2006F1080189B2012903D94FF6FF718E4202
S3150800FA3047D183F8C8240022AD00A400A3F8C46403
S3150800FA40A3F8C054A3F8C24483F8C69483F8C784BD
S3150800FA50914B1A704FF6FD72904B1A801FB116F033
S3150800FA6093FEFFF7B6BB384616F09EFEFFF7B1BB0E
S3150800FA7016F08AFEFFF7B4BB002016F095FEFFF7D6
S3150800FA80AFBB04F05CFC044604F037FC0146204694
S3150800FA9016F044FEFFF7A4BB04F000FC10F0FD03CB
S3150800FAA040F03B81794A82F84B00FFF792BB04F09D
S3150800FAB0F5FB04F0F3FB04F0F1FB04F0EFFB04F0B4
S3150800FAC0EDFB0220FFF7ACBB754B0322B3F86810B9
S3150800FAD0012018F0F5FCFFF7A3BB022004F017FC81
S3150800FAE00020FFF7A5BB04F008FC04F006FC04F0B0
S3150800FAF004FCE6E7022004F00AFCBDF8400004F026
S3150800FB00F3FBBDF8420004F0EFFBBDF84400FFF735
S3150800FB1065BB04F0C3FB022004F0F9FB862010A99C
S3150800FB2004F02FFCFFF75CBB04F0B8FB252800F2B5
S3150800FB30F480564B83F84600FFF74BBB04F0AEFB48
S3150800FB4010A90CF06BFB04F0E2FB9DF8440004F0EE
S3150800FB50BBFB9DF8450004F0B7FB9DF8460004F092
S3150800FB60B3FB9DF8470004F0AFFB9DF8480004F08E
S3150800FB70ABFB9DF8490004F0A7FB9DF84A0004F08A
S3150800FB80A3FB9DF84D0000F0010004F09DFB9DF8D5
S3150800FB904D00C0F3400004F097FB9DF84D00C0F3FC
S3150800FBA0800004F091FBBDF8400004F09DFBBDF811
S3150800FBB0420004F099FB0DF14E01FFF734BA344BBD
S3150800FBC093F8C904FFF734BB0CF01EFAFFF728BBFD
S3150800FBD004F064FB0CF0D4F9FFF722BB10A804F07C
S3150800FBE068FC04F05BFB2A4E054696F8CF30002BDE
S3150800FBF049D14FF6FF73BDF848209A4243D028F002
S3150800FC0055FB00283FD10AF0ABFE4FF6FE7398422B
S3150800FC1001D10FF049FA10A90CF03EF80446002865
S3150800FC207FF473AB05B305200CF00DF80121002015
S3150800FC3010F092FC044600287FF467AB02460821C0
S3150800FC4010A80AF031FD88B996F8D03010A88DF8BA
S3150800FC505030144B15930023ADF84E300CF08CFD44
S3150800FC6004465DB905200AE00620DDE7042110A850
S3150800FC70FFF7D6F80028E7D0FFF758BB04200AF0AC
S3150800FC8089FCFFF742BB0224FFF73FBB1C45002057
S3150800FC9048340020441D0020CC1F0020CA1F002025
S3150800FCA0101C002000F8FF0704F027FB054604F0A7
S3150800FCB0F5FA254B044693F8CF30022B7FF401AFB3
S3150800FCC00AF04EFE85423FF4FCAEC4F3C01464014C
S3150800FCD0214628460DF058FF00283FF4A1AA2846D9
S3150800FCE044F040010DF0FEFDFFF79ABA164B93F863
S3150800FCF0CA04FFF79DBA10A80CF058F910A9FFF727
S3150800FD0092B904F0CBFA18B1072806D8C30704D568
S3150800FD100D4B83F8CB04FFF75CBA2120FFF780BAB6
S3150800FD20094B93F8CB04FFF783BA04F0B7FA003807
S3150800FD3018BF0120054B83F84C00FFF751BA034B57
S3150800FD4093F84C00FFF774BA483400201C4500208D
S3150800FD50012070472DE9F04F214D804695F8CCA437
S3150800FD600F4685B0BAF1000F37D04FF6FB739842AD
S3150800FD7033D84FF0000B95F8CD4495F8CE6402AA17
S3150800FD8056FA8BF00DF10601C0B211F001FE0822F9
S3150800FD9039460DEB02005FFA8BF926F060FEA0B932
S3150800FDA04C4508D10134E4B2A2450ABF002385F8C0
S3150800FDB0CD4485F8CD344246394606EB0900C0B233
S3150800FDC005B0BDE8F04F12F02FB90BF1010B5FFA41
S3150800FDD08BF39A45D1D8A146E4E705B0BDE8F08F84
S3150800FDE04834002010B504461422002126F07AF87B
S3150800FDF0014B236110BD00BF0001440510B5044640
S3150800FE0086B01123134A012001A90AF02BFBA37817
S3150800FE109DF814209A4207D08DF81430002011233B
S3150800FE200C4A01A90AF01EFB11230B4A012001A95D
S3150800FE300AF018FBE3789DF814209A4207D08DF84B
S3150800FE40143000201123044A01A90AF00BFB06B05E
S3150800FE5010BD00BF79EB010075E401007E2888BF5C
S3150800FE6000F5C4304FF0190294BF00F58330AD3069
S3150800FE701EF0C6BB10B50024E3B210B9C3F10303E4
S3150800FE80DBB20134042CCA544FEA1222F4D110BD55
S3150800FE900368D90444BF43F48063036003689A0483
S3150800FEA044BF43F400630360704710B50A4604462E
S3150800FEB020B119B1044B00211B6898472046BDE8BC
S3150800FEC01040FBF78ABB00BF1845002070B5046ACE
S3150800FED005460E463CB90120FBF77EFC286228B190
S3150800FEE020466E6270BD6FF08A00FBE76FF08C00EB
S3150800FEF0F8E738B50446006A10B1616AFFF7D5FF1E
S3150800FF00237E012B0FD0023B012B0FD8E369012B6F
S3150800FF100CBF00256FF0960528220021204625F003
S3150800FF20E1FF284638BDE369002BF1E76FF0960537
S3150800FF30F2E700207047426870B5120A05884388C0
S3150800FF4006D0012A56D000236FF086000B6022E007
S3150800FF5005F4E042B2F5805F02D0B2F5005F05D144
S3150800FF600733DB0840D16FF0850014E005F44F42F3
S3150800FF70B2F5844F03D10733DB080AD1F3E747F21A
S3150800FF800102954208D15B080133DB0803EBC30382
S3150800FF903B3300200B6070BD44F20102954202D14A
S3150800FFA0DB081033F5E747F20202954204D1DB0875
S3150800FFB003EB43035A33ECE744F20202954204D1B9
S3150800FFC0DB0803EB43034A33E3E725F0FF05B5F502
S3150800FFD0E24FD0D0B5F5824FC5D10733DB085B00B9
S3150800FFE00133012BD5D1BEE725F0FF05B5F5824FC4
S3150800FFF0CFD1F6E705F4E046DC1DB6F5805F25F0BF
S31508010000FF004FEAD40202D0B6F5005F06D1002AF6
S315080100104DD0B0F5824F07D1134643E005F44F465C
S31508010020B6F5844F05D1C2B3D31C23F003032C3391
S31508010030AFE747F20106B54210D15B080133DB0889
S3150801004003EBC3033B330333920723F0030301D1C5
S31508010050072CECD1B0F5824F30D0E8E744F201061F
S31508010060B54202D1DB081033EDE747F20206B54285
S3150801007004D1DB0803EB43035A33E4E744F20206EF
S31508010080B54204D1DB0803EB43034A33DBE7B0F59A
S31508010090E24FC8D0B0F5824F02D00B680333C4E7EC
S315080100A053000133012B00D10B68013BCBE7B0F5B7
S315080100B0824F0B68F2D1023323F003030433B6E708
S315080100C0F8B51E4D064695F8F0350F4683B300245C
S315080100D02B462246197ED1B13CB9022905D1D969E7
S315080100E019B91979002918BF1C460132262A03F1C4
S315080100F02803EFD114B96FF08C0006E02046FEF70D
S3150801010034F82046FFF7F5FE10B100240EE01C4630
S31508010110237E83B9012323763EB1651BED1003F1D6
S31508010120CC335D4305F18045356000203C60F8BD60
S315080101306FF08800E9E76FF09600E6E7F41500200E
S3150801014000232DE9F0470F460B608949064691F8C9
S31508010150F02586B0002A00F0058100F14042252AE3
S315080101604CD8282303FB02110B7E022B3BD03946C0
S315080101700020FFF7A5FF0446002856D10125D7F828
S31508010180008021463046C8F81460C8F8045004AA0D
S31508010190FAF726F8044618BBDDF810A0284651469A
S315080101A0FBF71AFB0546002800F0D08021463046A9
S315080101B004AA0394FAF714F8044668B903AB21466E
S315080101C0009352462B4630461AF000FF039B04461D
S315080101D09A452ED06FF0980451462846FFF765FEDA
S315080101E000210846A7E04B699842C0D10846FDF7A9
S315080101F0BCFF0446B0B93960002416E0002840F374
S31508010200B4800A46107E022802D15069864205D07A
S315080102100133262B02F12802F4D1A8E7282202FB92
S315080102200311E3E710F18C0FA1D0204606B0BDE813
S31508010230F0870028D0D1BAF1230F68D908222846B9
S315080102404C4926F00CFC002861D1AB68002B5ED125
S315080102502E6AAAF124039E425AD8B6F5005F57D2F0
S315080102608EB331460120FBF7B7FA814600285DD0E7
S31508010270324605F1240126F002FCEB685146C8F81E
S3150801028004302B8A2846A8F800306B8AA8F8023071
S315080102906B69C8F80830AB69C8F80C30EB69C8F85F
S315080102A01030B9F1000F00D07EB9FFF7FEFD3146D7
S315080102B04846FFF7FAFD3868FFF71BFE6FF0910411
S315080102C000233B60B1E7B146D7E7FFF7EEFD3146BC
S315080102D04046FFF7FBFD044658BB32464946D8F867
S315080102E0200026F0CCFB31464846FFF7DEFD3C6888
S315080102F004F10800FFF7CCFD237E012B2FD0204601
S31508010300FDF733FF044600283FF476AFD8E72646C3
S315080103106FF0980451462846FFF7C7FD314600207D
S31508010320FFF7C3FD3868FFF7E4FDC9E76FF08C04F2
S31508010330F0E731464846FFF7B8FD3868FFF7D9FDBB
S3150801034014F18C0F08BF6FF08704B9E72146FFF750
S31508010350ACFD3868FFF7CDFD6FF08C04B0E70223DA
S315080103602376CCE76FF088045FE76FF087045CE7D4
S31508010370F41500205D9C0308034660B1017E8A1EC0
S31508010380012A0AD80329C26902D1012A00D1B0E596
S315080103901AB1013ADA61002070476FF0960070478A
S315080103A02DE9F843884617461E46FFF7C9FE044657
S315080103B020BBD8F80050B5F8009009F4E043B3F52E
S315080103C0804FAB6808BF27F0010737EA03030DD151
S315080103D0A6B132464846E968FDF7A6FE074668B95A
S315080103E0324648462969FDF79FFE50B9002328463B
S315080103F0C8F80030FFF7C0FF6FF084042046BDE857
S31508010400F8833C46FAE77FB5044618B301A9FFF716
S3150801041097FE0446F0B9019D2B7E022B25D10323B5
S315080104202B762B79FF2B23D073B16E692146304683
S3150801043002AAF9F7D5FE8C3006D030462146F9F7DF
S31508010440EEFE50B16FF098042846FFF795FF002895
S3150801045018BF0446204604B070BD3046214602AA9C
S31508010460F9F7BEFE8C30EFD0ECE76FF09604EBE7B8
S315080104706FF08404E8E7C6E730B58BB001AD2422F6
S3150801048004460021284625F02DFD0023ADF802304B
S31508010490637B590744BF4022ADF802201A0742BFC1
S315080104A0BDF8022042F48062ADF80220DB071ED5B2
S315080104B0294660780EF045FF10B12D200BB030BDEE
S315080104C0231D95E8030083E80300637B43F00203D9
S315080104D06373002104AA201D0EF05EFF0028ECD0EC
S315080104E00698FFF790FF003818BF0120E6E729466E
S315080104F00DF10202201D0EF04FFF0028E9D1DCE7BD
S3150801050030B58DB004466846FFF76CFC04238DF8B8
S3150801051000300123FF2C8DF801408DF80D3002D1F2
S3150801052021200DB030BD132CFAD80025192200213F
S3150801053005A825F0D7FC084B204603EB840305A93B
S31508010540C3F8D054FFF78AFC04F5403000F58070F3
S31508010550FFF791FF2846E4E7483400202DE9F04FDC
S315080105609B460023A7B089469046CBF80030012266
S3150801057001A9FFF715FF054648BB019C6368D4E945
S3150801058008761B0A07D0012B40D02046FFF7F4FE58
S315080105906FF086051BE0238803F4E042B2F5805F1D
S315080105A019D0B2F5005F16D044F2010223F4405186
S315080105B0914210D003F44F43B3F5824F0BD0B3F5F4
S315080105C0844F08D02046FFF7D7FE6FF085052846E9
S315080105D027B0BDE8F08F464505D92046FFF7CCFE82
S315080105E06FF08905F3E732463946484626F047FA59
S315080105F00021A8EB060209EB060025F073FC20464C
S31508010600CBF8006027B0BDE8F04FB5E6002FBCD0A7
S31508010610002EBAD0B9F1000FB7D0A36813F0010ABA
S3150801062005D12046FFF7A8FE6FF08405CFE70146FE
S3150801063020220CA825F056FC3246394620460CAB3A
S31508010640F9F738FE054618B12046FFF795FEBEE7CD
S3150801065014AE0CAF0FCF0FC697E80F0086E80F0050
S3150801066002A914A8278802951AF004FE27F0FF03A9
S31508010670B3F5824F064617D1413FFFB2012F13D971
S31508010680042308F1FF3809F8013B0023CDE917399E
S3150801069008F1030323F00303199346B12046FFF734
S315080106A06BFE6FF0920592E74FF0000AEDE7029DA7
S315080106B0A84592D3282231461CA825F013FC1CA86C
S315080106C027F097FF0028E9D114A90CA81AF08CFD88
S315080106D018B90F9B013B012B0ED96FF092061CA886
S315080106E027F087FF0028D9D12046FFF745FE0546A2
S315080106F0002E3FF46CAFD4E74FF0817309A90CA81B
S31508010700CDE91C361E962496F9F730FB0028E4D16C
S3150801071009991CA827F074FF03A90CA8F9F7FFFB90
S315080107200028DAD103A91CA8F9F736FC06A90CA8F2
S31508010730F9F70CFC0028D0D106A91CA8F9F72CFC5E
S3150801074009A914A8F9F702FC0028C6D11CA809A909
S3150801075027F05FFF1CA826F02FFA0028BDD15544C3
S315080107600026CBF80050BAE701B1F7E66FF086002C
S3150801077070472DE9F043074621488FB0884616464B
S315080107806B461022D0F8240505A9FFF7EDFF0025D1
S31508010790002D01AB0CBF36215C210024994605A822
S315080107A010F8012B0134E4B24A40102C03F8012B4E
S315080107B0F6D11422002109A825F094FB4A462146C0
S315080107C009A80EF0D3FCBDB941463A4609A80EF070
S315080107D037FD324609AC0DF1340C234603CB63458C
S315080107E0106051601C4602F10802F6D115B10FB02E
S315080107F0BDE8F0830125CBE732462146E6E700BF8F
S31508010800483400207FB5102201AB02A9FFF7A6FEE6
S3150801081050B902A80FF0DAFF80F00100C0B200F06B
S31508010820010007B05DF804FB0020F8E710B504469F
S3150801083086B001A9104A1123012009F013FE9DF87B
S3150801084014300E48E370FFF7DDFF0D4A607001A909
S315080108501123012009F006FE9DF814304FF44030AB
S31508010860A370FFF7CFFF20700020064BD3F8283579
S31508010870636006B010BD00BF75E401000100030006
S3150801088079EB0100483400202DE9F04391B0189E18
S315080108901A9F1D9C002E38D124F0100C14F4806484
S315080108A021D11CF0200F14BF4FF0410E4FF0610EFD
S315080108B000260DF12008AEF10A0EB4FBF7F907FB85
S315080108C019495FFA89F5B9F1090F94BF30357544AD
S315080108D0EDB2BC4208F8015B06F10106B4FBF7F577
S315080108E001D3202E14D11C9CCDF818C005941B9C4D
S315080108F0CDE903749DF86440CDE9016408AC009420
S31508010900FDF78EFC11B0BDE8F083A4463446C8E76E
S315080109102C46D2E72DE9F04F95B0CDE90A23DDE95A
S315080109201E65DDE9228B56EA0502CDE90801269BFB
S3150801093039D15A0523F010093AD419F0200F14BFFA
S315080109404123612300240DF1300AA3F10A07294640
S3150801095042465B46304624F097FCD2B2092A94BF38
S315080109603032D2194645D2B275EB0B0504F10104B2
S315080109700AF8012B01D3202C17D1259BCDF8189005
S315080109800593249BDDE90801CDE903839DF88030B1
S31508010990CDE901430CAB0093DDE90A23FDF740FCE1
S315080109A015B0BDE8F08F9946C7E706460D46CEE76E
S315080109B00024E2E72DE9F04F93B0CDE90A32DDE9EB
S315080109C01C530E9353EC102BCDE90801104619461A
S315080109D08DED060B1E9E25F00BFA80B1DDE90601A9
S315080109E04FF0FF32C64B25F02BFA40B9DDE9060177
S315080109F04FF0FF326FF4801325F004FA68B1DDE990
S31508010A0008019DED060B0E9B1E96CDE91C53DDE9EB
S31508010A100A3213B0BDE8F04F87E10022DDE906018D
S31508010A20002325F0EFF9002800F03381DDE906A35C
S31508010A3003F1004BCBF30A5016F48063A0F2FF30A2
S31508010A4008BF06250F9324F001FF9DA3D3E90023D0
S31508010A5024F066FF9CA3D3E9002324F0ABFDCBF376
S31508010A601304894644F07F5180460022A54B50461F
S31508010A7041F4401124F09CFD95A3D3E9002324F009
S31508010A804FFF02460B464046494624F093FD25F0A2
S31508010A90E1F9044624F0DAFE8FA3D3E90023804660
S31508010AA0894624F03DFF0022974B24F083FD25F06B
S31508010AB0D1F98BA3D3E9002307464946404624F0DA
S31508010AC02FFF80463846894624F0C0FE86A3D3E91F
S31508010AD0002324F025FF02460B464046494624F0EA
S31508010AE067FD02460B46CDE90C2324F019FFDDE923
S31508010AF00C23804689461046194624F05BFD0022E0
S31508010B00CDE91001814B4046494625F033F80022CC
S31508010B107F4B24F04FFD02460B464046494625F0D9
S31508010B2029F800227B4B24F045FD02460B46404638
S31508010B30494625F01FF8DDE90C2380468946002041
S31508010B404FF0804124F034FD02460B4640464946A3
S31508010B5024F030FD02460B46DDE9100125F00AF8BE
S31508010B6007F2FF3700226C4B24F024FD00223B05D7
S31508010B7024F0D6FE52465B468046894625F060F942
S31508010B80002840F08980CDE90C8904F16303C72B5D
S31508010B9034BF0427052731051BD555A3D3E90023FF
S31508010BA05046594625F042F900287FD052A3D3E989
S31508010BB000235046594625F025F9002876D0002706
S31508010BC0A542C6BF2C1B04F1FF3500253C4646F459
S31508010BD080660E9B9F422CBF4FF00008A3EB0708C7
S31508010BE016F0020903D0002F18BF4FF000083CB1D8
S31508010BF0DDE90C235046594624F0BCFF82468B4654
S31508010C00DDE906010022002325F0FCF810B10BF1FD
S31508010C1000439B46DDE9080126F40063CDE901831B
S31508010C20DDE90A324BEC10AB009500F07EF802467E
S31508010C305FB3DDE9091316F0200F00F10105089EDF
S31508010C400CBF65204520B047DDE9080105230022D0
S31508010C5005930A23002CCDE9023207F1FF374FEA43
S31508010C60D473B8BF64422A46019304970A9B009439
S31508010C70FFF70AFE0246B9F1000F06D00B9BC41A0C
S31508010C800B9B1A190E9BA34248D8104613B0BDE810
S31508010C90F08FDDE906ABCDE60022404649461C4BFE
S31508010CA024F068FF013CCDE90C016EE7002D90D0D8
S31508010CB00F9B002B8DD0013D8BE700BFAFF3008062
S31508010CC0FB799F501344D33FB3C8608B288AC63F2C
S31508010CD061436F63A787D23F71A379094F930A408E
S31508010CE01655B5BBB16B0240EF39FAFE422EE63F07
S31508010CF02D431CEBE2361A3F0000000080842E418A
S31508010D00FFFFEF7F0000F83F0000E03F00002C40A6
S31508010D1000002440000018400000F03F2020DDE9D3
S31508010D200913089DA8470134AAE72DE9F04F5BECA2
S31508010D3010AB97B0CDE90501DDE92057CDE90723C9
S31508010D40504652465B465946229E25F051F870B9DF
S31508010D500323CDE902760193AF4B0093DDE9050143
S31508010D60DDE90723FDF718FA17B0BDE8F08F4FF054
S31508010D70FF326FF480135046594625F043F828B1DF
S31508010D800423CDE902760193A44BE6E74FF0FF323F
S31508010D9050465946A24B25F053F868B1A14A06F0C8
S31508010DA00403002B08BF03229F4B1CBF13460422D2
S31508010DB0CDE902760192D0E7504693A3D3E9002301
S31508010DC0594625F03DF838B991A3D3E90023504691
S31508010DD0594625F017F860B1DDE90723DDE9050174
S31508010DE04BEC10ABCDE92176209517B0BDE8F04F55
S31508010DF0E0E5002200235046594625F003F800286D
S31508010E0000F09A805B4652460020002124F0D0FB70
S31508010E10012382468B46099316F4806400F08E807E
S31508010E20092D40F28E80002430210EABA5F109026E
S31508010E300134202C03F8011BA5EB040901D09442C7
S31508010E40F6D15946504625F005F8784B054603EB89
S31508010E50C90393ED087B8DED0A7B24F0F7FC024666
S31508010E600B465046594624F0A3FBDDE90A2324F034
S31508010E7057FD02460B46CDE90C2325F013F88046AB
S31508010E8024F0D4FC02460B46DDE90C0124F090FB64
S31508010E9002460B46CDE90C230022654B24F0D0FF10
S31508010EA0002851D008F10108404624F0BFFC02464B
S31508010EB00B46DDE90A0124F0AFFF10B14FF0000837
S31508010EC00135B9F1000F50D1284624F0BFFC02467E
S31508010ED00B465046594624F06BFB0022544B80467C
S31508010EE0894624F08FFF30B1002240464946504BCF
S31508010EF024F0A6FF10B1E80700D501350A210EAB8B
S31508010F001A19202C0AD095FBF1F001FB1055303542
S31508010F1002F8015B013405460028F2D106F0030206
S31508010F20012A57D1002F55D0099A12B916F00C0F7C
S31508010F3000D0013F302245E009906DE74FF00609E0
S31508010F407FE7A94600247CE70022DDE90C01384B3E
S31508010F5024F058FF0028B4D1B8F1000F02D018F0D8
S31508010F60010FAED008F10108ABE70A210EAB234405
S31508010F70202C0ED0B8FBF1F001FB1082B8F1090F55
S31508010F8002F1300209F1FF3904F1010403F8012BDA
S31508010F9011D83021A1440EAA202CAFD0A14504F1C5
S31508010FA001030AD11C4609F158030DEB03092E2347
S31508010FB009F8203CA2E78046DAE7A1541C46EBE78C
S31508010FC01A550134A74205D9202CF9D1CDE9027663
S31508010FD00194C2E6202CF9D0099A3AB12D2104F1DF
S31508010FE058026A4402F8201C0134EFE7710704D558
S31508010FF004F158022B216A44F4E73207E6D504F1D5
S31508011000580220216A44EDE70000000065CDCD4174
S315080110100000000065CDCDC18D9B0308919B030897
S31508011020FFFFEF7F849B0308899B0308489C0308FD
S315080110300000E03F014B186827F0C7BAF0150020F9
S31508011040F0B5294B04461B780E4685B0002B48D0CF
S31508011050FDF74CFA012805D90238C0B2012834D95E
S31508011060212423E014F48013C4F3130725D01F4D5C
S3150801107095F83430ABB301212846F6F7BFF839465F
S3150801108028461B4A0DF10F03F6F79DFC044680B965
S315080110909DF80F30032B0CD0022B0CD1284614498E
S315080110A0F6F709F93060E86B1DF030FC204605B00B
S315080110B0F0BD2D24F7E76124F5E700920B480A46AF
S315080110C03946F6F725FD0446F0E7EFF3108072B6C8
S315080110D0084B1860204619F027FC0446FFF7AAFFBB
S315080110E0E4E71124E2E700BFE81B0020F81300201B
S315080110F094130020F01500200B4610B5192204465A
S31508011100FF21184624F0EEFE7E2C01468CBF04F51D
S31508011110C43004F583304FF01902BDE8104088BF8A
S31508011120AD308DE730B5132805460C4689B03AD857
S3150801113001A9FFF7E1FF182101A80EF04FFC10B92C
S31508011140292009B030BD9DF81C2001AB12F0020F11
S3150801115003CB14BF08231823C4F82110510748BF2D
S3150801116043F020032380C4F81D00100642BF2388DC
S3150801117043F400732380D107E2D50523A3700B4BF3
S31508011180520603EB8505D3F82C35D5F8D0146361DF
S3150801119023884FF0000054BF43F0060343F086034B
S315080111A0A1612380CDE72720CBE700BF4834002083
S315080111B030B5417B044611F001058BB015D00021ED
S315080111C02822684624F08EFE69466078FFF7AAFF52
S315080111D048B9DDF81D306360DDF82130A360637B13
S315080111E043F0020363730BB030BD8B0701D42D2086
S315080111F0F9E7C90001F08001043019F02FFBFF2837
S315080112006070F4D0637B284643F001036373EAE711
S3150801121010B503780446013B8AB0082B1AD8DFE8D3
S3150801122003F009331016052123292F004FF0031067
S315080112300AB010BD43781548002B08BF4FF440305B
S31508011240F6E701A9FDF7C8F820B90698F0E7FFF710
S31508011250AFFF08B10020EBE7607800F5403000F5F4
S315080112608070E5E70A48E3E7407800F5403000F585
S315080112700070DDE7407800F5403000F54070D7E7AB
S31508011280044BD3F83005D3E70348D1E7010003003F
S31508011290040003004834002002000300F0B50646A6
S315080112A00D468BB0002900F09380002800F090804D
S315080112B003785A1E082A00F28980DFE802F005142D
S315080112C03E4968687272800043781022002B4148B3
S315080112D0294608BF4FF4403001ABFFF745FA041E13
S315080112E018BF012423E009F03BFBB8B101A80EF0B1
S315080112F0E2FB98B1747B371D14F0020F07D0082260
S31508011300384601A925F0ABFB08B12D240FE001AB46
S3150801131044F0020403CB7060796074736B46102243
S3150801132029462D48FFF720FA0028EED1044628461B
S315080113300EF03AFA20460BB0F0BD01A9FDF74CF8BC
S3150801134004460028F3D16B46102229460698C4E7BD
S31508011350FFF72EFF04460028D7D1737B9B0705D5D7
S3150801136002460821301D09F09FF960B970781022EC
S3150801137000F54030294601AB00F58070FFF7F4F916
S3150801138008B10124D3E728460EF00EFACFE7052B5C
S3150801139012484FF01002294608BF4FF0031001AB5F
S315080113A09BE74078072B00F540304FF0100229469D
S315080113B00CBF00F5007000F5407001AB8DE70848D9
S315080113C010222946D0F8300501AB86E72124AEE77D
S315080113D02124AFE701000300020003000400030013
S315080113E0483400202DE9F04FE228A3B036D8DC288E
S315080113F00ED8C9280AD8BF2815D85F2800F0C48294
S31508011400702800F04C835D2800F0B08200202DE0A2
S31508011410DE38042800F2C682DFE810F03A03F0024B
S3150801142037033A030802C0380928EFD801A353F84D
S3150801143020F000BF5F1901080D1401080D140108F9
S315080114400D1401080D1401080D140108B51701083A
S315080114500D1401089318010873140108F52800F002
S315080114602483B0F58C7F4FF000003AD023B0BDE855
S31508011470F08F02F064FF05460DA803F066F802F046
S315080114800DFF064602F039FF049002F036FF80464A
S3150801149002F033FF0BA98146082002F007FF10A9C5
S315080114A0102002F003FF02F04AFF4FF6FF7A05907B
S315080114B002F0F4FE15F4803308BFD14615F0100288
S315080114C00390089310D00DA802F022FC04280346C5
S315080114D006D84822FF215343AD4AD15402F031FCC4
S315080114E0002002F0F1FEA1E115F0080400F01B81CD
S315080114F0C5F3C223069315F40043079304D09F232B
S315080115000699CB40D907EBD50DA8099202F000FC44
S31508011510FF280446099A0FD148219D4B01FB02FB7E
S3150801152013F80BA00BEB0307BAF1FF0F00F0D282F9
S315080115300132052AF2D1D3E70428D1D8944B0EB14A
S31508011540032E7AD1482000FB043292F82C70FF2F23
S3150801155008D02E2210FB04200BA90822184425F0D6
S315080115607EFA68B348238A4803FB040292F83820B6
S31508011570FF2A0CD03A2213FB04230BA9082218448C
S3150801158025F06DFAD8B1FF2F15D1002702E0FF3FEC
S3150801159018BF012748220C23624303FB07227C4B11
S315080115A013440BAA03CA049A83F82C60C3F82E00C5
S315080115B0C3F83210DA86204602F0C3FB09E001209F
S315080115C048230C22634302FB0030714B049A0344FF
S315080115D0DA86079B6E4FABB14FF0480C0CFB047CC7
S315080115E010AB0CF11C0E0FCB8EE80F009CF81630D1
S315080115F0069A23F01C0343EA820320468CF8163028
S3150801160002F09FFB15F4C06F614AC5F3412C05F43E
S3150801161080716DD1482303FB047300294AD00599CB
S315080116209961997D21F003019975482303FB0423E8
S31508011630596841F02001596041E0022EBBD1482288
S3150801164002FB043292F82C0002280BD1D18D4145B8
S3150801165026D092F83810022911D1528F4245AAD1C3
S3150801166001211EE092F83810022906D1528F42450F
S31508011670F6D0FF289FD1002104E0FF28FBD0FF29DF
S3150801168099D1012148220C20624300FB012213440F
S315080116900222A3F82E8083F82C20A3F830908AE73B
S315080116A0002148220C20624300FB01221A44A2F8B9
S315080116B0309080E79961997D21F00301997515F4B8
S315080116C0003F039B08BF00230393482303FB04231E
S315080116D0039A012E83F8442005D108995A68E1B97D
S315080116E042F080025A60204602F02BFB0120F8E600
S315080116F0ACF1020001289FBF482000FB0420059B8E
S315080117008361482000FB0477B87D20F003004CEA8A
S315080117100003BB750029D2D087E742F402525A600A
S31508011720A3F81490DFE70DA802F0F2FA0428074699
S315080117303FF6D6AE012EDFF8589008D1482303FBB1
S3150801174000935A68A3F814A022F402525A6000269C
S315080117503DB205EBC50509EBC50595F82C30032BFC
S3150801176007D8013B012B15D8DFE803F0061F06242D
S31508011770F3E7FF2B18BF0126062C05F10C05F6D158
S3150801178026B94823FF227B4309F803203846ABE7ED
S315080117900420002008220BA905F12E0025F05FF987
S315080117A030B9FF2385F82C30E6E7EB8D4345F8D0B1
S315080117B00126E1E702F072FD834602F06FFD0DF1A5
S315080117C034080446404602F0C0FE02F067FD824630
S315080117D002F064FDBB4D0646AF6C3B18AB6402F0E4
S315080117E05DFD814602F089FD0DF1440C034698E83A
S315080117F007008CE80700BBF1000F43D0003C4FF00F
S31508011800010218BF012410A8ADF852308DF8402006
S315080118108DF841408DF850A08DF8519003F0A8F944
S31508011820B5F8343523B1012002F071FD01201DE61A
S3150801183037B306F1140290B2002126F011F80446D6
S315080118400028F0D04FF00108014614230022CDF8F4
S31508011850008010A826F04AFF3FB1334614222146DC
S315080118603846CDF8008026F041FF9748214626F0F4
S3150801187077FFB5F8343500200133A5F83435D3E7B9
S315080118801420D9E710A803F073F980F00100C0B25B
S31508011890CAE702F003FD04285FD88C4900B200EBC1
S315080118A0C00001EBC001482210A825F0E8F89DF810
S315080118B04030012B02BF119B43F0180311939DF889
S315080118C056301BB1119B43F4804311930021119BA0
S315080118D01A065CBF43F48053119310AB93F82C207E
S315080118E0022A30D0032A34D01AB9119A42F4803226
S315080118F011920C3329B3002002F009FD9DF840002E
S3150801190002F0E2FC119802F002FD12A802F005FEAF
S31508011910BDF8540002F0E8FC9DF8560002F0D4FC2C
S31508011920169802F0F4FC17A9102002F02AFD1BA84C
S3150801193002F022FE9DF8840002F0C6FC9DF885009F
S31508011940CFE50121CAE7119A22F4805242F4807246
S31508011950CEE7119A42F04002CAE72720CCE710A841
S3150801196002F0F3FD10A802F0D3F9BAE502F096FCED
S31508011970042803463FF65AAF4822FF215343534AE8
S31508011980D15402F0DEF951E700244827FF264F4DCE
S3150801199007FB04F3E0B20134EE5402F0D2F9052C48
S315080119A0F6D143E702F07AFC272002F0B0FC9DF855
S315080119B0400002F089FCBDF8420002F095FC11A82E
S315080119C002F0ABFD9DF8500002F07EFC0DF15200CD
S315080119D002F0D2FDBDF86A0002F086FC9DF86C00A3
S315080119E002F072FC9DF86D0002F06EFC1C9802F084
S315080119F08EFC10201DA902F0C4FC17E702F04EFC6C
S31508011A0002F04CFC8DF8400002F077FCADF842007C
S31508011A1011A802F09AFD02F041FC00258DF850004C
S31508011A2010AC02F03BFCA0740138012820D902F061
S31508011A3064FC04F11401A083082002F037FC0C347D
S31508011A40A5B102F05AFCADF86A0002F027FC8DF840
S31508011A506C0002F023FC8DF86D0002F070FC1DA9E4
S31508011A601C90102002F022FC2720DDE60125D8E78C
S31508011A7002F043FCE08202F040FCA08202F03DFC49
S31508011A8002F03BFC02F039FCD9E702F007FCCDE68F
S31508011A9010A802F05AFD10A802F06CFA21E541F6E9
S31508011AA058310B4825F046FFC0E602F0F7FB04461D
S31508011AB002F045FC4422034B02FB0433C3F86805D4
S31508011AC0B4E600BF483400207E39002004200020F7
S31508011AD06C450020D4B2114A0BEB020C0DAA07CAB9
S31508011AE08CE807000BF11C0010225146184424F01B
S31508011AF0F9F94FF6FF71B9829DF83C100022796019
S31508011B000121074BBA6187F844A003F80B10BA758F
S31508011B1087F82CA087F838A010E500BF0C20002014
S31508011B20042000202DE9F0410C460546102200212B
S31508011B3020468CB024F0D6F92B78032B55D0042BEC
S31508011B407FD0022B40F0A08002A80EF0E3FC0646E7
S31508011B50002848D1BDF808309F0644D50146102211
S31508011B60204624F0BFF968460DF0A5FFC0B16F7B8A
S31508011B7005F1040817F0020F06D008226946404607
S31508011B8024F06DFF002839D16B4647F0020703CBD5
S31508011B906860C8F804106F73238843F0080323802C
S31508011BA025883A4F45F002032380D7F82C35636020
S31508011BB008F0D6FE28B1D7F87C3545F00605A360AE
S31508011BC02580D7F8A020D5035EBF238843F01003EC
S31508011BD02380100203D5238843F40063238030460B
S31508011BE00CB0BDE8F0812426F9E76B7B13F00102FE
S31508011BF006D0687802A90DF0A4FB60B12D26EEE7A0
S31508011C009907FBD5ADF8002002A96A46281D0DF0F3
S31508011C10C3FB0028F2D000210E22A01C24F062F991
S31508011C20BDF8143000262380049BA360BDF8163046
S31508011C30A3819DF818302B7302AB03CB6860A960AA
S31508011C40CDE76B7BDB07D9D5687802A9FFF76AFA76
S31508011C5006460028D2D1DDF825300E226B60DDF864
S31508011C6029300146AB606B7BA01C43F002036B7302
S31508011C7024F038F9BDF80830089A43F004032380A4
S31508011C80079BA2606360AAE72626A8E748340020D6
S31508011C90F8B5054608460C461F461646FEF7A2F84D
S31508011CA00423237025B108222946E01824F022F9D5
S31508011CB0637B314643F0020363733EB9284618F045
S31508011CC0CDFDFF28607006D12D20F8BD2046FFF70F
S31508011CD0E5FA0028F8D1637B43F0010363730DB974
S31508011CE00020F2E7002FFBD039462046FFF71AFFFE
S31508011CF0F6E700B58FB001AB05AA09A9FFF7C8FF3A
S31508011D0020B99DF825000FB05DF804FBFF20FAE71E
S31508011D1070B50D4604469AB0002800F06C8100297A
S31508011D2000F069814388002B40F0658103785A1ECB
S31508011D30082A00F26081DFE812F009001D002F0071
S31508011D40B300640164016A016A0174014378BC48FD
S31508011D50002B08BF4FF440301090FEF78CFB102380
S31508011D60CDE900534FF410510123226910A818F048
S31508011D7015FF93E0B3481090FEF77DFB10234FF44F
S31508011D801051CDE900530123226910A818F006FF66
S31508011D90003818BF012081E01023CDE900534FF424
S31508011DA010510269002303A818F0F8FE014600281D
S31508011DB040F0258125220DF1430024F093F8231DD7
S31508011DC003CB0123627B8DF8423012F0040F0CBF5E
S31508011DD08023C023CDF86110110748BF43F48063FF
S31508011DE0ADF84030950748BFBDF84030964A48BF20
S31508011DF043F008035168CDF85D00106848BFADF897
S31508011E004030039E04AB03C3142200210AA811968D
S31508011E1024F068F8DDF85D00DDF86110BDF8405082
S31508011E2006AB03C32C0648BF0B96E80541BF11ABA9
S31508011E300BAC0FCB84E80F0000230893834BADF856
S31508011E402450B3F87030ADF8263008F089FDE0B9B2
S31508011E5009A906A80DF01CFB242106A817F0CCFF3A
S31508011E600446D0B17A4D00200CF0BCFF05F5B060F0
S31508011E70214626F075FCB5F8823500200133A5F810
S31508011E8082350CF0AFFF002008E0082204A906A855
S31508011E9024F0E5FD0028DFD0DAE719201AB070BD75
S31508011EA04378FF2B10D1002604303146CDE9106660
S31508011EB018F0D4FCFF2801D0607005E0314610A85F
S31508011EC018F0CCFCFF28F7D16678624B06F5403648
S31508011ED006F580769E42039600F38F80282200211C
S31508011EE006A823F0FFFF3046FEF7C5FA1023CDE911
S31508011EF000534FF410510123226903A818F04EFE2E
S31508011F0000287CD1231D03CB05238DF81A30637B6A
S31508011F1066785B0103F40073132ECDF83500CDF80E
S31508011F203910ADF8183001D92720B7E70DF135007A
S31508011F30FFF7DFFE05460DF1350008F059FD18B922
S31508011F40FF2D0CD0AE420AD010A92846FFF7EAF8B1
S31508011F50BDF84030BDF81820534099054BD5BDF85A
S31508011F6018309A053AD50022DDF83500DDF8391022
S31508011F7010AB03C3BDF8183030469B1023F07F031E
S31508011F8043F001038DF85830314B10A903EB860352
S31508011F90C3F8D024FDF762FF607810A9FFF7ACF803
S31508011FA09DF8580010F0400009D1039A12A9FDF7CF
S31508011FB061FF9DF8583043F040038DF85830637B34
S31508011FC06078DB0648BF9DF8583010A944BF63F016
S31508011FD07F038DF85830FDF741FF54E704A80DF04B
S31508011FE06AFD0028BFD0082204A90DF1350024F0A6
S31508011FF036FD0028B7D1212050E71A204EE70120E7
S315080120004CE7052B144808BF4FF00310A4E64078A7
S31508012010072B00F540300CBF00F5007000F5407045
S31508012020A9E60B4ED6F83005FEF725FA1023CDE9B9
S3150801203000534FF410510023226906F5A660A5E660
S315080120400100030002000300969B03081C450020BB
S315080120504834002013010300040003002DE9F04F62
S315080120609FB00546FFF7D4F8DFF80483C8F82405BE
S3150801207028B1002318A91A46FEF792F918B12D209E
S315080120801FB0BDE8F08FDDF860C012AC66460FCE12
S315080120900FC496E8030084E8030060461E46BCF8B0
S315080120A000A0BCF80270DCF80440FEF765F90028C8
S315080120B0E5D1D8F82495A9F54033B3F5803F2BD25D
S315080120C02A78240A022A4BD1002E49D118A9284672
S315080120D0FFF7E4F8284618A9FFF71AFE00230EAE03
S315080120E08DF83830012231469E4818ABFEF736FA8C
S315080120F010B99DF838307BB901249A488DF83840D3
S315080121001890FEF7B8F92346002241F20101CDE9FC
S31508012110006418A818F042FD68880028B0D018A9EC
S3150801212028460EACFFF7BAF818A8224629461BF02E
S3150801213059F8D8F8840508B1FEF79DF91023CDE9B9
S3150801214000434FF4105100232A69874818F026FDE9
S31508012150D8F88435003818BF0120C8F824358FE728
S31508012160002CD9D140F201134FF0000C13937F4B89
S3150801217018AC179312AE0FCE0FC496E80300634648
S3150801218084E80300624648460AA9CDE90ACCCDE9A6
S315080121900CCCCDF824C0FEF703F9064640B1DDE9BB
S315080121A00A40002840F0DA802046FEF7E5F895E770
S315080121B00A9C6369A3F50033B3F5003FC0F0B58007
S315080121C0A3689B07EBD5BAF1000F02D023885345C4
S315080121D0E5D163880FB1BB42E1D1B4F800A0ADF8EF
S315080121E06230D4F80CB01B9B5A46194650460793E1
S315080121F0ADF860A0FBF74AFD07461C9922695046CF
S31508012200CDE90512FBF742FDDDE9051227B9079B62
S3150801221013B1BBF1000FC2D110B909B1002ABED161
S31508012220A2681A9B1C9013400BA90CAA18A8CDE901
S315080122301A3718F0DBFB0028B1D1DDF82CA00EAF58
S31508012240002E74D16368DAF804201B0AB3EB122F47
S31508012250A5D1199B1B0A71D00DA918A8FDF76BFE0C
S3150801226000289CD150460D99FDF730FE002896D1DD
S3150801227063680B981B0A92D1D4E90812199E036A5E
S31508012280360A012E50F824CF89D1CDE90107CDF8B8
S3150801229000C018A8F8F7DEF8002880D10B9809A91C
S315080122A018F0EAFB00287FF47AAF2046FEF764F8B7
S315080122B0044600287FF412AF4846FEF7A4F8099EA3
S315080122C00E94B1453FF40AAF3046214618AAF7F7EE
S315080122D087FF824600287FF401AFDDF860B0012050
S315080122E05946F9F779FA044600283FF4F7AE03464A
S315080122F051465A463046009718F068FE014658B9C5
S31508012300199B484600930E9A2346F9F77AFA01462D
S3150801231010B93046F7F783FF002120460E9A23F0BD
S31508012320E1FD2046F9F759F9D8E601264BE7199B4D
S315080123301B0A91D163681B0A7FF431AFD4E908B649
S3150801234050463146FDF7C2FD00287FF428AF3246D4
S315080123505946DAF8200024F092FB9FE7FDF7C9FDFC
S3150801236022E700BF10000300CC390020F00002006C
S315080123704834002038B5044CD4F82455FFF76EFECE
S31508012380C4F8245538BD00BF483400202DE9F04370
S3150801239003780446092B0E469BB04DD003AA17466F
S315080123A0264B03F1080C154618685968083303C506
S315080123B063452A46F7D107AA904618681B7928600B
S315080123C02B711F4B03F1100C154618685968083311
S315080123D003C563452A46F7D14FF01009204615ACC7
S315080123E0FFF73CFE42460423012138460194CDF805
S315080123F0009017F0C1FF0BA8FDF7F4FC092331463D
S315080124000BA88DF82C3010ADFFF782FC0BA8FFF74F
S3150801241025FE0423424601213846CDE9009517F0E9
S31508012420ABFF14222946204624F019FBB0FA80F0A6
S3150801243040091BB0BDE8F0830020FAE79F9B03081B
S31508012440AD9B030870B586B0044601A80D4616462D
S31508012450FDF7C8FC0323206861688DF8043002ABD8
S315080124608DF8116003C3294601A8FFF751FC06B090
S3150801247070BDF8B50C460746084616461D46FDF7D3
S31508012480B1FC03232046394600F8043B082223F011
S3150801249031FD637B314643F0020320466373FEF741
S315080124A0FDFE08B12D20F8BD29462046FFF73AFB67
S315080124B00028F8D0F6E7F8B5074608460C4616464A
S315080124C01D46FDF78FFC03232370637B314643F0DA
S315080124D00103204667706373FEF7E0FE08B12D20FD
S315080124E0F8BD29462046FFF71DFB0028F8D0F6E778
S315080124F0F7B5374D08F0D4F995F8CF30354E03F0D6
S315080125000F03022B1ED033784BB901203070EFF33D
S31508012510108472B625F0E8FF204626F056F808F032
S3150801252097F80446D5F888359C4228BF1C46002CE6
S315080125304CD09C422CD98C21274824F097FB0120AA
S3150801254003B0F0BD95F8D830032BDCD92B8800F001
S3150801255007001843D7D108F0A3F918B995F8D83068
S31508012560032B12D808F074F804460028CBD0337828
S31508012570002BD7D000203070EFF3108672B625F005
S31508012580B3FF304626F021F8CCE74FF0FF34EEE7EB
S31508012590002640F2E7303146104B4FF47A721F6835
S315080125A00023E4FB070122F06FFE04460C48C5F838
S315080125B0A86524F0B1FE33462146CDE90066094AED
S315080125C0074825F027FF0028B9D0B4E72046B7E722
S315080125D0483400209C210020BE9B03088C1400204F
S315080125E0D43900204BDC00082DE9F843EFF31187B5
S315080125F0302383F31188394E96F8AC55002D66D1F0
S31508012600374B38481D60384B1D60384B1D6026F026
S31508012610CFF8BFF34F8F364CF7F7B0FA6368012B43
S315080126203AD0E56025F084FE00250F220124314BBE
S31508012630DFF8BC80DFF8CC90C8F848505A641A64B1
S31508012640F7F79CFAC9F80440C8F8104024F0AAFA2A
S315080126504FF40022284BC8F818505320C3F8882194
S31508012660F7F7DEFFC9F84440EFF31188302383F307
S3150801267011884FF4E060F6F767FC024688F3118883
S31508012680BFF36F8F1D4B1860B8B987F31188BFF375
S315080126906F8F2320BDE8F883D4F80480B8F1010FC1
S315080126A002D0F7F76BFABCE7636824F07BFA0223DA
S315080126B02361104BC3F80480F3E72B4640F2E73158
S315080126C00F4822F0E1FD86F8AC45C6F8880587F380
S315080126D01188BFF36F8F0020DCE700BF4834002064
S315080126E054290020FC920308502900208814002050
S315080126F000C00A5000E00A5000E100E08C140020F6
S3150801270018FCFFFF00D00A502DE9F04FDC28CDB0A8
S3150801271062D8B12804D8252800F0E184002060E0B9
S31508012720B2382A28FAD801A353F820F0E927010874
S31508012730B72D0108632E0108572F01081D27010827
S315080127401D2701081D2701081D2701084330010817
S315080127501D270108612F0108CF2F0108273001081D
S315080127600D3001081D2701081D2701081D2701082D
S315080127701D2701081D2701081D2701081D27010816
S315080127801D2701081D2701081D2701081D27010806
S315080127901D2701081D2701081D2701081D270108F6
S315080127A0372E01081D2701081D2701081D270108C5
S315080127B01D2701083930010849300108553001083B
S315080127C06D3001087B30010899300108B9300108DC
S315080127D0C3300108D1300108F6284FF0000000F097
S315080127E056844DB0BDE8F08F01F058FD8DF896007E
S315080127F001F083FD26AD2946ADF89400082001F0C5
S3150801280055FD01F04BFD003818BF01208DF89700E2
S3150801281001F044FD8DF8A00001F040FD8DF8A100FE
S3150801282001F08DFD299001F08AFD2A9001F065FDE0
S315080128300DF1B00A5146ADF8AC00082001F036FD9D
S3150801284001F05BFDADF8B80001F057FDADF8BA002F
S3150801285001F024FD80468DF8BC0001F01FFD8DF8BE
S31508012860BD0001F01BFD8DF8BE0001F017FD8DF8C6
S31508012870BF0001F013FD074601F010FD064647B1FA
S31508012880012F59D04FF0210B584601F040FD012088
S31508012890A7E7264C94F8CF301A0740F08982B8F199
S315080128A0020F40F08582012329460DF1960225A8DB
S315080128B015F0B0FE83460028E6D1BDF8BA0000F04F
S315080128C0830016F0EFF895E803009DF8BC30CDE9D2
S315080128D03EBB84F8AD35BDF894303BAC84E80300C3
S315080128E0ADF8F4309DF8963058468DF8F730032345
S315080128F08DF8F8300E4B41F6063140938DF8F660A7
S315080129000DF0D6F8BDF8B8102346002908BF4FF4D4
S31508012910417101209DF8BC2009F066FF054B8346ED
S315080129201B78002BB0D118F044FFADE748340020DE
S3150801293000F8FF07401D00204FF0420B30AC25AED2
S315080129400FCE0FC40FCEDFF89C930FC496E807008D
S3150801295099F8CFC084E807000CF00F0C2BFA0CFB92
S315080129601BF0010B40F0248299F8AE65002E40F069
S315080129701F8208F1FF38B8F1030F00F2198216F029
S3150801298005F8C30740F13A81394630460DF0E4FDB2
S31508012990834600287FF478AF4FF6FF6399F8AF2591
S315080129A00093531C003A18BF01224FF6F771022013
S315080129B015F0BEFF4FF6FF713846C34A09F0FCF918
S315080129C0BDF8BA3031AC13F0010F00F0138132466D
S315080129D00821284607F068FE002840F00B8195E893
S315080129E0030084E80300BDF89430ADF8C030002335
S315080129F08DF8CD309DF896308DF8C23017F018FF56
S31508012A000128044609D115F0C1FF10F0010000F0B4
S31508012A107D8141F2883015F02BFE1022AB483BA987
S31508012A20BDF8E6509DF8EA70FEF70AFBBDF8F0A07E
S31508012A30BDF8F280BDF8F4B0BDF8F630BDF8F8403F
S31508012A40BAF1000F40F067810B930CF02DFB0B9B3D
S31508012A508146002F00F075815046002B40F06581B4
S31508012A60CA460027D14682460B97AD0702D50028EC
S31508012A7040F06B812246002441462546A0460C9427
S31508012A8000925A464FF0010B504615F051FF3BA8EC
S31508012A90FDF7A8F90FA88DF8ECB0FDF7C7FE0023DE
S31508012AA00DF1700A51463BA88DF8ED30FEF7F6FB9D
S31508012AB09AE80F000DF15C0C0DF14C0A8CE80F0039
S31508012AC08AE80F00BDF8D80016F0CAF8FF280D905D
S31508012AD000F05581524658460FAB34A916F0E1F875
S31508012AE0002840F04C81002E00F05881012E0CBFC1
S31508012AF04FF0120A4FF0140A349B01220021009369
S31508012B003BA8534615F0AAFE0FAB02930D9B0E2266
S31508012B10019331AB009342216D4B3BA802F0DEFDD8
S31508012B20002E00F03E8128229DF8CD308DF8133114
S31508012B300C9B4221CDE906830B9BCDE90475CDE9B2
S31508012B400293BDF8C030089401939DF8C2303BA8A2
S31508012B500093604B02F0C2FD002E40F0248107F07D
S31508012B60FFFE5D4B42210190009338225B4B3BA847
S31508012B7002F0B4FD422137AA3BA815F0A1FE83460F
S31508012B80002840F0128117A811F0E6FEB823ADF827
S31508012B9070300B9B20A9ADF878300C9B17A8ADF8BF
S31508012BA07C30ADF87450ADF87E404D4D4D4CADF8C6
S31508012BB07290ADF87680ADF87A7001F017FB1CA813
S31508012BC022211AF087FA37AB03CB85F873A0C4F82C
S31508012BD0B105C4F8B51515F023FE012384F8CF30E5
S31508012BE0042341F2883105F1740084F8AE3524F0E6
S31508012BF0A1FE49E6002331936360F6E607F0E0FE9D
S31508012C00804609F053FD17AE0446304609F0CEF961
S31508012C1008222946304623F022FF002866D19DF86E
S31508012C20A160A31B002BB8BF5B42C82B234615DD49
S31508012C30B44228BF3346DBB29C421DD015F00DFDC8
S31508012C4002280FD907F08CFE0122014625A815F0A6
S31508012C50ABFE0022224B83F8722015E6B44238BF38
S31508012C603346E8E7304609F03FFE9DF8960009F03D
S31508012C7087F94FF0050B07E6B442FAD007F0BCFD19
S31508012C8007469AE80300299B1CAE86E80300012241
S31508012C9000933BA81623002115F0E0FDBDF8B830D6
S31508012CA00E220493BDF894301C21CDE90273CDE9B7
S31508012CB000540D4B3BA802F011FD32461C213BA8DE
S31508012CC015F0FEFDD5E700BFB89C030801E5010034
S31508012CD0369C03083A9C0308F71B0020449C03080A
S31508012CE01C45002048340020309C030831AB96E887
S31508012CF0030083E803009DF8BC30ADF8C080022BC1
S31508012D000CBF3E4602268DF8CD4073E615F0EEFC63
S31508012D1089F8B04581E6C24531D00AF1010080B291
S31508012D20002F3FF49EAED14697E6E21A0132BA4227
S31508012D3025DB1F44BAB2571E0B9382461346BFB210
S31508012D4093E65746CDF82CA094E608EB0005013D1D
S31508012D506A10C5F34F05691E89B281420FDD904598
S31508012D600DDDE218013A5010C2F34F020C92013AF6
S31508012D7092B29A4203DD80B284423FF781AE4FF0A8
S31508012D80010BC84C94F8B035002B3FF47DAD0120FA
S31508012D9015F0ACFC002384F8B03575E54FF0100A40
S31508012DA0AAE62722C4E63921E5E615F039FDE8E762
S31508012DB04FF0020B68E525A9102001F077FA01F01A
S31508012DC0BEFA309001F06AFA0DF1C5018DF8C4001A
S31508012DD0102001F06BFA0DF1D501102001F066FA09
S31508012DE00023CDF80E31CDF81231ADF8163141F682
S31508012DF006330DF1EE02ADF8EC300DF1E5010DF1FA
S31508012E00D50353F8040B8B4242F8040BF9D125ABD1
S31508012E100DF1FE0429AD1A4603CAAA422060616073
S31508012E20134604F10804F6D130A815F0A3FF3BA810
S31508012E300DF0D0FC29E501F082FA3B9001F02EFA5B
S31508012E400DF1F1018DF8F000102001F02FFA102094
S31508012E500DF2011101F02AFA3BA815F08BFF0020AB
S31508012E6013E501F06CFA064601F018FA054601F079
S31508012E7015FA8C4C804694F8CF2094F8AE3502F0BA
S31508012E800F020BB1062B64D14223D340D90760D474
S31508012E9094F8AD7515F07AFDC20707D515F0DDFB77
S31508012EA0012803D048F6990007F090FD15F06EFD4C
S31508012EB0830704D540F0100080B215F0F3FD0EB972
S31508012EC0D4F8BC6594F8C035B3B902213BA83B9345
S31508012ED0FBF7A6FF3B9BC4F8C43515F0A1FC0EB958
S31508012EE007F08AFC012384F8C0356F4B93F87730D5
S31508012EF013B9022018F0E2FC07F078FC84F8C8053B
S31508012F0068B207F05BFC054620B1002384F8C0359A
S31508012F102846BAE408F1FF33032B18D80123042203
S31508012F2031460A2084F8AD8584F8AE3509F07EF875
S31508012F3005460028ECD0002694F9C80584F8AE6544
S31508012F4007F03CFC84F8AD7584F8C065E0E784F8C1
S31508012F50C0050225DCE701F0F2F915F089FB94E4D6
S31508012F6030A910225148FEF76BF828223BA9504890
S31508012F70FEF766F8309801F0CAF9BDF8C40001F009
S31508012F80B3F9BDF8C60001F0AFF9BDF8C80001F004
S31508012F90ABF9BDF8CA0001F0A7F9BDF8CC0001F0FC
S31508012FA0A3F99DF8CE0001F08FF93B9801F0AFF92E
S31508012FB09DF8F00001F088F90DF1F101102001F0FA
S31508012FC0E0F910200DF2011101F0DBF95FE401F0DF
S31508012FD0B6F93B9001F091F9ADF8F00001F08DF9E1
S31508012FE0ADF8F20001F089F9ADF8F40001F085F9C0
S31508012FF0ADF8F60001F081F9ADF8F80001F04EF9E7
S315080130008DF8FA003BA815F0EBFB40E410223BA92A
S315080130102648FEF715F83B9B3BA843F480733B9380
S3150801302015F0DEFB33E415F0B1FC80F48070C0F3D3
S31508013030002001F049F92AE401F030F915F056FBB0
S3150801304025E417F0F5FBF4E701F028F9154B83F8A9
S31508013050AD051CE401F051F9044615F097FC20F082
S315080130600200204380B215F01DFD10E40D4B93F8C4
S31508013070AE05003818BF0120DBE70E4BD3F8A430A4
S315080130801BB9084B93F8C905D3E70120D1E7054BCE
S3150801309083F8C005FFF7FBBB024BD3F8BC05FFF766
S315080130A0F4BB00BF48340020101C002001E50100D4
S315080130B002E501001C4500200B4BD3F8CC05FFF7B0
S315080130C0E4BB01F03CF9084BC3F8BC05FFF7DFBBCD
S315080130D001F035F9044BC3F8CC05FFF7D8BB15F059
S315080130E0F1FCFFF7D4BB00BF483400200348044B6A
S315080130F0834202D0034B03B118477047C8550020D5
S31508013100C855002000000000064B0749C91A891056
S3150801311048BF0131491003D0044B0BB10148184788
S31508013120704700BFC8550020C855002000000000A0
S3150801313010B5064C237843B9FFF7D8FF044B13B1F2
S315080131400448AFF300800123237010BD104000200E
S3150801315000000000E813040808B5054B1BB1054932
S315080131600548AFF30080BDE80840FFF7CDBF00BFB3
S315080131700000000030340020E8130408A3F5803A63
S31508013180704700BF174B002B08BF134B9D46FFF72F
S31508013190F5FF00218B460F461348144A121A22F0EE
S315080131A0A1FE0E4B002B00D098470D4B002B00D0EB
S315080131B098470020002104000D000D48002802D080
S315080131C00C48AFF300801BF001FD2000290005F033
S315080131D0D3FB1BF0E9FC00BF00000800000000005B
S315080131E000000000081000200810002038400020C8
S315080131F00000000000000000037810B563B94278AA
S31508013200042A09D109490A4A09881478522904D194
S31508013210048143600123037010BD0189A14201D9CC
S315080132202123F6E743601170F4E700BF582900200F
S315080132301D4500204088C0F30C000330800840007B
S315080132400430704710B5084A0346FFF7F3FF1468C0
S315080132504FF6FF7203EB40039C42184603D90188D7
S3150801326002339142F8D010BD7C150020831E012B34
S315080132702DE9F0410C463AD801290DD82D4B0422E7
S315080132801B6C05210020C3F34013F6F7E7FA2CB1AE
S31508013290294B1868002848D1BDE8F081264B1D68DE
S315080132A0002DF9D030272C7D244E2046F3F7ECFE6D
S315080132B007FB0463DA6E224B9A4213D12846F7F7C5
S315080132C0D9FA48B3EFF3118187F3118801231D4A0F
S315080132D0A3405365A2F580529362536381F3118823
S315080132E0BFF36F8F2046BDE8F041F3F7EFBE8B1EA3
S315080132F0012B0CD80128CFD8BDE8F04100220D4B8F
S3150801330005211B6C1046C3F34013F6F7A7BA00292B
S31508013310C4D00129BCD0BFE72846F7F7C9FA002867
S31508013320E0D10123A340B364DCE7BDE8F041F7F738
S3150801333073BB00BF00C003502829002000000450B9
S3150801334035130020002004503421014823F08EBC97
S31508013350C69C03082DE9F04780460F460646002419
S3150801336002F1FF39BC4202D219F8015F25B9A6EB71
S31508013370080080B2BDE8F0879A46A5F13102012A14
S315080133805AF8041B10D83246322D02F8011B06D111
S315080133900134A4B2A74232D30912B21C71700134A6
S315080133A053461646A4B2DDE7342D0CD10334BC428C
S315080133B0DDDA0B0A317073700B0C090EB370321D0E
S315080133C0F170A4B2EBE7A5F13302062A0DD8303D18
S315080133D0ADB22B19BB42CADA2A463046013C22F065
S315080133E089FD15FA84F47219EBE7A5F14102062A5B
S315080133F001D8373DECE79D8803F1080AE9E7164647
S31508013400B5E7F8B5044625F013F901230546302733
S315080134100026A0602373EFF3118287F311882368CE
S315080134207BB11869016981420CBF26601961066181
S3150801343082F31188BFF36F8F012809D04368984733
S31508013440E9E76068012806D182F31188BFF36F8F17
S3150801345000232373F8BD4169691AB1F1004FF3D806
S31508013460016961600361E3E738B5037A05460C46ED
S315080134703BB90A7AEAB900680B68C31A5842584137
S3150801348038BD022B15D10B7A022B12D1082223F053
S31508013490E6FA70B96B7A607A83420CD0013BDBB2EB
S315080134A0FD2B08D80138C0B2FD2894BF00200120A1
S315080134B0E6E70020E4E70120E2E713B50024094B1B
S315080134C022465C80C7230DF102010120ADF80030C8
S315080134D0FCF7D0FC072168468DF8064019F0FAFD7D
S315080134E002B010BD582900207047442213B500F5D3
S315080134F0833450430E4B04F5C0741A181B5C012B18
S3150801350007D1136B00930422694620461BF078F80D
S315080135100BE0042220460DEB0201FDF791FD4FF069
S31508013520FF330093019B0133EDD102B010BD00BFFB
S31508013530803900201FB5002301A8029318F068F806
S315080135400298C0F30343C0F303621B0243EA023342
S31508013550C0B2184305B05DF804FB08B5064B1868F8
S3150801356023F085F930B1054BB3FBF0F083B20BB10B
S31508013570184608BD0120FCE7441D002040420F0003
S3150801358070472DE9F04F984691B00B1E0A93AF4B41
S31508013590914614BF83469B4600241A9E98F800005C
S315080135A070B94C4538BF22464B464FF000000A9980
S315080135B028BF09F1FF32D847204611B0BDE8F08F80
S315080135C0252808F1010806D022464B460A99651CAA
S315080135D0D8472C46E2E700230DE02D2A2AD0302AC7
S315080135E006D0303A092A4FF0000711D80A2532E0E9
S315080135F043F001038846414611F8012B2B2A1CD0BA
S31508013600EBD8202A1CD0232A1DD02A2A2BD0002702
S3150801361098F800202E2A64D198F8011008F10102C1
S31508013620A1F13000092843F4806350D800254FF0F2
S315080136300A0C26E043F00203DCE743F00403D9E76A
S3150801364043F00803D6E743F01003D3E7884605FBA2
S315080136500722A2F13007414611F8012BA2F13000E9
S315080136600928F3D9D4E756F8047B8846002FBCBF4E
S3150801367043F002037F42CBE702460CFB0511A1F199
S315080136803005104610F8011BA1F1300EBEF1090FE5
S31508013690F2D99046424612F8011B6C292AD022D843
S315080136A0682930D06A2939D018F8010B672879D8E2
S315080136B057284FD8452807D086D9462800F035819E
S315080136C0472881D143F4006343F0200343E12A29C3
S315080136D006D156F8045B08F1020825EAE575D9E72B
S315080136E090460025D6E7742901D07A29DCD143F41E
S315080136F080730EE098F801106C29F8D143F44073F1
S3150801370008F10208D0E798F80110682903D043F0B8
S3150801371080039046C8E743F0C003F1E743F400731A
S31508013720F7E70A2A00F06281072A7FF44DAF43F0D2
S31508013730210305930823CDE903531023CDE901138A
S3150801374056F8043B2246009358464B460A99FDF71C
S315080137509BF8FAE0A0F158020F2A3FF635AF01A10E
S3150801376051F822F0D5370108C9350108C9350108CC
S31508013770C9350108C9350108C9350108C93501081E
S31508013780C9350108C9350108C9350108D537010800
S3150801379075390108D53701084F3901082F3901084C
S315080137A04F390108A0F16902D2B20F2A3FF60CAFD0
S315080137B0012149F2410C914011EA0C01B1D0782856
S315080137C003F4806125D1002900F0908023F00D02D1
S315080137D0102307E0622803F4806227D1B2B923F0E7
S315080137E00C02022312F4007100F08380CDE90772FE
S315080137F00022CDE9043206F1070A2AF0070A0695DE
S315080138000292FAE80223CDE900233DE023F00D02F6
S31508013810E7E76F2812D0692823F0100240D023F079
S315080138201C0209B123F01D020A23DBE758280FD130
S315080138309ABB23F00C0242F02002C9E719B923F01A
S315080138400C020823CEE723F00D02FAE78DE1000802
S3150801385042BB23F01002930527D5073626F0070643
S31508013860B24671685AF8083B0A26CDE9077200275D
S31508013870CA0F0029CDE904670695029202DA5B426E
S3150801388061EB4101CDE900314B46224658460A997A
S31508013890FDF740F80446564680E623F00D02CAE7CE
S315080138A00029D8D023F01102D5E7D00506F1040A7C
S315080138B001D5336802E0510613D53378CDE9047290
S315080138C00A22002B02924FEAD37203950192B8BFDE
S315080138D05B4200934B46224658460A99FCF7D4FFA9
S315080138E0D8E71306E5D5B6F90030E7E723F00C0269
S315080138F06EE7D00506F1040A06D5CDE90472CDE9CD
S31508013900023501913368E4E7510608D53178CDE9E6
S3150801391002350023CDE90472CDE90013DAE73168EF
S3150801392012F0800F18BF89B2F1E743F02003CDE901
S315080139300173073626F007060095B6EC020B4B46CF
S31508013940224658460A99FDF7F0F9044626E66728FD
S3150801395001D143F40063CDE90173073626F0070662
S315080139600095B6EC020B4B46224658460A99FDF7D6
S3150801397021F8EAE713F0020523D04FF0010A631C88
S315080139800B9322464B460A9916F8040BD8475DB3A2
S3150801399054460B9A1EE04B4620200A99D8470AEB53
S315080139A004020AF1010A5745F5D8002F07F1FF333A
S315080139B008BF002307F1010A1C4408BF4FF0020A99
S315080139C0DDE7AA46EBE7551C4B4620200A99D8475E
S315080139D02A460134BC42F6D3A7EB0A03574538BF3A
S315080139E000230B9A1A440B920B9CD7E53246002DFD
S315080139F052F8046B14BF29464FF0FF310B92324639
S31508013A003144107808B18A4211D1A2EB060A13F49F
S31508013A1080620C9202D0AA4528BFAA4613F0020377
S31508013A200D931BD1AAEB040322460F9308E001323A
S31508013A30E7E7531C0E9320204B460A99D8470E9A5E
S31508013A400F9BD3189F42F4D8A7EB0A03574538BFF3
S31508013A5000230AF101021C4403EB020AA31B0E937D
S31508013A6004E01D464B4622460A99D8470E9BF41890
S31508013A7016F8010B28B10C9B002BF3D06B1E002DF9
S31508013A80EFD10D9B93B12246AAEB040505E0561C1E
S31508013A904B4620200A99D847324653199F42F6D8F1
S31508013AA0A7EB0A03574538BF00231C440B9E75E54F
S31508013AB00FB41FB506AA52F8043B02A90392009255
S31508013AC004484FF0FF32FFF75CFD05B05DF804EBE3
S31508013AD004B070475DE400080CB41FB506AC54F891
S31508013AE0043B0A460094014604480394FFF749FD3E
S31508013AF004B0BDE8104002B0704700BF85E1000878
S31508013B0038B5451E15F8014F2CB90A212046F6F796
S31508013B1096FE204638BD21460020F6F790FEF1E7CD
S31508013B201FB5034600914FF0FF3203A90248FFF77C
S31508013B3028FD05B05DF804FB5DE4000807B50093B0
S31508013B4013460A4601460348FFF71BFD03B05DF815
S31508013B5004FB00BF85E10008154B4FF4E472002110
S31508013B60184610B522F0BEF90922124C1249026113
S31508013B70034642618461C1614FF4806000220144B9
S31508013B8018629A625A62DA62C3F8F040C3F8F4100E
S31508013B900A49C3F8F800C3F80021C3F8FC20C3F8A2
S31508013BA0042111F8010D98540132102AF9D110BDDA
S31508013BB0004C0020D49C0308C84D0020C49D03086E
S31508013BC010B5044C0448D4E90121F6F72BFE00B9D7
S31508013BD0606010BD58290020241500200FB430B5A7
S31508013BE0124BA3B01B78DBB10222114B80211A803C
S31508013BF00022104B02AD5A609D60D960284627AB5A
S31508013C00269A0193FFF79AFF041E03DA3C210A4814
S31508013C1023F02CF82146284617F0F2F8FFF7D0FFD3
S31508013C2023B0BDE8304004B0704700BFE91B00204F
S31508013C301844002058290020DD9C03080246F0B5E7
S31508013C4000285DD000254FF6F87729464FF6FF760E
S31508013C502E4B187801284ED15C6814F0800F14D0C9
S31508013C60A4040FD493F82C10022920D093F8381005
S31508013C7002292AD14FF6FF74998FA14225D0914284
S31508013C8023D1F0BD9C8A9442FBD093F82C000228DC
S31508013C9011D1188EB0420CD193F83810022914D1DB
S31508013CA0998FB14211D08A420FD10120E9E7014625
S31508013CB0EFE78242F9D093F83800022804D1988FA9
S31508013CC0B04202D08242F0D0A9B1986881B211B14E
S31508013CD037EA00040CD1B1EB104F81EA104403D046
S31508013CE024F00701B9420DD180B268B1083CA1B2EE
S31508013CF08A42DAD001210135052D03F14803A8D1FD
S31508013D000020BEE72146F3E70721F1E7042000205A
S31508013D1070B506460024094D15F8083C012B04D157
S31508013D2029463046FFF7A0FB30B90134052C05F1C9
S31508013D304805F1D1FF2070BDE0B2FCE70C20002058
S31508013D40704770B50428054696B06AD86E4634227F
S31508013D50FF2109A822F0C6F81022FF21304622F0D9
S31508013D60C1F848226A433F4CA318A25C012A44D1F0
S31508013D708DF824205A680A921A7C002A53D19B6826
S31508013D800B93482303FB05439A7D12F01C0F18BFBA
S31508013D901C338DF835201CBF0FCB86E80F0048234E
S31508013DA003FB054191F82C20032A8DF8462045D1BD
S31508013DB003FB0543D3F82E00D3F8321012AA03C227
S31508013DC0D3F83A00D3F83E1003C2482101FB054255
S31508013DD092F83830032B8DF8473001D0002B38D1B3
S31508013DE001FB0544D4F82E00D4F8321012AB03C3F4
S31508013DF0D4F83A00D4F83E1003C305F5813009A971
S31508013E00342200F5C0701AF0FBFB04A8FBF7EAFFA1
S31508013E100723314604A88DF810308DF81150FDF7A7
S31508013E2077FF16B070BD022AABD1D96898685B7C5A
S31508013E300BAA82E803008DF83430A2E7002AB7D02E
S31508013E40022A01BF0B8EADF84830CB8DADF84A304A
S31508013E50BBE7022B01BF938FADF85030538FADF8F6
S31508013E605230CAE7042000202DE9F0410027404CD2
S31508013E7096B007F58130342209A900F5C070FDF71F
S31508013E80DFF8E84604A8FBF7ADFF0723414604A877
S31508013E908DF810308DF81170FDF700FA9DF8243071
S31508013EA0FF2B04F83A3C07D10137052F04F14804E2
S31508013EB0DFD116B0BDE8F0810A9D9DF83530A4F131
S31508013EC01E0604F8243C44F8365C98E80F0086E898
S31508013ED00F0015F002032FD0DDE90B01A4F132031F
S31508013EE083E80300022304F82A3C9DF8343004F8D9
S31508013EF0293C9DF8463025F4C065032B44F8365C09
S31508013F0004F80E3C1ED112AB03CB4FF6FD7344F8F1
S31508013F100C0C44F8081C24F8043C9DF84730032B84
S31508013F2004F8023C00D0D3B914AB03CB4FF6FD73AA
S31508013F30206061602381B7E70B9A04F82A3C44F8AC
S31508013F40322CD6E7002BDED0022B01BFBDF8483054
S31508013F5024F80A3CBDF84A3024F80C3CDDE7022B6C
S31508013F6001BFBDF850306380BDF8523023809BE70E
S31508013F703E200020FF20704770472DE9F041174683
S31508013F8090B0804668460D461E460CF0C3FA012FCE
S31508013F901BD0032F0DD0032406F0E2FCB04219D042
S31508013FA03146404618F0EFF929464046FBF7D2FE5E
S31508013FB010E018B9BDF800309907ECD41C4B1B88E2
S31508013FC09A0706D513F0080F1FE0194C2388DA075C
S31508013FD017D40224242328686968ADF82C300CAB61
S31508013FE0ADF82E8003C30BA810218DF838708DF813
S31508013FF03940ADF83A6019F06DF8204610B0BDE8C1
S31508014000F081D80607D413F0200FC4D1084B1C88B9
S31508014010C4F38004C0E703AB284607AA0BA9FEF739
S3150801402028FA23880028EED09906B4D4D1E700BF30
S31508014030842200201FB59B23ADF8043003688DF850
S315080140400E10CDF8063043680B2101A8CDF80A30C9
S3150801405019F040F805B05DF804FB2DE9F04F8DB075
S315080140609DF8607091467D2F05460C461A46169EA8
S31508014070BDF85CB0DDF864A003D938200DB0BDE801
S31508014080F08FDFF86481B8F80000362865D0382843
S3150801409070D0342801D00120F0E717BB4D4A1278B9
S315080140A0022A19D1002D37D14FF6F7739C42F2D85F
S315080140B00020A8F810B0FF23009032462146284672
S315080140C017F02AFC0028D9D1B37A1A9A1370B37A51
S315080140D01A9A00201370D1E7043A012AE2D9162068
S315080140E0CCE7BAF1000F36D03A4A1278022A02D042
S315080140F0043A012AF3D80BF0AFFB8742BDD85DB964
S315080141004FF6F7729442C6D83946504615F074FEF2
S315080141100028CED11920B1E7022D0DD12E4A1278E9
S31508014120A242B8D92D4A32F814104FF6FD729142BF
S31508014130B1D8002FBCD0E7E7012DACD10AAA0DF101
S315080141402601E0B20DF024FC254A1278A242A2D932
S31508014150BDF82610E9E7212090E71A9B4846CDE9E4
S3150801416003A3CDE901B7334600950BF039FB0028C7
S31508014170ADD083E767B30793BAF1000FEBD03946A1
S31508014180504615F039FE079A03460028C2D04FF665
S31508014190FF71894518BF88F812204FF6F7721CBFC0
S315080141A01049A1F80090944208D84FF6FD744FF6CD
S315080141B0FF7298F81310002918BF1446A8F810B012
S315080141C03246009321462B46032017F0A5FBCEE77E
S315080141D03B46DCE7173500201D4500204C340020FE
S315080141E09C440020504600205829002038B50C462A
S315080141F00146054631F8023B082223701B0A637003
S31508014200A01C21F077FEAB7A04F10E01A372EB7ABA
S315080142100120E3722B7B23736B7B63732A69BDE8E9
S315080142203840FBF727BE07B502460F49C8B13F28F4
S3150801423017D00B7A0133DBB2C8790B7298420DD8C5
S3150801424000230B72432301200DF10201ADF8003062
S31508014250FBF710FE0621684618F03CFF03B05DF82F
S3150801426004FB0023E8E700BF28450020192313B5FE
S31508014270044602460DF102010120ADF80030FBF7B4
S31508014280F9FD0621684618F025FF152C02BF022202
S31508014290014B1A7502B010BD58290020024A13684D
S315080142A0591C1160187870479034002038B50446B7
S315080142B0044D08462246296821F01CFE2B68234432
S315080142C02B6038BD903400200549064A8B6912686F
S315080142D09A1ADB2AD8BF187001338B61704700BF61
S315080142E0582900201C35002010B50446C0B2FFF736
S315080142F0EBFF200ABDE81040E6E710B5FFF7CEFF51
S315080143000446FFF7CBFF04EB002080B210BD10B5C1
S31508014310044680B2FFF7E8FF200CBDE81040E3E74A
S3150801432010B504460088FFF7DFFF6068FFF7EFFF67
S31508014330A068FFF7ECFFA089BDE81040D4E710B5E7
S31508014340FFF7DBFF0446FFF7D8FF04EB004010BD7B
S3150801435010B50446FFF7A2FF2070FFF79FFF6070B4
S31508014360FFF7CBFF211D60800820FFF79FFFFFF7AE
S3150801437095FF2073FFF792FF6073FFF7E0FF206157
S3150801438010BD38B5084A094D1268AB6904469A1A30
S315080143900244DC2A04DC0246184621F0ABFD03463A
S315080143A02344AB6138BD00BF1C35002058290020C5
S315080143B00EB477B5054607AB53F8046B0193013E76
S315080143C016F8013F23B903B0BDE8704003B0704742
S315080143D0019A622B02F104011468019133D0703BF2
S315080143E0D9B20729ECD8072BEAD801A151F823F04D
S315080143F061440108C1430108C14301081144010888
S31508014400C143010811440108234401083544010840
S315080144101DB1FFF743FF2070D2E72078FFF754FF5D
S31508014420CEE71DB1FFF769FF2080C9E72088FFF7AE
S315080144305BFFC5E71DB1FFF782FF2060C0E7206873
S31508014440FFF765FFBCE702F10803019353682146AC
S31508014450187815B1FFF72AFFB2E7FFF792FFAFE722
S3150801446002F108030193002DAAD004485368016894
S315080144701B780B4403602160A2E700BF903400203B
S3150801448010B504460078FFF71FFF6078FFF71CFF99
S315080144906088FFF729FF211D0820FFF772FF207B9F
S315080144A0FFF712FF607BFFF70FFF2069BDE8104099
S315080144B02DE7014610B504460820FFF7F7FEFFF77A
S315080144C01CFF2081FFF7EAFEA072FFF7E7FEE07204
S315080144D0FFF7E4FE2073FFF710FFE081FFF7DEFE2A
S315080144E02074FFF72CFF606110BD10B50446FFF775
S315080144F004FF2080FFF701FF6080FFF7CFFE2071E0
S31508014500FFF7CCFE6071FFF7F8FEE080FFF7F5FED6
S315080145102081FFF7C3FEA07210BD10B50446007ACC
S31508014520FFF7D2FE237A4BB92068FFF7F0FE206821
S31508014530FFF7EDFE607ABDE81040C5E6022BF9D11A
S3150801454021460820FFF71DFFF4E710B50446FFF7DB
S31508014550A5FE207248B9FFF7F2FE2060FFF7EFFECD
S315080145602060FFF79BFE607210BD0228F9D1214633
S315080145700820FFF79BFEF4E738B500F10C0400F1BB
S31508014580240514F80C0CFFF79FFE14F80C3C013BAC
S31508014590012B0CD934F8020CFFF7A6FE0820A4F16A
S315080145A00A01FFF7EEFE0C34AC42EAD138BD34F805
S315080145B0080CFFF799FE34F80A0CFFF795FE34F854
S315080145C0080CFFF791FE34F80A0CFFF78DFE34F854
S315080145D0080CFFF789FEE6E7F7B5494D2B889907D9
S315080145E004D440F63F41474822F040FB464F3B780A
S315080145F0053B012B04D940F64141424822F036FBDE
S31508014600424EB36A23B940F644413E4822F02EFB96
S315080146102C88222014F0200459D024F0C7F84FF42E
S315080146207A74FEF79AFFB36A1B780933434304EB9E
S31508014630C3043B78A4B2062B0BD122F0E3FF07464D
S31508014640FEF78BFF602358430C2303FB0700204426
S3150801465084B22A882E4F52054FF06402B16A4CBFC4
S315080146600020B1F801000B783A7196F82C2058BF52
S31508014670C0F34010322ADEBF5200C2F164023A7119
S315080146803A79244E502A38BF50223A710022FC60EA
S31508014690013B009240F00804802230689BB221F069
S315080146A09CFC20B14FF43B61164822F0DFFA2B88B7
S315080146B0397C13F0200F3068174B79740AD00093B0
S315080146C02246164B22F060F870B903B0F0BD24F00B
S315080146D06DF8A6E7224622F055F828B9252003B039
S315080146E0BDE8F04024F062B8262024F05FF840F6D1
S315080146F0F431044803B0BDE8F04022F0B7BA00BF70
S315080147003E1D002092890308401D002058290020DB
S3150801471050460020441D0020544600204C1D002010
S315080147207FB50023CDE901330393FF238DF80430C8
S31508014730EFF31186302383F311880F4C0F4D627CFA
S31508014740237C9A420CD0217C286801AA617422F044
S315080147501DF850B140F60821094822F087FA04E00D
S31508014760286821F0F3FF0128EDD086F31188BFF3FD
S315080147706F8F04B070BD00BF50460020441D002055
S315080147809289030870B5284B1B7823B140F6FC3192
S31508014790264822F06BFAEFF31185302383F311884B
S315080147A0234B198811F0060109D001214FF48070B5
S315080147B022F042FF85F31188BFF36F8F70BD4FF466
S315080147C0807022F039FF16F033F80228044608D122
S315080147D08022184B8021186821F0A6FBFFF7A0FF5D
S315080147E0E8E738B1012807D040F631410F4822F0F1
S315080147F03DFADFE70246ECE7FF220E4E0E4B306824
S315080148005A7420F093FA306821F0A0FF0128D1D01C
S3150801481022462146306821F09BFF2C2023F0C6FF53
S315080148200A2023F0C3FFC5E7401D0020928903082B
S315080148303E1D0020441D00205046002010B50446A8
S31508014840FFF7A0FF204614F0EDFBBDE8104015F078
S3150801485025BF08B50A4B93F82D2082B901221028E5
S3150801486083F82D2004D040F69D61064822F0FEF912
S315080148700021202022F0E0FEBDE80840ACE608BD94
S31508014880582900209289030837B5194C94F9133031
S315080148907F2B28D14FF6FF7302220DF10601154829
S315080148A0ADF80630FCF7CCFBBDF80610CA054CBFBF
S315080148B06FF04A0149B2EFF31185302383F311886A
S315080148C00D4BE1741B88DB0709D50C4B186821F0E1
S315080148D050FB20B140F67861094822F0C7F985F303
S315080148E01188BFF36F8F94F9130003B030BD00BF71
S315080148F050460020641002C03E1D0020441D0020C1
S315080149009289030838B5094C094D22682B689A42E1
S3150801491004D94FF48771074822F0A8F92868236853
S31508014920C01A20F0010080B238BD00BF7C150020F6
S3150801493078150020098903080EB42DE9F0413F4B8B
S31508014940A3B018803E4B02AA00259A60802229ACA2
S3150801495054F8046BDA6000945D60013E16F8013F75
S315080149609BB3A3F13002092A07D805EB850503EBAA
S315080149704503303B03F0FF05F0E7622B4AD016D812
S31508014980462B3CD006D8422B2ED0442B24D08DF86A
S3150801499004302FE0572BFAD101A9012054F8042B32
S315080149A0FBF768FA022101A816F02AFAD6E76C2B5A
S315080149B022D0702B01D0662BE9D154F8040B294675
S315080149C016F01EFA05460028C8D0FFF7F9F823B0F5
S315080149D0BDE8F04103B0704701A9012054F8042B42
S315080149E0FBF748FA0421DEE7012054F8042B01A954
S315080149F0FBF740FA0121D6E714F8045BAEE7002578
S31508014A0054F8040B435D0BB9EDB2D8E70135FF2D18
S31508014A10F8D1D4E734F8048BB8F1000F9ED040469C
S31508014A2022F0C4FE0746404622F0A4FE0146384657
S31508014A3016F0E6F9002891D0C7E700BF1844002010
S31508014A40582900202DE9F341404CDFF8208105461D
S31508014A50D8F80030A0690E46C01A83B2DC2B174677
S31508014A605BD9DC20FAF7A4F9822394F82E201AB12F
S31508014A70002384F82E30822394F82F2022B10022B5
S31508014A8043F0010384F82F20314A118809B143F014
S31508014A9004031FB1002E45D043F00803D8F80010CF
S31508014AA04B706B1EDBB2012B03D81388002B18BF82
S31508014AB0002584F83050274DFAF76CF92C882046E2
S31508014AC022F058FE022830D84FF48F71224822F07E
S31508014AD0CDF8224B197801F14003DBB2022B2AD912
S31508014AE001F0A003A02B04D00B0624D57E20F6F7EF
S31508014AF085FB4FF07E63B3F8403013B12046F6F7D5
S31508014B003FFD214606B3164823F02AFE00232B80D3
S31508014B1002B0BDE8F041F6F77FBBC0B2FAF748F933
S31508014B208023A2E743F01003B8E7204622F022FECD
S31508014B30DC28C9D8CDE7CDE90014842302223D201B
S31508014B400849FFF7F9FED4E70748DDE758290020A9
S31508014B50483400201A350020FF9C0308AB140020B6
S31508014B60A6140020659D0308A41400201C35002006
S31508014B702DE9FF414FF0FF330024061D304601A9F8
S31508014B808DF80C400193FEF76FFC164F054620B1D0
S31508014B90154B3C801C80012509E03B883BB1DFF8B9
S31508014BA04880B8F8000023F0F3FD044618B92846F2
S31508014BB004B0BDE8F081204622F0F8FD011D30461B
S31508014BC0FEF752FC214640B1074816F0C3FD3B8863
S31508014BD0002BE0D0013B3B80DDE7B8F8000023F06D
S31508014BE0DCFDE2E77C3900207E39002070B50646F7
S31508014BF00E480388C3B116F0C1F8054622F0BAFD7E
S31508014C000B4B044628461D8022F0D0FD094B50FA6D
S31508014C1084F41860084B012293F8300031469C61F0
S31508014C20FFF710FF012070BD1846FCE74834002045
S31508014C301A3500201C3500205829002038B5254B87
S31508014C40024693F83130012B30D1008822F086FDD7
S31508014C50024650B33021204CEFF3118581F31188B8
S31508014C60438823434380808822F078FD85F31188A1
S31508014C70BFF36F8F18B1B0F90230002BECDA30218F
S31508014C80154CEFF3118581F311885388D088234396
S31508014C90538022F063FD024685F31188BFF36F8FB7
S31508014CA018B1B0F90230002BEBDA38BD022BFCD172
S31508014CB0EFF31181302383F31188008822F04EFD2A
S31508014CC018B10388C3F30E03138081F31188BFF368
S31508014CD06F8FEAE7582900200080FFFF08B50348CF
S31508014CE0FFF7ACFFBDE808400148A7E77E39002079
S31508014CF05A29002038B50948FFF7A0FF0024084DB6
S31508014D0095F84430E0B2834200D838BD05EBC000BF
S31508014D100430FFF793FF0134F2E700BFB01C00200F
S31508014D20101C0020004889E78A290020F8B50546A5
S31508014D3022F014FD0E460446D8B122F0F7FB20B93D
S31508014D4040F2FB41204821F091FF284622F012FD4E
S31508014D5007462046FEF776FAB742054609D004D833
S31508014D6040F20351184821F081FF2288D20B01D065
S31508014D702681F8BD20466680FEF75CFA034604EBF9
S31508014D804000EFF31181302686F311880F4E3768FC
S31508014D90AF4209D1306081F31188BFF36F8FFF21CC
S31508014DA0BDE8F84021F09EB82D1AAAB281F3118800
S31508014DB0BFF36F8F072AF2D90021083A44F8131076
S31508014DC041604280D5E700BF098903087C150020A8
S31508014DD02DE9F84F0F469DF82C90834609F10300FB
S31508014DE053FA80F00021384492461E4622F038FDD7
S31508014DF0DFF86C80054620B9012388F82F30BDE815
S31508014E00F88F22F0D3FC98F83830044603708023D3
S31508014E10437001233A4683705946033021F02FFE29
S31508014E202EB1F81C32465146204421F028FEB9F12C
S31508014E30000F04D00A9B3C441A78A319DA7098F833
S31508014E4030300648013B012B98BF0023294698BFFD
S31508014E5088F8303023F084FC0120D0E7483400205C
S31508014E60582900202DE9F047022988B080460F46C7
S31508014E7015461C469DF844A0DDF848900CD858B153
S31508014E802B4B1E780136F6B21E702A4B1B78B3429D
S31508014E9002D8022011F088FC3F2342460DF10A018F
S31508014EA00120ADF80830FAF7E5FF23888DF80F5091
S31508014EB08DF811301B0A8DF81230638817218DF889
S31508014EC013301B0A8DF8143023792D0A8DF8153005
S31508014ED0637902A88DF81630E3888DF80E708DF87F
S31508014EE017301B0A8DF8183023898DF810508DF864
S31508014EF019301B0A8DF81A30A37A8DF81B30BDF8C4
S31508014F004030ADF81C300C4B1B7D402B08BF4FF0D1
S31508014F1000094FF0000308BFCA46CDE900334A46E7
S31508014F2053468DF81EA0FFF753FF08B0BDE8F0877A
S31508014F30C91F00200F3900205046002010B5EFF395
S31508014F401184302383F31188034815F017FF84F37E
S31508014F501188BFF36F8F10BD922900202DE9F74FF5
S31508014F60044600881F4622F0F9FB88461546064680
S31508014F7022F0DCFA20B940F2FE61414821F076FEC2
S31508014F803388DB0B019306D033892B443381002008
S31508014F9003B0BDE8F08F208822F0ECFB814630464D
S31508014FA0FEF750F9EFF3118A302383F31188DFF8FE
S31508014FB0D4B0DBF8003083421FD1FFF7A3FCA84227
S31508014FC005D28AF31188BFF36F8F1A20E0E709EB40
S31508014FD0050373803FB1208822F0E8FB2A46414643
S31508014FE0484421F04CFD3046FEF72CF9CBF8000079
S31508014FF08AF31188BFF36F8FC9E78AF31188BFF364
S315080150006F8F208822F0B6FB2844019980B222F0DE
S3150801501027FC06460028D8D022F0C8FB81462088FE
S3150801502022F0C4FB8246208822F0A4FB51460246A0
S31508015030484621F024FD3046AFB122F0B7FB0746BA
S31508015040208822F097FB2A464146384421F017FD6D
S315080150500121208822F0C8FB01210246304622F0B0
S31508015060D7FB268093E722F0A1FB8046208822F011
S3150801507081FB2A463946404420F034FFE8E700BF61
S31508015080098903087C15002038B50588044623F0EC
S3150801509067FB05B1258038BD38B50446008823F07D
S315080150A077FB01460020451C09B980B238BD208826
S315080150B023F073FB01462846F5E770B505460088D7
S315080150C00C4622F057FBA042288809D222F052FB4F
S315080150D00023221A19462846BDE8704092B23DE7D8
S315080150E02146FFF723FE002070BD38B50C4605465C
S315080150F022F040FBA04203D82D21044821F0B6FD39
S31508015100284622F053FB204438BD00BF6A9D030898
S3150801511070B506460D4622F049FB044648B13046AD
S3150801512022F028FBA84203D83521024821F09EFD2A
S31508015130605D70BD6A9D03082DE9F047DFF8689048
S315080151400546B9F800000F461646984623F020FB97
S315080151504FF0000A0446BCB1D5B15FFA8AF0804522
S315080151600AF1010A19D1204622F004FB411E89B22F
S315080151702046FFF7CDFF0FB1C30705D5FF2E04D093
S31508015180C0F34100864200D000242046BDE8F087DE
S3150801519029462046FFF7BCFFE1E72146B9F800009A
S315080151A023F0FBFA0446D6E74A34002008B5094A33
S315080151B0034692F83C20824209D901210022084679
S315080151C0FFF7BAFF18B1BDE808400021A0E7FF20A4
S315080151D008BD00BF58290020002210B503460C4619
S315080151E010460121FFF7A8FF70B122F0DFFAB0F8E7
S315080151F001302380B0F803306380437923718379C2
S315080152006371C3790120A37110BD0B46002170B5E6
S31508015210064614460846FF22FFF78EFF054680B16B
S3150801522022F0A8FA411EC9B22846FFF75EFF2EB141
S31508015230238803F007030370002070BD03782380D9
S31508015240FAE73620F9E770B50C460646154622F008
S3150801525091FAA04203D83E21044821F007FD3046C1
S3150801526022F0A4FA00B1055570BD00BF6A9D030876
S3150801527038B5054622F09AFA0446284622F07AFA03
S3150801528001462046BDE8384014F0B6BDF8B51646C5
S315080152900C461D46BDF8187022F088FA04443046BB
S315080152A022F084FA3A4641192046BDE8F84020F032
S315080152B021BE70B50C46013189B20646FFF728FFB3
S315080152C0214605463046FFF723FF00EB052080B24D
S315080152D070BD70B5104E0546308823F059FA04465C
S315080152E000B970BD03212046FFF7E3FF3F2804D02C
S315080152F02146308823F051FAF1E709212046FFF7C4
S3150801530007FF0228F4D10A212046FFF701FFA84228
S31508015310EED10120E5E700BF48340020F8B5194E63
S315080153200546308823F034FA04461DE00321204659
S31508015330FFF7BFFF45281FD11B212046FFF7E8FECF
S31508015340A84219D105212046FFF7E2FE831EDBB2EA
S31508015350012B0CD82146308823F01FFA074621462F
S31508015360084816F0F7F93C46002CDFD1F8BDFF22B4
S315080153701B212046FFF767FF2146308823F00DFAE7
S31508015380D2E700BF4834002037B5144B05465B7D8C
S31508015390113B012B0ED98D24322368460721ADF81E
S315080153A000308DF802508DF8034017F093FE204621
S315080153B003B030BDFFF78DFF0028ECD128460CF06D
S315080153C043FA044618B92846FFF7A8FFE4E740F66A
S315080153D004439842DFD08824DEE700BF5046002008
S315080153E070B51546002203460E4610460121FFF701
S315080153F0A3FE044688B122F0D9F9012E14BF08216B
S315080154008179204602BF49000831C9B201EB45013D
S3150801541001F0FE01BDE870404BE74FF6FF7070BD25
S315080154202DE9F0410C46013189B20646FFF770FEB7
S31508015430214607463046FFF76BFEE11C054689B251
S315080154403046FFF765FEA11C804689B23046FFF754
S315080154505FFE05EB072500EB082005EB0040BDE8DC
S31508015460F0812DE9F34106460F4615460AB90DF1B5
S3150801547007050121304622F0B7F920B1304601214E
S3150801548022F0B2F90646002130462970FFF711FFCE
S3150801549010F0400F2B7802D1B0F5804F0CD2042FB3
S315080154A014D10333D9B2297010F4406F00F0F1809A
S315080154B03046FFF7FEFE17E00124991CC9B2012FF9
S315080154C0297005D13046FFF723FE0DE00024F4E7E5
S315080154D0D91CC9B2022F297000F44062E4D032B94E
S315080154E0032F12D14FF0FF3002B0BDE8F081591DEC
S315080154F0C9B2032F297003D1B2F5006FD8D0F1E7ED
S31508015500B2F5006F05D107332B70042F06D1297820
S31508015510CEE7B2F5406FF8D10D33F5E714B12B7824
S3150801552002332B70052F00F4404003D1B0F5004F2C
S31508015530D8D1ECE7B0F5004F2B7810D102332B7098
S315080155400D2F2C7810D030462978FFF7E1FD030698
S3150801555011D4062F804615D02978013119E0B0F506
S31508015560404FEDD10833EAE7304622F003F9844289
S31508015570E9DB0020B8E730462978FFF79AFE062FBF
S31508015580804601D14046AFE710F0800F2978E4D074
S315080155900231C9B20D2F297022D1304622F0EAF81C
S315080155A02B788342E5D208F03C020C2AE1D140F27D
S315080155B0037218EA020F2ED104332B7008F4E06344
S315080155C0B3F5007F08BF2B7808F4805804BF013370
S315080155D02B70092F2AD1B8F1000F83D0297807E05B
S315080155E040F20373072F08EA030306D1002BC0D143
S315080155F0304602B0BDE8F04112E713B92B780433FF
S315080156002B70082FDAD108F4E060B0F5007F7FF43B
S3150801561069AF297856E708F4E062B2F5007F08F425
S31508015620805804BF01332B701FFA88F8B8F1000FB0
S3150801563002D02B7804332B700A2FEAD00D2F0DD107
S31508015640304622F097F82C78A04292D90134E4B278
S315080156502C70B8F1000F13D1012045E72B780B2FD9
S3150801566003F101032B703FF43DAFB8F1000F3FF48E
S3150801567039AF304622F07EF8011FC9B22970B7E763
S31508015680304622F077F803348442ACBF002001206B
S315080156902AE7FF232B7025E7F7B504460E46402077
S315080156A00021174622F0DCF80546ADF8060022F07F
S315080156B07DF815B9002003B0F0BD40213B463246BE
S315080156C02044FDF747FE211889B20DF10600FFF7C0
S315080156D0F4FC0028EED1BDF80600ECE708B417B5CE
S315080156E0144605AB53F8042B091B89B220440193D0
S315080156F0FDF730FE03B0BDE8104001B070470EB4A7
S3150801570003B503AA52F8041B0192FFF7C5FF02B0BD
S315080157105DF804EB03B07047036910B55BB18268A5
S31508015720064B9A4201D1002010BD446922F080FF40
S31508015730201AF9D5F7E74FF0FF30F5E749330108A5
S3150801574038B502784B4D04462B889AB9426042789F
S31508015750072A1FD1562B484A04D1937DC3F1630307
S31508015760237205E0037AA3F162014B424B4193751B
S315080157700123237021782B88002939D1012222702F
S3150801578062786160002A34D1562B3C4B2ED11B8896
S3150801579023722DE0042A65D1562B374B01D11B7D87
S315080157A0DEE7027A1A75E3E7227A1A70E0E7022A37
S315080157B002D1562B324B59E0092ADBD1562B02D19D
S315080157C095F83D30CCE7237A002B14BF012300233B
S315080157D085F83D30CCD0284B1B8B002BC8D04FF415
S315080157E07A712848594322F0A5F8C1E7227A1A8026
S315080157F038BD052A0DD1562B04D195F83E3043F014
S315080158005003C5E7237A03F00F03237285F83E3068
S31508015810EEE7062A0DD1562B04D195F83F3043F011
S315080158206003B5E7237A03F00F03237285F83F3047
S31508015830DEE7012A217006D0082AD9D1562B0DD1C7
S3150801584095F8403003E0562B0B4B02D15B7D237252
S3150801585001E0227A5A7501232370C9E7237A85F86C
S315080158604030F8E7032AA2D1562B074B9CD11B7867
S3150801587076E700BF582900205046002084220020E0
S3150801588026450020601F00201C4500202DE9F04117
S31508015890664B96B01B8805AD07C885E807002BB18E
S315080158A0634E308822F074FF044610B916B0BDE87D
S315080158B0F081204621F07AFF011D2846FDF7D4FD27
S315080158C0002800F0888000261423324621460096D7
S315080158D004A822F00BFF204621F04CFF142805D915
S315080158E0204621F047FFA0F11406B6B2204621F062
S315080158F05DFF3146143014F07FFA0446002866D05D
S315080159009DF820204B4E8DF80F2072889DF8113096
S31508015910002A5CD1002B0CBF812201229DF81C3084
S315080159208DF82420022B5BD103CD0C238DF825306D
S31508015930FF238DF827308DF828308C238DF83130E8
S3150801594082238DF832309DF81D30CDF82D10CDF813
S3150801595029008DF833300DA90DF12408A1EB0801B2
S3150801596089B2404614F048FAADF8240021F002FF46
S31508015970012305461A4640460DF10F01FFF7EEFAD7
S3150801598028BBBDF8240021F0F5FE0746204621F084
S31508015990F1FE391889B24046FFF78FFB0746B0B9C1
S315080159A02046BDF8248021F0E5FE691C3B4600909F
S315080159B0C9B240462246FFF769FC9DF80F3014210B
S315080159C01D48A6F8028086F8413021F0B3FF04A8E5
S315080159D0FFF7CEF86AE72146308822F0DEFE63E754
S315080159E008228DF82520EBB9FF22059B8DF8272083
S315080159F023B96FF072430BA90A93ADE76FF0E6423C
S31508015A000A9280228DF82C201A0A8DF82D308DF8ED
S31508015A102E201A0C1B0E8DF82F208DF830300DF123
S31508015A20310199E70DF1270196E700BF7C3900207E
S31508015A307E39002058290020201F00202DE9F04F2B
S31508015A401446F5B01F469DF8FC31804600220E46E5
S31508015A502046062104939DF8F891FFF702FD0022DE
S31508015A60062105902046FFF7FCFC002205460A217F
S31508015A702046FFF7F6FCB8F1010F5FFA80FB06D066
S31508015A80B8F1040F00F0C08175B0BDE8F08F1BA80E
S31508015A90FAF7A8F909230DF1200C8DF86C300DF5EC
S31508015AA0047E80AB624618685968083303C2734599
S31508015AB09446F7D108A91BA8FCF72AF91BA8FCF7F5
S31508015AC0CDFA3B7A022B18BF3A680DAB14BFC3E96E
S31508015AD00022D7E90001849A08BFC3E900019A6048
S31508015AE005220A211A7320460DF11E02FFF7B9FC99
S31508015AF006210DF11F022046FFF7B3FC0C210DF11B
S31508015B001D022046FFF7ADFC00219DF81E309DF8C9
S31508015B101FB0FC22804635A80293349120F0E2F9A1
S31508015B205946204634AA09F074FDA0F1040A5FFA21
S31508015B308AFABAF1F80F029B40F229814FF0070A57
S31508015B4000220A212046FFF78CFC5FFA80FB05F448
S31508015B50804300220A2120460293FFF782FCC0B245
S31508015B60E02840F07881002206212046FFF779FCDB
S31508015B70400640F179810121204621F035FE0028B1
S31508015B8000F084810121204621F02EFE0390012197
S31508015B90204621F029FE002800F07A8101212046BD
S31508015BA021F022FE05460B2134AA2046FFF759FCAF
S31508015BB0284621F0DFFD0022054606212046FFF78B
S31508015BC050FC9DF8D030C0F30030ED1A0B21A5EB3F
S31508015BD0800534AA2046FFF744FC0023EDB2009362
S31508015BE09DF8D0202B4603991BA822F07FFDFF2E96
S31508015BF015D048237343B049CA18CB5CFF2B0ED086
S31508015C005368B9F1000F03D1590408D4927D32B90A
S31508015C104821A94A43F4C06301FB0622536008A838
S31508015C200EF09AFEA54BA64893F9422093F8431025
S31508015C3000238DF8D0A000EB530C9CF811C001335A
S31508015C406145DBB280F02681062BF4D10723073B99
S31508015C5018BF01239B0105992046C1F3801A6FF0ED
S31508015C606C018A42B8BF0A46082AA8BF08226E32C2
S31508015C7042F346021344012100228DF8D130FFF781
S31508015C80F0FB35ABC4B28DF8D24097E8070083E83C
S31508015C900700049B2A468DF8E130029B1BA9002BBD
S31508015CA01DBF884B01271B88002717BFB3FA83F34B
S31508015CB0029B5B095B001F43849B0DF1F20039933C
S31508015CC08DF8E0908DF8E2A08DF8E3708DF8E8B0D4
S31508015CD0CDF8EC808DF8F0608DF8F15020F0CFFE0C
S31508015CE00DF5AC7E0DF1200CBCE80F00AEE80F00F7
S31508015CF0DCF800308DF83840CEF80030C523ADF811
S31508015D003430BDF8D030ADF836309DF8DC308DF83A
S31508015D103930002B40F0C780359C012022460DF111
S31508015D203A01FAF7A7F8224601200DF13E01FAF7E2
S31508015D30A1F89DF8DD30849A8DF84230049B0DF167
S31508015D40470101208DF844308DF843908DF845A020
S31508015D508DF84670FAF78EF8424613A901208DF898
S31508015D604BB0FAF787F80DF1520156A88DF8506035
S31508015D708DF85150FEF73AFA00231E21CDE900337A
S31508015D800DF1F2022B460DA8FFF722F87CE69B459A
S31508015D903FF6D4AEB9F1020F34AA18BFA3EB0B0331
S31508015DA0CDE900A208BF53464FF0000118BFDBB288
S31508015DB00DA814F0E1FA024600287FF4BFAE34AB11
S31508015DC000930290034659462046CDF804A009F0EF
S31508015DD04EFCB9F1030F029A0DD04822364B84992D
S31508015DE002FB06339A698A42BFF44EAE849A4FF093
S31508015DF0000A9A61A4E60A212046FFF732FB00F061
S31508015E00F000F028E9D13FE6B9F1000F1AD1FF2ECB
S31508015E1007D04822284B02FB0638D8F804305B0421
S31508015E2004D54FF0FF384FF0060A90E698F8163079
S31508015E30002BF6D14A4601212046FFF712FBC8F886
S31508015E401800EEE700220C212046FFF70AFB4FF067
S31508015E50030A80467BE600220A212046FFF701FB5A
S31508015E60C0B2E2283FF47FAE002206212046FFF7A2
S31508015E70F8FA00F0030001283FF47DAE029B002BDF
S31508015E803FF479AE3846FFF701FD74E603947EE6E2
S31508015E90254688E6022B04D9042B3FF6D8AE802383
S31508015EA0D9E6C023D7E6022B01BF35AB03CBCDF824
S31508015EB03A00CDF83E103CE704200020582900207E
S31508015EC0B49D03087C3900202DE9F04F8FB0804638
S31508015ED00F4616469946FDF71BFFBDF860A0054615
S31508015EE0002F39D10AAC3946102220461FF0FAFF95
S31508015EF0FF2D02AF22D048223F4B02FB05335A68D9
S31508015F00500401D49B7DCBB100220A215046FFF7EC
S31508015F10A8FAC0B2E02811D0CDF8189094E80F007D
S31508015F2087E80F000023524600932946434602207C
S31508015F300196FFF783FD0FB0BDE8F08FCDF81890F5
S31508015F4094E80F0087E80F00002301960093434663
S31508015F50524629460420ECE7BB1E012BEBD802ABBF
S31508015F60FF280AAC099338D00428DFF88CB027D962
S31508015F701022002120461FF0B5FF482303FB05BB6D
S31508015F809BF81630D906C3F3820201D4072A1FD11A
S31508015F9006B303F003039F420ABF16464FF0040CEB
S31508015FA04FF0010CCDF8189094E80F00099C84E88D
S31508015FB00F004346524629466046CDE90076B8E7C2
S31508015FC0482303FB00B31C330FCB84E80F00D4E747
S31508015FD0002EDED04FF0040CE4E710220021204603
S31508015FE01FF080FFCDF8189094E80F00099C84E80B
S31508015FF00F00CDE90076AAE7042000202DE9F0413B
S31508016000002286B00D210446FFF72BFA002800F07E
S315080160109D80002206212046FFF723FAC0F30725B3
S3150801602015F0050640F09280324606212046FFF714
S3150801603018FA070400F18A80324606212046FFF73E
S3150801604010FA40047AD4002201212046FFF709FA02
S3150801605005F0070506468DF81450002D79D12A4614
S3150801606007212046FFF7FDF90390674FF6B297F827
S315080160705030B3420BD19DF8142097F84C30934217
S3150801608005D1002B7FD17B6C039A9A425ED05F4B78
S315080160900DF10C0898E8070083E807004FF4FA6148
S315080160A05B4887F8506021F045FC0022062120460E
S315080160B0FFF7D7F900F0030001284FF000026ED16F
S315080160C00A212046FFF7CDF900F0F000F0283DD06F
S315080160D0002206212046FFF7C4F910F4C05FC0F379
S315080160E0C12233D106212046FFF7BBF902062DD47A
S315080160F065BB2A4606212046FFF7B3F9430602D4B3
S315080161004046FFF7C3FB002206212046FFF7A9F9FF
S315080161100022054606212046FFF7A3F90022064676
S3150801612009212046FFF79DF900940346C6F340323C
S315080161304046C5F3C121FFF7C7FE07E006213246EF
S315080161402046FFF78EF941067FF57DAF06B0BDE81B
S31508016150F081022DFAD105210DF10B022046FFF738
S3150801616080F9204621F022FB9DF80B1008220144F4
S3150801617003A81FF0BFFE002208212046FFF771F988
S315080161808DF8150071E7022B81D1082207F1440128
S3150801619003A820F064FC00287FF479AFD6E706212E
S315080161A02046FFF75EF910F00305CFD12A460621EE
S315080161B02046FFF756F910F4C05F11D100220A21D3
S315080161C02046FFF74EF900F0F000F028BED0002275
S315080161D00A212046FFF745F9C0B2E32893D1B5E76E
S315080161E02A4606212046FFF73CF9C0F3C1200228BA
S315080161F0E4D02A4606212046FFF733F9C0F3C12029
S31508016200032880D0A2E700BF582900209C29002036
S315080162106C4600200021014821F08CBB8C460020E9
S31508016220114B10B51B889B0704D440F6A6610F488D
S3150801623020F01CFD0E4B1B78053B012B04D940F6BB
S31508016240A7610A4820F012FD0A4CA36A23B940F651
S31508016250A961064820F00AFD002384F82D30BDE81F
S315080162601040FEF7B9B900BF3E1D00209289030808
S31508016270401D00205829002082681F4B70B59A429C
S31508016280044605681DD1EFF31180302383F3118885
S31508016290236923B1A34207D100222A601A6180F338
S315080162A01188BFF36F8F70BD1A4611461269A24253
S315080162B0FBD12A68A24208BF29600B61002323612A
S315080162C0EDE70369002BEED098426E6803D19D2154
S315080162D00A4820F0CBFC2B46B44209D122699D42DB
S315080162E018BF1A614FF0000308BF6A602361DAE735
S315080162F033463669F0E700BF49330108C69C0308EF
S3150801630041F65831014821F015BB00BFC0440020B1
S3150801631008B50548FFF7B0FFBDE808401022FF2180
S3150801632002481FF0DFBD00BF6C4600209C290020F3
S3150801633038B50D4D044695F841306888F32B0FD1D1
S315080163400A4B1B78032B0BD101220221084B14F0AF
S3150801635003FA08B100236B802046BDE838408BE775
S3150801636001220021024BF2E7582900204F3600206E
S31508016370BB34010841F65831014821F0DBBA00BFA8
S315080163806C45002010B4044669B1022A07D0032AD5
S3150801639007D0012A07D15DF8044B21F0CBBA0902CF
S315080163A0F9E70904F7E720465DF8044B64E770B599
S315080163B0084D00EB4004A60005EB840408F00EFE28
S315080163C008B1FDF730FFA279A188A859BDE8704048
S315080163D0D8E700BF284500200020E8E70120E6E7C6
S315080163E00220E4E70320E2E72DE9F04FDFF81093F6
S315080163F0BDB0F8F7CFFCB9F8000021F0BBF9BC4EE7
S3150801640007903268937803F0030101291ED1002110
S3150801641006910521B2F80150B2F80330B54C05F0E2
S3150801642003002380089010780A440021B24FA26124
S315080164303A60B24A15F0800584F8380011700AD01E
S31508016440582332202380FDF73FFF56E00121557876
S3150801645006910321E2E7227D22B93BB15823302078
S315080164602380F0E72D2B33D82A2B33D826889DF89D
S315080164701C00562E00F22881462E00F2A780272EF0
S3150801648040F2CC803046F8F71BF9B0BB3046F8F736
S31508016490D9FC90BBB6F5957F0CD2B6F5867F81F00F
S315080164A0E782762E01F22083662E01F20683142EE8
S315080164B001F0BF833046FCF727F9F0B93046FAF701
S315080164C091FFD0B93046F8F74BF8B0B90E2053E032
S315080164D0382BCBD1FDF7E2FEDFF828B233688046C8
S315080164E00533BBF800003B6022F052F94FF0010A70
S315080164F00646F6B9BAF1000FB8D17D497D4B0A684F
S3150801650093F83800107008688278002A41F01C86D2
S31508016510069A002A01F018861A88827001211A88BB
S315080165200898D31F5A425A413DB0BDE8F04FFEF7CD
S3150801653089BA03213046FEF7BCFE312812D1122151
S315080165403046FEF7E5FD804505D140F60F40FDF7DB
S31508016550DEFE4FF0000A3146BBF8000022F01DF9B5
S315080165600646C6E73228F6D105213046FEF7D0FDA4
S315080165708045F0D140F60F40FDF7C9FEBDE7A6F10B
S315080165808F030E2B3FF67EAF01A252F823F000BF10
S31508016590437901085F790108577A0108856401087A
S315080165A085640108197A010885640108856401086A
S315080165B08564010885640108856401088564010804
S315080165C08564010885640108C3780108A6F14703B3
S315080165D00F2B3FF657AF01A252F823F0E5780108D1
S315080165E085640108CB77010885640108856401087B
S315080165F085640108856401083F780108597901080D
S3150801660085640108856401084168010881690108F2
S3150801661085640108376C0108956C0108272E3FF639
S3150801662031AF01A353F826F013680108D978010898
S31508016630A96B01086B70010885640108DF6601080A
S31508016640BB76010885640108856401088769010824
S3150801665087690108CF760108CF76010885640108A4
S31508016660EF770108856401088564010885640108D6
S31508016670856401088769010885640108856401083C
S315080166808564010831790108856401088564010872
S315080166908564010885640108856401088564010823
S315080166A08564010885640108856401088564010813
S315080166B08564010885640108856401088564010803
S315080166C0257901082B7901089D2E1DD88E2E3FF6B6
S315080166D056AF652E01F0E180812E7FF4D3AE0528F1
S315080166E07FF60BAFA36905380344A36105E700BF2D
S315080166F01C3500205829002090340020A33400209E
S315080167001A35002048340020F12E01F0C68069D8D8
S31508016710AA2E00F0D582AB2E7FF4B4AE94220021C6
S3150801672017A81FF0DFFB0DF16D061BAB01930120C6
S315080167309649009619AAFDF73BFE9DF85C30002B99
S3150801674040F0288501238DF85C309DF86430043BC0
S31508016750442B00F20186DFE813F0E404FF05FF0588
S31508016760F204FF05FF05FF05FF05FF05FF058E0579
S31508016770FF05FF05AC05FF05FF05FF059505FF05A7
S315080167809A05A205A805FF05FF05FF05FF05FF05F3
S31508016790FF05FF05FF05FF05FF05FF05FF05FF05CA
S315080167A0FF05FF05FF05FF05FF05FF05FF05FF05BA
S315080167B0FF0590058E058E05FF05FF058E058E05DD
S315080167C085058905AE05D305FF051D05FF05DA050E
S315080167D0E005FF05FF05FF05EB05FF05CB05FF05F1
S315080167E0F105F705FC2E01F0B78040F205139E422C
S315080167F07FF448AEFDF752FD0546FDF74FFD042D22
S3150801680000F2D887624B84F8855083F899000020F6
S31508016810B2E6FDF743FD05461220FDF755FD0220B8
S31508016820FDF752FD48F22020FDF75EFD237D002B82
S315080168307FF463AE122D7FF460AE012323755CE607
S315080168400026CDE917661996FDF728FD0123342898
S315080168508DF85D0018968DF85C3048D019D8172840
S3150801686042D00FD898426DD00C2823D012285FD079
S31508016870052845D1474B484A1B7812789B1AADF82B
S3150801688064301BE02D2812D01A2834D1434B1B78CB
S31508016890F5E7412859D042280ED0392857D038284B
S315080168A04DD040282CD13A4B93F88230E7E73C4B40
S315080168B01D7801E094F85C50ADF8645017A8FCF710
S315080168C09BFC9DF85C3043B911F089FE9DF85C305C
S315080168D01BB92122ADF864301892324919AB18AAAE
S315080168E00020FDF765FD08E694F85D50E4E7284BBE
S315080168F093F87D50E0E71F281DD001D8182810D03D
S31508016900294B53FA86F292F86820F1B2FF2A21D070
S31508016910904206F10106F4D103EB8103D3F88030E6
S31508016920C6E71B4B93F87E30B3FA83F35B09A6E7F8
S315080169301E4B1B88A3E7164BB3F880309FE7144B11
S315080169401B8B9CE74FF40055B6E70525B4E74FF6D0
S31508016950FF75B1E7242810D007D80D2809D01E28BD
S3150801696009D000238DF85C30A8E73628F9D1104BF9
S31508016970DFE7104B8BE7142381E794F85E307EE757
S31508016980257D012D18D00220F6E500BF949D030848
S31508016990504600209C440020143900209F440020C2
S315080169A09D440020819D0308B49D03087A44002074
S315080169B08C450020A21F002000230DF15D02CDE9C0
S315080169C0173319932846A34919ABFDF7F1FC9DF82E
S315080169D05C2042BB9DF85D308DF85C50342B1892D3
S315080169E03AD00FD8172B32D02D2B14D00C2B29D0F7
S315080169F01A2B3DD1984BBDF86420197891420ED3D4
S31508016A001A7010E0392B31D0A3F1410101293AD886
S31508016A100223189307E0BDF86430022B01D921231C
S31508016A20F7E78E4A137017A8FCF7E6FB9DF85C306A
S31508016A3033B911F0D4FD9DF85C300BB921231893B5
S31508016A40189899E5BDF8643084F85C30EBE7BDF831
S31508016A50643084F85D30E6E7814BBDF8642093F82D
S31508016A607D109142DBD383F87D20DCE70E23D0E746
S31508016A70192B4BD042D8122B6CD0182B61D0052B71
S31508016A8051D0002203E0382B70D0402B73D07549C2
S31508016A9051FA82F595F86850D0B2FF2D1DD0AB4258
S31508016AA002F10102F4D101EB80010828BDF8642046
S31508016AB0D1F880300CD81978914232D31A70189BC4
S31508016AC03BB99DF85D30112B03D1674BBDF86420A6
S31508016AD01A709DF85C30002BA5D1012300228DF890
S31508016AE05C309DF85D301892242B4DD0362B53D04F
S31508016AF00D2B56D15D4BBDF8642081E71F2BC0D104
S31508016B00574BBDF86420A3F880208CE7584B5949A8
S31508016B101B7809789DF864205B1ADBB2991810294D
S31508016B2006DD192375E7534B1A789DF86430F5E7A6
S31508016B304F48017050490B704E4B1A7000224F4B4B
S31508016B405EE7BDF86430464AB3FA83F35B0982F817
S31508016B507E3068E747F23052BDF8643093423FF61B
S31508016B605EAF474A1380474A13805CE73C4BBDF842
S31508016B7064201A8357E7BDF86430022B3FF64FAFFE
S31508016B80374A82F882304EE7BDF864300A2B3FF661
S31508016B9046AF84F85E3046E73B4BBDF864201A8061
S31508016BA041E78DF85C203EE7267D012E41F05780AE
S31508016BB00538C5B20021284620F052FE07460028AE
S31508016BC001F07782009505230021B9F80020FEF728
S31508016BD05DFB3846ADF85C7020F0E8FD002185794B
S31508016BE090F807808DF848600378FF220846FEF77B
S31508016BF0A3FA10B121252846BEE4384620F0BAFD8D
S31508016C0045446D00083505F0FE058542F2D1334647
S31508016C10324612A917A8FEF7A1F905460028E9D1B7
S31508016C20BDF85C10194821F09BFD94F83C300133FE
S31508016C3084F83C30DFE700230120CDE917331993A7
S31508016C40134919AB0DF15D02FDF7B2FB17A8FEF763
S31508016C5077FDF0E6849D03089F4400209D440020AB
S31508016C6050460020B49D030863450020A21F00205A
S31508016C709C440020143900201639002015390020BB
S31508016C807A4400205C1D00208C4500204A340020EF
S31508016C90879D03080023CDE917331993FDF7FEFAFB
S31508016CA08DF85D0017A8FEF74BFD9DF85C301BB902
S31508016CB021228DF864301892AE4919AB18AA0FE64D
S31508016CC09422002117A81FF00DF9FDF7E7FA002312
S31508016CD01893012348288DF864008DF86C308DF8D7
S31508016CE05C300DF16D060AD810282ED8042800F05C
S31508016CF00381072800F0D180032800F0C38001230F
S31508016D0000228DF86C308DF85C309DF8643018924D
S31508016D10142B00F2FD80142B00F2FC80DFE813F03F
S31508016D204601FD001201FA00FA00FA00FA00FA001B
S31508016D300001FA00FA00FA00FA000D01FA00FA0059
S31508016D40FA00FA00FA001E01210111383728D6D8AF
S31508016D5001A353F820F000BF396E0108FF6C010842
S31508016D60FF6C0108FF6C0108A56E0108FF6C01089C
S31508016D70FF6C0108FF6C0108FF6C0108FF6C010834
S31508016D80FF6C0108FF6C0108FF6C0108FF6C010824
S31508016D90FF6C0108FF6C0108FF6C0108FF6C010814
S31508016DA0FF6C0108FF6C0108FF6C0108FF6C010804
S31508016DB0FF6C0108FF6C0108FF6C0108FF6C0108F4
S31508016DC0FF6C0108FF6C0108FF6C0108FF6C0108E4
S31508016DD0FF6C0108376F01085B6E0108636E0108D5
S31508016DE0FF6C0108FF6C01087F6E01085B6E0108E4
S31508016DF05B6E01085B6E0108B96E0108FF6C01083C
S31508016E00FF6C0108636E0108FF6C0108FF6C01083D
S31508016E10AF6E0108FF6C0108556E0108CD6E0108B9
S31508016E20E76E0108376F0108C96E0108FF6E010890
S31508016E30036F01080B6F01084F49504BCDE91B132E
S31508016E401BABCDE9006300204D4918AAFDF7B0FA3E
S31508016E50FFF753BB4B4B1B7800E000238DF86D30D1
S31508016E60EEE704230022314601208DF86C30F9F74C
S31508016E7001F89DF85C30002B3FF441AFE0E70323AE
S31508016E801B93DDE702238DF86C30FDF73BFD8DF88A
S31508016E906D00000A8DF86E00EBE7638EB3FA83F393
S31508016EA05B09DBE7FDF7F0FC8DF86D00E1E7364B92
S31508016EB01B8803F00303D1E74FF47A72334BD3F8F7
S31508016EC08430B3FBF2F3C9E7314BC4E7314B187889
S31508016ED00028E9D03048FEF71FFC4FF47A73B0FB5F
S31508016EE0F3F0C0B2E0E7294BB3F888308DF86D307E
S31508016EF01B0A8DF86E30A3E794F85F30AEE70F23CF
S31508016F00ACE7224B93F88A30A8E794F86030A5E7F6
S31508016F103D2B2CD08DF85C207AE094F861309DE702
S31508016F201E4B1B78332B06D003F0EF03A3F1430264
S31508016F305342534192E7012390E794F8623063F094
S31508016F407F038BE7114BB3F88C308DF86D301B0A34
S31508016F508DF86E3002238DF86C3071E7104B1B6982
S31508016F607CE7104A13780133DBB2137076E70E4BD0
S31508016F7071E700BF8A9D030807140208020200AAE6
S31508016F808D9D0308481D0020A61F0020504600209D
S31508016F90EC34002012390020801E0020173500200D
S31508016FA068360020A01F002062450020102301201A
S31508016FB012A9C64A03F056FABDF848308DF86D3065
S31508016FC01B0A8DF86E309DF84A308DF86F309DF8A2
S31508016FD04B308DF870309DF84C308DF871309DF836
S31508016FE04D308DF87230BDF84E308DF873301B0A6E
S31508016FF08DF8743014AB03CB10238DF86C309DF8E3
S315080170005C30CDF87500CDF87910002B7FF418AFF8
S3150801701002238DF86C309DF86430102B0CD03B2B75
S315080170201ED00A2B11D100231893A94B5D8825F090
S315080170308D056D056D0D05E012A808F087FBBDF8F5
S315080170404850189001238DF85C309DF85C30002B70
S3150801705001F081808DF86D502D0A8DF86E50EFE69E
S31508017060002318939B4B1D88ECE79422002117A84F
S315080170701EF038FF19AA012097491AABFDF798F9AE
S315080170809DF85C200DF16D0562BB012318929DF8F0
S3150801709064208DF85C30032A3AD8DFE802F002173B
S315080170A0273000209DF8681012AAFEF7AEF80223D1
S315080170B08DF86C30BDF8483018908DF86D301B0A84
S315080170C08DF86E309DF85C302BB30BE003238DF8F9
S315080170D06C30824B94F86320B3F88E308DF86D20AE
S315080170E0ADF86E301BABCDE90053ACE6BDF86800D0
S315080170F08DF86C3011F014FA8DF86D00F2E704235F
S315080171000022294601208DF86C30F8F7B3FED9E73D
S3150801711000238DF85C302123189300238DF86C30F9
S31508017120E0E79DF86C30012B40F0A5809DF86D30A5
S31508017130003B18BF012384F85F30002329E09DF83E
S315080171406D0068B1638E002B00F0B380002003F058
S31508017150D1F90023FF226386604B83F89020ECE780
S315080171605E4F97F89030FF2B40F0A3805C4B1D795A
S3150801717055B9294620F074FB608648B1012087F885
S31508017180905003F0B7F9D8E72844C0B20833EEE7C0
S31508017190192318939DF85C30002B7FF451AC01221A
S315080171A09DF864508DF85C20292D00F2D980292D8F
S315080171B000F2DC8001A353F825F000BFA173010892
S315080171C0F77301080F7401086D7301086D730108DF
S315080171D025740108257401086D7301083D6A0108C3
S315080171E04B740108DB740108017501088F750108E4
S315080171F06D7301086D7301089F7501086D730108A8
S315080172006D7301086D7301086D7301086D730108CB
S315080172106D7301086D7301086D7301086D730108BB
S315080172206D7301086D7301086D7301086D730108AB
S315080172306D7301086D7301086D7301086D7301089B
S315080172406D7301086D730108F9750108F97501086F
S315080172504D7601086D7301086D7301086D73010898
S315080172605F7601089DF86C30012B04D19DF86D30CD
S31508017270002B3FF462AF21238BE79DF86D30012B7C
S31508017280F9D15AE79DF86D20164BDA7055E79DF846
S315080172906D20154BBDF86E1023F812104DE75422D8
S315080172A0FF2111481EF01EFE47E7542200210F4810
S315080172B0F8E702236DE79DF86D30022BDBD94FF411
S315080172C07A725343054AC2F8843036E764EE010000
S315080172D0E83400208C450020919D03085046002083
S315080172E0CC9D03084C1D0020FA35002022350020CC
S315080172F09DF86D30B34A003B18BF0123137049E767
S315080173009DF86D30032BB6D884F8643015E7BDF8BF
S315080173106D20AD4BA3F892200FE79DF86D30AB4A6F
S31508017320AB4913700A8822F0030213430B8004E762
S31508017330BDF86D20A44BA3F88820FEE69DF86D20C4
S31508017340A14B83F88A20F8E69DF86D30003B18BFFB
S31508017350012384F860301DE700238DF85C3019E7B6
S31508017360342D3FF46CAB3D2D00F07C8100238DF864
S315080173705C309DF86430102B40F09781304613F04D
S315080173808BF90022ADF83820924ABDF87130904247
S315080173907FF454ABDC0740F16E812323FFF74FBB23
S315080173A09DF86C30102B23D1BDF86D20DDF87500E2
S315080173B0ADF848209DF86F20DDF879108DF84A2040
S315080173C09DF870208DF84B209DF871208DF84C2082
S315080173D09DF872208DF84D20BDF87320ADF84E202A
S315080173E014AA03C27C4A002012A903F03BF885E0DF
S315080173F021231893DEE09DF86C30012B7FF41EAB38
S315080174009DF86D3084F861300023FFF718BB9DF8AD
S315080174106C30022B7FF412ABBDF86D206A4BA3F8D2
S315080174208C20F1E79DF86C30022B7FF407AB052D14
S31508017430EAD14FF6FF72BDF86D109142E4D0624B66
S31508017440A3F89410A3F89620DEE75F4A9DF86C30FE
S3150801745092F898205D08B2EB530F7FF6EFAA6F00FA
S315080174603A4631465D481FF00AFB4FF4004327446C
S31508017470A7F86630ADF84C300023594A574812929E
S31508017480DAB295421CD8202D14D8012D05D1B4F8AD
S315080174906650B5F5004518BF0125504951486A009F
S315080174A01FF0EDFA504B1D70AEE730F8132001318D
S315080174B0B24206D14FF40043A4F86630FFF7BEBACC
S315080174C000213CAECAB206EB420232F8A86C32F988
S315080174D0A82C002AE9DA0133D2E70023BDF86D406A
S315080174E042491A464FF07F6001EA044108F092FAD0
S315080174F0E30703D50021302008F0DAFA002378E7FC
S315080175003B4BBDF86D401B783BB94FF6F7739C4270
S3150801751037D8204603F042FAF0E74FF6F672631EB3
S315080175209BB293422DD8204603F034FD48BB204632
S3150801753012A904F035F820B320460DF0FBFE0146EA
S31508017540F8B90122204604F01FF9D0B9204607F000
S315080175508FFDB0B9204621F0FCF890B92046FCF71A
S315080175606DFB70B9204603F019FA40F6074313225A
S3150801757003202049FDF7E0F940F60740FCF776FEBF
S31508017580BCE703F0EDF9A042B8D0022331E79DF834
S315080175906D30FF2B3FF438AF84F8843034E7BDF8FB
S315080175A06E3001209DF86D1012AAADF84830FDF72E
S315080175B02CFE18909DF85C30002B3FF4DAAEFFF7ED
S315080175C03FBA00BFEC340020504600209E440020FC
S315080175D0A61F00201FD1BACA64EE0100BE290020E9
S315080175E099008900E6280020E42800200000720797
S315080175F017350020C28D03089DF86C30042B7FF4E3
S315080176001DAA304613F048F8B94B232D1B7803F011
S315080176100F030DD11BB1B74B1B689842B5D3471C55
S31508017620B3D0030B1293B34BB34A18600423DAE6BB
S315080176301BB1B24B1B689842A7D3451CA5D0030BB7
S315080176401293AE4BAE4A18600423CCE69DF86D0042
S31508017650C31E012B3FF6F2A904F0F5FA4EE7022301
S31508017660FFF7EDB99DF86D20252A3FF6E7A9A5494B
S315080176700A70FFF7E4B9980748BF4FF47F434FF004
S315080176800202A14812A948BFADF83830F9F7D8FC6B
S315080176904FF6FF73BDF848209A427FF47EAE022268
S315080176A099480EA916F0ACFFAEE63B2B40F0828056
S315080176B0BDF86D20954B1A80A6E60120FDF796FACE
S315080176C0002840F04C8507232380FEF716BFFCF7F8
S315080176D0E5FD0628054615D10C2E3FF454A92820A8
S315080176E0FCF7F2FD8A4C8B4D0222204617A9F9F7C1
S315080176F0A7FC0134BDF85C00FCF7F6FDAC42F3D1FA
S31508017700FEF7FBBE082804D10C2E7FF480A8FFF7EC
S315080177103AB90B28F8D00C2E02D109283FF433A91F
S3150801772000275822394618A817971EF0DBFB7A4C12
S315080177302378AB4233D10C2E627815D01046FCF76C
S31508017740C3FD6278606817A9F9F77AFC092D05D196
S31508017750152200210DF1A2001EF0C4FB607817A9BD
S31508017760FCF70FFEFEF7C9BE17A96068F9F768FCB2
S31508017770FCF794FD94F8018040451BD1002317A915
S31508017780DAB2424519D3404617A9FCF78FFD60685E
S31508017790424617A916F034FF0020FCF7B8FD013759
S315080177A00B2F04F10804C3D10C2E7FF430A827202F
S315080177B0FEF7E2BE2120FEF7DFBE11F8012B0133E9
S315080177C0FF2ADDD03B20FEF7D7BE012117A8F7F720
S315080177D027FB38B9FCF79BFDBDF85C00FCF784FD77
S315080177E0FEF78BBE2120FCF792FD0020F6E7FCF799
S315080177F055FD0446FCF781FD0746FCF74FFD064695
S31508017800FCF74CFD390405463FF5BDA8032E3FF6A6
S31508017810BAA8012C3FF6B7A8404B24B232463946DE
S3150801782053F8340003EBC408FEF7ACFD002D18BF6E
S315080178303546A8F8047088F80650FEF7E8BFFCF745
S315080178402DFD012826D8354B00B203EBC00653F8A7
S315080178503000046964B1FDF75FFFB0F5803F14D3CA
S31508017860B0F1807F4FEA102311D30324000C85B2AF
S31508017870B679003E18BF01262846FCF735FD204695
S31508017880FCF722FD3046FEF7DEBD0124EFE7184678
S315080178900224ECE700242646EEE72A24204D35F893
S315080178A0020B013CFCF720FD14F0FF04F7D1652E0D
S315080178B07EF423AE5422214619481EF013FBFEF727
S315080178C01CBEFCF71AFD054620F0ADFEA4F888504B
S315080178D0A4F88600FEF711BEFCF7E0FC02F040FEB4
S315080178E0FEF7B1BD0220FCF712FD0020FEF7ABBD85
S315080178F0173500207039002063E51100743900201E
S3150801790023E1110062450020603202E08C45002027
S31508017910381002C04C1002C0889E0308EC460020AD
S3150801792022350020BB4908201AE703F019F855E764
S31508017930FCF7E3FCADF85C0017A804F029FEFEF796
S315080179401BBEFBF7F7FD4FF6FF73984204D0FCF711
S31508017950A5FC84F88A00C8E70120FEF774BD082350
S3150801796012AA8DF82E300DF12D03CDE901320393BC
S315080179700DF12E030120A84900930DF12F0217AB33
S31508017980FCF716FD46F665539DF82D1012989DF8DD
S315080179902F60ADF8303012F02FFA044618B91920C5
S315080179A0C0B2FEF750BDDFF86C820CADE6B103F04C
S315080179B007F84FF6FF770646ADF8387002F0D0FFA4
S315080179C002234FF44841CDE902537C203B46CDE9D9
S315080179D0008604940EAA12F02DFC0146D0B10022AD
S315080179E0104603F011F8DBE702F0EAFF074602F05A
S315080179F0B7FF02234CF66041CDE902537C203B4692
S31508017A00CDE90086049417AA12F014FC0146002851
S31508017A10E5D1C4E70120C3E710200EA9FCF746FC0F
S31508017A2012A91020FCF742FC17A8F8F7DBF909237D
S31508017A308DF85C30794B12A917A81B93FAF768F9E8
S31508017A4017A8FAF70BFB0EAA1146012015F069FBD8
S31508017A5010200EA984E6FBF76DFDFCF745FC042012
S31508017A60FCF732FC1820FCF72FFC0F20FEF7EBBCC5
S31508017A70A6F586731D2B00F2D382DFE813F05101B8
S31508017A80A9015E017D01B401BC01CB01D3017500D9
S31508017A9087003A01D102D102D102D102D102D10223
S31508017AA0D102D102D102D102D102D102D102D1022F
S31508017AB0D102D102D102DE01F101A6F167030F2B32
S31508017AC000F2AE82DFE813F07F0028004400AC0222
S31508017AD0FA00BE00AC02AC02AC02AC02AC02AC02CB
S31508017AE0AC02AC0270009F00B12E00F09980A82E5E
S31508017AF000F01883A92E7EF4DDACFCF7FEFB0446E4
S31508017B0012A90820FCF7D2FB102017A9FCF7CEFB17
S31508017B10204617AA12A994E2FCF7EFFB0DF15E01C4
S31508017B20ADF85C001020FCF7C1FB0DF16E011020C9
S31508017B30FCF7BCFBFCF7B2FB0DF17F018DF87E006B
S31508017B400820FCF7B3FB17A808F044FEFEF714BD9E
S31508017B5017A808F0DFFCFCF7DAFBBDF85C00FCF7B8
S31508017B60C3FB0DF15E01DEE617A8FCF7F1FB12A9CE
S31508017B7017A8F9F793FBFCF7CAFB102012A9FCF723
S31508017B8000FC17A8FCF77CFCFEF7B7BC17A8FCF7A6
S31508017B90DFFB12A91020FCF789FB12A917A8FAF72F
S31508017BA0B7F8FCF7B4FBECE7082017A9FCF77EFB4E
S31508017BB0FCF774FB20B117A8FAF79BF8FEF743BC4C
S31508017BC00220FEF740BCFCF798FB12A904460820E0
S31508017BD0FCF76CFB002317AD1A462946009312A839
S31508017BE007F086FF00287EF4C7AC03232046CDE9BB
S31508017BF00053084A042312A909F016F880F0010077
S31508017C00C0B2FEF7B9BCFCF749FBF8F779FCFEF7F9
S31508017C10B3BC00BFF71B0020989D0308004440042D
S31508017C200446E0B20134F8F76BFC142CF9D1FEF7DF
S31508017C30EEBD082017A9FCF739FB17A808F050FF75
S31508017C40FEF79ABCFCF72AFB7F4A0546D2F83011A3
S31508017C50D2F82C0112AB03C394F88B3013B1022569
S31508017C60FEF7C9BF794B1B7803F00F03022BF6D138
S31508017C7002F076FE0028F2D017A808F04BFC08227D
S31508017C8012A90DF15E001EF0EAFEA0B1704B83F851
S31508017C90AC5012F0E7F9054600287EF4ACAF012393
S31508017CA041F288316B4884F88B3084F88C301FF0A8
S31508017CB041FEFEF7A0BF2325FEF79DBF00252C46F2
S31508017CC0654B1E88EBB2B342BEF417AC17A8F8F79A
S31508017CD089F8204612AB0EAA17A9FAF7ECFB28B9C0
S31508017CE0322118A807F0FCFB0135EBE70134E4B2B1
S31508017CF0FAE717A8F8F79AFDFCF709FB9DF85C0067
S31508017D00FCF7E2FA9DF85D00FCF7DEFA9DF85E00E5
S31508017D10FCF7DAFA9DF85F00FCF7D6FAFEF790BE93
S31508017D2017A8FCF715FB12A917A8F9F7FBFEFCF72C
S31508017D30EEFA12A8FCF7F4FA23E7FCF7AFFA0EAD50
S31508017D40044629460820FCF7B1FA12A91020FCF7C7
S31508017D50ADFA17A8F8F746F895E8030004238DF855
S31508017D605C3018AB83E8030012A917A88DF85D40AB
S31508017D70F9F7CEFFFEF700BCFCF790FA044617A800
S31508017D80F8F730F804238DF85C309DF869300EA9B0
S31508017D9043F0010317A88DF85D408DF86930F9F7AE
S31508017DA07DFA70B12D20FCF7B2FA17A8FCF768FB2B
S31508017DB010200EA9FCF7E5FA12A8FCF7B1FAFEF7AE
S31508017DC09CBB12A917A8F9F7ADFE0028EBD0E9E785
S31508017DD00CA90820FCF76AFA12AB0EAA17A90CA877
S31508017DE0F9F756FFDFE717A8FCF7B2FA17A8FAF76B
S31508017DF0C1FAFEF7C1BB12A90820FCF757FA17A961
S31508017E001020FCF753FA002217A912A8FAF71AFB51
S31508017E10FEF7B2BBFCF742FA12AB0EAA17A9FAF79C
S31508017E204AFBC0E70CA90820FCF740FA12AB0EAAD8
S31508017E3017A90CA8FAF71DFBB5E7FCF780FA074B5B
S31508017E401860FEF75ABB00BFB49D0308173500201A
S31508017E5050460020801F0020CA390020C43900205E
S31508017E60FCF71CFA8046FCF719FAD7F800A08146F8
S31508017E700AEB00033B60FCF711FA17A9064608202E
S31508017E80FCF714FA0023ADF83830B8F1000F00F00A
S31508017E909380A9F10904E4B22146504611F0ACFFDA
S31508017EA00746ADF84800002800F0B6800021FDF726
S31508017EB02FF9820640F1B2800022042311464FF6BB
S31508017EC0FF7012F069F9ADF83800002800F0A280B9
S31508017ED0B8F1000F01D00534E4B204F1100189B2FA
S31508017EE00EA8FDF7EAF80446002851D103463A469A
S31508017EF01021BDF838000096FDF7C8F9BDF83830ED
S31508017F0006F1100BB8F1000F099338461FFA8BF3E7
S31508017F1018BF052507931FF02DFC15FA8BF5801B55
S31508017F2080B2ADB233463A46294600900998FDF724
S31508017F30ADF9B8F1000318BF01238DF830300CAB49
S31508017F40019317ABCDE9034402940093102023460D
S31508017F500EAA5FFA8BF107F0A9FE0446C0B9BDF86F
S31508017F603800B8F1000F29D01FF004FCA0F1100564
S31508017F70EDB2294612A8FDF7A0F8044640B9014614
S31508017F801023BDF83820BDF848000095FDF77EF9A5
S31508017F90BDF848504DB128461FF0ECFB00220346B8
S31508017FA029465046009220F0A1FB2046FCF7AFF97E
S31508017FB051464846FFF7D4BB4C466DE70799FDF78E
S31508017FC0A7F810F0200FBDF8380014BF4FF00D08C0
S31508017FD04FF005081FF0CEFBC6F1F0052146BDF8A6
S31508017FE038201023054400963846FDF74FF9079BBC
S31508017FF0A5EB0805EDB2434431463846BDF83820AD
S3150801800000959BB2FDF742F9711989B212A8FDF7DD
S3150801801054F8BDE71924BBE71924C6E70224C4E7C7
S31508018020742E12D03FF663AD6F2E53D0732E7EF4A5
S3150801803041AA102017A9FCF739F94FF6FF7017AABC
S3150801804012A90DF0EFF9FEF797BA02F089FC00289C
S315080180507FF405AE434B1D6815F002057FF4FFADAD
S3150801806017A8F8F7E3FB9DF85E309DF85F209B1A89
S31508018070DBB2802B7FF6F3AD9DF85D30002B3FF424
S31508018080EEAD02F06DFC2A4694F88D1003F07CFBE8
S31508018090E0B9294608F0ECFA09238DF8483094F836
S315080180A08E30022112A88DF8493011F0A5FE02463C
S315080180B010B91925FEF79FBD012329464FF6FF7012
S315080180C008F046FC00287EF496ADF2E740F60C452A
S315080180D0FEF791BD12A91020FCF7E8F8FCF72FF975
S315080180E01690FCF7DBF80446FCF7D8F83A6801461F
S315080180F013183B6012A894B107F0A2F8064617AD0B
S3150801810012AC0FCC0FC5236830462B60FCF7FFF87D
S31508018110102017A9FCF735F91B98FEF72DBA07F0B9
S3150801812025F8EBE7FCF7E9F8044612A90820FCF75D
S31508018130BDF817A90820FCF7B9F8204617AA12A90D
S315080181400DF038F9FEF718BA1A88C2700968120ACA
S315080181500A71FEF7E3B921221892FEF7FCBE3DB07B
S31508018160BDE8F08FE834002013B50A4B044603EB4B
S31508018170C0018A7953F830008988FEF703F90F237D
S31508018180032101A8ADF804308DF8064014F0A2FFCA
S3150801819002B010BDEC4600200020E5E70120E3E728
S315080181A070B55F4D2B889C0704D54FF43E715D4829
S315080181B01EF05CFD5C48FEF75FF8EFF3118430238F
S315080181C083F311882B8858070DD54FF0FF301DF022
S315080181D04BFF564B9B6DC01AB0F5717F03D9002131
S315080181E004201FF029FA84F31188BFF36F8F504BCF
S315080181F01A78042A37D1EFF31184302282F31188D1
S315080182002988490708D5002147481FF093FB84F3BD
S315080182101188BFF36F8F23E084F31188BFF36F8F43
S31508018220EFF3118682F311882A88404C12F4806F85
S3150801823017D1A26AB2F8012012F0200F0CBF05224D
S315080182400622012102201A701FF0F6F9FDF7E8FF50
S3150801825086F31188BFF36F8FA36ADB7884F85530EC
S3150801826070BD0522EDE7062A4FD13248827CFF2AE6
S31508018270F6D12E4C94F82C20002A40D0EFF3118623
S31508018280302282F311882B885B0706D500213C3002
S315080182901FF050FB86F31188BBE786F31188BFF3FD
S315080182A06F8F94F82C30013B84F82C30EFF311854D
S315080182B082F31188012102201FF0BEF9FDF7B0FFF4
S315080182C085F31188BFF36F8FA56AB5F8013003F4FA
S315080182D04063B3F5006F0FD101210422284620F02F
S315080182E0BAF9295A94F82C200420BDE87040C2F145
S315080182F00302D2B21EF0A0BE4FF6FF71F2E740208C
S315080183001A70BDE87040FCF799BA012AA8D1002273
S315080183101A70094B18681CF009FD3F20F1E700BFE8
S315080183203E1D0020928903088C460020582900200A
S31508018330401D002050460020441D0020F0B5694824
S3150801834089B0FDF799FF684B1B78002B40F09280A6
S31508018350664C2378D80774D594F850201AB123F0BF
S315080183600303237086E0624E23F00103614F2370F5
S3150801837096F88F30FD5C1DB13E215F481EF076FCF4
S31508018380FF2296F88F30FA54002386F88F30237827
S31508018390990701D511F054FD4FF6FF70B4F868102E
S315080183A0B4F85E208142ADF81E10B4F85C304FF681
S315080183B0FD71ADF81C201DD08A424FF0000293BF13
S315080183C048F660014CF660014C4807A8CDE903223E
S315080183D0CDE9012200900DF11E02042011F02AFFB9
S315080183E0D0B9237843F00103237009B0BDE8F04002
S315080183F011F026BD8A424FF000028CBF3F4807A8FC
S31508018400CDE90322CDE901228CBF4CF6604148F63D
S3150801841060413B4A0090E0E70023482284F8A330F4
S3150801842094F8A830A4F8A00002FB0343D3F89830C7
S3150801843084F8A250C4F8A43009B0BDE8F04010F0A1
S315080184402FBE94F84400B8B104F1A003251D95E8A0
S31508018450030083E8030010F023FE94F8442028461D
S31508018460D20004F10C011DF045FD94F84430013B9E
S3150801847084F8443009B0F0BDA26C32B10123A0647E
S3150801848084F850309047237869E79A0706D4184A42
S31508018490184992F88F208A5CFF2A09D023F0020333
S315080184A043F00103237009B0BDE8F04012F0F6B8B5
S315080184B094F8A83073B1F6F793FC94F85030002B72
S315080184C0D8D1FF2818BF84F8A80009B0BDE8F04044
S315080184D013F06FB9D4F88C30002BECD098470028EC
S315080184E0C8D1E8E700470020401D0020101C0020E5
S315080184F0582900203D1D00209D9D0308701C002061
S315080185007A1C00202DE9F04F00254FF4802B9FB0EF
S31508018510CDE90B55CDE90655DFF8B8A10D95CDF88E
S3150801852028B00FAC0AAF08950FCFCDF814A00FC429
S315080185300DF1140C14ACBCE80F000FC4544CDFF851
S31508018540988104F190094D46524B534EC8F8D030E4
S31508018550524B534FC8F8D430524B9022C8F8D830F2
S31508018560514B04F1A4000E960997C8F8DC301DF0AA
S31508018570B9FC1396CDF83CB00DF13C0CBCE80F00E4
S315080185800FC518972E60CDF850A004F1F40514AE66
S315080185900FCE0FC520202F60012704F5A473C4E967
S315080185A03703C4F8D830C4F82C3108F1D0033F4E4C
S315080185B0C4F8F0303E4B84F8307173603D4B84F853
S315080185C0E47084F82871C6F80090B3603A4BF360FA
S315080185D03A4B73613A4BB3613A4B3361EFF311830B
S315080185E0302282F31188DFF8F4A09AF80050BDB161
S315080185F083F31188BFF36F8F9AF8003073B103A81C
S31508018600EEF7B0FD50B9039B84F8A4309AF8003010
S31508018610002B65D194F8A40016F042F910254CE117
S315080186208AF8007083F31188BFF36F8F264B39469A
S315080186301D731D7783F82C5083F83C5083F84C50F2
S3150801864083F85C5083F86C5083F87C50F0F7C0FAD5
S3150801865039462120F0F7BCFAFF221C4B08215F603E
S315080186609D609D619A624FF000429D631D645A6543
S315080186704FF0FF3203F500531A65154B2320C3F853
S315080186808411F1F7B9FF2320F1F7CAFFB4E700BF58
S3150801869058290020A168000824000A50916800089A
S315080186A03C000A50B5680008DD9800082829002012
S315080186B0E5A80008736B000855AB00087F68000839
S315080186C08568000839A700087011002000000450C9
S315080186D000E100E0020004005046002034130020A7
S315080186E003A8EEF73FFD002894D10127039B3946DD
S315080186F084F80831764B84F826017362754B7648FF
S31508018700F361764B84F83171336284F82571EEF79B
S315080187108BFB98F9E1502846EEF7D0FB2846F1F78E
S315080187207FFF94F8A400EEF7AFFC00287FF476AF3C
S31508018730CDF80490D4F8DC300093D4F8A030D4F8FE
S31508018740D820D4F8901094F8A40016F063F90546D9
S3150801875000287FF463AF302294F8A4304FF48011D7
S31508018760534342F2640203F1A04303F5802399506F
S3150801877098F9E0603046EEF7A1FB3046F1F750FF75
S315080187805748C4F8205116F0B7F85348F2F744F998
S3150801879094F8A400EEF79AFC054600287FF43EAF4C
S315080187A04FF029084F4B5049504EC4E94F133A2010
S315080187B03946C4E94D68F0F70BFA3B460422052110
S315080187C02846F1F74BF83B46022206212846F1F7DF
S315080187D045F839464046F0F7FBF940F6AA63DFF853
S315080187E02081DFF82091C8F80470736141F205030E
S315080187F03F4AB5604FF42070F565F3603561F56160
S31508018800F564C9F84820B56535657565C9F8047014
S31508018810C8F80470F360F0F797FB4FF4E1124301CF
S3150801882003F56123B3FBF2F3324A203B02EAC303A1
S3150801883060220221C9F808204FF0040B1422C8F857
S315080188400850DFF8C4A0F3612B4BB565CAF82018A8
S31508018850C8F85CB07561C3F820284FF4A022C3F8A4
S3150801886038284FF4C022C3F8302803230A4628467D
S31508018870092184F844312B46F0F7F0FF4FF4102311
S315080188805A46CAF8283808212B462846C8F85CB043
S31508018890F0F7E4FF0223CAF820384FF40023CAF898
S315080188A02C384FF4A063A4F83C310523104AC9F8C3
S315080188B04820C8F804707561736101220F4B03A83B
S315080188C0CDE9032312F000FF28461FB0BDE8F08F5B
S315080188D011710008296E0008E82900208B68000834
S315080188E028290020000900080005000600000A5092
S315080188F0FFFF0100F8FF7F0000C0035000C201C05E
S3150801890000100A5000200A5000D00350F8B5184B41
S315080189101C68D4F8A4309A6CD20727D5012603F52A
S31508018920005296649B699B0620D5EFF31187302385
S3150801893083F3118894F8953003F0FF0593B9236EF4
S31508018940294620469B68984784F89560EFF3108678
S3150801895072B628461FF0C8FD30461FF036FE0223C0
S3150801896084F8A13087F31188BFF36F8FF8BD00BF74
S3150801897028290020CAE700BF00232DE9804897B0BF
S315080189800293F3F71BFADDF808A01FF051FEFA234C
S31508018990B0FBF3F014258C4CB4F86A2194F86831CD
S315080189A0A4F86A019B1A13FA80F39BB2B3FBF5F19B
S315080189B005FB113384F8683194F86C31CAB29A42CE
S315080189C02EBF00239B1ADBB2032A84F86C318FBFB2
S315080189D00023D4F87031D200D340C4F870311FF0A7
S315080189E027FE7A4B1B78033B012B41D8EFF31186FF
S315080189F0302383F31188764F764D3B8813F4807FB5
S31508018A0040F09C8000201FF0D1FE734A92F87C301A
S31508018A10FF2B19D092F87C3003F0FF00002B40F0B1
S31508018A209880FF2382F87C302B78052B0CD185F8AA
S31508018A3000A086F31188BFF36F8FFBF7FFFEEFF3F4
S31508018A401186302383F311882B78062B0CD1624AC1
S31508018A50937CFF2B08D0937C022B40F08A8000215F
S31508018A6002F13C001EF066FFFF235B4A9374A5E002
S31508018A70FA23B0FBF3F0B4F8745180B2451BADB2DA
S31508018A80002DB3D000214FF6FF7794F87631A4F87C
S31508018A9074012B44C3F3C81003F07F0384F87631BD
S31508018AA04E4B4F4A1E78CBB29E4219D800264FF636
S31508018AB0FF77DFF83081484B93F8E420F3B29A4206
S31508018AC094D938F80A9CB94506D018F8043C9D4251
S31508018AD01ED25B1B08F8043C013608F10A08EAE7CE
S31508018AE01388BB4211D0137913F0030F0DD100EB94
S31508018AF0931CBCF1020F28BF4FF0020C03F03F0391
S31508018B001FFA8CFC43EA8C13137108320131CAE748
S31508018B1001F026FF814528F80A7C08F8027C08D06E
S31508018B20484606A90CF0F0FA18B19DF8180010F09D
S31508018B303DFA18F8030C10F039FACDE72B7813B97A
S31508018B40FBF720FE5EE700214FF480701EF074FDEE
S31508018B5058E7214A92F87C30012B4FF0FF030BBFEF
S31508018B601D4A33204C2082F87C3008BF82F87C30BD
S31508018B705DE7194A937C13B1937C012B3DD11EF015
S31508018B80CDFD154B804603F13C0093F81290FDF795
S31508018B9073FBFF23104A5FFA89F99374B8F1000F42
S31508018BA000F0F280B9F1010F1ED1642102F13C00F7
S31508018BB085F800901EF0BEFEFBF7B2FD86F311881C
S31508018BC0BFF36F8F19E000BF582900202035002018
S31508018BD03E1D0020401D002050460020664500200D
S31508018BE080380020DA2A002000232B7086F31188AA
S31508018BF0BFF36F8F3F20FBF721FE3B8819060CD583
S31508018C00B94E002180201EF017FD30681DF0C3FE05
S31508018C10C20702D530681DF0C1FEFCF78FF9A4F82A
S31508018C20C80110B32F78012F40F0CD801EF0BEFD8C
S31508018C300646002800F0B080B0F8013003F440631E
S31508018C40B3F5006F40F0A880042239461FF003FDF2
S31508018C504FF6FF73325A9A4240F09E80B4F8C80123
S31508018C6013F0D0F80023A4F8C831B4F8CA31F3B127
S31508018C709E4812F083F80546C8B11EF097FD037A9F
S31508018C80284684F843301EF091FD437A284684F835
S31508018C9042301EF08BFD837A284684F8CC311EF0CB
S31508018CA085FDC3682846C4F8D03109F030FCB4F80C
S31508018CB0D43163B18E4812F061F8054638B10146E0
S31508018CC0042006F01CFD10B1284614F0D1FA03F071
S31508018CD0D3FAD4E97632134340F0FE808548FAF791
S31508018CE090FB854B1B78043B022B14D8834BD3F896
S31508018CF0F83083B101F0D4FD10280CD11FF093FC94
S31508018D00B4F8EC31C01A80B2B0F5807F03D90021DE
S31508018D107B481EF00FFEEFF31183302282F3118890
S31508018D20012284F83120628FA4F83AA0ADF8162002
S31508018D30744AD2F800B083F31188BFF36F8F0DF12F
S31508018D401600FBF77BFF00256F4AEBB202EB8303A4
S31508018D50D3F834310135002B40F0C3806B4BDFF873
S31508018D60B0811F683E4600254FF00109B34500F260
S31508018D70D580002D40F0D480B9F1000FF2D0B94664
S31508018D803E463B46624D33E185F8008086F31188FD
S31508018D90BFF36F8F40462EE75E48FDF76DFA002058
S31508018DA085F800A010F03EF92B78DBB1B4F8C801BC
S31508018DB013F028F82B78A4F8C8A1002B7FF455AF37
S31508018DC011F06CFC51E727B113F01CF8A4F8C8A1FF
S31508018DD04BE7FBF7D7FCB4F8C80113F013F8A4F86E
S31508018DE0C87142E7FBF7CEFCE0E702EA050103EAB0
S31508018DF0070001431BD022EA050223EA0703C4E957
S31508018E007623D4E9782305EA020607EA030C56EA2B
S31508018E100C066FEA05006FEA07011AD002400B40FB
S31508018E204046C4E978231FF023FAC30727D46D19EE
S31508018E307F4109F10109314B5FFA89F893F8E53069
S31508018E4043457FF64BAFD4E9762352EA0301CCD1E9
S31508018E5044E740461FF00CFAC607E8D52E4BD3F86F
S31508018E609C30002B36D11E4640460BF019FE2A4B84
S31508018E70D3F88430002BDAD031469847D7E7D4F8AF
S31508018E80E821254B32F81820D3F89C3002F4887271
S31508018E90102A0BD083B91E4601231022404600939F
S31508018EA0002313F03BFC11F0F9FBDDE70126002B4B
S31508018EB0DAD0B346324602E000260122B3460392CF
S31508018EC0002140469847039A002ACDD0BBF1000FEE
S31508018ED0CAD1E1E70026ECE74FF0000901254F4624
S31508018EE0A9E7984730E700BF441D0020222B002040
S31508018EF02C2B0020001C0020203500205046002085
S31508018F00384700207C150020B49D030874150020FD
S31508018F100080FFFF8C460020101C0020002D44D045
S31508018F204946013DEDB216AB03EB850353F8402CD8
S31508018F30B2F90200538800283EDA13F480493BD17E
S31508018F4043F48043908853801EF008FCA0B1B0F921
S31508018F5002C04388BCF1000F0EDB0F2D88BF4946BE
S31508018F6043EA080343809FBF16AB03EB850301352C
S31508018F7043F8400C98BFEDB2D0881EF0EFFBD8B18C
S31508018F80B0F902204388002A16DB43EA08030F2DAD
S31508018F904FF000094380C3D816AB03EB85030135AF
S31508018FA0894643F8400CEDB2BAE73046FAF74AF972
S31508018FB0324649460646BBE78946D7E6B3F9022053
S31508018FC01988002A01EA05010DDA002E3CD0F21BA8
S31508018FD05210013292B21846FAF72CF9114306EBF0
S31508018FE0400603EB400918461980FAF72BF90346A0
S31508018FF09B45E3D802230DF1160084F8313000258C
S31508019000FBF71CFE7D4AEBB202EB8303D3F834313E
S315080190100135DBB97A4B1D682A464A452ED2908816
S315080190201EF09CFB18B10388C3F30E039380D08806
S315080190301EF094FB18B10388C3F30E03D3801046C0
S31508019040FAF700F90246E8E73246C4E79847D9E74E
S315080190502846FAF7F7F880467DB1B5F902306988EE
S31508019060002B0ADA2888C0F30E001EF077FB85422A
S31508019070034649D1C1F30D01698045464D45E7D3FC
S315080190803025604FEFF3118885F31188384611F0C2
S3150801909075FE1EF063FB0146002840F08E80BDF880
S315080190A0163084F831006387574B1E6088F31188A0
S315080190B0BFF36F8F5548FAF7A4F994F88A30002B55
S315080190C000F0B68094F8EE31002B40F0B180504B99
S315080190D01A78504B1B789A4240F0AA804E4B4F4A59
S315080190E01B88128813434E4A128813439BB2002BDE
S315080190F040F09E804B4B1B78002B40F099804A4BE1
S315080191004A4A1A60EDF7BEFE1BD92846FAF792F8C5
S31508019110C1F30D01420069801846294692B21CF036
S31508019120E9FEAAE74046FAF78DF84746814503D98D
S31508019130B0F90230002B01DA804603E0FAF782F82B
S31508019140F4E72F46C84507D2B8F80000C0F30E0069
S315080191501EF004FB8045E5D36FB33888C0F30E00D3
S315080191601EF0FCFA034660B13846FAF763F87A88C6
S315080191703946C2F30D027A80420092B218461CF0B3
S31508019180B9FE2B46BB469F4204D8BD423FF475AF94
S315080191905F46E1E718460393FAF754F8039B9B46A3
S315080191A0814503D9B0F90230002B01DA0346EAE713
S315080191B0FAF748F8F4E7BB46EAE788F31188BFF3FC
S315080191C06F8FCEB10E4B1B68A6EB03084FEA6808F2
S315080191D008F101081FFA88F80846FAF72BF84FEA4A
S315080191E040094A4630461CF085FE41460DF11600F7
S315080191F01FF0B6FA4E4445E7B046EDE7B49D0308BD
S3150801920074150020922900207C1500208C2100204D
S31508019210AF140020AE140020A41400204834002006
S31508019220A6140020AA1400200000002002020FF054
S31508019230B44EF1F7F1FF3388002B40F08380B4F880
S315080192408830002B6ED1B04FA4F888A0A6F800A0EC
S31508019250AE4D95F8EE3113B93B70F1F7A3FF11F056
S31508019260FFFD78B1006868B1D0F80C80B8F1000F3D
S3150801927008D00122006806AB0DF11601C04720B1DE
S315080192801B2859D018238DF8163095F8EE3197F822
S3150801929000909DF816805BB985F8EF3185F8F031B5
S315080192A085F8F13185F8F2314FF6FF73A5F8F431F7
S315080192B0B8F17D0F00F0A2804FD8B8F1180F00F071
S315080192C09F80B8F11A0F00F0A78095F8F23185F85A
S315080192D0F2A188EA030895F8EF31DF2B9CBF013329
S315080192E085F8EF3195F8EFB1BBF1020F13D995F86F
S315080192F0F131B5F8F41118460393F1F799FDBBF16D
S31508019300DF0F9CBF039BABF1020BA5F8F4019CBFD1
S3150801931087F800B0029395F8F03185F8F08185F861
S31508019320F13122E01FF07FF9B4F88630C01AB4F89B
S31508019330883080B2834286D3308828B11EF036FA47
S31508019340734B1860FDF750F894F85F0008B9FBF7FE
S315080193504DFC1FF071F9FFF718BBB8F17E0FB4D1B8
S3150801936095F8EF3183B985F8F2314FF0010B3B7867
S3150801937085F8EEB199453FF472AF022B54D8654B87
S31508019380029A03F809206AE7FF2B09D185F8EEA1AD
S31508019390F1F708FF7720F1F715FFF1F7D1FE57E747
S315080193A095F8F10195F8F021B5F8F41102EB0022D0
S315080193B0914285F8EEA12BD1022B03D8F1F7F2FEE3
S315080193C07920E8E7DF2B1FD8DFF84881524D98F856
S315080193D00010C02959D1B9F1010F40F0C780F2F741
S315080193E0BDF8F2F7BBF840F20160F1F730FDF1F78D
S315080193F0D9FE2B785A063FF529AFB4E02023B2E708
S31508019400FF2385F8EF31B0E7F1F7CCFE7A20C2E702
S31508019410F1F7C8FE7620BEE785F8EEA1F1F7C2FEA0
S315080194207420F1F7CFFE13E7032BDFF8048115D17A
S315080194303A4B1A7892B13A4A59461288404683F805
S3150801944000A0A8F80020FBF738FECDF800B05B466F
S315080194500022B8F8001033481FF048F9304BB8F825
S3150801946000001B8898427FF4FAAE1EF083F95FFA72
S3150801947080F808F101012A48FBF71FFE284B4146EF
S31508019480029A1888FBF7DFFEE9E6080611D4B9F156
S31508019490030F6BD92878420604D5234B1B78B3EB07
S315080194A0111F04D0F1F77EFE287843065BD5012506
S315080194B00FE001F0E003802B3ED1B9F1010F55D140
S315080194C07D20F1F79BFEF1F76DFE287843064AD514
S315080194D00225DFF860C0154A98F800309CF800109C
S315080194E0127803F0070BABEB010E521A0EF0070EBA
S315080194F002F0070296453BD97820F1F763FEF1F7AA
S315080195001FFEA3E61A350020A214002058290020C0
S315080195101C35002098140020941400209E14002065
S315080195209C14002099140020AE14002096140020E3
S31508019530A014002095140020A02B0CD1B9F1010F1D
S3150801954014D17F20F1F75AFEF1F72CFE287841064F
S3150801955009D50325BDE77B20F1F734FEF1F722FE95
S315080195602B785906CBD420232B706FE67C20F3E7A2
S31508019570A5F102098B451FFA89F939D04D4A10F030
S3150801958002008CF800B082F800A017D04A4AA2F867
S3150801959000A04A4A12785A4508D1B9F1010F2AD8CA
S315080195A0190739D4464B83F800A01BE0F1F75EFC96
S315080195B0B9F1010F1FD898F80030F1E7F1F764FC0B
S315080195C0404B1B785B4501D0F1F750FCF1F7CAFD1A
S315080195D0B9F1010F0FD83C4B1B7813F008031BD1C7
S315080195E0374A1370032D7FF431AEF1F791FD2DE65D
S315080195F0B9F1010FF1D9354998F800200B78C2F372
S315080196000210984248D1324D288800BBF1F798FDDF
S315080196102620F1F7D7FD8FE61FF005F84FF07E6398
S315080196204FF6FF72B3F85430934208BF4FF47A737A
S31508019630034413F47F6FC3F3071208BFFF22204BBD
S31508019640032D1A70D1D0012D7FF400AED3E7013373
S3150801965003F007030B704FF07E6312F0080F1D4AE3
S315080196601EBF177847F008071770177827F0050700
S315080196701770B3F840300BB1F1F782FF2B8802223D
S31508019680019398F800303D20009313498523FBF791
S3150801969053F92B8833804FE60E4912070B7803D509
S315080196A043F008030B70D1E5DB073FF528AF7520BA
S315080196B023E700BFA8140020901400209714002067
S315080196C0B21400209614002098140020AE1400202D
S315080196D0A014002094140020659D03087047704764
S315080196E070477047042210B5002104461EF0B3FFE7
S315080196F0A288235A13404FF6FF72934216D1238844
S3150801970013F001030BD00622002120461EF0A3FF09
S31508019710074B225A1B88934214BF02230623054A84
S315080197201278134214BF0120002010BD0023F6E76A
S31508019730DC460020B9290020034B1A78022A04BF07
S3150801974009221A70704700BF4F3600200D4B10B51D
S315080197501A680AB90C4B1A6813050FD40C231B2B6C
S3150801976001D1002009E022FA03F4E40703F101011B
S3150801977006D5DBB2C31A5842584110BD0B23F9E787
S315080197800B46ECE7043A0020143A00200120704702
S31508019790084B1868084BC2B21B789A4208D2074B85
S315080197A0C0F307201B78984234BF00200120704778
S315080197B001207047C82A00205E4700204E2B002052
S315080197C0074B1B88DB070AD50022064B43F82020E6
S315080197D0184490F8843063F00F0380F8843070479A
S315080197E0A61F0020582B002007B50D4BB3F8A6007D
S315080197F093F8A810D3F8AC301BB103B05DF804EBAD
S315080198001847D223ADF802008DF8041068460521E1
S31508019810ADF8003013F05EFC03B05DF804FB00BF41
S31508019820582B002007B511460B4AD2F8B0201AB1B9
S3150801983003B05DF804EB10478DF8071004214822A0
S315080198408DF806000DEB0100ADF8042013F042FC7B
S3150801985003B05DF804FB00BF582B002008B5FCF7E0
S315080198600BFD0022014B1A7008BD00BF9529002087
S31508019870F8B50E4E054696F8B430012B14D10024DE
S315080198804FF6FF77B6F8B6001DF090FF2B88025BFE
S315080198909A4204D1B6F8B6001DF088FF0753023480
S315080198A0202CEFD10120F8BD0020FCE7582B002021
S315080198B02DE9F047194D804695F8B4301646012B27
S315080198C029D100246FF07F092746B5F8B6001DF0A7
S315080198D06DFF00EB440090F901304FEA440A4B450D
S315080198E007DDB5F8B6001DF061FF504490F9019007
S315080198F0E7B20134102CE8D14E450CDAB5F8B600BA
S315080199001DF054FF00F81780B5F8B6001DF04EFF9C
S315080199107C0020444670BDE8F08700BF582B002024
S3150801992030B5104C93B0A4F8680004F16A05A1B9E2
S31508019930C4F86A106960482268460B491DF09FF809
S31508019940D4F86A306946CDF812306B680020CDF834
S31508019950163011F08BFF13B030BD082228461CF0D3
S31508019960C9FAE8E7101C0020681C0020F7B51A4C54
S315080199701A4F2046FCF780FC208C1EF009FF25466D
S315080199800023ADF8060025F8203FBDF806304BB98F
S31508019990238CFBB14FF47A710F4803B0BDE8F04050
S315080199A01DF0C8BF0DF1060011F0E8F906461DF0D5
S315080199B0FDFE438AB3F57A7F07D9A3F57A73438205
S315080199C0314628461EF0CCFEDFE743895B07DCD526
S315080199D03B88F4E703B0F0BDA4470020D846002031
S315080199E00148FBF72BB900BFC44700200148FBF724
S315080199F025B900BF0E2C002070B50025094CA4F12D
S31508019A00B80696F8B83196F8B911EAB20B449A42F3
S31508019A1005F1010500DB70BD2046FBF70FF910348F
S31508019A20EFE700BF102C002010B50A480A4CFBF7D7
S31508019A3005F90A48FBF702F904F5DD70FBF7FEF8AC
S31508019A4004F5DE70FBF7FAF804F5DF70BDE810409F
S31508019A50FBF7F4B8222B0020582B00202C2B0020D2
S31508019A60104612F0A5BE38B505461DF09FFE044600
S31508019A7028461DF07FFEC0B208382044C178034B42
S31508019A8082781970024B01201A7038BD9B29002073
S31508019A909A2900202DE9F84F0C46054690460BF009
S31508019AA077FD0428B4F8013061D128461DF07EFE01
S31508019AB021782046013989B210F09EF928460BF023
S31508019AC05DFD020404D404EB08077B789B0707D4E1
S31508019AD001252046217810F08FF92846BDE8F88F30
S31508019AE021782846A1EB0801CEB20CF030FA721E95
S31508019AF0A0F110055FFA85F8D2B257FA85F529461D
S31508019B00A2EB080205F10E001CF0F4F92823DFF890
S31508019B107CA007F808309AF80030DFF874906B7368
S31508019B20D9F8003005F1010BC3F30B0313B9154836
S31508019B3014F0F8FED9F800205946531C0120C9F83B
S31508019B400030F6F797F908220F49681D1CF0D2F97B
S31508019B509AF8000006F01AFE06F10D01424638464B
S31508019B60C9B20FF059F9237812332370B0E783F09D
S31508019B70800523F080039BB263701B0AC5F3C015E9
S31508019B80A370A6E763E51100F71B0020E62900206C
S31508019B90703900202DE9F041154F002597F8A840A6
S31508019BA04FF6FD781F2C91BF0024C4F341141C34D1
S31508019BB0E406202D0DD1012097F8A830032103F0E2
S31508019BC01F03984020430B4B0B4ABDE8F04112F0A6
S31508019BD075BFF1F783FA431E9BB243450646F8D88B
S31508019BE0B7F8B6001DF0E2FD46530235E1E700BFBE
S31508019BF0582B0020FD9B01087198010870B5164C79
S31508019C0094F8B430012B20D100254FF6FF76B4F82D
S31508019C10B6001DF0CBFD435BB34217D0B4F8B600CE
S31508019C201DF0C4FD435B8BB1B4F8B6001DF0BEFD53
S31508019C30435B0121A4F8A630084A094BD4F8C001B0
S31508019C4012F03CFF0023C4F8C43170BD0235202D43
S31508019C50DDD1BDE870409DE7582B002051FD000875
S31508019C60E9970108F8B52B4D0226B5F8B6001DF09F
S31508019C709DFD90F90140B5F8B6001DF097FD3044F9
S31508019C8090F90130A34206DAB5F8B6001DF08EFD4B
S31508019C90304490F901400236202EECD10027662C7B
S31508019CA0DABF193466B27F263C46B5F8B6001DF010
S31508019CB07DFD384490F901300237B342BCBF013407
S31508019CC0E4B2202FF1D114B985F8B440F8BDF1F703
S31508019CD005FAB0FBF4F3002703FB1400C4B2B5F888
S31508019CE0B6001DF063FD384490F90130B3420CDA31
S31508019CF04CB9B5F8B6001DF059FDC35D85F8A83015
S31508019D00BDE8F84046E7013CE4B20237202FE6D128
S31508019D10F6E700BF582B00202DE9F0410E880546CD
S31508019D200C468CB0002E33D101224FF6FF77254B16
S31508019D3011461B6808A800933346ADF81C700EF04F
S31508019D408DFD0EF07BFD80460EF020FE1021CDE93B
S31508019D5000800E221C4B08A8FBF7C0FC102108A89E
S31508019D6010F04AF818B902200CB0BDE8F081CDE927
S31508019D700360164B0296B3F85C2060330192009398
S31508019D804CF601013B46FF2007AA10F053FA208042
S31508019D902846FFF7DBFC0E4B78B193F8244064B1F3
S31508019DA0013CE4B2284683F82440FFF7CFFC30B1E2
S31508019DB0B4FA84F46409E0B2D6E70524F2E701248B
S31508019DC0F9E700BF0C3A0020E8A00308101C0020A0
S31508019DD0A44700200B8810B50C4613B90EF0F2FF04
S31508019DE02080012010BD0C22014B1A700EF084BC94
S31508019DF04F3600200C22034B1A70034BA3F8C801F7
S31508019E000AF0B4BA4F360020582B002070B5234803
S31508019E10FCF732FA224B1B78033B012B31D8214A36
S31508019E2092F8CA318BBB92F8CE3113B1013B82F855
S31508019E30CE314FF47A51BDE8704018481DF07ABD0D
S31508019E4023798F2B4FEA13120AD8013203F00F0335
S31508019E5043EA0213062ADBB209D8032A07D023717B
S31508019E60123401353278EBB29A42E9D8D7E723F0B2
S31508019E70070300224FF6FF710F2023711DF0DCF84E
S31508019E80EEE70025084C094EECE7013BDBB282F808
S31508019E90CA31002BC7D1A2F8CC31C4E7CC47002080
S31508019EA020350020582B00204E3700204C37002043
S31508019EB02DE9F0478EB0ADF80E0018B97621AC48F9
S31508019EC01CF0D4FEBDF80E000BF062FB0446BDF88B
S31508019ED00E000BF05DFB082800F0D4800C2CBDF8B1
S31508019EE00E0040F0CF801DF061FC0DF11702078AC4
S31508019EF0064600F1100406A9BDF80E000FF0BEF9DA
S31508019F00022845D00922002120461EF0A4FB9DF80F
S31508019F1017301033C518BDF80E001DF02BFCEDB235
S31508019F20854235D22946BDF80E00FBF7F1F817F43C
S31508019F30406307F44C4412D04FF6FF72B6F813107B
S31508019F40914208BF44F04004B3F5006F07D14FF6BC
S31508019F50FF73B6F815209A4208BF44F010049DF81D
S31508019F60173013B1072813D18CE008280DD878B11A
S31508019F70013807280CD8DFE810F0E700ED000B00E0
S31508019F800E000B00F3008500F6007C2800F0E58042
S31508019F900EB0BDE8F08724F48844A4B2B4F5084F9E
S31508019FA0F6D1BDF80E000BF0EEFABDF80E502846B4
S31508019FB00BF0E4FA00F4805728460BF007FE044636
S31508019FC028460BF0A3FDB0F5404F1DD197B12146A8
S31508019FD000200EF0B9FF044660B11DF0E7FB002230
S31508019FE0054621461046634B009210F073FB08B9EB
S31508019FF00123EB72BDF80E000BF098FD0022014615
S3150801A00002201DF019F8C3E7B4F8008040461EF097
S3150801A010D7F8FF2806465FD00125A0F12004C0F134
S3150801A0202003554925FA03F305FA04F41C43854030
S3150801A030D1E900232A432343C1E900231EF0DAF8B4
S3150801A040814648B130461EF013F910F00C0F14BFC3
S3150801A0504FF001094FF00009002FCBD000278DF8EA
S3150801A060188006A94FEA182801208DF819800EF0E4
S3150801A0706BFF80461DF09AFB8246B8F1000F3FD16F
S3150801A080002F59D0BDF80E000BF078FA0446BDF83A
S3150801A0900E000BF07DFA082818D0A30616D5BDF8D0
S3150801A0A00E001DF083FB24F020040480BDF80E0089
S3150801A0B01DF07CFB0021092210301EF0CCFA00F1BC
S3150801A0C0100189B20DF10E00FAF7F7FFBDF80E106F
S3150801A0D02A481EF045FB5BE7294B1B684BB14046F6
S3150801A0E09847814628B1002F84D000273D463C4633
S3150801A0F0B5E7002FC6D001270025B9462C46AEE79D
S3150801A100B9F1000F0DD0002241461046194B0092B5
S3150801A11010F0E0FA00287FF46DAF01238AF80B30BE
S3150801A12068E7FF2E3FF466AF164BD3E900122943C1
S3150801A1302243C3E900125DE7FF2E3FF45BAFB9F195
S3150801A140000F7FF457AFEFE724F48064A4B2B4F5A7
S3150801A150484F08E7B4F54C4F05E7B4F54C4F91D095
S3150801A1604CF6500301E04CF640439C42FBE600BF27
S3150801A170489F0308D3550208302B0020222B0020C4
S3150801A18074210020382B00202DE9F84307461EF0DC
S3150801A1904FFA1A4BDFF870809B6D43B3D8F8D0415C
S3150801A1A03C1B0444A4B2002298F8B931144D98F81E
S3150801A1B0B86105EB03155FFA82F9B14509D2AB8897
S3150801A1C005F11000A34216D9B21A294612011BF04D
S3150801A1D091FE013688F8B861AC80B9F1000F03D158
S3150801A1E0394608481DF0A6FB2846BDE8F8833C46D3
S3150801A1F0C8F8D001D7E705460132DCE7A4470020B5
S3150801A200102C0020EC470020582B00202DE9F8439C
S3150801A21000271EF00DFA224CB94694F8B88186B289
S3150801A2204246054694F8B911B4F8D00104F1B803C9
S3150801A230A6EB000E03EB01131FFA8EFE03EB081CB7
S3150801A240801B9C4518D10FB184F8B911424503D238
S3150801A25084F8B82110F022FA94F8B831F3B194F8D9
S3150801A260B931C4F8D05104EB0314B4F8BC100D4845
S3150801A270BDE8F8431DF05EBB9E8876450BD80127DD
S3150801A2809E780131013E013AA3F804909E70C9B245
S3150801A290D2B21033D5E706449E80FAE7BDE8F883C3
S3150801A2A0582B0020EC47002008B50B48FBF7E4FFC4
S3150801A2B00A4B1B7803F00F03022B0CD1084B032220
S3150801A2C0B3F8681001200EF0FBF8BDE8084005490F
S3150801A2D001481DF02FBB08BD0C480020173500208A
S3150801A2E0101C0020E09304002DE9F043204C05469C
S3150801A2F0B4F8D43189B0ABB300214FF480700AF0B9
S3150801A30007FD94F8D631DB0729D50121B4F8D40124
S3150801A3101DF06AFA0746B4F8D4011DF047FA05A9F3
S3150801A320B0F81280B4F8D4010BF033FF94F8D631A3
S3150801A330384613F0020F18BF0025B4F8D8911DF05E
S3150801A34019FA064638461DF031FAF6B20290424627
S3150801A35006212846CDE9009605ABFAF783FD0023C9
S3150801A360A4F8D431034809B0BDE8F043FBF784BF2C
S3150801A370582B00202C48002040F62740B4E72DE949
S3150801A380F041354C0E46B4F8DA711546CFB310468E
S3150801A3900BF00FF9B0F5006F33D128460BF074F9BD
S3150801A3A080461DF00DFFFF282BD02EB12B4A32F81F
S3150801A3B010303B4322F81030B7F5007F40D0B7F58F
S3150801A3C0806F3DD0B7F5807F1BD1B4F8D431AB424D
S3150801A3D025D14FF6FF71884513D028460BF067F94A
S3150801A3E01F4B1E4A18780023D9B288420BD830462B
S3150801A3F0FFF77AFF0023A4F8DC3184F8DE31A4F8EC
S3150801A400DA31BDE8F08132F8021B0133C905EBD513
S3150801A410022000210AF0BCFB0028E8D1EAE7B4F8DB
S3150801A420DC31AB42EDD14FF6FF718845E9D02DB14C
S3150801A43028460BF03CF90023A4F8DC310023DCE7BD
S3150801A44000233146284684F8DE31A4F8DA31BDE81E
S3150801A450F04112F0ADB900BF582B0020A4340020FA
S3150801A46060470020F0B59C461A4B054608461988F0
S3150801A470164685B011B1184B1C78C4B1014662461F
S3150801A4803046B5B105B0BDE8F040F6F7D9BD1C4474
S3150801A490E4B208373B79002BF0D03A689642F6D1F8
S3150801A4A085F00105224600951EF020F910E00B4FB4
S3150801A4B0F0E714F0A5F80A4B1B78022B08D10D23F7
S3150801A4C0042103A8ADF80C30ADF80E6012F002FEB7
S3150801A4D005B0F0BD8A290020E0460020CC9D03087E
S3150801A4E017350020014610230120014ABAE700BFAB
S3150801A4F064EE01002DE9F047074600254FF0010AF1
S3150801A500154EDFF858808AB0347914B90AB0BDE817
S3150801A510F087D6F8009087B900972A46B8F8001050
S3150801A520234603A81EF0E2F82246484603A914F07A
S3150801A53067F82544EDB20836E6E7224603A94846F8
S3150801A540F6F77EFDCDF800A023462A46B8F8001096
S3150801A55003A81EF0CBF8ECE7CC9D03088A29002056
S3150801A560142803460ED808280ED00E280CD0074A00
S3150801A57052F8200048B10A2B007806D1044B1B7803
S3150801A58018437047FF20704700207047749F0308DF
S3150801A59066460020264B022870B5264D264C1870B3
S3150801A5A002D00438012828D82B78042B0BD0002197
S3150801A5B022481DF0BFF92B78033B012B03D9002153
S3150801A5C01F481DF0B7F91F4B1B6813F0005207D13E
S3150801A5D02378062B02D122700AF09EF9152006E08F
S3150801A5E013F0805F40F6114018BF4FF4416023789D
S3150801A5F0E3B9BDE87040F9F739BE134E06F12800F4
S3150801A600FBF73AFE0E48FBF737FE104A137823F09C
S3150801A610030313702B78033B012B04D8802386F898
S3150801A620A8301620E3E70AF001FDFAE770BD00BF7E
S3150801A6301735002020350020F6390020CC470020A8
S3150801A640C01E0020E8340020A4470020101C00206A
S3150801A6500F4BD3F8E031ABB90E4A10880E4A12886F
S3150801A66010430E4A1288104380B258B90C4B1B7816
S3150801A670042B0BD00B4B1A6842B95868012803D032
S3150801A680FBF74AB8002070474FF0FF30704700BF0C
S3150801A690582B0020222B0020922900202C2B002049
S3150801A6A0F6390020001C00200144884201D101200E
S3150801A6B0704710F8013B9342F7D00020704730B538
S3150801A6C0144B0446B3F8E43185B0DB0707D44FF6DB
S3150801A6D0FF700021FFF724F9002005B030BD0A23D9
S3150801A6E001200D4A01A9FFF7BDFE4FF6FF73BDF81C
S3150801A6F00C509D42EBD00822FF2101A8FFF7D4FF99
S3150801A7000028E4D11CB1284601A9FFF709F901205F
S3150801A710E3E700BF582B002026E101002DE9FF41A0
S3150801A7200024184E184FDFF874803278E3B29A4243
S3150801A73002D804B0BDE8F0814FF6FF73B7F8685048
S3150801A7409D4205D1002208211048FFF7ADFFB0B997
S3150801A750B8F8E431DB0712D50C4A01AB1068516829
S3150801A760ADF80C500A4A03C30A23002001A9FFF7D2
S3150801A77079FE02230020074A0749FFF773FE0134D1
S3150801A780D3E700BF9D440020101C00207A1C00203E
S3150801A79026E1010027E10100A81F0020582B00200F
S3150801A7A0054B1878012805D000F0FD00A0F131030A
S3150801A7B058425841704700BF1735002030B593B04D
S3150801A7C0054610F015F8044650B907494822684667
S3150801A7D01CF055F9694620468DF8025011F046F8E5
S3150801A7E0204613B030BD00BF681C0020014B93F909
S3150801A7F05A007047101C0020014B93F85800704707
S3150801A800101C00201FB50146002201A81DF056FCA8
S3150801A81001A81DF097FD20B11CF0C8FF4089C0F3BF
S3150801A820400005B05DF804FB30B585B00D46002241
S3150801A830014601A81DF042FC01A81DF083FD50B197
S3150801A8401CF0B4FF04460146082228461BF052FBB9
S3150801A8506089C0F3400005B030BD30B589B0024605
S3150801A8604FF6FF7168461DF029FC68461DF06AFD22
S3150801A87018B94FF6FF7009B030BD1CF097FF0346B3
S3150801A88003AA00F11005144618685968083303C469
S3150801A890AB422246F7D118682060BDF81400EAE7F2
S3150801A8A038B510F050FA002846D0254B93F8B9214F
S3150801A8B093F8B831DA4214BF01240024214B24B29B
S3150801A8C018681BF043FF013818BF01201E4B1F4AA9
S3150801A8D01B881288800013439BB2002B2ED11C4B78
S3150801A8E01A88003A18BF012252001A49D1F8BC3019
S3150801A8F01D1E194B18BF01251B69003B18BF0123F3
S3150801A9001B0143EA4513154D2D69003D18BF012565
S3150801A91043EA8513D1F8DC50D1F8FC10003D18BF85
S3150801A9200125003918BF012143EA452343EAC1231A
S3150801A9301C432043104338BD0124BFE70222D4E754
S3150801A940582B0020441D0020222B0020922900208C
S3150801A9502C2B0020A44700203847002090450020D2
S3150801A960014BB3F85E007047101C002013B50AF0BE
S3150801A97097F8694604460AF0CDF858B1FFF7F0FF93
S3150801A98040B1054B1B782BB10023022269462046AC
S3150801A99011F0E8FE02B010BDA21F002010B5044652
S3150801A9A092B04822684605491CF069F869460020B4
S3150801A9B0ADF8064010F05AFF12B010BD681C002011
S3150801A9C0014BB3F85C007047101C002010B5044613
S3150801A9D092B04822684605491CF051F8694600209C
S3150801A9E0ADF8044010F042FF12B010BD681C0020FB
S3150801A9F0082208B503491CF032F8B0FA80F040097C
S3150801AA0008BD00BFF71B002007B512B1022A18BFFF
S3150801AA10012200230093034B0FF05CFE03B05DF89F
S3150801AA2004FB00BF619A01082DE9F04FA7B0FBF7B7
S3150801AA3023FC954B1B78022B20D1944C2378DA1EE4
S3150801AA40012A1BD9DFF8549299F8E621002A00F069
S3150801AA50AE808F4A06ABD2F85E00D2F8621092F841
S3150801AA60662003C3002109201A701CF0F9FE8046EE
S3150801AA7038B90EF011FA002389F8E63127B0BDE896
S3150801AA80F08F1CF093FE034606AA03CA18605960A4
S3150801AA9012781A720EF000FA07460028EBD040F633
S3150801AAA0FF7344F6FF752278012A18BF1D4699F8E7
S3150801AAB0E7310BB145F400450026DFF8DCB1404625
S3150801AAC0BBF85E30BBF85CA00193ADF818601CF0CA
S3150801AAD051FE029038461CF04DFE3146044630467A
S3150801AAE00FF086FBADF818000028C4D0029BE4B22B
S3150801AAF0DAB2029254FA83F2163233463146D2B2A8
S3150801AB0006A8FAF72BFA06460028B4D1BDF81800AC
S3150801AB101CF04CFEE222034680F813A04FEA1A2ADB
S3150801AB20427480F814A008220BF1600106741530EE
S3150801AB3003931BF0DFF9039B404603F11D0A1CF042
S3150801AB4035FE029A014650461BF099FF029B38468C
S3150801AB509A441CF02BFE2246014650461BF08FFFF5
S3150801AB60FF230AF80430019B0AEB0407BB701B0A92
S3150801AB70FB7041232D0A3B7146487D707E710BF0AF
S3150801AB80F7FC4FF47843B871A7F80730BDF81840B9
S3150801AB90002C3FF470AF20461CF008FE20461CF03E
S3150801ABA005FE012221463046FFF72EFF63E744F6EC
S3150801ABB0FF7540F6FF72012B18BF154699F8E73164
S3150801ABC00BB145F400450EF067F906464FF6FE70DF
S3150801ABD0314BB3F85E20B3F85C1082424FEA11207C
S3150801ABE042D14FF4404260338DF81B108DF81C009A
S3150801ABF0ADF8182003CB0DF12504CDF81D00CDF8CD
S3150801AC0021100021FF232D0A084623706570A170C3
S3150801AC10E170ADF816100FF0EBFAADF81600002842
S3150801AC203FF429AF043406A9621A012392B20DF141
S3150801AC301600FAF793F9044600287FF41CAF32464A
S3150801AC400121BDF816001CF0E3FDBDF81650002DD4
S3150801AC503FF411AF28461CF0A9FD28461CF0A6FDB5
S3150801AC600122294620469FE74FF400438DF81D200F
S3150801AC70120AADF818308DF81B108DF81C008DF8E6
S3150801AC801E200DF11F04BCE71735002020350020D2
S3150801AC90749F0308402D0020101C0020582B00200B
S3150801ACA02DE9F047454B074693F800901588B9F109
S3150801ACB0000F06D1424B1B681BB9424B1868002886
S3150801ACC079D015F4406805F0400316D163BBB5F594
S3150801ACD0804F51D24FF48074402F64D0802F55D0C5
S3150801ACE0102F5ED10023384AD8B2814559D932F896
S3150801ACF0020B0133A042F7D15BE04FF6FF70B2F8C1
S3150801AD0003400526844214BF012402247BB105F4BD
S3150801AD104043B3F5004F44F0080420D0B5F5804F01
S3150801AD201FD244F480741CE044460326EFE7B5F5C8
S3150801AD30804FF6D3B8F5406F14BF02230823334476
S3150801AD4032F803A0FFF73CFE05F4404550450CBF19
S3150801AD5044F0080444F00404B5F5004F01D144F069
S3150801AD608004B8F5006F0BD1FFF7FAFD925B9042AC
S3150801AD70B2D144F01004AFE7444603260223DEE7C6
S3150801AD80B8F5406F08BF44F02004A5E70C4B1868D6
S3150801AD9088B10023DAB230F8125030F91220002AAD
S3150801ADA003DA002007E0074BF1E7A54203F10103A7
S3150801ADB0F0D101200C80BDE8F08700BFE42800200F
S3150801ADC0702100206C210020E62800202DE9F74398
S3150801ADD006460F4690461DF069FA044618B1012049
S3150801ADE003B0BDE8F083014620201CF039FD194D5A
S3150801ADF0A5F8B6000028F2D00123C5F8AC80A14613
S3150801AE004FF07F0885F8B430B5F8B6001CF0CEFCD3
S3150801AE1000F80490B5F8B6001CF0C8FC20440234CA
S3150801AE20202C80F80180EFD1C5F8C0611DF03EFAEB
S3150801AE3068B9094B3A46C5F8F031084B3146C5F8A9
S3150801AE40F4310123009303230AF0D3FEC8E74D200A
S3150801AE50C6E700BF582B0020B1980108659C010878
S3150801AE602DE9F041074600250A4B0B4E93F8008061
S3150801AE70ECB2A04503D8FF242046BDE8F08108229C
S3150801AE803846B11D1BF0EBFD01350028F4D012360A
S3150801AE90EEE700BF4C3700204E370020F0B54FF6DD
S3150801AEA0FF77354B05461B780C46033B012B87B0CC
S3150801AEB00F800DD80822284630491BF0D0FDE8B985
S3150801AEC0FFF74EFD4FF6FF739842208048D013E0F6
S3150801AED009F0FEFDB842064620800DD12846FFF747
S3150801AEE0BFFFFF28E6D0264A03B203EBC30332F8B5
S3150801AEF01330B3422380DDD0002032E008222846F1
S3150801AF0020491BF0ACFD18B91F4BB3F86800D9E707
S3150801AF100023012229464FF6FF70009306F0BEFC76
S3150801AF20FF2806D04FF6FB72184B33F810309342C0
S3150801AF301ED903A805F0EEFA50B9BDF80C305B0628
S3150801AF4006D5082229460DF10E001BF088FD88B1A9
S3150801AF5029460F4806F03CFD28B94FF6FF732380B2
S3150801AF602D2007B0F0BD4FF6FB7203889342F4D843
S3150801AF702380C1E72080BFE720350020F71B00208A
S3150801AF804E3700207A1C0020101C00204C3400206B
S3150801AF90A01D002007B50DF107011DF073F830B1AA
S3150801AFA09DF80730034803EBC30300EB430003B0E6
S3150801AFB05DF804FB4E3700202DE9F04FDFF8988144
S3150801AFC0DFF8989198F8002099F8003005469A42DA
S3150801AFD085B004D340F2191155481BF047FE28469F
S3150801AFE00DF10E011DF04EF820B14FF48E71504847
S3150801AFF01BF03CFE98F800709DF80E403E1B16F0BB
S3150801B000FF0630D04FF0FF3C4A4B01211B78A14087
S3150801B010184699F800304FF6FF790CFA03FC00231D
S3150801B020454A01F1FF3E0193C1F1000A9DF804303A
S3150801B030984261D8122004FB0000404BA0F112018E
S3150801B04006EBC6025200194404F1010918441AF024
S3150801B05051FF4FEA89093A48A9F104010144B200AE
S3150801B06048441AF047FF354904EBC40201EB420391
S3150801B07021F81250334A102612785E71DA731A745F
S3150801B0805A7412025A80304A013712784FF6FF7104
S3150801B0901A7100229A73C3F80620C3F80A20284BAE
S3150801B0A00D2043F8242088F800701BF0C5FFFDB970
S3150801B0B0264B1B78E3B1264B1B78033B012B17D98B
S3150801B0C028460DF10F010AF01FF8024638B3214B45
S3150801B0D01978037913F0300F0AD149B1012903F020
S3150801B0E0CF0303D0881E414241414E0133431371B8
S3150801B0F0204605B0BDE8F08F13884B450AD0536842
S3150801B1000AEA030B03EA0E030B4403EB4B0343EA78
S3150801B1100C035360019B08320133019386E7FFF75D
S3150801B12039FF0028E4D028460EF07AFFE0E700BF91
S3150801B1305B9F03085E470020502D00204E370020F4
S3150801B140883600209B29002013390020A21F0020E1
S3150801B15020350020D24600204C37002064450020C7
S3150801B1602DE9F843294E044633785D1E2D1A83428C
S3150801B170EDB204D84FF4A17125481BF077FD0123E0
S3150801B180A3404FF0FF305F1E3B4400214FF6FF7E80
S3150801B1906FEA03081F4A92F800C01F4A12789040C6
S3150801B1A01E4ACBB29C4523D8BDB127B204EBC404D1
S3150801B1B01B48640005EBC50204F112010144520063
S3150801B1C020441AF097FEBF001648AA00391D01440B
S3150801B1D002F0FC0238441AF08DFE33780022013B56
S3150801B1E033704FF6FF71BDE8F8430E201BF024BFFC
S3150801B1F01388734507D0536808EA03093B4003EBF4
S3150801B20059030343536008320131CAE74C3700201A
S3150801B2105B9F03085E47002064450020502D0020EF
S3150801B2204E3700208836002010B50A4C207860B9C0
S3150801B230094B1B781A2B03D9992108481BF016FDCF
S3150801B2400322074B83F8702210BD0138C0B2FFF7FD
S3150801B25087FFEBE74C370020644500205B9F030816
S3150801B260582B00202DE9F04705461DF065FAFF2801
S3150801B270044625D11C4B93F800801C4B1B7843458B
S3150801B28021D92846BDE8F04796E63888504508D8BA
S3150801B2903B796F2B4FEA131203D85B0704D1022AB5
S3150801B2A002D909F0E0FED0B1123709F101095FFAB6
S3150801B2B089F6B045E9D800230D4ADEB2B04508D86B
S3150801B2C02046BDE8F0874FF000094FF6F77A084F98
S3150801B2D0EDE7117901338F2901D81232EDE73046AE
S3150801B2E0FFF73EFFCDE700BF4C370020644500203D
S3150801B2F04E3700202DE9F04106460F4600240E4D33
S3150801B300DFF8388098F80030A34201D8BDE8F0810B
S3150801B3100822294630461BF0A2FB40B935F8063CFF
S3150801B320BB4204D02046FFF71BFF013CE4B20134BF
S3150801B330E4B21235E6E700BF543700204C37002047
S3150801B340F8B5054608460E46FFF78AFDFF2832D0AE
S3150801B3501E4B294653F820703046FFF7CBFF284687
S3150801B360FFF780FFFF28044627D109F097FEFF283B
S3150801B3700AD1174C207838B1EFF7B0FE2378B0FB25
S3150801B380F3F202FB1300C0B2FFF7EAFE2846FFF705
S3150801B39013FE044623B20F4D03EBC30305EB430526
S3150801B3A008223146A81D1AF0A5FD2B79204603F07F
S3150801B3B00F032B71F8BD0027D1E7074B1B78002B2C
S3150801B3C018BF0027014B43F82070E3E788360020B1
S3150801B3D0644500204E3700206845002030B50446F4
S3150801B3E0C0B345794288690801F00601120A4B1C67
S3150801B3F0E9B1032B1ED0052B20D0072B22D0002123
S3150801B40000230020503149B28A421FDA40335BB229
S3150801B4109A421DDA30308242B4BF07200520430024
S3150801B42003F00C0325F00C052B43637130BD6FF057
S3150801B4300401E5E76FF004030521E2E700216FF057
S3150801B4400400DFE7002305201946DBE70120E6E7CC
S3150801B4500320E4E70720E9E738B5084C00EBC0000C
S3150801B46004EB400425796B0706D12046FFF7B6FFA2
S3150801B47025F007052843207138BD00BF4E37002047
S3150801B4802DE9F8430024804601272646114DDFF8A9
S3150801B4904C9099F80030A34210D83E430134E4B2E7
S3150801B4A01A2C4FEA470705F11205F2D14FF0FF3082
S3150801B4B0094B1B7898403043BDE8F8832B884345F0
S3150801B4C0EBD02846FFF78AFF0328E6D82B796F2B9E
S3150801B4D0E3D8E3E74E370020644500204C370020C7
S3150801B4E038B50D46FFF756FD044608B9002038BDA4
S3150801B4F0FFF774FF002DFAD1237913F00703F5D06E
S3150801B500984238BF1846C0B2F1E738B50B4B044626
S3150801B5101B780D46834204D840F25A2108481BF08D
S3150801B520A5FB084804EBC40400EB44002946BDE822
S3150801B5303840082206301AF0DDBC00BF64450020F9
S3150801B5405B9F03084E37002010B5134B0C461B783A
S3150801B55086B0834212D9114900EBC00001EB4001C4
S3150801B5600822204606311AF0C5FC00220821204689
S3150801B570FFF79AF880F00100C0B206E0C01A01A9E7
S3150801B580C0B209F0EBFB10B1002006B010BD01AB4B
S3150801B59003CB20606160E8E7644500204E37002050
S3150801B5A04FF6F77370B5984204460D4686B002D930
S3150801B5B0012006B070BDFFF7D3F9A04206D10822D3
S3150801B5C03B4928461AF096FC0020F2E7394EB6F8B0
S3150801B5D06830A3420AD10022082106F16A00FFF762
S3150801B5E063F818B9082206F16A01EAE7C4B1324BD1
S3150801B5F01B78033B012B1DD800230122194620463F
S3150801B600009306F04BF9FF283ED002A905F0BEFCCF
S3150801B610002839D1DDF80D302B60DDF8113025E031
S3150801B620264B1B689B07E2D4284604F044FA0028F7
S3150801B630DDD0C9E720461DF07FF8FF281ED1204638
S3150801B6401CF0BEFDFF2813D102A821461C4A1CF096
S3150801B65035FD02A81CF076FE0028CDD002A81CF004
S3150801B66071FE1CF0A3F803682B6043686B60ABE7B7
S3150801B670144B1B781844C0B2FF28E5D02946FFF7BA
S3150801B68063FF0028E0D09FE70F4B4FF6FB7618784B
S3150801B69000230E49DAB290428AD90A88B24204D8FE
S3150801B6A0944202D1082202318BE70C310133F1E7CA
S3150801B6B0F71B0020101C002020350020E83400204C
S3150801B6C0C89F0308644500209C440020A01D002053
S3150801B6D02DE9F74380460F460024284B284D93F859
S3150801B6E00090A14510D16946384609F013FA90B37E
S3150801B6F00822694640461BF0B2F960B3414638460E
S3150801B70005F002FDFE2430E0AE1D08223146404612
S3150801B7101BF0A5F988B94FF6FF739F4225D02B88F0
S3150801B720BB4222D038461CF04BFDFF2821D14146A9
S3150801B730384603B0BDE8F04302E647B12B88BB4261
S3150801B74005D1002208213046FEF7AEFF88B1013443
S3150801B7501235E4B2C5E740461CF0B8FDFF28044699
S3150801B76003D0084B1B780344DCB2204603B0BDE87E
S3150801B770F0832046FFF7F4FCC0E700BF4C370020F2
S3150801B7804E37002064450020F0B5134B84461B78DC
S3150801B79003B30027114C124894F8716290F800E03F
S3150801B7A004F5FC741E44F8B2864501D80020F0BDA4
S3150801B7B0F51B95FBF3F003FB105504EBC50034F8B4
S3150801B7C03550654504D1002AF1D185788D42EED0F0
S3150801B7D00137E8E71846EAE75E470020582B0020BC
S3150801B7E0C82A002038B515460022FFF7CDFF0446C2
S3150801B7F088B128461CF0A0FFFF280BD0626822FA00
S3150801B80000F3DB0706D40123834013436360E3781F
S3150801B8100133E370012038BD2DE9F0410646904613
S3150801B820FDF7B6FF074610B9184B1A7842B9212019
S3150801B83001224FF6FF711BF0FFFB0020BDE8F081E6
S3150801B840134C94F8713204F5FC740133B3FBF2F02E
S3150801B85002FB10330F4884F87930026804EBC305FC
S3150801B86002F1013224F833600260A9704046FFF7FD
S3150801B87007FEEF706860FFF773F8B04218BF01233F
S3150801B8804FF0010018BFEB70D8E700BF5E470020F4
S3150801B890582B0020C82A002010B50C4C0C4A2378D6
S3150801B8A0063B13701CF0C4FEFA23B0FBF3F000222A
S3150801B8B0084BFF211880084B08481A602278D200E5
S3150801B8C01AF010FB0422064B1A7010BD5E470020C1
S3150801B8D04E2B0020C22A0020C82A0020502D002005
S3150801B8E0C42A002070B5134B0D4613490646104667
S3150801B8F01A7891F8B93191F8B8110B44934206DBDD
S3150801B9001F204FF6FF711BF097FB002070BDFEF755
S3150801B9103BFC04460135068085701CF084FE074B06
S3150801B920E0801B88238140F60243E3600EF0B6FEF1
S3150801B9300120EBE7CD460020582B0020682900207E
S3150801B9402DE9FF410D46174604461BF02FFF067CDD
S3150801B9502846FEF757FF29468046204609F0A7FEE6
S3150801B960FEF7FEFFA84207D12046012103F062FB3C
S3150801B970012004B0BDE8F081B8F1000F2BD001A871
S3150801B980002229461CF09AFB01A81CF0DBFC38B3FF
S3150801B9901BF00CFF4389990722D5437B1A071FD44D
S3150801B9A006F00306012E08D0FEF7DAFF2246002329
S3150801B9B0294603F08DFF0028D6D1204609F0DEFD81
S3150801B9C0430514D5002221461046FFF71DF8B0FAA3
S3150801B9D080F04009CDE7284609F0F6F80028DFD1BE
S3150801B9E03A460F21204604B0BDE8F0417AE7012125
S3150801B9F0204609F089FEEAE7F8B50023144D95F8C3
S3150801BA00B87195F8B961BA19DCB294421FDA05EB37
S3150801BA100411B1F8B810013381424FEA041CF3D17D
S3150801BA200C48631CD21A0CF110010144120160443E
S3150801BA301AF060FAA6428BBF06F1FF3607F1FF3707
S3150801BA4085F8B96185F8B8710CB985F8DE41F8BD94
S3150801BA50582B0020102C0020002108B5084B094856
S3150801BA601A7880F8B81180F8B91180F8DE11120138
S3150801BA70B8301AF037FABDE808400348FAF7FCBBB4
S3150801BA80CD460020582B0020EC470020F0B585B0A4
S3150801BA906C461F4F97F8B95107F1B80696E80F009B
S3150801BAA0013D84E80F0097F8B821EDB22A4407F161
S3150801BAB0C8013046120187F8B9511AF01BFA9DF8E8
S3150801BAC0023013F00F010FD1BDF80800114A1B0906
S3150801BAD010804FF00002BDF8000008BF039905B0B9
S3150801BAE0BDE8F04005F0F8BCBDF80400FEF74CFBD4
S3150801BAF00346828804ADADF80420224603CAAA4249
S3150801BB0018605960144603F10803F6D105B0F0BD73
S3150801BB10582B002068290020064B1B78042B04D1DA
S3150801BB20054A137E0533137670474FF47A71034835
S3150801BB301BF000BF20350020683600205048002041
S3150801BB4010B504460146082209481AF0D3F9237BA1
S3150801BB50022B0AD8002B14BF3122012205490B708A
S3150801BB6017234B61044B1A7010BD00230122F5E718
S3150801BB706C360020683600201735002008B51BF002
S3150801BB8015FE038A23F400739BB203741B0A4374DC
S3150801BB9008BD0C4B1B78022B11D10B4B1B78033BB1
S3150801BBA0012B0CD9094B1B78094A03F0010382F8CA
S3150801BBB0E7310023074AC2E901335380704700235E
S3150801BBC0F2E700BF17350020203500201239002082
S3150801BBD0582B00206836002038B504461348FAF772
S3150801BBE04BFB134B1B78013B012B1CD8114D54B948
S3150801BBF02B7823B140F619402C70F8F737FB002053
S3150801BC00FFF7C7FF38BDFF2C05D04FF47A710748F7
S3150801BC1061431BF08FFE2B78002BF0D1012340F6F0
S3150801BC2018402B70E9E70220EAE700BF801E0020D2
S3150801BC30203500201239002008B5FAF71DFBBDE8AA
S3150801BC4008400020C8E7104B1A7882420F4A18BFED
S3150801BC501870126932B90E4A12781AB958B9012000
S3150801BC600FF02CBE0B4A18B982F872020220F7E7C8
S3150801BC70012182F872121B781A1F012AEFD9062BA5
S3150801BC80F4D10320ECE700BF20350020B0450020A1
S3150801BC90113A0020582B002030B5054693B0C87AD2
S3150801BCA00C460EF06EFD20B394F90A00FEF786FDE8
S3150801BCB008BBE37A1249482281F85830A37A5831E9
S3150801BCC068468B701AF0DBFE4FF6FE739D420CBF79
S3150801BCD04FF6FF73238969460020ADF80650ADF883
S3150801BCE004300FF0C3FD40B92289064B5A8013B0C0
S3150801BCF030BD5520FBE75620F9E72120F7E700BFBD
S3150801BD00101C0020683600202DE9F041DFF8A480D8
S3150801BD101F4698F8003004460D46164633BB531E97
S3150801BD20052B23D81CF0C2FA00BB3B7B032B1BD186
S3150801BD304FF6FE739D420DD1012E0AD0022E15D162
S3150801BD40FEF70EFE4FF6FB739842054602D903F03D
S3150801BD50ABF9054664B939462846FFF79DFF0446FF
S3150801BD6098B12046BDE8F081012EF3D10224F8E707
S3150801BD70397B721ECB1E594259415042504104F03B
S3150801BD80EBFB04460028E6D0EBE798F80030332BA6
S3150801BD9003D0532B1CBF064B18613046FFF753FFE0
S3150801BDA000214FF6FF70FDF7BBFD09F083FED8E7CA
S3150801BDB068360020173500202DE9F04100240D468C
S3150801BDC01646FEF7EBFD1E4B1E4F93F800803C709E
S3150801BDD0E0B2404524D31C4F3B78013B012B04D8E4
S3150801BDE000214FF6FF70FDF79BFD0023174CB4F8B1
S3150801BDF0CC2184F8CA310AB1A4F8CC313146284697
S3150801BE00FDF78EFD124B1B78ABB1124BDB790E2B6E
S3150801BE1028BF0E230133DBB284F87332BDE8F08103
S3150801BE201CF026FAC30748BF3B7804F1010444BF56
S3150801BE3001333B70CCE73B78013B18BF0123EBE7A5
S3150801BE40634500208536002020350020582B002028
S3150801BE50113900205036002070B501208AB0FEF74E
S3150801BE602EFC04461D4A01AB1068516801AE03C396
S3150801BE7084B333461A4AD2F86A00D2F86E10B2F879
S3150801BE80685003C303F05CFB03A803F0BBFD154828
S3150801BE90BDF80C1002680B0222F0FF0203F4E2035C
S3150801BEA01343C9B20B4343F48043036003A8FEF767
S3150801BEB019FB002C4FF6FF7116BF324600222946A0
S3150801BEC0BDF81200FFF778FFF7F7CEFFF7F738FF4F
S3150801BED00AB070BD4FF6FF75D4E700BF969B0308FD
S3150801BEE0101C0020E83400201FB504466846FEF7FA
S3150801BEF0F9FA54B100238DF805301023694600205C
S3150801BF00064AFEF7AFFA04B010BDFEF729FDADF8F3
S3150801BF100600FEF755FDADF80000EEE764EE0100F8
S3150801BF2010B504460EF02DFCC0B1104B1B78023B30
S3150801BF30032B15D80E4B83F874421CF0B7F988B950
S3150801BF400C4B9A6C82B993F850406CB90A4A9A64B8
S3150801BF500A4ADA640EF0A2FB204610BD5520FCE71A
S3150801BF600220FAE74D20F8E70420F6E71735002006
S3150801BF70582B0020101C002031C801080F25020883
S3150801BF8038B505461CF092F948B9064B1C7834B900
S3150801BF90054B83F858500FF00CFC204638BD4D2050
S3150801BFA0FCE700BF401D0020101C00201FB50446F9
S3150801BFB06846FEF797FA02AB03CB2060616004B0CE
S3150801BFC010BD044B187818B9034B044A1B78D05C8A
S3150801BFD0704700BF4E36002020350020489C0308D4
S3150801BFE01FB5062304468DF80C30FFF7EAFF002338
S3150801BFF08DF80D00CDE9003301210223204603AA5D
S3150801C0000BF0B0FF04B010BD10B50024044B054871
S3150801C010A3F8BE41044B1C70FAF72EF9204610BD51
S3150801C020582B0020B04800201139002073B5054669
S3150801C0300C4616461CF03AF910B14D2002B070BDF7
S3150801C040062D03D85223EB40DB071BD4B4F1006F4E
S3150801C05005D3E30E1C3B032B19D94F20EEE700222B
S3150801C060354BC3F8B020354B1D70FEF7BFFB0346B1
S3150801C0700A2D5CD8DFE805F0331945551923195BF4
S3150801C0805B483F00FFF7C0FFB4F1006FE1D2002221
S3150801C090294B042DC3F8B020284B1D70E5D1022089
S3150801C0A0FFF7D1FDFEF7A2FB034601220192244ABE
S3150801C0B00092244A314620460EF0C3FABEE71CF028
S3150801C0C0F5F80028B9D11C4B1F4AC3F8E021012312
S3150801C0D0324600932146032309F08BFDAEE71CF097
S3150801C0E0E5F80028A9D1144B184AC3F8F021184AD3
S3150801C0F0C3F8F421EBE700220192164A0092164A88
S3150801C100D8E702220D4B1A70144B9A6C8AB993F828
S3150801C110504074B9124AC3E912240EF0BFFA2046F8
S3150801C1208CE7002201920F4A00920F4AC2E70120CA
S3150801C13084E7212082E700BF582B00204F360020D4
S3150801C14049CE0108D59D0108F59D010825980108E4
S3150801C15081CE0108E79D0108199D0108101C0020E0
S3150801C16039970108A5CE01088D970108F8B5054646
S3150801C1701846033B012B0C46174602D918B1212450
S3150801C18030E0FFF760FD1B4B1B78012B30D01A4BB3
S3150801C1901E78022E06D0032E2AD11DB9174B1B680D
S3150801C1A09B0725D43320FEF7F5F910F0CBFBB4F144
S3150801C1B0006F21462CBF052203220620FFF736FF12
S3150801C1C0044688B901220E4E0E4B30731A70FEF7DB
S3150801C1D0F7FB70803046154400F8045BFFF7E6FE6E
S3150801C1E0747337612046F8BD3046FEF7D3F9F9E78F
S3150801C1F00224F7E72035002017350020E83400200F
S3150801C200683600206245002008B50348FAF734F875
S3150801C210BDE80840F8E600BFB0480020F7B5144B62
S3150801C22004461B780E46F3B183421ED9114F0025E9
S3150801C230B7F8BE011CF0ACFA014609B9012009E0BC
S3150801C240AC4209D1002416232246304600941CF03C
S3150801C2504DFA204603B0F0BDB7F8BE011CF09DFAB1
S3150801C26001350146E9E71820F4E72720F2E700BF80
S3150801C27011390020582B00202DE9F04F404B414C35
S3150801C2801B7885B0033B012B25D81CF0D1F92378FF
S3150801C290022B38D13C49D1F87842A04233D0D1F8A3
S3150801C2A07C22C1F87802121B1044384AC1F87C0274
S3150801C2B0127872B1013A93403C2253434FF47A7291
S3150801C2C0534398421FD9032005B0BDE8F04FFEF746
S3150801C2D061B90A23F2E71CF0ABF92378022B12D1D4
S3150801C2E0294ED6F87852A8420DD000274FF47A7A0B
S3150801C2F0B846DFF89C90C6F87802451B99F80030D5
S3150801C300FCB2A34202D805B0BDE8F08F56F8243036
S3150801C310204605EB030B46F824B01BF0A9FFC3071B
S3150801C3200FD5204608F01AFC68B1BBF1240F08D9CD
S3150801C330102200232046CDF8008010F0EFF946F8C8
S3150801C34024800137DAE7331993F8843013F00F03A1
S3150801C3501FBF03F1FF32022393403C220CBF0A237D
S3150801C36053430AFB03F39B45EBD9204608F098FB98
S3150801C37002A908F0CFFB204609F0BEFAE1E700BFA3
S3150801C3802035002017350020582B00205C47002057
S3150801C3906047002008B51CF04BF90022024BC3F890
S3150801C3A07802C3F87C2208BD582B002010B5044634
S3150801C3B040F62140FDF798FF01214FF4807008F0FF
S3150801C3C0A7FC80B10022084B084883F8D621084A01
S3150801C3D0A3F8D4411288BDE81040A3F8D821054B2B
S3150801C3E019881BF0A7BA10BD582B00202C4800202D
S3150801C3F0682900207A44002037B505460C460823EB
S3150801C40069460120064AFEF72DF815B19DF8063052
S3150801C4102B700CB1009B2360BDF8040003B030BD3E
S3150801C42025E1010030B505460C4685B079B90028E5
S3150801C4303AD010231F4A69460120FEF713F89DF8E2
S3150801C44005305A1E052A26D9172005B030BD1822EF
S3150801C4500021204619F046FD002DEAD1164B1B781E
S3150801C46003F00F02022A21D1144B204693F85820D3
S3150801C47093F95A10B3F85C30A1722381E272FFF77F
S3150801C48095FD002304F11401237304F11000FFF74D
S3150801C490B3FFE08108E00A4A9DF804101278914238
S3150801C4A0D2D12B70002CD9D10020CEE7033B022B29
S3150801C4B0DAD9C9E764EE010017350020101C0020FF
S3150801C4C0B429002013B5284B284CB3F868102378F3
S3150801C4D0033B012B40D84FF6FF7399423CD1032009
S3150801C4E0FEF758F82248F9F7C7FE4FF6FF72214BB7
S3150801C4F0A3F82C21FFF74DFB2378033B012B23D906
S3150801C5001D4B1B78022B1FD100210DF10700FFF7E8
S3150801C51089FFC8B92378013B012B15D8174C237815
S3150801C52093B1EEF7DBFD2278154B4FF47A7183F858
S3150801C53080220B23B0FBF3F202FB13000A3080B210
S3150801C540414310481BF0F6F90F4B1B784BB902B063
S3150801C550BDE810400FF02DB90C4804F0CDFC0220BF
S3150801C560BEE702B010BD00BF101C00202035002018
S3150801C570A01E0020A447002017350020853600207C
S3150801C580582B0020E01E0020401D00207A1C0020A8
S3150801C59070B53E4B05461B788CB0002B74D11BF049
S3150801C5A085FE044600286FD10123394A184606A993
S3150801C5B0FDF758FF374B9DF81820374E1A702B8810
S3150801C5C021460DF10700A6F8E431FFF72BFF0028F5
S3150801C5D058D102A8FDF786FF029BBDF80E0006A9F1
S3150801C5E00893FFF759FB0446002848D12B4D9DF8BF
S3150801C5F00700FFF728FB2B785A1E012A1AD8FFF7DE
S3150801C6002BFC2B78033B012B01D8FFF7C3FEFFF761
S3150801C61059FF2B78033B012B31D8B6F8E40110F00A
S3150801C62002051FD00023052201201D490CB0BDE8D3
S3150801C63070409BE5033B012B04D82046FEF73FF8E3
S3150801C6400028DCD12B78053B012B18D8FFF704FC11
S3150801C650FFF738FF2B78052B0CBF04200520FDF7C3
S3150801C66099FF0CE00F4E0223314601200E4AFDF7D1
S3150801C670F9FE33885B0702D52846FDF715FE2046E5
S3150801C6800CB070BD1724FAE70224F8E71735002025
S3150801C69029E101005A450020582B002020350020A9
S3150801C6A000F8FF07A81F002027E1010007B50021B0
S3150801C6B00DF10700FFF7A0FE9DF8070003B05DF82E
S3150801C6C004FB07B508238DF80600ADF8041000929F
S3150801C6D069460020024AFDF7C5FE03B05DF804FB72
S3150801C6E025E1010030B5044685B068460D46FDF7DB
S3150801C6F0F9FEE4B100212846194AFFF7E2FF194B72
S3150801C70020681B7861688DF80430174B1B788DF803
S3150801C710053002AB03C347F2FF10144B196841F405
S3150801C7208042014041F480411A6003F0C1F9104B7F
S3150801C730694693F8582093F85A308DF803208DF8F6
S3150801C7400230FEF73DF9ADF80000FEF709F9094A8E
S3150801C750ADF8060010230020FDF784FE05B030BDB4
S3150801C76000F8FF07B429002020350020E83400200E
S3150801C770101C002064EE010010B5002208210446B1
S3150801C780FDF792FF28BBFEF7EBF84FF6FF71FFF7AF
S3150801C79013FB2046217CFFF7A5FF6269E189207C0E
S3150801C7A0FFF78FFF0C4B1B78012B0ED10B4B1B7818
S3150801C7B05BB104F0B3F80A4B1B6813F0400304D1CC
S3150801C7C019461846074A03F025F9FFF77BFE0020AC
S3150801C7D010BD0120FCE700BF20350020A21F002064
S3150801C7E0E8340020F71B002038B51D46FFF78CFA00
S3150801C7F00446B8B92B7B2846032B02D1BDE838403D
S3150801C800BAE7FFF79DF9084B01219C81FDF7F4FF73
S3150801C810032281400620FFF709FC2546044608B194
S3150801C820024B1D70204638BD68360020173500209A
S3150801C83038B5144C144B94F87422054683F85820DD
S3150801C840124B1B780BB90EF0B4FF00210846FFF70F
S3150801C85049FF0F4B1B78033B012B10D880220D4B48
S3150801C86083F8A820284610F001FC40F61740F7F790
S3150801C870FDFC0023A4F88232A4F8843238BD08F0FE
S3150801C880D5FBEFE7582B0020101C0020401D002087
S3150801C89020350020A447002038B5F9F7EDFC104BE8
S3150801C8A01B78023B032B0AD84FF6FE730D4C4FF645
S3150801C8B0FF75B4F82C01984202D1A4F82C5138BD61
S3150801C8C0A842FCD0FEF782F800210846A4F82C51AC
S3150801C8D0FFF708FFBDE8384040F61640F7F7C6BC33
S3150801C8E017350020A447002013B5044601A90020E6
S3150801C8F0FFF782FD019A01462046FFF7E2FE204630
S3150801C90002B010BD10B5084B1B78042B0AD0FEF7F0
S3150801C91027F8002104460846FFF76EFD231A5842F8
S3150801C920584110BD0020FCE720350020F0B500264F
S3150801C93089B00546CDE90566ADF81C6009F007FB27
S3150801C9400A23024604462946009605A81BF0CEFE90
S3150801C9509DF815309DF814701F2B25D803A8FFF7ED
S3150801C96025FB08220DF1160103A81AF078F80646E8
S3150801C970D0B9092F1AD1FFF7C5FFA8B11D4BB3F8D6
S3150801C9802C214FF6FD739A420ED91B4A1B4992F880
S3150801C990CE3109780433DBB20139B3EB810F82F862
S3150801C9A0CE3101DD82F8CE6109B0F0BD0A34E4B2B8
S3150801C9B021462846F8F7ACFBFFF796FF2846611C87
S3150801C9C0F8F777FC4FF6FF7398420246ECD0FDF76D
S3150801C9D0F7FF8242E8D04FF6FD71064BB3F82C01FA
S3150801C9E08842E1D94FF47A710548A3F82C211AF047
S3150801C9F0A1FFD9E7A4470020582B0020594700205A
S3150801CA00A01E002008B5F2F7EBF9FF2806D1002091
S3150801CA1008F0D6FBFEF740FF08F0ECF8FEF704FC39
S3150801CA2002F07BFDBDE8084002F0C4BF70B50FF007
S3150801CA3089FF0024374D384E2B789C422BD31B1B7C
S3150801CA40DBB22B7013B93548F9F716FCFFF704F872
S3150801CA5000214FF6FF7007F0BFFF1BF027FC20B13E
S3150801CA6009F032F90C222E4B1A702E4C2378532BCF
S3150801CA701AD1032323700023FF2219460120FFF749
S3150801CA8075FB294B1B780BB90EF093FE8022274BB9
S3150801CA9083F8A82070BD06EB041040F62141013445
S3150801CAA004F048FBE4B2C7E7062B01D0212BE8D1F5
S3150801CAB00120FFF719FA4FF6FE70FDF76FFF4FF6E3
S3150801CAC0FF70FDF783FF0020FFF786F80020FFF7C8
S3150801CAD0BAF8FFF75EF8FFF795FF0BF0F3FF237837
S3150801CAE0212B0ED100234FF6FE702370FDF756FF5A
S3150801CAF04FF6FF70FDF76AFF0D4B5869F7F7B6FB5E
S3150801CB00BFE70020FDF746FD00214FF4004002F083
S3150801CB10CFFFB6E716350020E02D00203847002064
S3150801CB204F36002017350020401D0020A44700205D
S3150801CB306836002008B5104A104B58611378032B44
S3150801CB4019D0C3B1332B01D0432B0FD10C4B1B7812
S3150801CB50033B012B05D803231370BDE80840F7F7FB
S3150801CB6085BBF7F783FBBDE80840ABE421231370C7
S3150801CB70BDE808405AE708BD173500206836002089
S3150801CB80203500202DE9F041284B04461B7888B052
S3150801CB90033B012B06D8437BDB0703D590F9090034
S3150801CBA009F0C6FC0025224E86F859502079FFF770
S3150801CBB0E7F9FFF706FA6788B4F8008004462946BC
S3150801CBC03846FCF7ADFE0DF11D0386F859508DF870
S3150801CBD01D40029301244FF6FF7360364CF620017F
S3150801CBE00193204643460495039400960DF11E02CF
S3150801CBF0ADF81E700DF01EFB014628B1022228462B
S3150801CC00FDF702FF044630B11720FFF793FF2046D0
S3150801CC1008B0BDE8F0811723064DC82106486B61A7
S3150801CC201AF088FE03232B76F1E700BF2035002092
S3150801CC30101C002068360020504800202DE9F047D6
S3150801CC400646FDF78DFEDFF81C81894698F8003007
S3150801CC509246033B012B044606D8737BDB0703D5B3
S3150801CC6096F9090009F064FCFDF77AFE394F3A4D49
S3150801CC70A7F82803FDF7A4FEB5F86830A7F82A0334
S3150801CC80A7F82C33D5F86A30C7F82E33D5F86E30A5
S3150801CC90C7F83233FDF7B0FD87F836033079FFF769
S3150801CCA06FF970880021FCF73BFEFDF779FD60B14D
S3150801CCB04FF6F672631E9BB2934206D902F0F4F957
S3150801CCC0B5F8683004468342F8D02046FDF766FE7B
S3150801CCD03088FDF77BFE5146B5F86800C84704461B
S3150801CCE028B91920FFF726FF1920BDE8F087B5F8FE
S3150801CCF0681008F0DCFC002385F85930174D2B78AD
S3150801CD0003F0FB03022B02D02046FEF737FF002271
S3150801CD1020461146FEF7E6FD0446B0B117236B61BE
S3150801CD2098F80030042B09D1C8210D481AF002FEE3
S3150801CD3003232B7684F00100C0B2D6E74FF41671AF
S3150801CD4007481AF0F7FD0023F3E71720FFF7F2FE6D
S3150801CD50F0E700BF582B0020101C00206836002081
S3150801CD6050480020203500200123F7B52F4E0546EF
S3150801CD700F4600202E4914467373FFF74FFA0BF03E
S3150801CD80BBFC90B9012D01D9042D1DD11C2301200D
S3150801CD900DF103012246ADF800308DF80270F3F764
S3150801CDA069F80721684610F095F91020002107F067
S3150801CDB0EFFE20B91F4B93F8B931002B33D003B0DE
S3150801CDC0BDE8F0400DF06ABC002CEED11A4B1B7879
S3150801CDD0212B03D0062B01D0532B02D1FFF726FEB8
S3150801CDE0E3E7FDF7DDFC0028DFD0144B1B782BB9F0
S3150801CDF0307BC0F11800FFF79DFED6E720460C49A7
S3150801CE00FFF70CFA20B140F619010D4819F02EFF6B
S3150801CE1032781AB90648FFF7B5FEC6E70949044844
S3150801CE20FFF70CFFC1E703B0F0BD00BF683600206D
S3150801CE3050360020582B00201735002011390020C4
S3150801CE40669F0308E1BF01080C2270B50B4B054626
S3150801CE501E781A7060B10B2425FA04F3DB0704D592
S3150801CE6044223046E1B2FFF77FFF01341B2CF3D190
S3150801CE703046BDE8704000221A2175E74F3600207A
S3150801CE800C2208B5054B1A211A7000221046FFF725
S3150801CE906BFF0022024BC3F8B02008BD4F360020B5
S3150801CEA0582B00200C22034B1A211A70032000224A
S3150801CEB05AE700BF4F36002010B5094C0948F9F763
S3150801CEC0DBF92378062B02D10120FFF70DF8237829
S3150801CED0062B01D0532B02D1BDE81040A6E510BDA3
S3150801CEE017350020D4480020064B1878112806D09B
S3150801CEF000F0FD00A0F14103584258417047012056
S3150801CF00704700BF1735002010B586B0044609F0F2
S3150801CF101EF8114B0246D3F8670093F86B1004907C
S3150801CF20D86E93F8703001328DF80C3000238DF8E5
S3150801CF30141002902146009392B2052302A81BF011
S3150801CF40D5FB052202A904A819F089FDB0FA80F0DB
S3150801CF50400906B010BD00BF749F03082DE9F04FC4
S3150801CF60C24C91B094F8DE71002F00F05B8100206D
S3150801CF7011B0BDE8F08F284639F8156007F0EEFDC7
S3150801CF80002860D0284607F08BFD16F4007B804602
S3150801CF9049D0B74B00210C9301230CAACDE90031E6
S3150801CFA004230AF0DFFF064600284CD0414608F064
S3150801CFB07EFB4FF40073002739F81520A4F8DA31FF
S3150801CFC022EA030329F81530284600231022009780
S3150801CFD00FF0A4FBA74B1B88D80708D5621992F84E
S3150801CFE0843044F8257063F00F0382F884301820E2
S3150801CFF0002300FB0540009301229F4B314690F820
S3150801D00038030DF067FB002814BF0123002384F8B9
S3150801D010DE3106D1B4F8DA31B3F5807F01D1A4F84F
S3150801D020DC010120A4E7730540F1EA8002F03CF82F
S3150801D0305B460246414658460DF05DF84FF480635B
S3150801D0400646002EB7D101379AF80030FDB2AB4239
S3150801D05091D80023A4F8DA3194F8B931002B86D097
S3150801D060B4F8B85028461AF0A1FB438A8046878A45
S3150801D07007A92846029308F0EDFF284608F067FF3E
S3150801D080014606462846F8F743F898F81030039003
S3150801D09003F00303012B0CBF83464FF0FF0B1BF074
S3150801D0A0C2FA0490FDF75CFC98F8173081463846B9
S3150801D0B0B4F8BEA0059301F0DBFF002840F0B78065
S3150801D0C0029801F0D5FF002840F0C880049BA3EB25
S3150801D0D00A0A6A4B1FFA8AFA1A78FDF761FB10B930
S3150801D0E0FFF702FF10B1043A022A21D9644B1B78D3
S3150801D0F0033B012B1CD8BBF1060F00F0A281BBF143
S3150801D100040F00F09E81FFF7EFFE20B1039B03F0A9
S3150801D1100303012B0CD05B4B1B7803F00B03022B8B
S3150801D12040F0B880584B2846B3F8681008F0BFFAA3
S3150801D130BBF1010F40F0E880284608F0A5FA4FF642
S3150801D140FF73984240F0AC8000233146284609AA6D
S3150801D15008F0FFFC8046002879D042799DF82D30E9
S3150801D16093420BD9711D284689B2F8F76CF894F8E1
S3150801D170BA3023F00F03023384F8BA30EDF7AEFF65
S3150801D1807E23B0FBF3F202FB13009DF82E3000F567
S3150801D190807013F0180FA4F8BC0020D094F8BA30A8
S3150801D1A019071CD1B9451AD07D2398F80520ADF881
S3150801D1B030303B0A8DF8333007A90DAB03C98DF81A
S3150801D1C0327083E803000D210CA88DF83C200FF07E
S3150801D1D081FFD4F8501611B13846F2F7BBFD9DF818
S3150801D1E02F30002B59D001220020B4F8B810FDF7D2
S3150801D1F00BFC00287FF4BBAE012384F8DE3110E76F
S3150801D200B4F8D40100283FF41EAFF6057FF51BAF2D
S3150801D210414608F04CFAB4F8D4614FF48073A4F887
S3150801D220DC610EE7DFF864A0DFF864900CE72846B6
S3150801D2301AF0BCFA4FF6F773428A9A4207D9059B48
S3150801D2402BB92846FFF760FE00287FF439AF94F81A
S3150801D250BA3023F00F0384F8BA301EE002981BF0A7
S3150801D26078FA00287FF432AFF1E700BF582B002087
S3150801D270030EFFFFA61F00207FA3010868360020C2
S3150801D2802035002017350020101C0020604700209B
S3150801D290A43400202823A4F8BC30FEF7F7FBDBE60C
S3150801D2A04FF6F773029A9A4204D898F81130DA07BA
S3150801D2B040F1C7806D4B1B78033B012B40F2C180BF
S3150801D2C040F6B8339A45C2D8EDF708FF684B00F027
S3150801D2D03F001E78C0F5FA70664BA4F8BC00002220
S3150801D2E0384698F81710013E1D78FEF74DFA032EB9
S3150801D2F05DD801A353F826F0E7D10108AFD3010899
S3150801D30091D30108B5D301084FF6F773029A9A42E9
S3150801D31003D898F81130DB0704D5544B1B78033B27
S3150801D320012BCDD8BBF1020F49D10123314628463D
S3150801D3300CAA08F00EFC0746FDF712FBBDF83630BD
S3150801D340984204D018461BF004FA002879D0002F19
S3150801D3503FF47DAF01227B883146284608F022FE3C
S3150801D360454A13780133DBB288F8173013707B8886
S3150801D370BDF832209A421FBF94F8BA3023F00F0342
S3150801D380023384F8BA304FF4C873A4F8BC302AE7DC
S3150801D390B9453FF428AF00283FF459AF4368013334
S3150801D3A03FF455AFC378AB42BFF451AF1BE7B9455C
S3150801D3B03FF419AF94F8BA301B09ECD113E7BBF166
S3150801D3C0030F3ED1B9453CD1711C284689B2F7F7FE
S3150801D3D09FFE0C2835D14FF00208DFF8A49099F882
S3150801D3E0006000270DE012237B43244A002132F80E
S3150801D3F003B05846FEF774F810B1D6B1013EF6B23D
S3150801D400013799F80030F9B29942ECD39E4218D007
S3150801D410EDF764FE99F80030B8F1010FA3EB0603A6
S3150801D42090FBF3F101FB1300C6B20AD04FF00108D5
S3150801D430D7E74FF6FF72934503D05946284608F0B9
S3150801D44036F9284608F020F994F8BA301B097FF412
S3150801D450FEAEBAF1FA0F3FF6FAAEEDF73FFE00F06F
S3150801D4601F001030A4F8BC00BDE600BF203500201F
S3150801D470DD290020E9460020A01F00204E370020A4
S3150801D4804C3700207FB50D461646ADF80E001AF04A
S3150801D49071F9841BE4B2BDF80E20631B9BB21046DA
S3150801D4A0294600937319F7F7F1FE21460DF10E008F
S3150801D4B0F7F703FE04B070BD10B50C4B04461B7894
S3150801D4C0033B012B0ED900F108039BB2012B0BD8A4
S3150801D4D0FDF746FA024620460FF021F880F00100D2
S3150801D4E0C0B210BD0120FCE70220FAE72035002072
S3150801D4F00022FEF725BA30B5154B85B01B78033BDC
S3150801D500012B22D8002401210B22124B124D1B7824
S3150801D510019400918DF80C208DF80D30B5F868004E
S3150801D520032303AA8DF80E400AF01CFD68B1B5F86D
S3150801D5306810FFF7DDFF40B10522084B64211A7018
S3150801D540074B08481C701AF0F5F905B030BD00BF45
S3150801D550203500205C470020101C0020A41F002055
S3150801D560A31F00207048002010B50FF0EBF9FFF754
S3150801D570BBFCD8B10E48F8F77FFE0E480E4C017A6F
S3150801D5800E30FFF7AFF823781BB1FEF73DFD0023F8
S3150801D59023700022094B1A73FEF794FF07F0BCF9B2
S3150801D5A0FFF7A9FFBDE81040FDF7B8B810BD00BFE9
S3150801D5B05048002050360020843600206836002066
S3150801D5C02DE9F7430D466C46814621462846904685
S3150801D5D008F040FD074628461AF0E8F8467CB9F1F6
S3150801D5E0010F014606F0020620D0284608F0EEFA99
S3150801D5F000270446DFF8D49128461AF0D7F84044A4
S3150801D6000569C5F30F282D0E002F37D1002D3ED100
S3150801D6104FF6F77398454CD8FDF7C2F800285AD14A
S3150801D620614B1B786BB90EF0C4F80AE0FDF7B8F840
S3150801D630E8B14EB15D4B1B78012B02D0043B012B9F
S3150801D6400BD803B0BDE8F083594B1B782BB1574B68
S3150801D6501B7803F0FB03022BF3D0002F01F1100016
S3150801D66008BF002408F091FC01278146C4E7504B06
S3150801D6701B78002BF1D0002EEFD1E2E7B9F1000FAC
S3150801D6800DD195B14A4B1B78002B40F08780FDF7E9
S3150801D69087F80028C4D04748F8F7EEFD09E0484660
S3150801D6A0FDF7A6F90028BBD03DB94FF6F7739845A3
S3150801D6B04BD91720FFF73EFAB2E73D4B1B78002BF3
S3150801D6C06FD13D4B1B78022BE1D0FDF769F8002895
S3150801D6D0A6D0002DDFD12046FDF7C2FBFF28364D27
S3150801D6E0DFF8EC9002D02B78012B04D12146B9F84A
S3150801D6F06800FDF725FEFDF7AFFE22464046B9F85C
S3150801D7006810FEF759FB2D4B2D4A93F906301B027B
S3150801D71013802B78012B2FD0312B14BF43231123D0
S3150801D7202B70284B234819681AF004F9FEF732FEC4
S3150801D73000231E4C23761E4B1978F9B91D481AF099
S3150801D740F9F840F61B4363616AE7194B1B7843BB3B
S3150801D750194B1B78022BB8D1002D98D14046FDF7FD
S3150801D7601DF928462946FEF7BDFF07F0D5F840F60C
S3150801D7700740F6F77BFD53E71123D1E71FB116B131
S3150801D780FFF7F2FEDDE7104B1B78042BD9D10521F3
S3150801D79008481AF0CFF809232376D2E7002E90D14C
S3150801D7A075E7002ED4D190E7401D00206836002089
S3150801D7B0A21F0020504800201735002050360020AF
S3150801D7C014350020D446002020350020F71B002000
S3150801D7D0101C002010B52348F8F74EFDFFF784FB0F
S3150801D7E028B1214B1B782BB9BDE81040BCE6FCF7E4
S3150801D7F0D7FF80B11D4C237E53B1C82119481AF0B1
S3150801D80099F8237E013B2376BDE810400CF04EBF04
S3150801D810FCF7C6FF68B9164B1B78112B03D003F02A
S3150801D820FD03412B1DD1BDE81040104B5869FFF788
S3150801D83081B90F4B1B78332BF5D10E4CB4F828035D
S3150801D840FDF7ACF8B4F82A03FDF7C0F8B4F82C03D1
S3150801D85004F22E31FCF764F894F83603FEF790FBD0
S3150801D860E1E710BD50480020A21F002068360020BD
S3150801D87017350020582B002010B51448F8F7FCFC82
S3150801D880134B1B78F3B9134A137873B1013B137021
S3150801D890114B1B78042B01D10CF008FFBDE8104091
S3150801D8A04FF4967109481AF045B80C4A128802F0E5
S3150801D8B00302022A09D1BDE81040032201200849C2
S3150801D8C0FEF754BCBDE8104015E610BD70480020AF
S3150801D8D0A31F0020A41F002020350020A81F002018
S3150801D8E000F8FF07042230B501F0400387B0002B8A
S3150801D8F0054614BF012400248DF80C208DF80D105F
S3150801D90004D004A907F006F938B304ABCDE90043FE
S3150801D91001210223284603AA0AF024FB0446F0B192
S3150801D920104B1B78033B012B04D80F4BB3F8681037
S3150801D93007F0BDFE4FF6F7739D4209D9322202213F
S3150801D9402046FDF7CFFF80F00100C0B207B030BD19
S3150801D95029462046FFF7CCFDF5E70120F6E7192011
S3150801D960F4E700BF20350020101C00202DE9F04106
S3150801D97004460D4616460EF0E5FF23480378002BAC
S3150801D98040D0212B3ED0DFF8908098F80020012A5C
S3150801D99001D1A20636D41D4FD7F8402192BB1C4AA5
S3150801D9A003F00F0316701B4A012B04F0200415809F
S3150801D9B007D121230370FFF739F8DCB10020BDE850
S3150801D9C0F081002C14BF53230623214603704FF61A
S3150801D9D0FD70FFF787FF40F6020240F2262198F80C
S3150801D9E0003007F59870033B012B88BF114619F0E3
S3150801D9F0A1FFE2E721464FF6FE70FBF791FFFCF720
S3150801DA008DFEDBE70220DAE717350020A447002060
S3150801DA10BB290020DE460020203500202DE9F74FDE
S3150801DA200E460546511C3046F7F772FB044630464A
S3150801DA3019F0BCFE4E4B04F040021B78022B02D0B3
S3150801DA40043B012B07D84B4B418A1B685F0205D55E
S3150801DA50A70603D44AB303B0BDE8F08F2AB3464AF2
S3150801DA601278D61E012E16D8444BB3F86830AB424D
S3150801DA70F1D1437C1E0713D5103008F086FAFCF75E
S3150801DA80B7FF0028E7D00122294604F0200003B099
S3150801DA90BDE8F04F6AE7022ADDD1DF01DBD4E8E70A
S3150801DAA0FCF75EFF8842D6D1EDE7334B1B78013B85
S3150801DAB0012BD0D8437CD906CDD56946304608F026
S3150801DAC0C9FA68461AF002FCFF28074618D0A206CA
S3150801DAD001D4FCF74BFF384606F0E2FF4FF0000889
S3150801DAE08146C246264EDFF89CB09BF800205FFAB5
S3150801DAF088F39A4225D802F0CBFC384607F0FCFE9B
S3150801DB0028461AF019FEFF280DD0FDF729FB14F057
S3150801DB10200208D1FCF724FF58B1134669460222B0
S3150801DB2028460EF01FFEFCF71BFF002893D1A3061B
S3150801DB3091D44FF6FF73022269462846F6F71DFA75
S3150801DB4089E7708819F032FE438A4B450CD17088F3
S3150801DB50FDF752FF00230E211846728807F039FD9A
S3150801DB60A6F800A0A6F802A0103608F10108BCE73D
S3150801DB7017350020E834002020350020101C00202D
S3150801DB80E02D00201635002038B504460D461AF05A
S3150801DB9017FBFF28034614D00B4A127842B10B4AE9
S3150801DBA032F81020520403D507F0A6FE002038BD2E
S3150801DBB01846FCF7DBFE204645F04001BDE8384033
S3150801DBC090E60120F3E700BFA21F0020A43400203D
S3150801DBD02DE9F04F4FF0000A8DB00746CDF820A089
S3150801DBE019F0E4FD858A0646448A90F810B028465D
S3150801DBF01AF0E6FA81462846FCF704FEB9F1FF0F4A
S3150801DC000CBF034601230493337C99070CD1FCF717
S3150801DC10A7FE049BA84208BF01230393B37D33B92A
S3150801DC2003200DB0BDE8F08FCDF80CA0F6E7FCF7A0
S3150801DC3097FEA04209D0AB4B1B78052B05D0033BB9
S3150801DC40012B05D8A84BB3F868404FF0000A88E0C5
S3150801DC5020461AF07EFD737CB0B15A07F5D53846D1
S3150801DC6008F064F9014605463846F7F751FA421CA9
S3150801DC7052002946384602F0FE02FFF703FC737C80
S3150801DC8023F004037374E0E713F0040A22D038463C
S3150801DC9008F04CF9014605463846F7F739FA814640
S3150801DCA06E1CB6B231463846F7F732FAB9F1000FAB
S3150801DCB001D0FF2805D1002231463846F7F7C3FAC5
S3150801DCC0C3E7A91C01EB4001C9B23846F7F7F1FAD7
S3150801DCD00446BAE7204608AA0DF11F0107F03DFBE5
S3150801DCE0039B8046ABB30BF0C00BBBF1800F1DD174
S3150801DCF0204608F073FD337C284603F03F0333744E
S3150801DD001AF027FD10B9FCF72BFE05462A46002115
S3150801DD1020460EF004FC002882D0744B744A1B7806
S3150801DD2012781344052B26D101207AE7BBF1400F5F
S3150801DD300FD19DF81F2062B1204608F04FFDFF283C
S3150801DD40D9D06C4A00B202EB80029278FF2AD2D16E
S3150801DD50A046089AE2B99DF81F20002A40F0B38030
S3150801DD604446524621463846FDF7EAFD00283FF467
S3150801DD7057AF002055E7C82008F08EFAC82303815B
S3150801DD8008230780837004461AF04DFCE080CBE730
S3150801DD901046059207F0D6F9059AFF2883461279A7
S3150801DDA006D14FF4E1715448059218F05FFF059AC0
S3150801DDB0039B002BCFD002F03002102A1CD0202A58
S3150801DDC0C9D1049B002B6FD0BBF1FF0F14D0B9F159
S3150801DDD0FF0F11D0494AC9F3C7001178484A0731DC
S3150801DDE0C9100BFB0122024492F8542609F00709CF
S3150801DDF022FA09F2D307AED4FCF7B2FD4FF6F77350
S3150801DE009845824696F8179039D8052385428DF8A4
S3150801DE1024304FF0010214BF012300234FF0000103
S3150801DE2018BF8DF82530CDE9002115BFADF82600BC
S3150801DE308DF8253004230223204609AA0AF092F810
S3150801DE400646E0B1554516D019F0B0FCA9F180098E
S3150801DE502B0A0575437580F817900AA9284606F016
S3150801DE6059FE20B928460AA9FCF7DEFC38B1304626
S3150801DE700AA90EF03BFB41463046FFF739FB089AE3
S3150801DE80A04513799DF81F1003F0F30312D11371FE
S3150801DE90B1B101212046FDF723FB88B9204608F0D8
S3150801DEA09DFCFF280CD11BE0089A127912F00C0F81
S3150801DEB0A2D150E743F0040313710029E9D144467E
S3150801DEC04FF0300A4DE701212046FDF709FB0028EE
S3150801DED07FF4BBAE204608F081FCFF287FF4B5AE7F
S3150801DEE002209EE620350020101C0020CF1F0020AE
S3150801DEF0CE1F0020AC1F0020A79D03086047002005
S3150801DF00582B0020F8B5064619F050FC4FF6F77362
S3150801DF10428A9A4238D9FBF73BFC10B100242046C5
S3150801DF20F8BD1D4B1B78033B012B09D81B4BB3F8D6
S3150801DF3068104FF6FF739942F0D0304607F0B7FBE9
S3150801DF40002202213046FDF7CDFC04460028E5D023
S3150801DF50304619F02BFC878A0546C17DFCF700FD82
S3150801DF6002463846FDF758FC4FF6FF736A8A9A420D
S3150801DF7002D13046FEF71AFA2B7C9B07CFD1012135
S3150801DF80304601F057F8CAE73046FFF721FEB0FAE6
S3150801DF9080F46409C3E700BF20350020101C002067
S3150801DFA02DE9F04F00270446ABB01622394610A8D2
S3150801DFB00E97CDE90C77CDF83B7017F093FF204605
S3150801DFC00DF12F0222A90BF059F90228064600F095
S3150801DFD0EA80204619F0EAFBB0F81330012EADF8B5
S3150801DFE04030B0F815300546B0F81090ADF842301B
S3150801DFF0204640F0DB8019F0D9FB204619F0D6FB04
S3150801E000204619F0B7FB3D469DF84D30099043F07F
S3150801E01001038DF84D3022AE3388022B4CD1F178AD
S3150801E02020460231F7F774F81B2845D1F1782046C6
S3150801E0300331F7F76DF819283ED1F17820460431F6
S3150801E040F7F766F84A2837D14FF00508F1782046E0
S3150801E05001314144F7F75CF8F1788246414420469C
S3150801E060F7F756F800EB0A2083B2932B00F03F0B23
S3150801E07040F0DB800023F2782146023242445FFAFF
S3150801E08082FA524600930CA80F231AF02FFB0AF1C5
S3150801E0900F012046F7F70DF90AF111010546204649
S3150801E0A0F7F707F9ADF842000BF1020343445FFAAB
S3150801E0B083F833794345C9D803370F2F06F1060686
S3150801E0C0AAD1099BA3F110069DF84D20C5F3C033CB
S3150801E0D063F3410220468DF84D2019F067FB837AD8
S3150801E0E020468DF8443019F061FB037A20468DF8F5
S3150801E0F0453019F05BFB437AF6B28DF846309DF848
S3150801E1003230192EC3F3C3028DF84720DDF83320C8
S3150801E110DFF8F882CDF84E20DDF83720B24FCDF87A
S3150801E120522094BF00229DF83E208DF8482003F026
S3150801E13003028DF84A2098F80020022A9DF84D20FE
S3150801E1400CBFC3F38003DB0963F382023B788DF8C6
S3150801E1504D20022B40F0B680FCF732FCBDF840207A
S3150801E160824240F0AF8016A8FDF720FF192E71D91B
S3150801E17008220DF14E0116A818F071FC002869D184
S3150801E180B9F5004F62D140F6FF7325F440459D422B
S3150801E19009D1002208210DF14E00FCF785FA064641
S3150801E1A0002800F0A5802BB0BDE8F08F19F0FEFA23
S3150801E1B0204619F0FBFA204619F0DCFA9DF84D3095
S3150801E1C0064667F3000320468DF84D30B5F817501B
S3150801E1D019F0ECFA804638F8103F204603F440431C
S3150801E1E0B3F5404F14BF0022062202F10A0318F8BC
S3150801E1F003300B325F0007F00E075B08174403F084
S3150801E20038031F4419F0B6FAA0F11002D2B29742A8
S3150801E21009D2D21BD2B20F2A28BF0F2208EB070157
S3150801E2200CA818F02CFC103E4EE7412B7FF43CAFAE
S3150801E230F178204602314144F6F76AFF6B4B1B78A9
S3150801E240C3F1B30318448DF849002DE7B9F5624FB8
S3150801E250A9D198E798F80030033B012B32D94FF63C
S3150801E260FF73634CB4F82C219A422BD1FCF7A8FB17
S3150801E2704EF6602182465F4819F05CFB00214FF695
S3150801E280FE730846A4F82C31FEF7B6F840F20913D6
S3150801E29004460DF17200ADF87030FDF787FE0023D4
S3150801E2A02046CDE9003364210C231CAAADF87AA0D7
S3150801E2B009F058FE044628B1FEF724FBA0B1204612
S3150801E2C0FEF734FBB9F5004F03D0B9F5624F7FF479
S3150801E2D06AAF40F6FF7325F440459D427FF463AF6C
S3150801E2E0192E7FF660AF54E72046FFF70BFEE9E7E4
S3150801E2F0DFF81C9199F80D3013B9FCF751FA38B9C2
S3150801E3003D4B1B78012B03D003F0FD03042B38D1B9
S3150801E31001231CAC10AD89F80C300FCD0FC495E85C
S3150801E320030044F8040B2180082234480DF17E01CC
S3150801E33018F095FB60B1002208213048FCF7B4F9C2
S3150801E340F8B1B9F80230BDF870209A4200D0C3B9C5
S3150801E3509DF87D30990704D43B7803F0FD03312BF2
S3150801E3600FD127499DF83130097803F00F028A4207
S3150801E37003D0012934D1022A03D19DF83020002A7D
S3150801E38048D01D4B1B78012B02D0042B7FF40BAF11
S3150801E3901C4B9DF84D409DF831201F78DDF8521031
S3150801E3A0BDF840309DF84860DDF84E00C4F34004DE
S3150801E3B002F00F0217AD8DF85A70ADF858308DF886
S3150801E3C05B408DF864208DF8656003C50E49D1F868
S3150801E3D0C451002D00F0418110A916A8A847E2E60C
S3150801E3E00229CED1012AC7E7173500209A2900202C
S3150801E3F0A4470020A01E00204F3600206C360020BE
S3150801E400B4290020242B0020582B00202035002079
S3150801E410683600201B09022BB3D198F800209DF815
S3150801E4203230022A33D15A07ABD516AC10AD0FCD0F
S3150801E4300FC495E8030044F8040B21801622002135
S3150801E4401CA817F04FFD964B1B78002B32D1944B25
S3150801E4501A78944B1B789A42C0F0DC80904C914B09
S3150801E46022781B789A4209D98F48B0F8BE1100F56F
S3150801E470DF700DF06FF92378013B23702378012BA8
S3150801E4807FF47FAF89498A4819F054FA79E71B0660
S3150801E490CBD4884BB3F86820BDF872309A427FF422
S3150801E4A070AF3B78332BC0D003F0EF03432B7FF4D7
S3150801E4B068AFBAE7DFF8F0810025B8F8BE011AF0AF
S3150801E4C067F9AA460446002C34D1754F35B1294659
S3150801E4D079480DF03FF93B78013B3B703B78002BBF
S3150801E4E0B5D0DFF8C4914FF00008B9F8BE011AF0AB
S3150801E4F04FF9C2460546002D60D1002EA7D0162138
S3150801E50016A80BF079FC06460028A7D0664F2946BF
S3150801E510B7F8BE0119F068F98442054640F08680CD
S3150801E520314607F5DF70F6F7AFFD5D4A137801331B
S3150801E530137093E7002221461623CDF800A01CA8E4
S3150801E5401AF0D4F816221CA916A818F088FA002879
S3150801E5503FF417AF9DF85C209DF874309A4226D196
S3150801E560BDF87030BDF85890994520D108220DF1B3
S3150801E5707E010DF1660018F072FAC0B901AF16AD49
S3150801E5800FCD0FC795E8030047F8040B39809DF9AD
S3150801E5907A30484600939DF976209DF878309DF8A3
S3150801E5A075100EF0DFF900283FF4EBAE254621463B
S3150801E5B0B8F8BE011AF0F1F8044684E716230022DA
S3150801E5C02946CDF800A01CA801AE16AF1AF08EF8A0
S3150801E5D00FCF0FC697E8030046F8040B31809DF963
S3150801E5E07A309DF9762000939DF875109DF878305C
S3150801E5F0BDF870000EF0B6F9064620B1B8F1000F65
S3150801E60004BF2C4680462946B9F8BE011AF0C5F85A
S3150801E610054670E7162116A80BF0EEFB0146002801
S3150801E6203FF41CAF24481AF09BF87EE700212846E0
S3150801E63019F0DAF8844205D02846002119F0D4F8F1
S3150801E6400546F3E732462846002119F0E1F8224645
S3150801E6500021304619F0DCF867E71B218DF8733085
S3150801E6601B0A9DF845C09DF946508DF8743017ABC5
S3150801E670ADF8701003CBCDF87500CDF879101CA84C
S3150801E68012218DF872708DF87D408DF87E208DF8F7
S3150801E6907F608DF880C08DF881500EF01BFD82E5F4
S3150801E6A01139002062450020582B002020BF0200A6
S3150801E6B0B0480020101C0020162D00202DE9F04F2F
S3150801E6C091B00546894607F042FC002704462846CC
S3150801E6D0CDE903770597ADF8187007F027FA0646CE
S3150801E6E0284619F047F804F10E039BB2834256D81F
S3150801E6F00E2322462946009703A819F0F7FF0DF1C4
S3150801E7000D000BF0C9FF9DF80C300746282B9DF824
S3150801E71019A044D10DF11100FCF76AF980460028C9
S3150801E7203DD1504602F032F800283CD1834B1B7884
S3150801E730AAEB03031B0632D4814B1C78012C14D196
S3150801E74019F076FF7F4D0446D5F8983623B14EF673
S3150801E7505F22C31A934222D90023FF22194618467B
S3150801E760FDF704FDC5F8984619E0022C17D10BA848
S3150801E770F1F738FB07AA1546734B8DF82C4003F1C0
S3150801E7801007144618685968083303C4BB42224661
S3150801E790F7D129460BA8F3F7F9FD0028D0D00022B6
S3150801E7A031461920C4E043462246102128460BF07B
S3150801E7B0E3FE80460028F2D0DFF880B19BF80030EE
S3150801E7C053456FD10BA831460DF1110219F076FCAC
S3150801E7D00BA819F0B7FD08B118F0E8FF48F20301D4
S3150801E7E00BA80EF0D1F92846ADF81C5018F0C2FF57
S3150801E7F00446BDF81C0007F0AAFB00F10E03DBB2C4
S3150801E800BDF81C200146E01A80B200901046F6F7C2
S3150801E8103DFDA4F10E0189B207A8F6F74EFC314673
S3150801E8200DF11100FCF754FFFE280446B7D0FF2866
S3150801E83009D1304619F080FFFF28044639D00DF179
S3150801E8401101FCF762FE9BF800304049534522B29C
S3150801E85066D13F4B1B789C4255D3DFF800C1E31ABA
S3150801E860DBB23CF8130010F4805F59D140F48050B4
S3150801E8702CF81300013741F8227099F800309B07EC
S3150801E8803DD1284607F063FB01462846F6F740FCCA
S3150801E89000F00300012832D130460DF11101F1F7DC
S3150801E8A059FA2CE05146012001F0E2FE002889D1EF
S3150801E8B075E799F8003003F00303012B16D0254BB1
S3150801E8C01A78234B1B789A4206D34FF6F773B9F891
S3150801E8D002209A423FF663AF0DF111013046FCF76B
S3150801E8E02FFD304619F028FF0446ACE7284607F005
S3150801E8F02EFB01462846F6F70BFC0828DFD14046D1
S3150801E90011B0BDE8F08F144B02EBC20003EB4003D4
S3150801E910587910F0100F03D140F010005871A9E78B
S3150801E92051F822309F42A5D222464FF6FF71152093
S3150801E93018F082FB4FF00008E1E700BFE629002046
S3150801E940DA460020582B0020E59F03088836002068
S3150801E950644500204C3700204E370020A43400209F
S3150801E9600022064B59881A705A7001B15A80044B15
S3150801E9701A880AB100221A80704700BF183A002087
S3150801E980202D0020F8B5064607F0D0FA05460446BC
S3150801E990304618F00BFF437C5B071AD5304618F052
S3150801E9A0E9FEAC1CA4B2844201D90020F8BD29466F
S3150801E9B03046F6F7ADFB0746691C304689B2F6F7CD
S3150801E9C0A7FB1FB1874201D8FF28EED104EB470404
S3150801E9D0A4B2304618F0CEFE84428CBF0020012036
S3150801E9E0E4E7F8B5054607F0B2FA0446284618F0F2
S3150801E9F0DDFE0746284618F0BDFEA31C9BB28342DE
S3150801EA0001D90020F8BD002CFBD021462846F6F78F
S3150801EA107FFB611C064689B22846F6F779FB0F2E5D
S3150801EA200346EED81A4A925D1444721EA4B2092A04
S3150801EA300ED8DFE802F009050D0D150D0D1C222271
S3150801EA40D80644BF0834A4B2990601D50834A4B23D
S3150801EA50284618F08FFE84428CBF00200120D1E79A
S3150801EA607A7CD206CDD504EB40039CB2F0E700F0E0
S3150801EA701F0303EB43032344F7E71F2805D8092E91
S3150801EA800ABF430002239BB2F5E7C828B9D1DFE7DD
S3150801EA9024A00308F8B5054607F059FA064628469C
S3150801EAA018F068FE731C9BB2834201D90020F8BD99
S3150801EAB0002EFBD031462846F6F72AFB00F00C0358
S3150801EAC0042BF3D000F00307022F2AD1002BEDD136
S3150801EAD010F0100F0CBF0824022434440306A4B214
S3150801EAE017D5284618F046FE631C9BB28342DDD82B
S3150801EAF021462846F6F70CFB012F00F00303D5D073
S3150801EB00032BD3D01BB1022F14BF022303232344A3
S3150801EB109CB2284618F02EFE84428CBF00200120A4
S3150801EB20C5E7012F06D0C20604D40C2B14BF08244E
S3150801EB300924D2E70224D0E707B50020054B064A87
S3150801EB40186004230DEB03010190FBF78BFC03B05E
S3150801EB505DF804FB7039002063E5110041F20333C7
S3150801EB6030B585B00D46ADF808300446FBF7F8FE1A
S3150801EB708DF80A00FBF7F4FE0021000A8DF80B0058
S3150801EB8005232046CDE9001102AA8DF80C5009F09B
S3150801EB90E9F910B12146FEF7ABFC05B030BDF8B571
S3150801EBA0064618F003FE092205460021103019F021
S3150801EBB052FD00F11004E4B2214630462F8AF6F7D9
S3150801EBC0A7FA0546304618F0D5FDBA05A0EB0403A9
S3150801EBD0DBB20BD47C2D0BD0082D0BD8064A2A4460
S3150801EBE0107C98428CBF00200120F8BD1220F8E75E
S3150801EBF00320F6E7FF20F4E724A003082DE9F041F6
S3150801EC00064607F0A0FA0546304618F0B3FDAB1CD8
S3150801EC109BB2834202D90020BDE8F081002DFAD0CB
S3150801EC2029463046F6F774FA12280746F3D8DFF86C
S3150801EC303880691C08EB00035C7E304689B2F6F71A
S3150801EC4067FA2C44052FE4B206D10528E3D8804497
S3150801EC5098F82C302344DCB2304618F08BFD8442F8
S3150801EC608CBF00200120D7E724A0030838B5044645
S3150801EC700D4619F06EFD40B1AC4206D0204619F09A
S3150801EC809FFABDE8384006F037BE38BD2DE9F04198
S3150801EC9005460C4606F07CFC082835D02846A78888
S3150801ECA094F8078006F042FF0646284606F066FCF9
S3150801ECB0010610D5154B1B78042B0CD1144B1B7868
S3150801ECC0022B08D1134BB3F868204FF6FF739A420B
S3150801ECD001D00BF0EBFC4FF6F77362889A4202D823
S3150801ECE06378DA070ED523789B070BD1324641465E
S3150801ECF03846FCF777FD80F00100C0B200F001004C
S3150801ED00BDE8F0810120F9E70120F9E72035002067
S3150801ED1017350020101C002008B50648F7F7ACFA8D
S3150801ED20054B1B78033B012B03D8BDE808400BF0C4
S3150801ED30BDBC08BD904800202035002010B504460A
S3150801ED40084619F0C3FAFF280DD019F091FA0346BF
S3150801ED5010F0010006D05B0843EAC17383F0010392
S3150801ED6003F0010010BD04F00100FBE70148F5F7C7
S3150801ED7065BF00BF242D00200148F5F75FBF00BF1E
S3150801ED80C8390020F8B500250A4E0B4F3378ECB286
S3150801ED90A34204D8BDE8F8400848F5F74FBF07EB8A
S3150801EDA00414A01CF5F74AFF201DF5F747FF0135A6
S3150801EDB0ECE700BF16350020E02D00202C2D0020A1
S3150801EDC010B5064CA01CF5F739FF0548F5F736FFCF
S3150801EDD0201DBDE81040F5F731BF00BF183A0020E5
S3150801EDE0202D00202DE9F04335488DB0F7F744FA78
S3150801EDF019F01EFC334DAB68C41A4FF47A73B4FB91
S3150801EE00F3F4A4B214B119F013FCA8602E4F4FF60F
S3150801EE10FF763B88DFF8B480ADF80A3000233B80E3
S3150801EE200DF10A000BF0AAFF054658B9274B1B88B6
S3150801EE302BB14FF47A712248714318F07BFD0DB05E
S3150801EE40BDE8F0834FF0000924234A462946CDF848
S3150801EE50009003A819F04AFCBDF81A30A34294BFE2
S3150801EE60DB1A1B1B9BB2ADF81A30CBB9FBF778FD41
S3150801EE70BDF8183003F04003184380B218B932219F
S3150801EE8003A8F5F7D7F8BDF818301B0602D5089878
S3150801EE90F1F7B9FAB8F80030013BA8F80030BFE736
S3150801EEA09E4228BF1E460123294600934A4624232B
S3150801EEB003A819F01BFC2946384619F051FCAFE79F
S3150801EEC0001F0020183A0020C8390020CA3900203E
S3150801EED02DE9F04F3B4C1E46638889B0049088465D
S3150801EEE010469DF848505BB952B1F6F7C1F96080F2
S3150801EEF04FF4FA61344809B0BDE8F04F18F01ABD6D
S3150801EF00DFF8CC90B9F80070002F49D0384618F0D0
S3150801EF1031FCC0F34705384618F048FCDFF8B4A0C1
S3150801EF200295BAF80030DFF8B0B00193BBF80030AB
S3150801EF30074600930022334601202449F6F7DFFBF2
S3150801EF40ADF81E00F8B13946012607EB4505A94279
S3150801EF500DD1C6B9BDF81E30ABB13246414604984B
S3150801EF6005F028FCABF80060AAF800600BE0012365
S3150801EF700DF11E001A460591F5F7F0FF05990646AB
S3150801EF8002310028E3D00023A9F800302378013B99
S3150801EF90DBB22370002BABD109B0BDE8F04FDFE43B
S3150801EFA0637823B919F082F908B9012363702A46EF
S3150801EFB031460520FDF73AF80028EDD1607009B011
S3150801EFC0BDE8F08F183A0020F448002007A003088E
S3150801EFD0202D0020DC2D0020DA2D002038B5124D19
S3150801EFE02B78023B012B1AD8104B1B78033B012BBC
S3150801EFF017D80F4B1C78A4B9FDF73EF92B78032BCC
S3150801F00007D12346FF2221460120FDF7AFF801204B
S3150801F01038BD0BF04BFB003818BF0120F8E7172065
S3150801F020F6E70220F4E700BF173500202035002057
S3150801F030F639002038B5044689B118F0B7FBFF2325
S3150801F0400372204618F0B2FB002343724FF0FF30DB
S3150801F05017F00AF80546204618F0A8FBC5602146B0
S3150801F060BDE83840014819F07BBB00BF2C2B0020B6
S3150801F07038B50B4B05461B7873B101335C08094B50
S3150801F080188818F093FB002330F81320AA4205D0FC
S3150801F0900133DAB2A242F7D3002038BD0120FCE7DA
S3150801F0A0222D0020242D002037B54FF6F675ECF7F2
S3150801F0B015F8431E9BB2AB420446F8D8FBF76AFF24
S3150801F0C00028F4D169462046FCF76AFA0028EED0F2
S3150801F0D0204606F02FF901460028E8D101222046EC
S3150801F0E0FCF752FB0028E2D12046FFF7C1FF0028B2
S3150801F0F0DDD1204619F02DFB0028D8D12046F4F79A
S3150801F1009DFD0028D3D1204603B030BD70B5044615
S3150801F11008460D4619F0DAF8FF2807D0FFF7C4FFAD
S3150801F12001230246214628460AF0E5FF204619F042
S3150801F13047F8FF2805460CD019F09AF8C20709D5F1
S3150801F140830707D4084A32F8153043F4806322F856
S3150801F150153070BDFFF7A8FF2146BDE8704002468D
S3150801F160012300200AF0C7BFA43400202DE9F04F7F
S3150801F17011F00F0904460E4615468FB056D1DFF831
S3150801F180B8A0DFF8B8B0DAF8003009A8CBF80C3027
S3150801F190F0F728FE09238DF82430264B09A80D938C
S3150801F1A0F2F75CFF01A909A8F2F778F826F00F082B
S3150801F1B0A84405AF45450ED1236901A93344236106
S3150801F1C009A8F2F7A5FDDBF80C30CAF80030484665
S3150801F1D00FB0BDE8F08F94E80F00A44687E80F004A
S3150801F1E02B4605F1100E624618685968083303C2A2
S3150801F1F073459446F7D1394609A8F2F789FD09A856
S3150801F200F2F72CFF2146012022460DF08AFF631EE4
S3150801F210691E04F10F0013F8012F11F801CF83427B
S3150801F22082EA0C021A70F6D11035C3E74FF00209CB
S3150801F230CDE700BF004440046C390020183A00208D
S3150801F240F0B5174685B005460C46102200216846DA
S3150801F25016F048FEBFB3C4B30F2C04F00F0608D945
S3150801F26024F00F043A4621462846FFF77FFF40BBA4
S3150801F270274432463946684617F001FC80222F6931
S3150801F28006F1100337446B44B7F5005F03F8102CF9
S3150801F2902F61C6F110061AD3062E1FDDFB001A0EC2
S3150801F2A08DF80A201A0C5BBA8DF80B20ADF80C30D4
S3150801F2B06A4610212846FFF759FF00202B69103BA3
S3150801F2C02B6105B0F0BD3E46D8E72646D6E7022EA5
S3150801F2D004DDFB005BBAADF80E30E9E76A4610219A
S3150801F2E02846FFF743FF2B691022A3F110040021DA
S3150801F2F068462C6116F0F6FDB7F5005F4FEAC403C0
S3150801F300CDD2E7E770B505460E4686B0144600210C
S3150801F310142201A816F0E6FD3246294601A8FFF790
S3150801F3208FFF2246054601AB05AE1C4603CCB44207
S3150801F33010605160234602F10802F6D1284606B04C
S3150801F34070BDF7B5044600200E46FFF74BFD104B7E
S3150801F3501B88A34202D8212003B0F0BD0D4F00251A
S3150801F360388819F015FA01460029F4D0A54208D1C2
S3150801F3700024242322463046009419F0B7F9204682
S3150801F380EAE7388819F009FA01350146ECE700BFC2
S3150801F390CA390020C83900202DE9F04780461746AA
S3150801F3A00E468CB061B903ADDFF86C904FF0000AD8
S3150801F3B0B9F8000019F0ECF904461CB920461CE01E
S3150801F3C00D46F1E70022214624232846CDF800A060
S3150801F3D019F08CF908224146284617F040FBA0B9D6
S3150801F3E02B7C93B967B93EB921460B480CF0B2F9A3
S3150801F3F00A4A1388013B138001200CB0BDE8F08747
S3150801F4003B88AA8953405B06EDD52146B9F8000029
S3150801F41019F0C3F90446D0E7C8390020CA390020D3
S3150801F420F0B58BB00C4601A9FFF7B6FF064648B3FF
S3150801F43025220021E01C16F055FD0123A3700E2399
S3150801F440BDF810702380FA0509D525464FF4877350
S3150801F45025F8043B0AAB13E90F0085E80F003B06C4
S3150801F46005D5238843F080032380069B636001AB9F
S3150801F47003CB039BC4F81D00A361044BC4F82110F8
S3150801F4801B68636130460BB0F0BD00BF74390020BC
S3150801F49030B504460D4687B001A8F0F7A3FC2068ED
S3150801F4A0616802AB03C39DF8113001A843F002025B
S3150801F4B08DF811202A88510644BF43F006038DF8BA
S3150801F4C01130530542BF9DF8113043F008038DF8FA
S3150801F4D01130F0F7D1FFB0FA80F0400907B030BD1E
S3150801F4E070B58AB00D46002201A90446FFF754FFFC
S3150801F4F088B1204604A9FFF7CBFF60B1BDF81060BB
S3150801F500FBF72EFA38B9720601D5730503D52946D4
S3150801F5102046F4F78FFD0AB070BD042307B5012014
S3150801F5200DEB0301044AFAF79DFF019B034A1B03EE
S3150801F530136003B05DF804FB63E511007039002020
S3150801F5407FB511230120094A01A9FAF78BFF084B58
S3150801F5509DF814201A70074B187828B1431F584292
S3150801F560584107B05DF804FB0120FAE779EB010081
S3150801F570E6290020A21F002070B50C4611460E4A46
S3150801F58023781278064613F0200542EA0302227010
S3150801F59018BF611D082216F0ADFC002D0CBF052011
S3150801F5A00D20D4F80130B3602378337303F01803C0
S3150801F5B0082B08BF013070BDA21F00202DE9F041BC
S3150801F5C0002686B0074608460C4615469846CDE9F4
S3150801F5D0026604968DF8146018F0CCF8411BCBB27C
S3150801F5E00D2B28BF0D232A462146009602A819F09D
S3150801F5F07DF8424602A93846FFF7BEFF0646294668
S3150801F60020469DF80820F5F71EFE304606B0BDE8EF
S3150801F610F0812DE9F3410F460546164618F0AAF87A
S3150801F6204FF00008C41BE4B2294623463A46304641
S3150801F630CDF8008019F05AF80121284618F0D4F8B7
S3150801F64088B10121284618F0CFF8074618F092F834
S3150801F6500546C3B2424630193946CDF8008019F03D
S3150801F66045F82544ECB2204602B0BDE8F0812DE903
S3150801F670F04F85B00C46054691461F464FF0010AE4
S3150801F680DDF838809DF83CB018F074F822463B4600
S3150801F69029460646CDF800A0484619F027F85146EE
S3150801F6A0284618F0A1F83C4418B35146284618F0E4
S3150801F6B09BF8F6B2B442814610DAE7B2F31BDBB225
S3150801F6C0404622462946CDF800A003935F4419F027
S3150801F6D00DF8039BBF1B984407F0FF0B012300227B
S3150801F6E00E9349465B46404605B0BDE8F04F18F013
S3150801F6F0FDBF5B4622462946CDF838A0F3E738B563
S3150801F700104B04461B7808468BB9012038BDA24226
S3150801F71005F101050DD19B6B98470028F5D11E20EF
S3150801F72022464FF6FF7117F087FC0020EEE7002509
S3150801F7300549EBB201EBC30393F83420002AE6D15D
S3150801F7401446ECE76646002024A00308002313B5F7
S3150801F75002220380044601A91248F1F771FC2D28FB
S3150801F76001D011280BD14FF6FF7302220D480DF176
S3150801F7700601ADF80430ADF806300EF041FF9DF8EC
S3150801F7800430BDF804201BB1238843F0010323800C
S3150801F7900020FF2A82BF238843F00203238002B098
S3150801F7A010BD00BF603202E013B5044601A8FFF799
S3150801F7B0CDFFBDF80430DA0710D49B0707D4102211
S3150801F7C00021204602B0BDE8104016F08BBB224648
S3150801F7D021461020FFF796FD0028F0D102B010BD92
S3150801F7E0F7B50F469DF828100446DDE90B061D46B8
S3150801F7F0D1B94FF6FF7300209C421FBF134B1C80E3
S3150801F800134B1A70BDF82420124B39461A80009002
S3150801F8102A4606209DF820300CF07EF810B90EB164
S3150801F820AB7A337003B0F0BD68B14FF6FF739C42F3
S3150801F8301FBF064B1C80064B1A700AF0DDFA00281A
S3150801F840E0D11920EEE72120ECE700BF5046002061
S3150801F8506A29002068290020034B1B78002B14BF56
S3150801F860442056200E307047A21F0020024608B5D4
S3150801F870FFF7F2FF510544BF0838C0B2130544BF6C
S3150801F8800838C0B208BD30B50C4605460E4B87B0E0
S3150801F8901868596803AA03C298680C4910609A88BF
S3150801F8A0DB8852BA009423F04003ADF81020ADF876
S3150801F8B012300988FF2303AA0720ADF80E500CF071
S3150801F8C02BF807B030BD00BF9634002094340020D1
S3150801F8D02DE9F04F074689B0104615461C468A465B
S3150801F8E006F035FB01462846F5F712FC064628467A
S3150801F8F017F05CFFB0F81480FBF732F840454FD09B
S3150801F900B2074DD1DFF8A880284605A9B8F800B096
S3150801F91006F03FFC9DF81930A8F80070FBB9BDF850
S3150801F9201430E3B9284617F041FF4FF6F773B0F8DC
S3150801F93012900134994594BF4FF000094FF001091F
S3150801F9400123E4B22A463846CDF8009005A9039367
S3150801F95007F07EF9039B40B90133A3421ED9002063
S3150801F960A8F800B009B0BDE8F08F022CF8D1012B38
S3150801F970F6D10C4A0C4BA3F800A01378591C117048
S3150801F9800A4A7F3B16F00C01137007D1BDF81A30ED
S3150801F9905B0603D5BDF81600FFF775FF0223D1E70D
S3150801F9A00020DFE7A01F0020504600206A2900201A
S3150801F9B094340020042307B501200DEB0301054A01
S3150801F9C0FAF750FD019B044A1B03136003B05DF867
S3150801F9D004FB00BF23E111007439002038B5002269
S3150801F9E004460D46FAF760FE50B9FF22294620461D
S3150801F9F0FAF75AFE80F00100C0B200F0010038BDE6
S3150801FA000020FAE701461A230120014AFAF72ABD1E
S3150801FA1024E10100F0B5164691B0074609A80D463E
S3150801FA201C46FFF7EFFF3EB1336845F04005CDF8B8
S3150801FA3026307368CDF82A301B4B1A6822EA07026A
S3150801FA4042EA050119604B040DD5BDF824200B0ABD
S3150801FA5003F4E243C9B222F4E3420B4322F07F02E4
S3150801FA601343ADF824301A230020104A09A9FAF7DE
S3150801FA70F9FCB4B104A8F0F7B5F902236A468DF882
S3150801FA8010301546234604F11006144618685968BD
S3150801FA90083303C4B3422246F7D1294604A8F2F72C
S3150801FAA037F911B0F0BD00BFE834002024E10100A8
S3150801FAB000231A46AEE710B50C4B0446186888B001
S3150801FAC0830706D54FF0FF3323600120636008B032
S3150801FAD010BD10F04000FAD001A8FFF793FFDDF83A
S3150801FAE006302360DDF80A30EFE700BFE83400206E
S3150801FAF02DE9F04FA5B007460C461E4692469DF8DD
S3150801FB00B880B2B115462846F0F76CF918F0020F1D
S3150801FB100DF11C090FD004B91DAC4B4622462946E6
S3150801FB203846F2F7A6FC0EB10023336025B0BDE8CE
S3150801FB30F08F13ADE7E74B462946384603AAF2F795
S3150801FB40A7F86B7808F00108FF2B25D0002840F0AC
S3150801FB50A5804CB103AA174603CF4F4520606160C3
S3150801FB603A4604F10804F6D126B16A784C4B03EB00
S3150801FB7082033360B8F1000F01D10020D6E7BDF842
S3150801FB801C30DB06F9D418204FF6FF716A7817F096
S3150801FB9053FA40F60E40C9E7DFF80C91D9F800B0E0
S3150801FBA03EB1FAF7DDFE10B11BF0020F46D0002375
S3150801FBB033600BF0300BBBF1100F02D0BBF1200FF5
S3150801FBC03ED11DA8FFF71EFF082238460DF1760122
S3150801FBD016F045FF28B1D9F8003003F04403402B4D
S3150801FBE02ED0B8F1000F2ED1CDF804804FF0020BBC
S3150801FBF018A80DF13C08F0F7F5F80BAE414618A820
S3150801FC008DF860B0F1F74AFB98E80F0085F800B067
S3150801FC1086E80F008CBBBAF1000F0BD0FAF7A0FEED
S3150801FC20002837D1D9F8003003F08403842B31D169
S3150801FC3010236B80019B002B9FD0A4E7194BB7E7D4
S3150801FC4040F60A4072E7B9F8023003F0010301935E
S3150801FC50CCE7D9F8003003F08403842B11D118A816
S3150801FC60F0F7C0F818A88DF860B0F2F7F7F9224650
S3150801FC7008213846F0F77DFDDAE7FAF771FE002824
S3150801FC80E7D0334603CB4345206061601E4604F145
S3150801FC900804F6D1281DFFF70EFFCBE72D2045E70F
S3150801FCA018390020C4390020E83400202DE9F04F26
S3150801FCB099460023D5B0DDE95E8797F800B0054679
S3150801FCC00FA80E4614460693F0F78CF81BF0030AA4
S3150801FCD03CD08DF81C900DF11D03002208214046E9
S3150801FCE00393FAF7E1FC00286DD0208817F05EFD32
S3150801FCF03B7814A91B074CBFB0F814A0B0F812A0A2
S3150801FD005046FAF791FD9DF81C30990632D52088A0
S3150801FD1017F030FD06F10D03834214D80023009332
S3150801FD20404608232188721D18F0E0FC3B7803F051
S3150801FD301803182B47D1BAF1000F44D0B44BB3F8C6
S3150801FD40683053453FD040F60A4325E0208817F02E
S3150801FD5011FD731D8342F6D8CDF800A0052332465E
S3150801FD60218807A818F0C2FC9DF81C9007AB09F07A
S3150801FD701809B2E700BB41465046FBF711FC0028BB
S3150801FD80D4D03B789A07DED053464022012150460B
S3150801FD900BF0A6FD40F609433A7812F0030540F048
S3150801FDA033812088039305F0C1FE2A4601461A20AD
S3150801FDB017F042F9039B27E114AB03CBC8F80000FF
S3150801FDC0C8F80410B2E7609B002B00F0B080092345
S3150801FDD060990FA88DF83C30F1F79AFF629B0BB139
S3150801FDE0629B0693B9F1000F40F0E1800FA8F2F784
S3150801FDF035F997F800B01BF0030900F0EF80DFF83A
S3150801FE001C82D8F80030C3F30B0313B981480EF0EE
S3150801FE1089FDD8F800200120531C0399C8F8003041
S3150801FE20F0F728F83B789B070DD52946208806F078
S3150801FE3061F9093550FA85F5EDB22946208806F0AB
S3150801FE4024F94619F6B23B7807A813F0C20F039BAB
S3150801FE5003F104030BD002786F4942F02002039F95
S3150801FE6002700A687A604A685A603B460C33012771
S3150801FE701B1A009732469BB2218818F037FC39467F
S3150801FE80208817F0B1FC644B32462188ADF816007C
S3150801FE900BA8FFF793FB0DF1500829464246371880
S3150801FEA02088FFF7B6FBFFB22B18BB4208BF0746EF
S3150801FEB082461CBF7F1BFFB23B4642460121CDE964
S3150801FEC000080BA80AF058FAAAEB0700C0B208EB1B
S3150801FED00703009301903B46424629462088FFF7CF
S3150801FEE0C6FB258831462846F5F712F9314600F052
S3150801FEF0F8022846F5F7A7F90121208817F074FCBE
S3150801FF0008EB0A09012304224946002861D00DF1AC
S3150801FF101600F5F723F801210546BDF816202088B5
S3150801FF2017F076FC002D40F0968000236CE0619B6B
S3150801FF305BB19E460DF13C0CBEE80F00ACE80F0024
S3150801FF40DEF80030CCF8003048E729462088F5F776
S3150801FF50DFF80BF0200A10F0030F0CBF4FF0010B6E
S3150801FF604FF0000BBAF1000318BF01234BEA430314
S3150801FF700093404606AB61990FAAFFF7B9FD034600
S3150801FF80BAF1000F0FD000283FF42CAF06AB0FAA29
S3150801FF9040466199CDF800B0FFF7AAFD03463A78C5
S3150801FFA022F020023A70002B3FF41CAFF4E6B9F1B7
S3150801FFB0100F06D1BDF83E3043F00103ADF83E30CF
S3150801FFC014E7B9F1180F43D1BDF83E3043F00203E7
S3150801FFD0F4E72046F4F7C2FF0546A3E70DF11D0035
S3150801FFE00AF05AFB1BF0040B8246208818D1069B9F
S3150801FFF04BB31B68534528D905F098FD5A46014667
S31508020000162017F019F80123184655B0BDE8F08FE7
S31508020010101C002023E11100F71B00207439002070
S31508020020DFF838804346324629460AF0A5FA002800
S315080200303FF489AEB9F1000F3FF477AF069A0AF199
S315080200400103136071E79946ECE74FF00109E9E706
S3150802005040F60A43D8E71923D6E700BFF71B002064
S315080200602DE9F04F0446B1B000888DF82F301646B8
S31508020070894605F06CFF01468046208806F005F899
S3150802008000EB0807208806F05EF800239DF82F503B
S31508020090FFB215F0010A0790ADF8363008D10146CD
S315080200A00DF13602208805F00DFF08B1ADF836A02D
S315080200B016B9CDE90E660EAE904B1B881BB145F0FC
S315080200C020058DF82F500023CDE9033302930DF155
S315080200D02F03CDE9006322464B4639464046FFF7D1
S315080200E0E5FD0546002800F0CB809DF82F3013F079
S315080200F0010A49D123F020038DF82F30FAF730FC94
S3150802010070B17F4A12AB1068516803C310A8FFF793
S31508020110D2FC0546794B1A881FFA8AF39A423CD8CA
S315080201203A9B13B100233A9A1370BDF83630D3B10D
S315080201300121208817F058FBB4F800A005460028CC
S3150802014000F0BC800121504617F04EFBBDF836A0E0
S315080201500546504617F00EFB0023009052461946F4
S315080201602846F5F793F80023CDE9033302930DF1F8
S315080201702F03CDE9006322464B4639464046FFF730
S3150802018095FD054600287BD0FAF7EAFB002840F0E1
S31508020190BD80284631B0BDE8F08F14AB18AA26A94F
S315080201A05FFA8AF0F2F787F9002840F0848008227D
S315080201B012A927A816F053FC8346ADB19DF8A530BF
S315080201C013F0020F08930FD0082210A927A816F0D9
S315080201D046FC48B9089B590706D53A9B13B1012331
S315080201E03A9A1370089507E03A9B002B51D1BBF156
S315080201F0000F60D1002308930DF1740C18AB0FCBD6
S315080202008CE80F00BDF83630CBB10121208817F0F3
S31508020210EBFAB4F800B000283FD00121584617F08F
S31508020220E3FABDF8362083461046099217F0A2FA79
S3150802023000231946099A00905846F5F727F8314BD4
S315080202400DF1740B0493002303930DF12F03CDE9EB
S31508020250006322464B4639464046CDF808B0FFF7BA
S3150802026025FD40BB2DB310AA5B464FF482714FF4AD
S315080202700050FFF7CFFB089B13B126A8F0F7FCF84E
S31508020280FAF76EFB18B1204B1B689A0721D5002591
S315080202907FE700233A9A1370A9E7BDF836200A9039
S315080202A01046099217F066FADDE9092307990090C4
S315080202B0C2E72A46D8E70AF1010A2BE7BDF836B0A3
S315080202C0584617F057FA2B4600905A465046079951
S315080202D047E70A4B1B88002BD9D0094A18AB106886
S315080202E0516803C3002226A918A8FFF799F800281F
S315080202F0CDD026A918A8FFF7CBF8F3E7CA3900200C
S31508020300969B0308C4390020E83400209DF82F3054
S3150802031003F01103102B7FF43CAF464B1B78432B9B
S315080203207FF437AF444B1B685B067FF532AF2088F4
S3150802033017F020FA7B1D83423FF62BAF39462088F9
S31508020340F4F7E6FE3D4B10F0200F08BF1E4612A832
S31508020350FFF7B1FB0822314612A816F080FB0028E7
S3150802036064D0802112A80AF079FAFF2882460AD0B8
S3150802037026A9F0F7C1FE3068716826AB03C350465A
S3150802038026A9EFF76BFD4FF0010A012326AA00936F
S3150802039018A9002312A8FFF7ABFB00287FF4F9AED1
S315080203A026ABCDE902030DF12F0612AB049000939A
S315080203B022464B46394640460196FFF777FC002807
S315080203C036D0BDF89A30102043F0080314AA18A9AB
S315080203D0ADF89A30FEF796FF00287FF4DAAE26AB20
S315080203E0CDE9020312AB0490009322464B463946E6
S315080203F040460196FFF75AFC054600287FF4C9AE27
S3150802040014AB4FF49071002012AAFFF703FB4FF0CA
S3150802041000510020FFF74CFBBAF1000F3FF437AF4B
S315080204204FF080510020FFF743FB30E78246ACE7E6
S3150802043018ABE6E717350020E83400207A1C0020BE
S315080204401FB502A8FFF737FB002340B11A46194623
S31508020450009302A8FFF74CFBB0FA80F0400905B0FA
S315080204605DF804FB49B9084B197849B14EF6602381
S31508020470594328B1054817F05DBA41F28831F8E7C1
S315080204800248F5F7F9BE00BFB6290020801F0020F2
S3150802049038B500240F4B104D2A78A24205D8C2B9A6
S315080204A0BDE838400D48F5F7E7BE598869B9013AFB
S315080204B0D2B2A2422A70EFD0121B184603F11001DB
S315080204C0120115F017FD0346E6E701341033E4B2CC
S315080204D0E2E738BDE02D0020163500203847002017
S315080204E0002230B5094B1D78094BD4B2A54201D872
S315080204F0002030BD1C7A844202D19C798C4202D0FB
S3150802050010330132F1E70120F3E700BF1635002068
S31508020510E02D002008B500220346C3F80220C3F8DE
S3150802052006200B4A02301268D1B212F0200F18BF09
S3150802053041F010011980930701D4FFF7BCFA054B65
S315080205401B78023B032B8CBF1720002008BD00BF77
S31508020550E83400201735002038B505460C46FEF764
S31508020560EFFF98B10E4B187878B10E4B1B681A0438
S315080205700FD58CB113F0420F00D17DB103F440734D
S31508020580B3F5407F0CBF0020232038BD40F6084053
S31508020590FBE740F60B40F8E72046F6E72320F4E7A8
S315080205A0A21F0020E8340020F0B504468DB007A843
S315080205B00D461646EFF716FC1022002103A815F081
S315080205C091FC5CB1234603AC03F110072246186876
S315080205D05968083303C2BB421446F7D1012703A957
S315080205E086EA070307A88DF81C708DF81D30F1F707
S315080205F0CDFE80EA070401A8E4B2F0F717F9F6B1CE
S3150802060001A88DF80650EFF7F9FBA4B1002403A957
S3150802061007A88DF81D40F1F77BFB104B1B78432B7F
S3150802062009D10F4B21461A780E4B0F481B781A44EC
S31508020630920015F057FC0D4B1D700DB0F0BD01A8C8
S315080206408DF80750EFF7DAFB002CF6D003A907A8B6
S315080206508DF81D70F1F75CFBEFE700BF1735002038
S31508020660644500206047002088360020E6290020DD
S315080206702DE9F041012492B080460DA80D46EFF708
S31508020680B1FB09A90DA8ADF83440F0F707FE03A897
S31508020690F0F7CCF805A90DA88DF835409DF80E702F
S315080206A0F0F7FCFD0DA89DF80F60F1F763FE04460E
S315080206B000285AD1BB1BDBB2802B3DD9B8F1000FFB
S315080206C003D0AF4238D0AE4236D109A90DA8F1F708
S315080206D01FFB01A8F0F7AAF801A88DF80770EFF733
S315080206E08DFB012205A83146FFF75EFF0022204B4B
S315080206F01878204BD1B2884203F1120320D81E4B38
S315080207001B78013B012B23D901214FF4007004F019
S31508020710FFFA1A4B1B68B3F1004F01D9FEF70CFA20
S315080207206E22174B03211B786846ADF800208DF818
S31508020730023001240CF0CEFC204612B0BDE8F0814E
S3150802074013F80D1C013221F0100103F80D1CD1E734
S315080207500C4B19780C4BE2B29142D5D91A8801345E
S3150802076022F4805223F8022BF5E70024E4E700BFBF
S315080207704C3700204E3700202035002070390020E3
S31508020780E629002060470020A434002030B5012461
S31508020790054689B003A8EFF725FB01A88DF80C409A
S315080207A0F0F744F89DF806209DF80730AA4209D0CA
S315080207B0AB4209D103A88DF80D40F1F74FFC012091
S315080207C009B030BD0024F5E70020F9E70022102120
S315080207D0F9F76ABF70B58EB0068804461022002162
S315080207E0684615F07FFB464B1B78002B40F0858048
S315080207F0B50507D504F11200FFF7E8FF10B1292065
S315080208000EB070BD06F08403842B01D1B00716D44E
S3150802081000223C4D11461046FFF7C6FE16F4045F49
S315080208202E6040D0B10435D51422374809A9F0F70D
S3150802083007FC0028E4D1BDF82430DA0701D52320C5
S31508020840DEE713F0060FC3F3410208BFC3F34122E2
S315080208502E4B0DF12601134493F8646004A8324620
S3150802086016F00DF9BDF8363006F138026A4402F878
S31508020870283CB01C1B0A02F8273C04A9A21CC0B2D9
S31508020880FEF740FD0028BBD12B6823F4005343F43E
S3150802089080732B60A01CFFF799FF0028AFD12B6845
S315080208A043F020032B602E6846F4004216F4805665
S315080208B02A6009D1FEF740F9154B0422154809A901
S315080208C009961E600DF09CFE2968A31C11F04002D1
S315080208D018BF04F123024FF07F60FFF79BF82B68DD
S315080208E09B0506D5012294F8221004F11200FFF79F
S315080208F05BFE0020084B186082E7022080E700BFF3
S3150802090017350020E8340020703214E024A00308CA
S315080209107439002023E11100C4390020044B1B68F6
S3150802092013F0300F03D020213020FFF7C1B87047EB
S31508020930E834002008B5FAF713F8044B1B6810B917
S31508020940C3F3800008BDC3F30050FBE7E834002078
S315080209502DE9F047074688461046002188B0914699
S315080209601D46F4F7D5FB102806460CD8594B034109
S31508020970DA0708D4C5F34004B9F1000F13D10020F1
S3150802098008B0BDE8F087544B1C78002CF4D0FFF76A
S31508020990D1FF00280CBF4FF4F0744FF4D074F44022
S315080209A004F00104E8E7C82315F0010F00933A465C
S315080209B04FF000030CBF08214FF40271484607F0B6
S315080209C019FAADF80E000028D9D0DFF8109115F003
S315080209D0080A99F800202FD14FF6F773A6F10F02ED
S315080209E0D2B29F428CBF09230123012A01D843F0C0
S315080209F040038DF8103099F800305A1C89F8002007
S31508020A008DF81130A4B39DF81030052E43F020035B
S31508020A108DF8103054D10121BDF80E0016F0E4FE0F
S31508020A200121F4F775FB0123834013F0620F0CBF13
S31508020A30182610260F221DE001238DF81120D11841
S31508020A400E228DF81220D8F8002089F80010CDF869
S31508020A501320D8F8042004A9CDF817200DF10E00AA
S31508020A600B228DF81030F4F779FA0028B4D086E70D
S31508020A7026460222012304A90DF10E00F4F76EFAA6
S31508020A8000287FF47CAF84B1BAF1000F1AD0022392
S31508020A904246009031460DF10E00FFF7E1FA0038A2
S31508020AA018BF012000287FF46AAFBDF80E0000289F
S31508020AB03FF465AF6B070AD53946FCF719FD5FE7C0
S31508020AC00026B7E741235246CDF800A0E2E7FDF734
S31508020AD019FA55E79FFEFEFFA21F0020A11F00205C
S31508020AE0F0B587B00546F9F73BFF10B9022007B003
S31508020AF0F0BD354B1B78002BF8D001A8FEF7DBFFBB
S31508020B0007460028F2D05DB9304B1C6814F002047F
S31508020B1030D14FF481633E460221ADF80C3022E013
S31508020B202846F9F765FF06460028DFD1274B1B68DA
S31508020B309B0727D5264B1B78112BD7D1254BB3F804
S31508020B4068400822294601A815F089FF0028E0D046
S31508020B504FF402730A21ADF80C302B68CDF80E302B
S31508020B606B68CDF8123003A809F046F9024658B95F
S31508020B701920BCE7164B1B78112BB7D1154BB3F8C6
S31508020B806840C6E70446DCE7104B196801F03003F3
S31508020B90102B17D0202B14BF01230323490001F081
S31508020BA004010B4320460021FFF7D2FE0028DFD0BE
S31508020BB000210120FFF756FC16B10122064B1A74D2
S31508020BC0002094E70323E9E7A21F0020E834002067
S31508020BD017350020101C0020183A002030B5104C9A
S31508020BE085B024681D4614F00204089B15D1CDE988
S31508020BF00002CDE9023406220B4620460949F4F7DB
S31508020C007EFD024648B1002D0CBF0123032321466F
S31508020C10204605B0BDE830409AE6002005B030BD52
S31508020C20E83400200DA003082DE9F04F8DB0804668
S31508020C3089469B4692469DF85C6042B903A8FEF730
S31508020C403AFF002848D100200DB0BDE8F08F1746BC
S31508020C500021232016F004FEADF80A000028F2D07F
S31508020C6016F0A4FD05230446F20600F8023B84F8B2
S31508020C7001B033D51122002115F034F904F1130518
S31508020C80BBF1030F4FF0080247D15146284615F02B
S31508020C9031F9C6F3801305F109012B72091B89B2D2
S31508020CA00DF10A00F4F709FA0028CCD173070BD51F
S31508020CB0404617F085FAFF281FBF214A32F810303E
S31508020CC023F4804322F81030334649464046BDF89D
S31508020CD00A20FFF73DFEB7E703AFB9E710221699D8
S31508020CE015F008F9012303FA0BF313F0620F02D188
S31508020CF004F11205C4E707A8EFF774F805A8EFF799
S31508020D0095FD9DF8162016F0200F9DF8173008BF9E
S31508020D10134604F11305A374B2E74946284615F0AB
S31508020D20E9F8012305F10802121BBDF80A1000931F
S31508020D303846082392B217F0D9FC05F11001ADE73F
S31508020D40A434002070B5032690B08DF80760F9F731
S31508020D5007FE18B90224204610B070BD204B1B7836
S31508020D60002BF7D002AD2846FEF7A5FE0028F1D0E3
S31508020D701C4B1C6814F00204ECD140F20F431A4AC9
S31508020D80ADF82430136804A8CDF826305368CDF898
S31508020D902A30EFF727F895E8030005AB83E8030046
S31508020DA0062304A88DF81D308DF81060F1F756F960
S31508020DB00DF12E0201210DF10700EFF7DAFC1A21D7
S31508020DC009A809F019F8024608B91924C3E7012344
S31508020DD029462046FFF7BCFD0028BCD1F5E700BF2F
S31508020DE0A21F0020E8340020F71B002030B500259A
S31508020DF085B0CDE90055F5F73FFAF9F7B1FD1C4C78
S31508020E0060B904F0AFFB0D25002108462170FFF7F3
S31508020E1029FB29466846F3F70DF914E0237813B33C
S31508020E20144915480A78007890421CD90132012BD8
S31508020E300A700AD109F016F9C0B2A0B941F288318E
S31508020E400E4816F077FD05B030BD022B09D12846AB
S31508020E5002A9FAF7A5FB0028EED102A8FFF740FE81
S31508020E60EAE7032B01D00425CEE7FFF76BFFE3E79A
S31508020E70E3290020E4290020FC460020801F0020E8
S31508020E807FB50D4600F582300D22694600F5807061
S31508020E90F0F7D6F86B462A4602AE1C4603CCB44295
S31508020EA010605160234602F10802F6D120681060EC
S31508020EB02379137100236B7304B070BDF0B585B046
S31508020EC06A4605460B46164601F10807144618688F
S31508020ED05968083303C4BB422246F7D118680D2263
S31508020EE020601B7905F582303146237100F5807042
S31508020EF00DF086FB05B0F0BD2DE9FF474FF6FF73EF
S31508020F00994280460F4610D1F9F772FD044670B928
S31508020F104FF6FD79DFF870A01A4E9AF80030E5B25E
S31508020F20AB4209D84FF6FF701BE00024F0E704B085
S31508020F30BDE8F047F9F714BD36F815304B4515D814
S31508020F4069462846FFF79CFF082241460DF105002F
S31508020F5015F085FD4FF6FF7350B99F4204D136F856
S31508020F60150004B0BDE8F08726F815700134D4E7F9
S31508020F709F42FBD036F81530BB4208BF26F81590BB
S31508020F80F4E700BF4C3400201D45002008B5054B88
S31508020F901B78834203D9FFF773FF002008BD282078
S31508020FA0FCE700BF1D4500202DE9FF410446002647
S31508020FB0DFF86880164F98F80030F5B2AB420BD8C6
S31508020FC000224FF6FD75134B1878134BD1B288429F
S31508020FD014D804B0BDE8F08137F81530A3420BD116
S31508020FE069462846FFF7D2FF9DF80030022B1CBF40
S31508020FF04FF6FD7327F815300136DCE733F80C1C7B
S315080210000132A14208BF23F80C5C0C33DEE700BFAD
S315080210104C3400209C440020AC1D00201D450020B5
S315080210204FF6FA72431E9BB2934273B5044632D800
S31508021030FEF71EF878BB1E4B1B78042B2BD02046D6
S3150802104017F07AFBFF2801D0FAF78AF8204601A999
S3150802105004F05AF808B104F08BF82046FFF7A4FF0B
S3150802106004217C23134E0DEB0100ADF80430ADF8D4
S3150802107006400CF02FF831780F4D71B1288816F01A
S3150802108095FB054601461E22023014F033FF3378DB
S315080210902C801E2B08D902B070BD202016F0E0FB6A
S315080210A028800028EAD1F6E702333370F3E700BF57
S315080210B020350020222D0020242D002038B5114B82
S315080210C005461B78022B1CD1F9F74AFC0446F9F7A8
S315080210D047FCFFF7A5FFFDF7E7FFF9F75FFC0020DE
S315080210E0FAF702FF40F60740F3F7C0F82DB10D22D2
S315080210F021464FF6FD7008F0CBFFBDE8384003F0F5
S315080211000BBC38BD2035002038B504460D46FDF720
S31508021110AFFF70B92046FFF783FF21464FF6FD70F1
S315080211200D2208F0B5FF29462046BDE83840FDF7EE
S31508021130EDBF38BD2DE9F04F0446408891B00E291F
S315080211408846ADF81A0000F0818094F80890A779CD
S3150802115016F02CFB09A90546BDF81A00E67905F032
S3150802116018F8BDF81A0004F009FA420542BFBDF89C
S315080211702A3043F40053ADF82A30E379DB0642BF3E
S31508021180BDF82A3043F48053ADF82A30BDF82A3028
S31508021190980613D5022F5ED10CA9207AFFF7F6FE20
S315080211A0DDF83500DDF8391007AB03C307AA0021BD
S315080211B0042300910DF11A00FEF752FF0121BDF832
S315080211C01A0016F011FB022F824650D1494B33F80A
S315080211D01950B8F1000F00F08280BDF82A20510696
S315080211E07DD54FF6FB739D4279D8434B1B78033B5B
S315080211F0012B04D8414BB3F86830AB426FD0D30504
S3150802120006D5F9F7ADFB0021024628460BF087F909
S31508021210BDF82A30D80462D5002F32D1BDF81A009B
S3150802122004F0ACF9C10662D548F23403BDF82620AB
S315080212309A420BD1324E96F82000FF2806D0032296
S315080212402946FCF793FBFF2386F820300023236008
S3150802125011B0BDE8F08F012F01BF237A294A03EBAB
S31508021260430302EB830314BF00229A1C9FE7012F54
S3150802127003BF0C2303FB09F3224A6D8A08BFD55A1A
S31508021280A7E72846FFF790FEBDF81A0004F076F99C
S31508021290C206C9D463895046059316F06BFA83468B
S315080212A0504616F083FA059B02905FFA8BF04A467F
S315080212B0394601900093404609ABF3F7D3FDB8F1DE
S315080212C0000F14BF0B20092016F0030218BF02F103
S315080212D0FF32294618BFD2B215F0AEFEA4E7BDF812
S315080212E01A0004F04BF9C3069ED4002FD2D1A946A0
S315080212F0D0E700BF4C34002020350020101C002007
S31508021300F4480020A01D002070B51A4B1A4A1D7811
S315080213100023DCB2A54200D870BD144666880133A4
S31508021320864202F11002F4D1E379A588E16003F05E
S3150802133040028DB9CAB123F00403E37116F036FAF6
S31508021340037C03F07F03037421880029E4D1BDE8F6
S3150802135070400A4816F0EEBA00216580A180002A7C
S31508021360E9D1BDE87040FFF793B82046FFF7E2FEE1
S31508021370F7E700BF16350020E02D00203847002089
S315080213802DE9F04F89B004460E4604F0E0FD014609
S315080213902046F3F7BDFE10F0030340F08E8010F0EE
S315080213A00C0F05D13146204609B0BDE8F04FABE730
S315080213B0204604F0E3F8C00651D4204604F0C7FDDF
S315080213C001462046F3F7A4FE0746204616F0EEF934
S315080213D00546B0F8128090F816B005A9204604F022
S315080213E0D8FE07F00C076B7C0C2F0CBF03270627C9
S315080213F0012113F0010F204618BF032716F0F4F94E
S31508021400314B81461B78DFF8CCA0033B012B32D93E
S31508021410BBF1010F2FD94FF6F773984502D82B7EE9
S315080214201F2B28D9B5F814B0E97D00225846FAF7D9
S31508021430ABF905465846FAF723F89DB9BAF80030CB
S31508021440A34223D1214A137843F00103137020469D
S3150802145004F01AF900220146072015F0EDFD09B03D
S31508021460BDE8F08F6B68BAF80020591C03D0834395
S3150802147001D19442E5E7BAF80030A34208D1134AEB
S315080214801378002EE0D143F00303DFE740F628463F
S315080214900F4B4846B3F800A016F06CF905464846C5
S315080214A016F084F9EDB20290424639463046CDE945
S315080214B000A505ABF3F7D6FCC9E7012BCFD110F08F
S315080214C00C0FCCD16EE700BF203500202E2D002050
S315080214D0682900202C2D00202DE9F04186B004460B
S315080214E00E46174604F054F80C28204640F0908021
S315080214F016F05CF909220021103017F0ACF800F159
S315080215001005EDB229462046F3F702FE042868D0F4
S3150802151006D8012823D002282FD006B0BDE8F081CC
S315080215207C28FAD1204616F025F9C5B2204616F0CF
S315080215303DF99323044632460DF112010120ADF816
S315080215401030EEF797FC00232246CDE90033072137
S315080215502B4604A88DF81650F3F73AFCDDE746B990
S3150802156013212046F3F7A5FE06B0BDE8F041F9F7C8
S315080215702DBA0022AA4B1A76CFE7AA4B1B78013B53
S31508021580012BCAD82046E91CF3F7C2FD0746D6B98D
S31508021590C8B9691C2046F3F78CFE0546204604F0B6
S315080215A08CF80446F9F7DCF92A4601462346012057
S315080215B0009704F0B9F93A462946102006B0BDE864
S315080215C0F04115F039BD0023152200932146082360
S315080215D004A817F08BF804A816F078FE04F08CF924
S315080215E09BE7914B1B78022B97D15EB98F4B1B88D1
S315080215F0DC0702D4C3F30E030BB9FAF7CBFE002FAE
S3150802160008BF3F26304606B0BDE8F041F2F70BBEEA
S3150802161016F0CCF84FF6F773458A80469D42878ABC
S315080216200CD8834A138801339BB213800BB9814ABB
S3150802163013801EB17F4A13880133138098F810303D
S3150802164003F00303012B40F09F80204604F07FFC41
S3150802165001462046F3F75CFD043809283FF65DAFDC
S3150802166001A353F820F000BF911602081B150208C1
S315080216701B150208EB1602081B1502081B150208A1
S315080216801B150208D71602081B150208D7160208E8
S31508021690204616F08BF80546204604F058FC411CF5
S315080216A089B22046F3F734FD40060ED56B7C19073E
S315080216B07FF533AF05F1100004F067FC16F006FE5D
S315080216C006B0BDE8F04104F017B95B4806B0BDE8BC
S315080216D0F041FBF7F1BB534B1B78042B7FF41DAF8C
S315080216E006B0BDE8F04108F0E1BF4E4B1B78013B5E
S315080216F0012B3FF612AF08F1100004F046FC002752
S315080217004E4B8DF81270B3F86830ADF810300028D9
S315080217103FF403AF16F0DAFD0546204604F017FC3F
S31508021720421C03232146009792B204A816F0DEFF54
S315080217309DF81230E6B93C4A1278022A18D1BBB98A
S31508021740FF2DBDF810400AD03D4A214632F8153021
S31508021750284623F4806322F8153003F037FC204626
S3150802176003F05CFD00222146102015F065FCD4E644
S31508021770022B3FF4D2AE2BB9314B33F815305A054A
S315080217803FF5CBAE284629E7002B7FF4C6AE314695
S315080217902046FFF7F5FD002E3FF4BFAE4FF6F7736E
S315080217A09D423FF6BAAE98F811305B0705D5284632
S315080217B003F00AFA88BB0B2221E0284604AA0DF197
S315080217C00F0103F0CAFD9DF80F3093B9049B83B14C
S315080217D01B7913F0300F0CD0284603F0F5F9A8B997
S315080217E00C222946384608F053FC0C22394628466C
S315080217F007E0284603F0E8F978B9124B1A78294621
S31508021800384606B0BDE8F04108F042BC0622294631
S31508021810384608F03DFC0622E8E70622EFE700BF55
S31508021820683600202035002017350020A81F002022
S31508021830DA2D0020DC2D0020D448002024A003083D
S31508021840A43400206745002030B5124B04461B78A5
S3150802185085B0834219D90221FEF742FE0546B0B980
S3150802186069462046FFF70CFB9DF800302BB1694606
S3150802187020468DF80050FFF721FB4FF6FF72002035
S31508021880054B23F8142005B030BD2820FBE740F6A7
S315080218900440F8E71D4500204C3400202DE9F04F9E
S315080218A006460D46174698464FF0000A85B09DF83B
S315080218B038B0DFF86490174B5FFA8AF41A78A242B6
S315080218C001D8FF2417E04FF6FD7239F81410914239
S315080218D01DD869462046FFF7D3FA3FB99DF801207D
S315080218E0424514D19DF804205A4510D13DB939F81C
S315080218F01420B2420BD1204605B0BDE8F08F08226B
S3150802190028460DF1050115F0AAF80028F3D00AF1C8
S31508021910010AD0E71D4500204C3400202DE9FF417D
S315080219204FF00008174D184E184F2B785FFA88F4B7
S31508021930A34202D804B0BDE8F08169462046FFF703
S315080219409FFA9DF80030032B06D9002369462046E4
S315080219508DF80030FFF7B2FA9DF8002072B14FF603
S31508021960FD734FF6FE71032A08BF0B4626F814309C
S3150802197000233C44637408F10108D6E74FF6FF7367
S31508021980F4E700BF1D4500204C340020183A002019
S31508021990F8B504460C4B0D461B781046A3420DD9E2
S315080219A00C27022117FB04117C43084E08223144F6
S315080219B014F0A0FA335B00202B80F8BD00231360D5
S315080219C053604FF6FF73F6E79C440020A01D0020E3
S315080219D0F8B50E4604464FF6FF770C4B0C4D1B78AE
S315080219E003EB430305EB8305A54202D800242046F0
S315080219F0F8BD2388BB4206D008223146A01C15F042
S31508021A002EF80028F3D00C34EEE700BF9C440020E1
S31508021A10A01D002038B504460D460846FFF7C4FA4D
S31508021A2029462046FFF768FA21460448FFF7D0FF01
S31508021A3000B938BD214620F80C5BF7E7A01D002047
S31508021A40F7B504460D461746F8F78AFF0646002DEF
S31508021A5064D04FF6FB739C4260D82046FDF708FB1C
S31508021A6030B1A64204D12E4B1B78033B012B55D924
S31508021A702046FDF7FDFA28B92046F2F7DFF820B12D
S31508021A80A64214D1012003B0F0BDA6420FD12846C2
S31508021A90F8F7AEFF064608BB0120FFF70FFB214801
S31508021AA0F4F7EAFB31461F4815F044FFEAE7ACB102
S31508021AB069462046F9F774FD024678B90821684650
S31508021AC0F8F7F2FD50B908226946284614F0C7FF0E
S31508021AD020B129462046FFF717FBD3E7F7B1204680
S31508021AE016F02AFEFF28064610D02846F9F7B8F956
S31508021AF0FF2807D00C4B1B7823B90C4B53F8202030
S31508021B0043F8262029463046F9F7FFFC214628469F
S31508021B10F9F7F0FB21462846FFF77CFF0020B2E7DB
S31508021B2020350020C01E0020684500208836002087
S31508021B3037B5014605460E48FFF74AFF044640B147
S31508021B40807A2946FDF7FAF880F00100C0B203B0A0
S31508021B5030BD03460090012229464FF6FF70FFF773
S31508021B609DFEFF2817BF034B20461B18587CE8E743
S31508021B70A01D0020183A00202DE9F047044688B037
S31508021B8040888946154615F011FEA3798046082B2A
S31508021B905AD8DFE803F0052D16595959595905003F
S31508021BA0002D48D0408A02A9F9F7FAFC00284BD141
S31508021BB002A8FFF7BDFFB0FA80F0400908B0BDE8F9
S31508021BC0F08704A9207AFFF7E1F9DDF81500DDF8B8
S31508021BD0191002AB03C3227A384B02AF33F81260EC
S31508021BE0374B1344587C75B13946FDF7A7F8E5E734
S31508021BF0237A344903EB430301EB830231F823606A
S31508021C00907A971CEFE74FF6FB7A56450ED9384677
S31508021C1002F05EFF4FF6FF73984205460DD0014665
S31508021C203846FFF7F7FE554508D82E4688F812605B
S31508021C30360A88F813600120C0E73546E379DA06E2
S31508021C4004D440F62243E3600020B7E74FF6FC7659
S31508021C50B54214D103F00C030C2B27D1B9F1000FAE
S31508021C6024D038464FF6FD71FFF7D4FE40F61F41E1
S31508021C702046E160FFF75EFAFEF70AFCE4E74FF654
S31508021C80FD739D4212D100234FF08062CDE90033E5
S31508021C90CDE90432ADF8183004A93B4628460A4A6B
S31508021CA002F088FD31463846FFF7B4FEE37943F081
S31508021CB00C03E37140F62343C5E700BF4C3400200A
S31508021CC0183A0020A01D002013A0030873B50E467B
S31508021CD00446408815F06AFDDEB1E5790135EDB2B4
S31508021CE0E57115F0400513D03A4B01220021204632
S31508021CF01D88FFF741FF18B1374B1B882B449DB24D
S31508021D00364B1B78042B01BF334B1B885B199DB2DC
S31508021D102580002231462046FFF72EFF10B3608841
S31508021D2015F044FDE2792E4922F00C03E3710B7893
S31508021D3005460133DBB20B70C3752A4B1B7803B316
S31508021D40E37998061DD5590604F102060CD59207C1
S31508021D500AD500220423114630460092FEF780F97E
S31508021D6010B1E06002B070BD002201231146304670
S31508021D700092FEF775F920B1E37943F00303E371A4
S31508021D80EFE76088FBF724FF0328EBD8DFE800F0CB
S31508021D90020E1E1AE37943F00403E3711B06E1D52A
S31508021DA0114B1A78114B83F83220DBE740F62443AD
S31508021DB0E360E37943F00803E3712B7C03F07F03C6
S31508021DC02B74CFE740F62543E360CBE740F626437C
S31508021DD0FAE700BFD04600207A44002020350020CA
S31508021DE0A01F0020A21F0020502B0020183A002016
S31508021DF02DE9F04F85B0064616F015FC5D4BDFF867
S31508021E008CA1B3F800901880A0EB09049AF8323036
S31508021E10A4B2A342054620D800234FF000084FF685
S31508021E20FF778AF83230DFF868B1A9EB0503019328
S31508021E30514B5FFA88F21978914211D80EB1FEF722
S31508021E4027FB4FF6FF739F4200F08D8039464B48B9
S31508021E5005B0BDE8F04F15F06DBD1B1BDBB2DCE724
S31508021E60BBF80220002A3AD0454B9BF8072018787F
S31508021E70BBF80010042817D00020002908BF214605
S31508021E802044884222D2BBF80010019B1944ABF8C1
S31508021E900010002E4DD002F04802482A49D10021EE
S31508021EA05846FFF713FF44E0CDE90212F8F7F8FCAB
S31508021EB0DDE9021230F01003DED1324803683248F7
S31508021EC000889842D8D9C01A80B2D6E702F00C0028
S31508021ED0042807D10022ABF800200BF1100B08F1F9
S31508021EE00108A5E7530602F0030C02F008000ED516
S31508021EF028B3BCF1030F25D1DEB1DBF80C10584626
S31508021F00002908BF4FF44261FFF714F911E030B314
S31508021F10BCF1010F23D11206EED44FF4C862ABF816
S31508021F2000209BF8072022F0030242F002028BF8F7
S31508021F300720BBF80020974228BF1746CDE70320A3
S31508021F408445D9D213060CD59AF8322088188442C9
S31508021F5007DA4A44521B1144ABF80010E9E701209C
S31508021F60EEE701219CE7054805B0BDE8F04FF4F716
S31508021F7083B900BF442B00201635002038470020BD
S31508021F8020350020D42D00207A440020183A00205B
S31508021F90E02D002001202BE72DE9F04191F8008081
S31508021FA005460E46B8F1000F02D1BDE8F0414BE4F2
S31508021FB01A4B1B7883422BD90221FEF791FA48BBAA
S31508021FC0771D4FF6FF713846FEF796FF04463846E8
S31508021FD0FFF7AEFDB0FA80F0B8F1030F4FEA5010E2
S31508021FE013D04FF6FF724FF6FD73944208BF1C4694
S31508021FF00B4B314623F815400A4B2B445874284696
S31508022000FEF75CFF0020BDE8F0814FF6FE74EFE7AD
S315080220102820F8E740F60440F5E700BF1D450020F2
S315080220204C340020183A00202DE9F3412B4B044684
S315080220301B780F46834215464BD90121FEF750FA03
S31508022040002848D14FF6FD739D42254E1FD004EB5A
S31508022050440326F823504FF6FF739D4230D1214B95
S315080220601978214BC2B2914205D8FEF711FA00201F
S3150802207002B0BDE8F0811A7AA24205D19A79012AFC
S3150802208002BF00221A805A8010330130EAE70DF1A6
S3150802209006013846F8F702FF4FF6FF72BDF806301A
S315080220A03846934218BF1D460C23634306EB0308C2
S315080220B0F552FFF73DFDB0FA80F0400988F80A00AC
S315080220C00C2303FB046008223946023013F012FF80
S315080220D0CDE72820CCE740F60540C9E79C44002016
S315080220E0A01D002016350020E02D00202DE9FF470F
S315080220F005460E460027DFF85C80DFF85C90DFF8BD
S315080221005CA098F80030FCB2A34207D829461048CA
S31508022110FFF75EFCB8B904B0BDE8F0874FF6FD7369
S3150802212039F814209A420CD869462046FEF7A8FECA
S31508022130082229460DF1050014F091FC08B9544409
S3150802214066740137DDE7867229460C30E0E700BF80
S31508022150A01D00201D4500204C340020183A0020FE
S3150802216010B5044607F0EDFFFF2810D10022094BEF
S315080221701878094BD1B2884201D8002010BD1988B7
S31508022180A14201D1997811B904330132F2E701204B
S31508022190F4E700BF58450020EE3400202DE9F04F41
S315080221A089B0044615F002FB0546204603F0BEFC3C
S315080221B0804616F0CEFA2B7C03909807B5F8149051
S315080221C0B5F812A095F817B073D121460420FDF789
S315080221D096FA00286DD0204603F0B9FE014620463D
S315080221E0F2F796FF810764D1204603F0B0FE014656
S315080221F02046F2F78DFF10F00303049359D12046C7
S31508022200FAF782FE002854D0204603F09CFF471CAA
S31508022210204615F0AFFAFFB207F10A02824205928A
S3150802222080F2B4805B4906AB0868496803C3791C27
S315080222302046F2F76DFF394606462046F2F768FF52
S31508022240059A00EB062611462046F2F761FF049B23
S31508022250BA1C21460590009306A8082316F046FAEA
S31508022260204603F063FC074606F0F7F90228B6B2E1
S3150802227010D8494B1B786BB1BE420BD1059B9A0706
S3150802228008D53046F8F786FE20B1017911B94348D8
S3150802229015F050FB0122304606A9FFF7D1FB0028AC
S315080222A074D104F0D1F9013003D1304606A9EDF70D
S315080222B051FDF8F755FB4845424659460DD1F9F7FF
S315080222C091FA002862D1364B1B78002B5ED1012089
S315080222D009B0BDE8F04FFEF7F1BE4846F9F782FAB3
S315080222E0002853D12E4B1B781BB941464846FCF7AA
S315080222F0BDFC424659464846F9F78EFA002845D0AB
S31508022300297C11F0030102D12046FCF793FEAB7D2E
S31508022310002B3BD0234B1B78DA1E012A36D9062B13
S3150802232034D06B7CDB070DD550462E7EFFF718FF9F
S3150802233008B3F30803F01C0326F01F06334343F0E1
S3150802234001032B764FF6FF71204603F0B0F9039B83
S31508022350D3B9E8F7C3FE00F03F0202212046F9F797
S31508022360C1FA4FF6FF739A4510D1204609B0BDE867
S31508022370F04FFAF71BB806F01C031C2BE2D0042B0D
S3150802238004D9043E2E76DDE70022E6E709B0BDE869
S31508022390F08F00BF969B030885360020C01E0020DA
S315080223A0C42A002020350020F7B5044615460C2914
S315080223B014D8DFE801F02A132A1313130713131389
S315080223C0132222006946F9F7EBF818B90121684683
S315080223D0FFF78CFE4120214604F0A0F9002D39D0E2
S315080223E0284615F0E3F94FF6F773428A9A4231D92D
S315080223F0284603B0BDE8F040D0E640F6144040F661
S3150802240013430B2908BF1846E5E7694602F07CFE26
S315080224100028E3D003799A07E0D113F0300603D0F7
S3150802242043F003030371D9E7204602F0F7FE0A4B8D
S315080224304FF6FF711C7833469DF80070074AD8B2EA
S315080224408442CBD9D0790133B84204BF11801172C4
S315080224500A32F4E703B0F0BD34470020D02A002040
S31508022460F7B50C46054615F0A1F9611C064628463D
S31508022470F2F74EFEA11C07462846F2F71AFFC423B6
S315080224808DF80300ADF800300446030A05216846B4
S315080224908DF802708DF804300AF01CFE0D2F2FD12C
S315080224A02046FCF7E5FD60B12846B48AF67D03F0BE
S315080224B03DFB31460246204603B0BDE8F040F9F737
S315080224C091B94FF6F773728A9A4202D92846FFF7EC
S315080224D065FE2046FEF7A4FDF8F742FAA04205D1AA
S315080224E0002003B0BDE8F040FEF7E8BD6B46B069D0
S315080224F0F16903C369462046FCF708FE03B0F0BD3E
S315080225002A463946204603B0BDE8F0404CE72DE995
S31508022510F04FBDB0044603F03BF80546204603F0EB
S3150802252037F8082840F03A854FF400431022002174
S315080225302046ADF84230FAF7A5FF204615F036F9DF
S31508022540204615F033F90DF1420102461020F8F73C
S31508022550A7FB0546204615F029F90DF14201024668
S315080225604020F8F79DFB10B12046F3F747FD2D01F1
S31508022570EBB220460A9315F019F90DF1420102460B
S315080225808020F8F78DFB48BB0A9B23B310251CA8AD
S3150802259002F0E2F92046BDF8427015F0EBF8C6B231
S315080225A0204615F003F9462304460DF1A1011CA89D
S315080225B0ADF89C30ADF89E708DF8A050F1F716FE76
S315080225C000232246CDE900331821334627A88DF881
S315080225D0B360F2F7FDFB3DB0BDE8F08F0023DFF8EC
S315080225E02483CDE9113398F80030BDF8426013F020
S315080225F0010AC9D0BD4B93F90050BD4B93F921701E
S3150802260006F088F938448542BEDB062E00F06B8157
S315080226100A2E14BF172511250023A5F1080211AFAA
S31508022620009321460823384692B216F05FF800282E
S31508022630AAD1204615F09EF805F10D038342A3DAC6
S3150802264029462046F2F735FE8146A91C2046F2F7AE
S315080226505FFDB9F10B0F00F05781204605F10A011B
S31508022660F2F7DEFE834600288ED0FF26DFF88C823C
S31508022670D8F834305B4503D09E4B1B685B4583D143
S31508022680D8F83830002B3FF47FAF15F0D1FFD8F8D1
S315080226903830C01AB0F1004F7FF676AF06F0C0F8B0
S315080226A0F31EDBB20C2B40F29881162E00F29581AE
S315080226B00F2E40F28081A6F10C085FFA88F82046B0
S315080226C015F058F88C4B434493F86B302B449842D8
S315080226D000F0A981012E7FF457AF204615F04AF87B
S315080226E005F12E0398427FF44FAF204605F1080103
S315080226F0F2F70EFD814B05F10E0883F83C002C22F9
S3150802270000211CA813F0EEFB97E803004FF000091E
S3150802271023AB83E80300022313AECDE9159986E8B5
S315080227200300414620468DF87C30CDF880B0F2F79A
S31508022730EFFC05F10F018DF89B002046F2F7E8FC45
S3150802274005F110018DF898002046F2F7E1FC05F133
S315080227501101ADF896002046F2F7ABFD05F113011B
S31508022760ADF888002046F2F75BFE05F1170208234A
S3150802277021462190CDF800901DA815F0B7FF05F166
S315080227801F012046F2F7C4FC05F120018DF87D00F1
S315080227902046F2F7BDFC05F121018DF872002046AC
S315080227A0F2F787FD05F12301ADF870002046F2F72E
S315080227B080FD05F12501ADF894002046F2F7A8FC44
S315080227C005F126018DF899002046F2F7A1FC4A4642
S315080227D08DF89A0008211DA8F7F766FF002800F071
S315080227E09981474B1B788DF872309DF8982002F034
S315080227F00303012B00F0A181022B00F09681002B26
S315080228007FF4C2AEBDF888008DF898A006F028FAC3
S31508022810FF283FF4B9AE9DF89930012B2AD12046FC
S3150802282014F0A8FF05F12707C01B06287FF7ACAEF0
S3150802283039462046F2F76CFC05F128018DF854005A
S315080228402046F2F736FD05F12A01ADF85600204674
S31508022850F2F72FFD05F12C01ADF858002046F2F7E4
S3150802286057FC05F12D018DF85A002046F2F750FC67
S315080228708DF85B009DF8995017A802F06DF8012DA6
S315080228804FF04C024FF0000127A818BF002613F09C
S3150802289029FBB6230DF19E011CA88DF89C3005F084
S315080228A055FE012D40F04C8100238DF8C630334683
S315080228B003CB337ACDF8C7008DF8CF307389CDF8BC
S315080228C0CB10ADF8D030B389ADF8D230F389ADF874
S315080228D0D4300DF1D60117A8F1F788FC4C2127A8A8
S315080228E00AF0F8FB50E6112596E600BF9A29002061
S315080228F0F44800200C3A002024A00308183A0020C5
S31508022900604600209829002020F00C03032B7FF450
S31508022910A4AE062E00F00C0001D00A2E30D10828EB
S315080229207FF432AE2046E91CF2F7C3FCB0F5805FAD
S315080229307FF493AE2046691DF2F7BBFC4CF25E03A8
S3150802294098427FF48AAEE91D2046F2F7E1FB05F1CB
S31508022950090181462046F2F7DBFB162806463FF6B2
S315080229607CAEB9F1000F0ED1C20711D5204605F18A
S315080229700A01F2F755FD834600287FF477AE03E68F
S315080229800028CFD000E6B9F1110F16D1C30719D422
S31508022990072EEBD098F8003099077FF5F5AD20465B
S315080229A005F10A01F2F73CFD834600283FF4ECAD37
S315080229B0002E7FF45BAEB04681E6B9F1190F01D15C
S315080229C0F007D3D4072E7FF448AECFE713F4A81F37
S315080229D040F03A81162E00F09D820A9B43F080054C
S315080229E0D5E50123B34013F42812EFD0112E414640
S315080229F0204600F05F82132E00F05882F2F788FB19
S31508022A004FF0020A0646814D2B78042B7FF4BCADA3
S31508022A107F48F3F731FC00232B70002E00F0568214
S31508022A2005F0B0FEB0E54FF42813F340DA0712D5E5
S31508022A30784A1378FF2B3FF4A7AD0133B3427FF4EC
S31508022A40A3ADFF23384613707349082214F007F81A
S31508022A5000287FF499AD204605F10801F2F758FBE4
S31508022A60DFF8D491022E05F10E0889F83C006BD0E6
S31508022A70B7D8002E7FF443AE204605F10F01F2F7D0
S31508022A8047FBD9F83430A9F83E005B453FF47CADE4
S31508022A90C3067FF579AD614B93F92150604B93F9E3
S31508022AA0008005F037FF404485423FF76DAD574D2C
S31508022AB02B78012B24D105F069FFC6077FF564AD93
S31508022AC0B9F83E30D8073FF55FAD2A78012A7FF478
S31508022AD05BAD0193534B3A461B780020009352494B
S31508022AE05B46F2F70CFEA9F8400000283FF44CAD0D
S31508022AF002232B7003F0E8F80C224C4B1A7043E5BC
S31508022B00B9F83E30324639465846C3F3C01309F07F
S31508022B1059FB39E59DF87230002B3FF435ADBDF807
S31508022B207030002B7FF461AE2EE512F0040F0CBF55
S31508022B304FF0040A4FF0030A64E64FF0020A61E610
S31508022B4001238DF8C630C4E641462046F2F7E0FA7C
S31508022B50B9F83E30054603F08003099305F048FEAE
S31508022B600022064611460323CDF800B027A805F031
S31508022B7075FECDE900650E2251212D4B27A8F2F7E5
S31508022B80ADFD11264FF00008DFF8B090DFF8B0A0CF
S31508022B90DFF8B0B099F80030AB4202D9B8F1040FA9
S31508022BA007D13A46314627A88DF8AC8005F088FE4B
S31508022BB0EAE42846F2F7FAFA1CA90B90F2F70CFB9C
S31508022BC00135E8B1099A0B9BE2B1BDF8702006956A
S31508022BD09AF8001027A805919DF87410CDE900B35C
S31508022BE00491BDF87210134BCDE9022132465121E8
S31508022BF0F2F774FD08F1010810365FFA88F8F6B2A2
S31508022C00EDB2C7E74CF25E02E1E700BFF6390020F3
S31508022C10904500208F450020F9390020F44800200D
S31508022C209A2900206046002017A003084F36002084
S31508022C30E8A003081CA00308183A002094290020DB
S31508022C40F7390020F71B0020102E00F09180122E73
S31508022C5018BF4FF0020A00262C22002127A813F0DB
S31508022C6041F9082342462146009628A815F03EFD5A
S31508022C7005F116012046F2F74BFA00960B9010233F
S31508022C80214605F1170217A815F030FD05F12706AA
S31508022C90BAF1000F07D031462046F2F739FA05F1A4
S31508022CA028068DF8A90031462046F2F731FA711C3A
S31508022CB08DF89E00C9B22046F2F7FBFAF11CADF870
S31508022CC09C00C9B22046F2F7F4FA711D0C90C9B2FB
S31508022CD02046F2F7EEFAF11DC9B207462046F2F788
S31508022CE0E8FA06F109010D90C9B22046F2F7E1FAAF
S31508022CF006F10B010990C9B22046F2F7DAFA06F193
S31508022D000D01C9B205462046F2F7D3FA06F10F01BC
S31508022D108146C9B22046F2F7CCFA0DF1B80C8046C4
S31508022D20BAF1000F26D106F11102214608236046A0
S31508022D30CDF800A0D2B215F0D9FC06F11901204649
S31508022D40C9B2F2F7B6FA01230B9A8E4E03FA02F2C9
S31508022D50ADF8B420726CADF8C0002C928A4ACDF850
S31508022D60ACB01278D1070CD45146012027AA19E033
S31508022D70924670E7DDE911018CE803004FF6FF7011
S31508022D80E1E7520703D405F001FEC307ECD500219B
S31508022D9013A8F9F747FB48B99DF84C00012805D155
S31508022DA0514627AA09F0D8F9FFF7EEBB05F055FCFC
S31508022DB0BAF1020F35D002283FF6E6ABBDF8B400E9
S31508022DC005F04EFFFF28CFD000201CAB17AA2BA96F
S31508022DD005F067FF0028C7D10D9B9F4288BF0027D1
S31508022DE0099B3A46AB4284BF05460995C14584BF4D
S31508022DF04FF00008C14629464B460998CDF800808F
S31508022E0005F096FD0028AFD19DF89E70BAF1000F25
S31508022E100FD157B95D4B1F68042128A8ECF700F8B3
S31508022E200AE00228CAD8FFF7AFBB012303FA07F75D
S31508022E30F2E7012303FA07F7554D0DF19C0CBCE89E
S31508022E400F000FC5BCE80F000FC59CE807000C9BD6
S31508022E5085E8070086F874A0A6F876301CAA10350D
S31508022E6020AE134603CBB342286069601A4605F1C1
S31508022E700805F6D1BAF1000F06D103213846454AAC
S31508022E80F7F7A4FFFFF780BB00230DF19E0228A9DE
S31508022E9027A805F0BFFB00287FF466AF9DF89E10B1
S31508022EA0BDF89C0005F0D2FDFFF76EBBF2F730F9CC
S31508022EB00646A8E5F2F72CF91CAA064605F10F0103
S31508022EC0204609F03DFA4FF0000A9CE5F7F748FD5F
S31508022ED00546BAF1000F16D0102301202E4A27A95B
S31508022EE0F7F7C0FADDE929011DAB83E803009DF86F
S31508022EF09F308DF87230BDF89C30ADF87030F9F716
S31508022F00D5FB8DF87D00012229461CA805F04CFD4B
S31508022F10FFF73ABB414627AA204609F011FAF7F706
S31508022F201FFD1CA8F9F742F808221CA928A813F0C5
S31508022F3096FD00287FF428ABBDF89C50F7F740FDB4
S31508022F4085427FF421ABF9F7B1FB02469DF8A90049
S31508022F50131A002BB8BF5B42C82B13460EDD8242FA
S31508022F6028BF0346DBB29A423FF40EABF9F7BCFC24
S31508022F709DF89E00F9F704F8FFF706BB824238BFB0
S31508022F800346EFE7183A002098290020043A002061
S31508022F90603A00204D8A020864EE0100204602F0DB
S31508022FA0B5FDB0F5006F40F0BF80204602F0BEFDC9
S31508022FB00646042D40F0BB80204602F0DFFA80F474
S31508022FC00060C0F3C02000223146400014F034F8F5
S31508022FD0B94B1D78022D0AD0F9F786FF38B905F0E4
S31508022FE0FD03312B03D0043D012D3FF6F4AA2146F9
S31508022FF00220FCF784FB824600283FF4ECAA20460E
S31508023000ADF85C4014F0D2FB0646BDF85C0002F04F
S315080230108DFD27A90446BDF85C00B6F814B0B6F8CB
S31508023020128003F017F8737C0990BDF85C000C93C4
S3150802303096F8109002F08BFF737C054620460D9396
S31508023040F7F7E0FB9D4B0E901C80337C03F03C03A4
S31508023050082B7FF4C0AABDF85C0014F08BFBA842CB
S315080230607FF6B9AA09F00309B9F1010F03D0337C37
S315080230709F077FF4B0AA924BB3F86830A3420DD1EA
S31508023080904A914BB2F9001093F90030002900F0EA
S315080230901A8301EB0313A3EB2113138006F1100322
S315080230A00B930C9BBDF85C0013F002030A9340F0E5
S315080230B00C83BDF85C0002F061FA000440F1128349
S315080230C0338A43F4007333741B0A7374BDF85C00C5
S315080230D014F06CFB0388C3F30E030380204615F035
S315080230E038FB0346002840F05183B9F1010F40F03E
S315080230F073830320BDF85C10FCF701FB002840F03F
S315080231006B832946BDF85C00F2F702F80F280146E0
S315080231107FF661AA4FF6F77398453FF65CAA2046F2
S31508023120FBF71CFDFFF757BA4FF6FD7641E74FF658
S31508023130FF70301A18BF012000223146400013F0F2
S315080231407BFF0C2D40F0B48221460120FCF7D7FA0A
S3150802315000283FF440AA204614F028FB00F1100785
S3150802316009220021384615F076FA0546204602F06D
S315080231702DFD0DF14202064627A9204606F07EF8E5
S31508023180022880463FF427AA9DF842301D44EDB234
S315080231907B5D072B18D8002B3FF41DAA013B062B93
S315080231A03FF619AA01A252F823F000BF75320208A7
S315080231B097320208D725020847360208D725020899
S315080231C0D93202084F3302087C2B7FF404AA3F4BFC
S315080231D01B78013B012B3FF6FEA92F447A78BB7870
S315080231E0652A7FF4F8A96D2B7FF4F5A9204614F019
S315080231F0C1FA1335EDB28542BFF4EDA9306871689C
S3150802320013AB03C311AA2046294602F05BFE044605
S3150802321000287FF4E0A9BDF84450002D3FF4DBA94D
S3150802322017A801F099FB0123294F28463B7014F091
S31508023230A1FAC5B2BDF8440014F0B8FA92230646BC
S31508023240ADF8703013AB03CBCDF87200CDF876101B
S3150802325017A80DF17A01F0F7C9FF2B4632461D2150
S31508023260CDE900441CA88DF88C50F1F7B1FD3C70ED
S31508023270FFF7B1B9154B1B78013B012B3FF6ABA9FA
S31508023280204602F080F900222B462146104609F014
S31508023290A5FCFFF7A0B9084B1B78012B7FF49BA965
S315080232A00C4B187800287FF496A92A462146FAF785
S315080232B087F9FFF790B900BF17350020943400202C
S315080232C0101C0020143500209A29002020350020E1
S315080232D0A2340020683600209D4B1B78013B012B47
S315080232E03FF679A9304601F0F3FB4FF6FF77B8426D
S315080232F005463FF470A9204602F045F9954A044668
S3150802330092F85810D06D8DF874101C900721002081
S31508023310B2F85C30CDE9031060321CA9CDE901315F
S315080233208DF875504CF6204100923B4632460820ED
S315080233302D0A8DF8765006F07DFF014600283FF4E7
S315080233404AA902222046F7F75FFBFFF744B9804BEA
S315080233501B78013B012B3FF63EA9204602F036FCBC
S315080233607D4B09901B78022B7FF435A97B4B1D698F
S31508023370002D7FF430A97A4E3388002B46D1B8F156
S31508023380000F4DD0204602F021FC00230B9027ADFA
S315080233900A932B88012B40F08D80E9782046033169
S315080233A0F1F7B6FEE978064602312046F1F7B0FE95
S315080233B041F6016300EB062080B2984246D00A9B8A
S315080233C0063503330F2B0A93E3D1E7F787FE054643
S315080233D0204602F0D8F8634BB8F1010F1A7827D1C4
S315080233E0614B624983F80080099B1B680B60099B45
S315080233F05B684B601CE0F9003088F1F776FE08221C
S31508023400099913F02CFB01350028B8D0308814F03E
S31508023410B1F9EFB2C0F3CF008742ECD3FFF7DBB8BE
S31508023420E7F75CFE0546204602F0ADF84D4B1A78E2
S315080234300F2393409BB2B5FBF3F203FB1251013102
S31508023440464889B214F076FAFFF7C5B8EF782046EF
S31508023450B91CC9B2F1F75CFEF91CC3070646C9B224
S3150802346004D5434B1B78002B3FF4B5A8B0070DD5FE
S315080234702B798B42FFF4AFA82046F1F749FE3D4B64
S3150802348004371B78F9B28342FFF4A5A8720796D5CA
S315080234902B798B42FFF49FA82046F1F739FE642860
S315080234A07FF499A8E7F71AFE00F07F00642886D908
S315080234B0FFF791B8022B82D1E97820460231F1F75B
S315080234C027FE1B287FF47BAFE97820460331F1F704
S315080234D01FFE19287FF473AFE97820460431F1F705
S315080234E017FE4A287FF46BAF0527E9782046013193
S315080234F03944F1F70DFEE978064639442046F1F7D4
S3150802350007FE00EB062083B200F03F020A2B0C925C
S3150802351032D1002617A8CDE91C66F8F747FDEA78E6
S31508023520214602323A44082300961CA815F0DEF812
S3150802353008221CA917A813F092FA00287FF44BA8B0
S315080235400C9B02333B44DFB22B79BB42CDD836E71C
S3150802355020350020101C002017350020601E002090
S31508023560142D00205A4700203E2D0020402D002011
S31508023570123900209B290020412BE1D1E978204607
S3150802358002313944F1F7C4FDB34B1B78C3F1B303D7
S315080235901844B24B40B293F95A90484504DC6FF08E
S315080235A00E098145B8BF8146AD4B1988D1B920208D
S315080235B014F056F9AA4B18800028C1D020211846C3
S315080235C0F1F77BFD06460028BAD1A54BB1B2FF2218
S315080235D018880136F1F737FE202EF6D10022A14BC4
S315080235E083F88820DFF87CB29BF88860022EA7D879
S315080235F04FF0000A06EBC606994BF6B20B9A06EB93
S315080236000A0112F80A201888C9B20AF1010AF1F762
S315080236101AFEBAF1080F924BF0D106F10801188882
S315080236205FFA89F2C9B2F1F70EFE9BF8883047F2C3
S31508023630E86101338BF8883001238B488BF889308F
S3150802364014F078F97CE7894B1B78013B012B3EF68F
S31508023650C2AF06220021384614F0FDFF3F5A38460B
S31508023660F7F7D0F8054600287EF4B5AF204601F0F4
S3150802367085FFC3047EF5AFAF46F204030121ADF818
S31508023680703038460223CDE900551CAA04F06AFCBC
S31508023690064600283EF49FAF394602F008F820464F
S315080236A001F071FF2A463146F7F7AEF9FEF793BFE6
S315080236B02DB920463DB0BDE8F04FFAF771BC042D8E
S315080236C07EF489AF84E41B02E7E4694B1B78002B7E
S315080236D03EF481AF0B99FAF7F1FF00287FF4E9ACC3
S315080236E0FEF779BF204615F034F8824600283FF4E3
S315080236F0FCAC0A9B002B48D1B9F1010FBDF85C005E
S3150802370067D02946F1F704FD0746594B1B78002B6B
S315080237106DD0F7F725F940457EF45DAFB9F1010F93
S3150802372040F08F80072F00F28480052F7EF653AF74
S315080237300D9B9A0640F117810E9B002B40F00F81D4
S31508023740204614F03DFDFF2840F009815C457EF4D1
S3150802375042AF099B002B00F0008127AB46F2040218
S315080237600124ADF87020214601935846022300949D
S315080237701CAA04F0F7FB014600283EF42CAF2246A9
S315080237800020F7F741F9FEF726BF002320460F93DC
S3150802379014F016FDFF2807460F9B18D0DFF8E0A0A5
S315080237A03AF81020110712D5324A334912780A54C8
S315080237B0014400F58330012200F580700AF020FFEB
S315080237C03AF817200F9B22F008022AF817209A4681
S315080237D08BE4DDF828A08CE42946BDF85C00F1F7F5
S315080237E097FC0A9B074613B9BAF1000F8DD0234BF3
S315080237F01B78022B02D0043B012B99D82046FBF7F3
S3150802380037FC00287EF4E7AEF7F7AAF8844239D1E6
S31508023810164B1B78033B012B19D8104BB3F868409B
S31508023820F7F79EF80D220146204606F031FCFEF710
S31508023830D2BEA7F10E03DBB2012B7FF679AFFEF7F4
S31508023840CABE07F00303012B7EF4C5AE70E701205A
S31508023850FDF734FCFEF7BFBE9A290020101C002093
S31508023860122D0020183A0020184900202035002081
S31508023870A21F00205C470020DC2B00201735002001
S31508023880A4340020204614F064FFF8B9F7F798F834
S315080238904FF6FF73984219D014F008FDB0B94FF6E7
S315080238A0F7739C4212D82046F7F7DCFCFF280DD0A6
S315080238B09D4A00B29D4B00EBC00002EB40025188C4
S315080238C01B7801EB0313A3EB11135380204614F064
S315080238D040FF40B3F7F774F84FF6FF73984222D0C9
S315080238E014F0E4FCF8B9B9F1010F01D1062F1AD088
S315080238F08E4B204693F800A014F062FCFF2812D0E3
S31508023900BAF1010F38BF4FF0010A894A4FEA0A2372
S3150802391002EB4000B0F88A201AB102EB1313A3EBAC
S315080239201213A0F88A30099BABB9194601225846E8
S31508023930FEF786F8824600287EF44DAE0B9802F012
S3150802394024FB524601464046FEF77AF800283FF421
S31508023950EFAEFEF740BE27A9E8E7099BFEE6737CB1
S3150802396023F0200373744FF6FC73984540F08A805F
S31508023970704B1B78033B012B7EF62DAEB37D0BB144
S31508023980013BB375737C5B0735D500231CAA5846E1
S3150802399013A91C9301F0E1FC1C9A62B31046099222
S315080239A001F0D0FB8246404614F00AFC099A034607
S315080239B0117901F03000102806D001F00C00082811
S315080239C01CBF21F00C011171127902F03302202A70
S315080239D011D1FF2B0FD003F00701C3F3C700012350
S315080239E0554A8B4012780732D2100AFB0200534A14
S315080239F0115C0B431354204614F0E2FBFF281CBF4C
S31508023A0000224F4BA5F1100A18BF43F820200C9B41
S31508023A105FFA8AFA03F001024FF6F773984500F245
S31508023A20FE80002A40F00681214658460992FBF795
S31508023A301DF9F6F795FF4045099A00F0D9804046E8
S31508023A4014F087FE00284AD0B9F1010F099A25D148
S31508023A50012F3BD12946BDF85C0004F011FB404614
S31508023A6014F077FE374B1B78002B74D1584614F0A6
S31508023A7070FE00286CD1404614F06BFE002867D110
S31508023A80FEF7A9BD4FF6FD7398457FF477AF294B2C
S31508023A901B78042B7FF472AFFEF79DBD404614F0E7
S31508023AA058FE404601F090F800284DD000234146C2
S31508023AB05846BDF85C20FBF70BFF002844D00021CE
S31508023AC0BDF85C00FBF7B6FAFEF785BD032F09D1F0
S31508023AD02946BDF85C00FEF7C3FCFEF77CBDB9F1CA
S31508023AE0010FDED1174B1B78002BBFD0052F32D121
S31508023AF0F6F736FF8DF87000F6F732FF000A8DF8F2
S31508023B007100012302221CA917A8F1F727FA002837
S31508023B107EF461AD691CBDF85C0089B2F1F7E5FA7D
S31508023B2003780133037016E04E3700209B290020E4
S31508023B30183A00202035002060470020AC310020CA
S31508023B40582B0020CE460020AD4B1B78002B8DD07B
S31508023B50B9F1010FCAD0737C5D070CD5BDF85C506C
S31508023B60284602F0E3F9411C89B22846F1F7BDFA64
S31508023B700378013B0370A34B1B78033B012B2FD819
S31508023B80B9F1010F05D1052F1DD1F6F7E9FE584502
S31508023B901FD1BDF85C00FAF71BF8022819D10021DB
S31508023BA058461CAA01F074FB30B10379448003F02D
S31508023BB03C0343F040030371934B414658461A7837
S31508023BC006F066FA05E0BDF85C00FAF701F8032F7D
S31508023BD0E3D1002241461C2013F02EFAFEF7FBBC65
S31508023BE0BDF85C00F9F7F4FFB9F1010FD5D1EEE79C
S31508023BF0B9F1010F40F0EA827B1E0C2B00F2E0823B
S31508023C00DFE813F0220022002C0033003B004D00AF
S31508023C105C0071008F018F019F0107024A02B9F108
S31508023C20010F00F0DA8242B9BDF85C00FEF7B6FA77
S31508023C30FEF7D1BCB9F1010FDED0337E03F00303E0
S31508023C40012B7EF4C8ACEFE7B81E42424241294630
S31508023C50BDF85C0004F014FAFEF7BDBC2946BDF8AF
S31508023C605C00FEF7FDFBFEF7B6BC2A465846BDF8D1
S31508023C705C10F9F7D3FEFEF7AEBC691CBDF85C0012
S31508023C8089B2F1F745FA0235EDB20246BDF85C3063
S31508023C905846009527A902F01BFFFEF79CBC594B14
S31508023CA01B78013B012B3EF696AC534601200B9A34
S31508023CB0BDF85C1008F092FFFEF78DBC514B1B78DD
S31508023CC05A1E012A07D8022B7EF485ACF6F768FD40
S31508023CD000283EF480AC52460120BDF85C10F9F784
S31508023CE06FFCFEF778BCBDF85C800024404601F004
S31508023CF01DFF0990404602F02AF9411C054689B281
S31508023D004046F1F705FAA346A246A146264600F022
S31508023D101F00023500EB4000EAB23C4F50FA85F527
S31508023D20EDB295427AD23A4F3B7833B1A400E4B267
S31508023D30B4FBF3F4042C08BF03240998F7F72AF90D
S31508023D408346002850D101F0A9F9FF2802463EF41D
S31508023D5042AC304903B22D4D03EBC30309782E4812
S31508023D6005EB43034FEA5B0C10F80CC00BF1010B91
S31508023D7061455FFA8BFB04D2BBF1060FF2D14FF015
S31508023D80070B5E452CBFA01904EB0B00002E14BFCF
S31508023D900121022151FA80FB18460A930B92F7F782
S31508023DA01DFB0A9B19795B7901F0070103F00303EE
S31508023DB088422CBF1B185B18DBB29B45BEF60BACC0
S31508023DC00B9A2EB921B13B78033B53453EF703AC18
S31508023DD01046F7F7C5F90998F7F7EEF80FFA80FBD8
S31508023DE00BEBCB0B05EB4B0B9BF804301A09002E99
S31508023DF06DD023F0070333438BF8043003266AE0B9
S31508023E00CE46002020350020674500204E37002088
S31508023E10644500209B290020C59D030852D0B94B52
S31508023E2041461B881CA8ADF870304FF000038DF888
S31508023E3072300023009303230B9214F057FC9DF86B
S31508023E407210BDF870300A090A920B9A18BF09F166
S31508023E500109CDE90C3118BF5FFA89F90B92F6F719
S31508023E607FFD0C9B0B9A83420D9901D101F00F0637
S31508023E70A54991F800C017E017F80E1C11F00701C2
S31508023E801CBF0AF1010A5FFA8AFA954208D037F886
S31508023E90120C984204D10A9810B109B10134E4B25D
S31508023EA00BF1010B5FFA8BFB954207F1120703D060
S31508023EB037F8121C994201D8E345DDD30332123F83
S31508023EC0D2B22EE700230A934FF6FF73D0E7022AEF
S31508023ED025D9590792D09BF8043003F00F0343EA19
S31508023EE006138BF80430B9F1000F0AD1013A052AF4
S31508023EF000D836B9E7F7F2F8C0F30B01834813F096
S31508023F0019FD9BF80530404623F003031C448BF841
S31508023F10054001F038FB8BF80E00FEF75CBB16462F
S31508023F20D9E7BDF85C00F8F701FDFEF754BBBDF80A
S31508023F305C00F8F7FBFCBDF85C00FEF72FF9FEF70C
S31508023F404ABB734B1B78013B012B3EF644ABBDF8CB
S31508023F505C70384601F0EAFD0646384601F0F7FF7E
S31508023F60411C044689B23846F1F7D2F8A11C054627
S31508023F7089B23846F1F7CCF88DF870500446002815
S31508023F8045D10E2D43D8634B1B882B41DA073ED504
S31508023F90304614F015F9FF283EF41DAB5E4B01229C
S31508023FA01D5400F583301CA900F580700AF028FB21
S31508023FB00C238DF87140594C8DF8703023880121F5
S31508023FC023F004038DF8723000233046CDE900133E
S31508023FD01CAA032303F0C6FF10B13146F9F788FA83
S31508023FE0238803F00303022B7EF4F5AA304614F065
S31508023FF0E7F8FF283EF4EFAA0022494B43F82020AF
S31508024000454A135C63F00F031354FEF7E4BA01241E
S31508024010CEE74448BDF85C50F2F72EF90122424B2E
S3150802402028461A7001F093FF411C044689B22846B5
S31508024030F1F76EF8A11C064689B22846F1F768F828
S315080240403A4D0223288029460020394AF6F70AFA09
S31508024050002E7EF4C0AA2C8804F00304022C0FD189
S31508024060F8F798F9334B1B789BB1013B9C404EF607
S3150802407060235C4303212B48B4FBF1F113F05AFC8D
S315080240802B885B077EF5A7AA2B48F6F70DF9FEF7EC
S31508024090A2BA42F21074EDE7BDF85C60304601F050
S315080240A045FD0746304601F052FF411C044689B2D7
S315080240B03046F1F72DF8A11C89B282463046F1F74F
S315080240C027F8033400EB4000E5B250FA84F4304690
S315080240D013F050FBE4B284423EF67DAADFF860B0E4
S315080240E0AC422FD8BAF1010F7EF475AA134B3946A2
S315080240F01A780220C2F1B302D2B204F0E1F9FEF74D
S315080241006ABA00BF8CA003084C370020C01E0020E4
S3150802411020350020E2460020DC2B0020A61F0020C6
S31508024120582B002070480020A31F0020A81F00203B
S3150802413027E101005C4700200C4800209A2900204C
S315080241404C480020354B2A461B883146ADF870305C
S3150802415000231CA88DF872300093032314F0C6FAC4
S31508024160BDF870909DF87280F6F7FAFB814517D173
S315080241702B4B1B78033B012B15D89BF9000010F13A
S31508024180800F04BF274B93F95A00404440B202F00D
S31508024190CFF9254B254A1B78C3F1B30382F8CC30F5
S315080241A00335EDB29CE7384614F00AF8814602F068
S315080241B007FA08EB000149B2484602F019FAEFE796
S315080241C039462046FAF7CAFCFEF705BA1146BDF883
S315080241D05C00FAF72FFFFEF7FEB97B1E0C2B3EF6A4
S315080241E0FAA901A252F823F0493C0208493C0208FE
S315080241F05D3C02086B3C02087B3C02089F3C0208B5
S31508024200BD3C0208E73C02082F3F02082F3F02087E
S31508024210433F020813400208994002088CA003088B
S3150802422020350020101C00209A290020183A002068
S315080242302DE9F04F89B089460446CDE905239DF854
S315080242404870DDF84CA030B31AF801BBBBF1000F79
S3150802425023D00BF1FF34A400E4B2504606F01CFA50
S31508024260C20E6BD13C4E544496F8CD502279002D9D
S3150802427064D1DFF8F480FF2A00EA08080FD1424623
S31508024280E379A179607901EB032189B209B0BDE826
S31508024290F04FF8F716BA8346DFE75C46DDE72F49A3
S315080242A009688B070BD5FE2A2AD101230135EDB2FF
S315080242B0202D4FEA43030BD109B0BDE8F08F2946FA
S315080242C028460792F8F798F8484537D1079AEAE751
S315080242D09845EBD1284606F054FA0028ECD096F811
S315080242E0CD306479002BE7D1FAF73AFB1C484FF434
S315080242F0105113F01FFB86F8CD5086F8CE40DBE747
S31508024300052A1BD8BBF1010F18D8B8F1000F15D032
S31508024310002FD1D19AF80530002BCDD0718819B962
S31508024320082B28BF08233370434648461292DDE914
S31508024330051209B0BDE8F04FFAF7CABD002FBBD186
S3150802434080234846CDE90277CDE90077054A0599E3
S3150802435000F030FAB0E700BF183A0020E83400202F
S31508024360F448002007A0030800F8FF0730B5134DEC
S3150802437087B06C8894B94FF0A073114A214620463B
S31508024380CDE90323ADF81440F8F736F822460D4B6B
S31508024390009403A9FAF79CFD07B030BD204613F036
S315080243A005FA03A9848A688801F0F3FE00230093BC
S315080243B020466A8803A902F04BFCEDE7183A00206A
S315080243C00000388000F8FF0713B5002001A9F8F7A6
S315080243D013F80E4C014694F8CD308BB1019A94F835
S315080243E0CE00F8F76EF994F8CD00F7F799FD002399
S315080243F084F8CD3023700648F1F73EFF02B010BDAF
S315080244002378002BF7D0FFF7B1FFF4E7183A00201C
S31508024410F44800200023064906480B600649074A65
S315080244200B600749136008600120536008717047E2
S315080244304C2D0020018E0208382D0020E83A002073
S31508024440384900200E4B30B59A68A2B10D4B1B783D
S31508024450834212D900EB400002EBC003C1000024DC
S3150802446000200025C3E9044550544FF0FF32588016
S315080244705A609A6030BD0220FCE72120FAE700BFA5
S31508024480E83A002035470020F0B5144CDDE9056707
S31508024490A568EDB1F0B91248007888421AD901EB3D
S315080244A041014FEAC10C05EBC10415F8311011B9E7
S315080244B02169C90710D4002005F80C0062801A6821
S315080244C046F0010662605A68C4E90467A260F0BD54
S315080244D00220FCE72120FAE72E20F8E7E83A002036
S315080244E03547002008B50748F1F7C6FE0649074AC8
S315080244F00B780BB9137823B100231370044A0B7097
S31508024500138008BD18490020A13A0020A03A0020CD
S31508024510122D002038B5094B05461C7824B1F6F74A
S315080245201FFAB0FA80F46409F8F7ECF908B144F016
S31508024530400444F4305404EA050038BDA21F0020A2
S3150802454008B50448F0F77AFBBDE808400248F0F7D8
S3150802455075BB00BF581D00205A1D00200148F0F700
S315080245606DBB00BFF43A00200148F0F767BB00BFF5
S31508024570F63A0020F8B50024084D094F094E3B7853
S315080245803178E2B20B449A4204F1010400DBF8BD29
S315080245902846F0F753FB0A35F1E700BFD01F002083
S315080245A0CE1F0020CF1F00200148F0F747BB00BFEF
S315080245B0583A002038B5084B04461B78074D1BB9F4
S315080245C0287808B9206038BD054B00211888F0F70D
S315080245D08CFD20602878F6E7A13A0020A03A002050
S315080245E0122D00202DE9F04F85B0814603A8FFF76A
S315080245F0E1FF002844D105B0BDE8F08FA8EB050518
S3150802460005EBC5052A46304606F1090111F072FC8A
S315080246104FF0FF3372191C44735187F800A0536098
S315080246201372E4B20134E4B297F80080A0451CD9AB
S31508024630039B04EBC40B03EB0B06082249463046E0
S31508024640019312F00CFA0028ECD1651C08F1FF3A26
S31508024650A845019B5FFA8AFAD0D14FF0FF3287F854
S3150802466000A043F80B20726032723B78002BC2D14D
S31508024670054A06481370064A1380F1F7FDFDBAE7A4
S315080246800024044FD0E700BFA13A002018490020B1
S31508024690122D0020A03A002070B51646FF220446C5
S315080246A00D46F6F701F8024620B929462046F5F7DF
S315080246B0FBFF38B12EB120466908BDE87040EAF71B
S315080246C0AFBB022070BDB72307B502460DF1020142
S315080246D00120ADF80030EBF7CDFB0621684608F05D
S315080246E0F9FC03B05DF804FB38B5094D0948F1F742
S315080246F0C3FD6879084CFF2803D023780BB907F065
S31508024700DDF8FF236B710023044A2370137038BD4A
S3150802471038490020B0450020CA2D0020113A002051
S315080247207FB5012000261E4CADF80E60237C227E42
S3150802473000FA03F30344636102B3824218D1194DA6
S315080247400DF10E012B68607E9847BDF80E10287190
S3150802475081B102223046144B009605F0BBFF637EF8
S315080247602A7922B1012A12BF1B230133DBB26376EF
S3150802477004B070BD013818BF0120F0E77822534310
S31508024780013B6361094B5A6D42B9094A08205A65C9
S3150802479013F0C0FC034A637E1279E2E70220F9E7C6
S315080247A0E83A002038490020215E0208101C002041
S315080247B0458103080CB42DE9F04F89B012AA0E46BA
S315080247C052F8041B0746079200297FD1BDF84C50C0
S315080247D0002D00F0958033794FF6F778002B7AD1C1
S315080247E047458CBF4FF009084FF00808454B93F828
S315080247F02840FF2C77D1B6F90230002BA9BF424BCD
S31508024800347A1C780134A2BFE4B21C7044F08004E6
S31508024810DFF80091224600212846F0F714FD99F8A0
S315080248202130002B63D02846B9F822B012F0A2FF35
S315080248308046284612F0BAFF4FF0000AFF23CDE958
S31508024840030A5FFA88F0CDE901A0009322463346AF
S3150802485039465846FAF7C4FF4FF6FF73054689F8F4
S3150802486021A0A9F82230382D2AD14FF6F7739F4294
S3150802487026D8B6F902307088002B21DA48F20402EB
S315080248802249234B4FF00009904214BF88469846A6
S31508024890F6F766F8414603468A220120CDF80090CB
S315080248A0F0F72DFF804658B122464946F0F7CBFC71
S315080248B0FF23324639464846CDF8008007F02CF8E1
S315080248C0284609B0BDE8F04F02B070470120F0F75C
S315080248D0E3FE05467CE7002347458CBF4FF00608F2
S315080248E09846337182E7FF2283F8282090E70095DD
S315080248F0FF2332463946404607F00EF80546B2E728
S315080249001925DDE738490020BA290020729B0308D9
S315080249109AA00308E83A00204FF498124FF08063F1
S3150802492010B586B0CDE903230023ADF81430F6F7A7
S3150802493017F80446F7F745FB054B01900093054A1D
S31508024940234603A94FF6FD70FFF734FF06B010BDE4
S31508024950F71B00209EA00308F8B5174B04461D88CE
S31508024960164B20F8025B196881B1082211F0C2FAC7
S31508024970134B0C2093F82430124EA372124B19785B
S315080249800023DAB2914205D8FF2209E0C4F80210E0
S315080249904160EDE7013300FB03F7F75BAF42F0D165
S315080249A00A4BE2721B782373094B1B786373094B14
S315080249B01B682361F8BD00BF94340020A83100208B
S315080249C0E83A0020941D00209C4400209B290020E0
S315080249D09A290020282B002000232DE9F3410646B8
S315080249E04FF6FF771D4DDFF87880ADF80630288838
S315080249F038B113F0CDFE044612F0D8FE0389B3424D
S31508024A0012D9454501D108F079F8288813F0C0FE75
S31508024A100446A0B9454510D1BDF8060006F0CCF902
S31508024A20384602B0BDE8F081284606F0A7F92146C5
S31508024A300DF1060013F094FED9E74546D7E720465E
S31508024A4012F0B4FE038921469B1B9BB203819F4247
S31508024A50288828BF1F4613F0A0FED9E7581D002054
S31508024A605A1D002008B513F0DEFD0B4AFF21D38C30
S31508024A70D084C31A98B2FFF7AFFF4FF6FF73014609
S31508024A809942064803D1BDE80840F1F7F5BBBDE8EF
S31508024A90084012F04FBF00BFE83A00207C440020CD
S31508024AA0094B9B6863B1094A1278824208D900EB1E
S31508024AB0400003EBC0031A69D20701D5588870472C
S31508024AC04FF6FF70704700BFE83A002035470020CE
S31508024AD0F8B50E4B05469C6834B128B100260C4B36
S31508024AE01F78F3B29F4202D84FF6FF7009E00822F8
S31508024AF02946201D11F0B3FF20B92369DB0701D52A
S31508024B006088F8BD01361834EBE700BFE83A0020A2
S31508024B103547002010B50C4613F052FBFF28034612
S31508024B2015D00C4A906888B10B4A12789A420ED967
S31508024B301BB203EB430300EBC303186910F0010031
S31508024B4004D001205A6822609A68626010BD00206B
S31508024B50FCE700BFE83A0020354700200A4A034628
S31508024B60906878B1094A12789A420AD903EB430344
S31508024B7000EBC300036913F0010003D0C3F300106E
S31508024B8070470020704700BFE83A002035470020EA
S31508024B900B4B70B59B682BB100240A4A1678E2B211
S31508024BA0964201D8002070BDD3E9042502400D4083
S31508024BB02A4304F1010403F11803F0D00120F2E7B5
S31508024BC0E83A00203547002008B513F0F9FAFF281D
S31508024BD00CD013F04DFB10F0010309D0400840EA4F
S31508024BE0C17080F0010000F0010008BD0020FCE75A
S31508024BF01846FAE72DE9F0433C4E87B0F7F7CAFBA9
S31508024C003478402C18D83A4A3A4B3B4993603B4A87
S31508024C104FF0000811603A4A4FF00009147000225A
S31508024C204FF0FF351046A24203F1180116DB0021A8
S31508024C303148620011F056F922460921314811F02D
S31508024C4051F900252C4FDFF8C080DFF8C090337881
S31508024C50ECB2A3420DD807B0BDE8F08341E9028958
S31508024C6001F8180C21F8160C0132C3E901550B4656
S31508024C70D9E704F582300B2203A900F5C070ECF7D8
S31508024C80DFF94FF6F670BDF814209DF81630511E5E
S31508024C9089B2814215D80020C3F3C003DB1840EB62
S31508024CA00001CDE90031214603ABFFF7EDFB0028F1
S31508024CB0D1D14FF4805348F8240027F8143029F844
S31508024CC0140004F5833001220DF10A0100F5807003
S31508024CD0ECF7B6F90B4BBDF80A2001351A558022B6
S31508024CE0034B234483F82820B1E700BF604700201E
S31508024CF0E83A0020902E0020A4340020402B002001
S31508024D0035470020DC2B0020582B0020A23A002031
S31508024D102DE9F843002406460F46A0460D4B0E4DD4
S31508024D2093F80090E0B2814502D84046BDE8F88380
S31508024D3013F09EFAC20707D5830705D42B8837B125
S31508024D4033434FF001082B8001340235EAE723EAA0
S31508024D500603F6E760470020A43400207FB5294BF6
S31508024D6005461B780C4683424AD913F081FAC107D5
S31508024D7046D501AE05F582300B22314600F5C070E4
S31508024D80ECF75EF996E803009DF80E3084E8030016
S31508024D909A0733D413F0080F0CBF04230323237294
S31508024DA02846FFF77DFE184B60812B4493F828307E
S31508024DB02846637313F044FA144A2073535D4FF47A
S31508024DC07A7103F00F03A373535D002013F00F03E8
S31508024DD01FBF03F1FF32022393403C2218BF5343FD
S31508024DE00B4A08BF0A2352F82520B2FBF1F29A426F
S31508024DF02CBF00239B1A236104B070BD0223CEE7A1
S31508024E001720F9E763450020E83A0020DC2B00204A
S31508024E10582B00202DE9F043A5B0F1F72DFA354BB2
S31508024E2000241E784FF4F813334F039397F849502A
S31508024E30ADF81040F7F7C5F8A9464FF002082F4A11
S31508024E40ADF812001378ADF814400133DBB21370D3
S31508024E5063F07F038DF82C308DF82D604E4525D8EA
S31508024E6041460BA887F849508DF82D4004F0C4FF37
S31508024E70C8B13CB10090FF234FF6FC71062003AA85
S31508024E8006F04AFDAE4230D9E6F728F90B23B0FB05
S31508024E90F3F24FF47A7102FB13000A3080B24143EF
S31508024EA0174812F047FD25B0BDE8F083484606A923
S31508024EB0FFF754FFA0B9B8F1510F11D808F19003C2
S31508024EC00DEB030208F1080806AB0135013403CBE2
S31508024ED05FFA88F842F8640C42F8601CEDB2E4B254
S31508024EE009F101095FFA89F9B8E70548F1F7C4F942
S31508024EF0D9E700BFD82D0020E83A0020BA290020B9
S31508024F00E01E0020F0B58FB001F0010504A90446A1
S31508024F10FFF724FF8DB180B9204613F0A9F90B4695
S31508024F2010F001011FBF400840EAC37080F001007B
S31508024F3000F0010104A8FDF7D9F8204E3378A34200
S31508024F4004D840F24B211E4811F090FE1D4B04F086
S31508024F5007021F7801239340DB4331781A4A073147
S31508024F600020DBB2C91002EBD40204E01678013045
S31508024F701E4016700A44C6B2B742F7D809A9204697
S31508024F80FFF7ECFE2323ADF80030BDF82E308DF87E
S31508024F900240ADF8043009AB03CB9DF82C30CDF8AE
S31508024FA00600CDF80A1068460F218DF803508DF8D1
S31508024FB00E3008F08FF80FB0F0BD00BF6047002032
S31508024FC0A2A0030866450020AC3100207FB504463E
S31508024FD0FFF766FD88420D4622D04FF6F7739942CF
S31508024FE01ED804F5823606F5C0760B2201A930468C
S31508024FF0ECF726F80B22304601A9ADF80C5009F059
S31508025000FFFA084B9B685BB1074A1278A24207D996
S3150802501004EB440403EBC4031A69D20748BF5D8054
S3150802502004B070BDE83A002035470020024B8021C3
S315080250301A78024810F056BF60470020103B00203D
S315080250404FF6FF73984210B50C4605D013F074FB61
S31508025050FF2801D0F6F784F82046BDE810404FF63F
S31508025060FF71F6F747B9002210B50A4B1C780A4BAE
S31508025070D1B28C4201D8002010BD5988814204D190
S315080250801979890701D1997911B108330132EFE704
S315080250900120F1E766450020803800202DE9F04717
S315080250A00026FF27B246164DDFF8588098F80030DA
S315080250B05FFA86F94B4502D83846BDE8F0872B7960
S315080250C02F2B0FD92846F6F789F92B796C7903F035
S315080250D0070304F0030483422CBFE4182418E4B23D
S315080250E0A24506D95446B946A2464F461235013656
S315080250F0DCE72888FFF7B7FF0028F3D1F4E700BFFB
S315080251004E3700204C37002070B50C4B4FF6FF7512
S315080251101C78002302460A489C4201D1002005E079
S315080251200688964206D1AA4201D10B7070BD8679CD
S31508025130002EFAD001330830DBB2EDE766450020CF
S315080251408038002010B5084B01461C780023074A10
S31508025150D8B2844201D8FF2010BD914203F101035F
S31508025160FAD00832F4E700BF6645002080380020EE
S3150802517038B50446FFF7E6FFFF28054603D13F2167
S315080251800C4811F073FD4FF6FF732380A371237940
S31508025190094803F03C0343F003032371074B00213C
S315080251A01A780732D21002FB0500BDE8384010F023
S315080251B099BE00BFA2A00308AC31002060470020B8
S315080251C0F8B504460026114D114F3A78F3B29A42C1
S315080251D009D800224FF6FF710E4B1D780E4BD0B23E
S315080251E085420AD8F8BDFF2C01D0AB7913B92846F7
S315080251F0FFF7BEFF08350136E7E7FF2C01D0187A1C
S3150802520008B9198019720A330132E8E78038002092
S315080252106645002034470020D02A002007B50DF144
S315080252200701FFF771FF18B103B05DF804EB9FE7BA
S3150802523003B05DF804FBF0B500244FF6FF7703468A
S315080252401048DFF848C006780F48E5B2AE4201D8E2
S3150802525000200FE005889D4210D13AB1012A16BFF7
S31508025260C57905793CF83550A94207D1BB4202D126
S3150802527014238371F0BD057A002DFBD00A30013460
S31508025280E3E700BF34470020D02A002080380020F8
S31508025290F8B50D46114607461646FFF735FF0028AC
S315080252A036D102464FF6FF7C1E4B1F4C1978D3B2F5
S315080252B0994206D800231C4C8B4221D1F8BD0834EA
S315080252C0F5E7B4F800E00132E645F8D13370012378
S315080252D0278023710021A17165B1144B45F0080599
S315080252E01A782571D31DDA103078114B02FB00307B
S315080252F010F0F8FD2379204603F03F032371DDE71A
S3150802530022799209022AE1D001330834DBB2D3E7C3
S31508025310037904469A071EBF23F0030343F00103E9
S315080253200371D7E7664500208038002060470020D1
S31508025330AC31002013B50DF107010446FFF7E4FE70
S31508025340024640B901462046FFF775FF003818BFE6
S31508025350012002B010BD0120FBE7F7B50E460DF19C
S31508025360070117460546FFF7CFFE0446386070B1B7
S31508025370037903F00303337023B93A68137903F008
S315080253803F0313713B685D88284603B0F0BD0146AA
S315080253902846F6F7A5F828B1054B1B78834201D3B0
S315080253A03470F1E703234FF6FF753370ECE700BF5D
S315080253B0654500202DE9FF410646104688461546F2
S315080253C0FFF786FB0746F5F7CBFA044640BB4FF6CE
S315080253D0FF739E4224D09F4206D00146384604B047
S315080253E0BDE8F041F8F7D0BB07238DF804302B68E7
S315080253F00921CDF805306B6801A8CDF8093004F00B
S31508025400FBFC024618B9192004B0BDE8F081012355
S3150802541041463046FBF79CFA0028F4D02046F3E7CB
S315080254200220F1E72DE9F04397B006460F461446E7
S31508025430F5F796FA20B10225284617B0BDE8F0839B
S31508025440344B1D6815F00205F5D12046FBF7BEF967
S315080254500DF1140838B108214046E9F7E1FC70B1AC
S3150802546040F61245E8E72246444602F1100C234666
S3150802547010685168083203C362451C46F7D14FF0DB
S31508025480010911A8EAF7AEFC0DA911A8ADF84490D6
S31508025490EBF704FF03A8EBF7C9F909A911A89DF8C8
S315080254A00E408DF84590EBF7F9FE9DF80D209DF814
S315080254B00F3032B31B1BDBB2802B22D81022404698
S315080254C009A911F0CCFA0028B5D14FF6F7739E4216
S315080254D089BF002323233B607B6088BF21230022E8
S315080254E0CDE90083394601233046FBF79DFB78B1A7
S315080254F04FF6F7739E429FD9074B1A78074B1A70D5
S315080255009AE7611C00224046C9B2FBF74DF8DCE770
S31508025510192591E7E8340020A01F0020E52900207C
S315080255202DE9F04390460F4606464FF0010991B021
S315080255300BA807ADEAF756FC03AC29460BA8ADF84B
S315080255402C90EBF7ABFE95E80F0084E80F004B466C
S31508025550002239463046CDE90048FBF765FB11B013
S31508025560BDE8F083044B9A890AB100229A81002188
S315080255700846FAF777BF00BFE83A002008B512F0E6
S3150802558015F9008808BD08B512F010F9C07808BDEB
S3150802559008B512F00BF9008800F00C0008BD08B532
S315080255A012F004F9008800F00C00031F5842584113
S315080255B008BD38B5054612F0F9F804462846FFF73D
S315080255C0EEFF18B9208A00F4406038BD4FF4006037
S315080255D0FBE72DE9F74F10460E4617460193FFF7EC
S315080255E0E8FFB0F5006F0CBF244D254D4FF00009BA
S315080255F0288813F0CDF84FF0300A0446DFF884B055
S3150802560014B903B0BDE8F08FBC422AD1204612F085
S31508025610CDF8837A80F80B90013BDBB2837216B120
S315080256203F2E00D03BBBEFF311888AF31188204640
S31508025630FFF7BFFFB0F5006F214618D10F4806F0F5
S3150802564089F807F05BFA88F31188BFF36F8FDBF8E6
S315080256508880B8F1000F04D03A4631460020019BF3
S31508025660C0472146288813F098F80446C8E7044834
S3150802567006F070F8E7E707F041FAF2E75A1D00204C
S31508025680581D0020101C002038B5054612F08EF869
S3150802569004462846FFF783FF014608B1A08838BDAD
S315080256A010340422204612F0D6FF205AF7E710B526
S315080256B00C4612F07BF8848010BD38B5054612F008
S315080256C075F804462846FFF76AFF014608B1201D09
S315080256D038BD10340422204612F0BDFF2044F7E7F5
S315080256E010B50446FFF765FFB0F5006F204605D1F1
S315080256F0FFF7CAFFBDE8104012F062BDFFF7DDFFF3
S31508025700BDE8104012F0E2BD2DE9F3410446884691
S3150802571012F089FF344B074620461E88FFF7E0FF42
S3150802572005462046FFF745FFB0F5006F35D1FF2D38
S3150802573006D00123042200932846002306F0EEFF32
S315080257403023B8F1000F1FD1EFF3118583F31188C7
S3150802575021462648EFF798FC85F31188BFF36F8F29
S315080257602348244B0269002A37D0D98C711A17FAB2
S3150802577081F086B2204612F019F803230681837255
S31508025780002002B0BDE8F081EFF3118583F311889A
S315080257902146164812F0E4FFDEE71748EFF77CFCCD
S315080257A004281FD8FF2D06D0012308220093284675
S315080257B0002306F0B3FF3023B8F1000F06D1EFF34A
S315080257C0118583F311880C482146C3E7EFF3118547
S315080257D083F3118808482146DCE73146DF8412F054
S315080257E0A9F8C7E71C20CCE75C1D00205A1D00203B
S315080257F07C440020E83A0020581D002000232DE9A9
S31508025800F3410646ADF8043012F032FD10F00C0FE3
S3150802581023D00227124CDFF84C802388ADF80630D5
S3150802582000232380BDF8063023B9012F11D00127A2
S315080258304446F2E70DF1060005F0A0FA0546FFF721
S315080258404FFFB042294614BF204601A812F088FF2E
S31508025850E8E7BDF8040005F0AFFA02B0BDE8F0814A
S31508025860581D00205A1D0020F8B51E4E044696F80B
S315080258702930834235D0FFF713F94FF6FF77B8423E
S315080258802FD0204686F82940FFF7B8FF2046FFF7B3
S3150802589007F90546F5F764F8284606F0AFFD2046EF
S315080258A0FEF7D0FD0546E0B90F4A1378013B13709F
S315080258B0F6F76FF929462046FFF788FB80220B4B3D
S315080258C0394623F814500A4B1120234483F828201A
S315080258D0084B2A4623F8145011F0AEFBFF2386F82C
S315080258E02930F8BD3849002085360020A434002026
S315080258F0E83A0020A23A002010B50A4B04461B7863
S3150802590083420DD9FFF7CCF84FF6FF73984207D0BA
S3150802591020460021FFF7F6FA2046BDE81040A3E725
S3150802592010BD00BF634500202DE9F0471E465D4BBA
S315080259308CB01B7807460C461546DDF85080002BBE
S3150802594000F0A080F5F70CF828B3574B1B689A07A6
S3150802595021D44FF6F7739D4200F2948043463A46A5
S315080259603146284606F0FEFEF4F7FAFF844200F0B6
S3150802597086803046FFF7ACF8A84203D112F020FC25
S31508025980FFF7BAFF022F40F0858028460CB0BDE823
S31508025990F04706F033BD002F5FD0FB1ED3F1000996
S315080259A049EB03094FF6F7739D426BD823463A46ED
S315080259B031462846EEF7E1FA8046002850D1B9F179
S315080259C0000F3ED0002F3CD003AA9246374B03F174
S315080259D0100E9446186859680833ACE803007345F4
S315080259E06246F6D107A8EAF7FDF90323306871681B
S315080259F08DF81C3008AB03C39DF8293007A843F07D
S31508025A0002038DF82930ECF7B5FC88B13068716865
S31508025A1008AB03C3042307A88DF81C30ECF7AAFCCD
S31508025A2030B1022307A88DF81C30ECF7A3FC40B965
S31508025A30514607A8ECF7AAFC18B11D4B1B78002B98
S31508025A4092D088F00103224631462846CDF80090C6
S31508025A5003F0010304F0FEF986E74FF00109A1E716
S31508025A600128EED002287FF47FAF204607A9F5F772
S31508025A7097FD20B93246204607A9FFF79BFC0CB0D2
S31508025A80BDE8F087F4F76CFFA042F8D04FF6FF7333
S31508025A909D426CE7214628460CB0BDE8F04706F061
S31508025AA072BC00BFA21F0020E8340020F4A003083D
S31508025AB095290020F8B50026104F3C78F5B2AC427D
S31508025AC00FD800250E4B6400224629460D481D7044
S31508025AD010F008FA22462946BDE8F8400A4810F0AE
S31508025AE001BA2846FFF78AFE00212846FFF76EFA12
S31508025AF02846FEF7A7FC0136DFE700BF604700200D
S31508025B0085360020A4340020A23A002038B505467E
S31508025B1011F04CFE04462846FFF741FD18B9208AC3
S31508025B2000F4404038BD4FF40060FBE738B505463F
S31508025B3011F03CFE04462846FFF731FD014608B13E
S31508025B40A08838BD10340622204612F084FD205A59
S31508025B50F7E72DE9F04114460F460546984611F037
S31508025B6025FE838A064623802846FFF7DFFF6080E4
S31508025B70B37D791CE372C9B22846EFF7C9FAB91C94
S31508025B80A072C9B22846EFF7C3FAFE1C2072F6B213
S31508025B90B8F1000F18D031462846EFF78AFB0537C9
S31508025BA0FEB23146A0802846EFF783FBB11CE0809F
S31508025BB0C9B22846EFF7ACFA6072217AA0880122A8
S31508025BC0BDE8F041FFF737BB2088EAE738B5054656
S31508025BD011F0ECFD04462846FFF7E1FC014608B140
S31508025BE0201D38BD10340622204612F034FD20440A
S31508025BF0F7E70E2A2DE9F04180460C461746184665
S31508025C0005D9FEF707FC50252846BDE8F081B8F10C
S31508025C10010F06D104F0ECFDA8B1FEF7FBFB212526
S31508025C20F2E780230021234D85F82030224BE961D3
S31508025C301B6843B1342011F013FEE88118B9FEF748
S31508025C40E9FB0125E0E724F0FF6525F4FF251DB1F0
S31508025C50FEF7E0FB4F25D7E76CB901240327174A5D
S31508025C60137892F90020002ABBBF03F01F039C4059
S31508025C70944044F0784400230E4E24F07844737618
S31508025C800F4B3268996C86F818803774746061B95C
S31508025C9093F8501049B90B49C3E9121204F0FEFCF5
S31508025CA09DF8183086F84A30AEE7FEF7B3FB0425AE
S31508025CB0AAE700BFE83A0020382D002060460020F7
S31508025CC0101C0020855E02082DE9F0411C4C237841
S31508025CD0BBB101221B4B1146186810F039FD2C2066
S31508025CE012F064FD0A2012F061FD0021042011F071
S31508025CF0A3FC0021022011F09FFC00232370EEF77B
S31508025D0041FD114B114C1E68E089114BD4F80480F1
S31508025D101D6818B194F84B10EFF708F8002784F8B5
S31508025D204B70FEF777FB384607F0A0F90EB14046EE
S31508025D30B0471DB1E089A8470023E381BDE8F08199
S31508025D40401D0020441D00204C2D0020E83A00206A
S31508025D50382D002070B52C4C2C48F0F78DFA237E8E
S31508025D6033BBE36923B32A4B1D782A4B1E682EB12F
S31508025D7094F9203028461A461946B047264B1B681E
S31508025D808BB194F84B30312B0DD8E08911F00EFD0A
S31508025D9094F84B3094F82020C2549A1C0133DBB293
S31508025DA084F84B20C554802384F820300023E3610D
S31508025DB0637E1A2B20D8194A1279012A08D10021A2
S31508025DC0656825FA03F0C007DAB20DD501B1627625
S31508025DD00F4B607E1B78834211D1002384F84C3026
S31508025DE0FEF79EFC40B970BD0133D8B21A284FF0AF
S31508025DF00101E6D90A446276BDE8704064E704F018
S31508025E00CDFC0028E9D0F7E7E83A0020404900200F
S31508025E1060460020482D0020382D002038490020F1
S31508025E2008B5134A107E012821D181B9114B197878
S31508025E30536800FA01F123EA010353600E4B5A6DC7
S31508025E40AAB90E4A5A65BDE8084012F063B992F833
S31508025E504C300133DBB2022B82F84C3003D9BDE851
S31508025E600840074876E7FEF75BFC0028F7D108BD2D
S31508025E70E83A002060460020101C002045810308ED
S31508025E804049002008B504F0C1FC0A4B93F84A3091
S31508025E9063B1094B00224FF6FF71186810F0EBF850
S31508025EA020B140F2FB41054810F0E0FEBDE808408B
S31508025EB003484FE7E83A0020441D00209289030868
S31508025EC0404900202DE9F7430F460121814616462F
S31508025ED011F08AFC054658B1EFF7CAF9308088B93D
S31508025EE0284611F047FC68B1192003B0BDE8F083D3
S31508025EF0484611F03FFCFF2FA0EB0704E4B213D08B
S31508025F0014B934800020F0E72946204611F0A8FC8F
S31508025F1080460028E8D03B464A4629460094EFF7D1
S31508025F20B5F9A6F80080EDE70120DEE708B511F01D
S31508025F303DFC437C03F001001A074CBF10300830C1
S31508025F40DB0644BF0830C0B21030C0B208BD38B54F
S31508025F500546FFF7EBFF0446284611F00BFC631CC7
S31508025F609BB283420FD8284611F020FC437C5B077C
S31508025F7007D521462846EFF7CBF8013004EB400453
S31508025F80E4B2204638BD0024FBE74278034612F005
S31508025F90080006D0D20702D403F10800704703F1BD
S31508025FA0090070472DE9F74389461E46074690467B
S31508025FB011F0FCFB002104463046F5F791FA054636
S31508025FC009F107013846EFF790F8A5B1B8F1000FC5
S31508025FD002D103781D44EDB20570637C1A0716D503
S31508025FE069463046F5F7DCFA024620B908216846C2
S31508025FF0F4F75AFB18B1002003B0BDE8F08304F1A8
S315080260001000FFF7C2FF694608220FF073FFF4F784
S31508026010A7FC030A6375637C2075DB0603D538463D
S315080260200A4906F063FA330AE37431463846A67417
S31508026030FFF73DFB064A13780133DBB21370E375AB
S31508026040A37D0BB90123A3750120D5E7F71B002011
S31508026050A01F002037B505460C4611F0A7FB437C66
S3150802606013F010000FD003F001021B074FF00003D4
S315080260702946009320464FF0080354BF18322032AF
S3150802608012F034FB012003B030BDF8B50C460646C3
S3150802609011F070FB631C834202D900252846F8BD1D
S315080260A021463046EFF734F800F00307012F1FD0D8
S315080260B0C2061DD400F00C030C2B0CBF09250825BB
S315080260C00306EBD5304611F055FB2C44631C9BB2F4
S315080260D08342E2D821463046EFF71AF810F0030059
S315080260E003D0022F14BF022003202844C5B2D5E7E5
S315080260F00225E5E770B506460D46FFF7C6FF0446D4
S3150802610010B90024204670BD29463046EFF700F83C
S315080261108206F7D5304611F02DFB2544ADB26B1C2D
S315080261209BB28342EDD829463046EEF7F1FF00F0DE
S315080261301803082B14BF05340634E4B2830644BF99
S315080261400834E4B2DEE738B50546FFF700FF044631
S3150802615008B9002038BD01462846FFF7CBFF0028BC
S31508026160F7D02044C0B2F5E738B50D4601210446FA
S3150802617011F03AFB30B10121204611F035FB288097
S31508026180012038BD20462C80FFF7DDFF0130C0B262
S31508026190F7E72DE9F04186B006460C4611F006FBF4
S315080261A0078A05463046FFF7D2FE01468046304644
S315080261B0FFF76BFF002203463146009202A84246C9
S315080261C012F094FA9DF8081001F00C030C2B01F05A
S315080261D0030345D1FF22BDF8090062710DF10B02D6
S315080261E02081687CC00748BF688ADDB248BF208123
S315080261F0012B44D0CE0642D413880532638032F886
S31508026200033C238012F8013C237113788806A37293
S3150802621001F0400348BF43F020033E0631D543F45C
S315080262200073FE0448BF43F48063380548BF43F44D
S3150802623000630906E38010D5517811F003010CD0EA
S315080262406FEA43436FEA53439078022DE38003468D
S315080262501CD1D37840EA0320208106B0BDE8F0813C
S31508026260012B08D0CE0606D49DF809000DF10A02C4
S3150802627060710020B4E7FF200DF10902F8E7FF2359
S31508026280C2E7780648BF43F48073CAE7012904BF08
S3150802629003029BB22381E0E72DE9F843074612F091
S315080262A0C7F91B4B1A691B4B62B31C6D3C1B044492
S315080262B0A4B20022184BDFF868901B78174D03EB3F
S315080262C0830399F8006005EB43055FFA82F8B04547
S315080262D00AD2AB8805F10A00A34216D90A23B21AD2
S315080262E029465A430FF006FE013689F80060AC804B
S315080262F0B8F1000F03D13946054811F01BFB2846B1
S31508026300BDE8F8833C461865D3E705460132DCE763
S31508026310A0440020E83A0020CF1F0020D01F00200A
S31508026320CE1F00201FB5154A154C13786168013B2C
S31508026330DBB22068137001AA03C221891180114AAF
S315080263401278D21805D00A2320465A43E1180FF0CC
S31508026350D1FD9DF806301B070DD0BDF80C00FFF7DE
S315080263609BFF03468288ADF8082001AA03CA128851
S31508026370186059601A8104B010BD00BFCF1F0020F3
S31508026380D01F0020CE1F00202DE9F04F002685B031
S3150802639012F04EF9DFF89091B24699F80070B346BA
S315080263A03A46DFF888811FFA80FEB8F850C05A4D7F
S315080263B0AEEB0C039BB201932B78584C009303EB7C
S315080263C0830304EB4303ACEB0E0C5FFA86FE7745B8
S315080263D015D8BAF1000F01D0009B2B70BA422AD306
S315080263E0002F38D00A222B78C8F8500002FB034344
S315080263F04B48998805B0BDE8F04F11F09BBAB3F83F
S3150802640004E001998E4512D84FF0010A009993F8D3
S3150802641002E001310EF1FF3EC9B2013AA3F804B017
S3150802642083F802E00091D2B20A330136CDE7E64498
S31508026430A3F804E0F8E789F800204AB10A222B7883
S31508026440C8F8500002FB03433548998811F072FADE
S31508026450344F2B7843B905B0BDE8F08FA37823F003
S315080264600F03A370FFF75EFF2B78002BF1D020886D
S3150802647011F09CF9B0F814A0B0F8128012F0D3F813
S3150802648006465046B4F80690F8F7F2FD0028E5D11C
S315080264904046F8F7EDFD20B1404612F05AF90028B9
S315080264A0DCD03A78A378033A012AD7D91B09D5D181
S315080264B0A6EB0906B6B2B6F5C86FCFD80DF10B0131
S315080264C0404603AA0393FEF748FF9DF80B60014670
S315080264D0002EC7D14FF6FF739842C3D02088FFF724
S315080264E0E6F8A6802688002EB3D03046FFF7CCF809
S315080264F001463046F6F7FCFF2B7848B1002BA8D0A8
S31508026500A378103323F00F03A370FFF70BFFA0E75E
S31508026510002BFAD19DE700BFCF1F0020D01F002015
S31508026520A044002020350020CE1F0020E83A002093
S3150802653010B50B4B04461B78033B012B03D98C2160
S31508026540084810F093FB084B93F95A30A34204DB30
S315080265506FF00E03A342B8BF2346044A137010BD58
S3150802656020350020B0A00308101C00204C4800204B
S315080265702DE9F341064601A8FEF71CF838B10024B6
S315080265800D4BDDF804801F78E3B29F4205D80B4B0A
S3150802659093F95A0002B0BDE8F08104EBC4054544FC
S315080265A008223146284610F05AFA01340028EBD15F
S315080265B095F90800EEE700BFA03A0020101C00205B
S315080265C0FF2810B504460AD011F052FEC30706D5B5
S315080265D0054B234493F9280010F1800F02D1034B8F
S315080265E093F95A0010BD00BFE83A0020101C00209B
S315080265F0FF2838B504460D461ED011F039FEC307EA
S315080266001AD50E4B93F95A309D4204DC6FF00E03ED
S31508026610AB42B8BF2B460A490A4A91F82A001444E3
S3150802662084F8283018B992F95400984204DA0020FE
S3150802663082F8543081F82A0038BD00BF101C0020A9
S3150802664038490020E83A002038B505460D4B0E4871
S315080266501C88EFF761F8012D0CD10C4B1C88FA2126
S31508026660614358B1884209D28408012C204638BFB2
S31508026670012038BD022D08BF0224F0E7024811F0B6
S3150802668059F9F2E708390020401F00200A3900208C
S315080266901B4B70B51A8802F108039BB2012B02D86C
S315080266A0184B1B781BB9BDE87040EFF7E5BD00240F
S315080266B0154B164D1C70164B1C702B786BB1154E6C
S315080266C04FF6FC7322462146308805F009F94FF643
S315080266D0FD732C70338001200FE00F4B104619789A
S315080266E0F6F7EAFE0028F6D10A4B1A884FF6FD732A
S315080266F09A42F0D0012302202B70BDE87040A3E72E
S315080267000C390020CD1F0020C81F0020CC1F0020F6
S31508026710C91F0020CA1F002010390020A0F6134303
S31508026720012B37B505460C4615D8134A137801339B
S31508026730DBB21370114A12789A420CD84FF6FD72E0
S315080267400F4B00201988914201BF00221C800D4B75
S315080267501A70FFF779FF80232A460DF102010120FC
S31508026760ADF80030E9F786FB08216846ADF8064021
S3150802677006F0B0FC03B030BDC81F00200E39002059
S31508026780CA1F0020CC1F0020012208B5044B054869
S3150802679000211A7011F0CEF8BDE80840002053E730
S315080267A0CD1F0020401F0020012808B50AD0022864
S315080267B00BD020B9074B18700748EFF75DFD4FF06D
S315080267C0FF3008BDBDE80840DEE70020BDE8084006
S315080267D03AE700BFCD1F0020401F002030B5094B05
S315080267E002461B7833B1084B084C19780023D8B2F5
S315080267F0884201D3FF2004E0013334F8235095423E
S31508026800F5D130BD9F440020AA1F0020A81F0020F2
S315080268102DE9F041244B05461E780C46002E40D041
S31508026820FFF7DCFF214FFF283978214B05D1214A92
S31508026830107886422DD9461C167088421BD01D4AEE
S315080268401B4E92F800E000225FFA82FCE6450DD95B
S31508026850B4469CF803800132804506F10406F3D15A
S3150802686002B203EB8202D2788CF8032002B203EB5F
S315080268708202D170387002B203EB820123F82250E9
S31508026880FF2294428A7002D003EB84039870BDE813
S31508026890F0810A46104603EB8202D278FF2AF9D122
S315080268A0CBE7FF20F3E700BF9F440020AB1F002081
S315080268B0AC1F0020AA1F00202DE9F04F0E461746EE
S315080268C04FF0000989B01D469DF848309DF84CA046
S315080268D0DFF8F4B1029003939BF800305FFA89F46B
S315080268E0A3426AD84FF6F7739F427FD815F002097A
S315080268F040F0A480DFF8D481694B98F800201B7811
S315080269009A4273D0002011F0E1FCFF2804466DD0AC
S315080269103068716805AB03C39BF80030ADF81C708C
S31508026920A34263D900238DF81E50AD1005F0020567
S31508026930009501933A46334621460298FDF7A4FD8F
S315080269400546002852D1574B574A43F824004FEAC6
S315080269500A2322F814304FF4A042544B04F582302D
S3150802696023F8142005A90B2200F5C07007F048FE8B
S315080269704F4B50491B7804F583300B5501222144AD
S3150802698000F5807007F03CFE4B4B4C4A1B783046AC
S31508026990234442F82350FFF7EBFD494B234483F87F
S315080269A028003046FDF71EFE98F80030013388F8B5
S315080269B00030F5F7EEF8C84654E02046FEF770F8C0
S315080269C0804604F582300B2205A900F5C070EAF765
S315080269D037FB4FF6FF7366B9984513D14FF6F77230
S315080269E09DF81E30974203F0EF030ED94FF6FF7754
S315080269F024E0984506D00822304605A910F02FF85B
S31508026A000028EBD009F1010966E79D4205F0020864
S31508026A1004D12046FEF744F8B84216D0294B1B7813
S31508026A2083B9254B254A1B78234412F8239020461E
S31508026A30FEF762FFB8F1000F3FF45CAF384609B0C3
S31508026A40BDE8F08F4FF00009F1E7B8F1000FF5D174
S31508026A503046FFF78DFD1A4B234483F8280030464B
S31508026A60FDF7C0FD03992046FEF74CFA2046FEF7CD
S31508026A7017F80546F3F774FFFF212846FFF7C8FE05
S31508026A80104B1B782BB90C4B0C4A1B78234442F843
S31508026A902380204609B0BDE8F04FFEF701B800BFD3
S31508026AA063450020582B0020A23A0020A434002077
S31508026AB05C470020DC2B0020644500208836002035
S31508026AC0E83A002068450020604700208536002005
S31508026AD02DE9F043064688468DB007A891461F461B
S31508026AE09DF85040FDF738FFADF81C60B8F1000F6D
S31508026AF007D0D8F80030CDF81E30D8F80430CDF8D3
S31508026B002230384610F052FE5923DDF8221002468A
S31508026B10DDF81E00ADF80C3004AB03C3BDF828300F
S31508026B204FEA4905ADF8183000230F21CDE90033A5
S31508026B30224405F0FE0303A8ADF80E608DF81A90FC
S31508026B40EEF746F941463046E9F704F90E4B1B784B
S31508026B505BB1B9F10B0F08D83046FF21FFF758FE93
S31508026B6006462544EDB2AC4202D10DB0BDE8F0832B
S31508026B7021463846EEF79DFB3146FFF749FE0234B9
S31508026B800646E4B2EFE700BF9F4400202DE9FF471F
S31508026B900E46FFF723FE04465EB1308810F0EAFD82
S31508026BA05FFA80F8FF2C4DD10025284604B0BDE8CF
S31508026BB0F087B046F6E701320C2AF5D02DB207EB7C
S31508026BC08505AD78FF2DF6D112F0FF0AECD04FEA13
S31508026BD04A050235EDB2002EE7D0304605EB08012C
S31508026BE0EEF76BFA0028DFD1414652463088EEF7B7
S31508026BF02AFB08F101010AF1FF323088D2B2C9B282
S31508026C0008F10209EEF71FFB4FF001085FFA89F94E
S31508026C1024B207EB8404A478FF2CC6D023B237F833
S31508026C202330CDF80080ADF80C304A46022331886D
S31508026C3003A811F05BFD0028B6D109F102095FFA33
S31508026C4089F9E5E725460022004FB7E7AC1F002081
S31508026C502DE9F04FC1B00F460D9017A9104691467F
S31508026C601E469DF82881FFF77FFABDF85C30119021
S31508026C7018460F9310F07EFDFB8804461093B7F969
S31508026C800230B7F802B0002B04DA0022AB4B83F8C5
S31508026C905520F8E00F9810F06DFD119B9842F4D339
S31508026CA0B8F1000F109B18BF4FF4A0731093119BF5
S31508026CB0119AE41AE3B2152B0E9328BF1523002462
S31508026CC00133013A0F99DBB292B2009421A811F06E
S31508026CD00DFD6FEA4B436FEA5343DFF880A2ADF826
S31508026CE06A30109B9DF88420DAF80000DAF804105E
S31508026CF0ADF86E3027AB03C3ADF86C40ADF868400B
S31508026D00ADF8702027ADBBF1000F25D10DF1850036
S31508026D10F3F76EFEA8B1F3F723FE5C4607460DF1BC
S31508026D208D090DF18503012E99F800A02FD1B8F12E
S31508026D30000F2AD084F0010404F0010041B0BDE836
S31508026D40F08F0DF18500FDF7C3FE4FF6FF74021BA7
S31508026D50544207465441E2E7BBF1010F40F09280E4
S31508026D60BDF88570F3F7FCFD87420AD029463846F6
S31508026D70FDF7D0FE80F001042B46E4B20DF1870937
S31508026D80D1E76F4B0DF18709CDE73446D4E7B8F161
S31508026D90000F31D0002C71D1BAF1010F6ED836D15D
S31508026DA0F3F7DEFDF3F7DCFD2246074699F80150B4
S31508026DB0634B00210120CDE9007102956149EEF786
S31508026DC09EFCADF87400002858D0002C50D1BAF1B8
S31508026DD0010F4DD12646DFF8889199F80030E7B2BF
S31508026DE0BB4236D9384611F043FAC30702D5BDB1BC
S31508026DF0013DEDB20134F0E7BAF1010F05D1002CDD
S31508026E00CED0812299F80150D3E7002CF9D1BAF1F4
S31508026E10010F94BF0022012299F80150D201C8E756
S31508026E203846FDF73DFE18A9ADF860000123022297
S31508026E301DA8EEF793F808BBBDF8740010F09AFC8B
S31508026E4007461098F8F712FD013701368742F6B25F
S31508026E50D0DBAEB132460C21BDF87400EEF7F3F979
S31508026E600022BDF874300D981AA9FDF7A3FC05E0B7
S31508026E700C211DA8EEF721F90028F1D001205DE7C3
S31508026E800D21F6E70EB1002058E7B7F802B0BBF1BC
S31508026E90340F67D10E9B092BF5D1B8F1000FF2D149
S31508026EA09DF98D504246AC1008210DF1850004F07B
S31508026EB02004F3F7F9FB20B90DF18500F3F798FDE5
S31508026EC038B3214B1B78012BDDD0022B13D11F4B74
S31508026ED01B6813F0807F24D11C4B1B68580201D50E
S31508026EE0002D28DA00231A4A0D981AA9FDF762FC22
S31508026EF0184B1C70C7E7033B012B12D8164B0D9A89
S31508026F00B3F868309342E7D0104B1B6813F0805FE2
S31508026F10E1E70DF18500FDF7DBFD4FF6FF739842B9
S31508026F2002D1C8230A4A3BE22146F6F72DFE03465A
S31508026F300028F6D1F6E78D23F4E700BFE83A0020E9
S31508026F40F71B0020C5A0030820350020E8340020DE
S31508026F50E9A0030814490020101C0020969B030888
S31508026F60604700209DF88530BBF1110FBDF88540BA
S31508026F700E9300F28D80F3F7F3FCA04200F09280A4
S31508026F80BBF1060F1CD14FF6FD739C4240D0B8F1F7
S31508026F90000F7FF47AAEBF4B1B78033B012B35D922
S31508026FA0204611F00DF9FF2814BF892381230022F8
S31508026FB00D98CDE900421AA9B74AFDF7FBFB64E62C
S31508026FC0B8F1000F7FF461AEBBF1030F16D8BBF11F
S31508026FD0010F7FF65AAEAF4B1B78033B012B13D931
S31508026FE0204611F0EDF8FF2814BF89238123AB4A06
S31508026FF00D9800941AA9FDF7DDFB46E6ABF10403EA
S31508027000022B3FF642AEC6E78023F0E78023CEE79F
S31508027010A34B1B7859074DD4F3F7A2FC0024034669
S31508027020224601209C490094EEF769FB9DF8899057
S31508027030ADF8740000283FF426AF119B0F9803EBB6
S31508027040490510F097FBEDB26F1DFFB28742BFF4F8
S315080270501AAF39460F98EEF75BF807EB4007064674
S315080270600F9810F087FB8742BFF60DAF49EA060371
S31508027070DBB2002B40F00482B8F1000F7FF403AFB5
S31508027080444622460421BDF87400EEF7DCF854E1C2
S31508027090834BBBF13A0F1B7811D948F23B02934551
S315080270A008D014E07E4B1B785A070BD5ABF10402C5
S315080270B0022A07D8FB8843F48043FB80E3E6BBF148
S315080270C01B0F10D8ABF1020291B2132950D9012134
S315080270D0744A9B0782F8551040F1E983B8F1000F0C
S315080270E07FF4D1AEE6E7ABF11C021E2AEFD801A166
S315080270F051F822F0397C0208CF700208CF700208D4
S315080271005B750208CF7002086B7602086B76020876
S31508027110CF700208CF700208CF700208CF7002083B
S31508027120CF700208CF700208CF700208CF7002082B
S31508027130CF700208CF700208CF700208CF7002081B
S31508027140CF700208CF7002086B7802086B780208C3
S31508027150D37A0208CF700208CF700208E97B0208C8
S31508027160CF700208877C02089F7C0208E17C02082D
S31508027170132AACD801A151F822F000BFCD7102083A
S3150802718047720208617202086573020819700208DA
S31508027190CF700208CF700208CF700208CF700208BB
S315080271A0CF700208CF700208CF700208CF700208AB
S315080271B0CF700208CF700208CF700208CF7002089B
S315080271C08D740208CF700208697C0208F3F7C8FBBF
S315080271D0304B04461B78012B33D0022B14BF0227EF
S315080271E00127F4F7EEFE304B0546B3F80080F8F7B0
S315080271F033FB2E4B06464FF6FF70B3F80090FDF7A9
S3150802720089F92B4B1988264B1B7813F0020F4FF07E
S31508027210000316BF274A1A461278CDE90A334023D5
S31508027220CDE90812CDE90690CDE90173CDE90486C8
S315080272300023214A0D98039500941AA9FDF7BAFA74
S3150802724021E60027CDE7F3F78BFB1C4B1C4A1B886C
S31508027250CDE9000300230D981AA9FDF7ABFA12E649
S315080272609DF887402946631EDBB2EF2B204601D9DB
S31508027270F22C0BD1EDF7B0FF20BB8324F3F770FB9A
S315080272800023054ACDE900032346E4E7EDF7A4FF08
S315080272908224F3E7203500209AA00308729B03088C
S315080272A04F2B0020E83A00205E450020E4460020E5
S315080272B0E6460020DC290020CBA003086045002012
S315080272C0329C0308F3F74CFB9DF8A0209DF8A21008
S315080272D00492BDF89E2049000392BDF89C20C9B2CB
S315080272E0CDE901429DF8A12003465200D2B20832E6
S315080272F00A44009201200022BF49EEF700FA9DF8DF
S31508027300A130ADF874008DF85E3000283FF4BBADAD
S3150802731001230DF15E011A461DA8EDF71FFE05466B
S3150802732000287FF4B0AD9DF85E30EAB2934209D8E0
S315080273309DF8A2308DF85E3016B1BDF874302EE095
S315080273400126E5E731462046EEF74AF80123ADF86D
S315080273506000022218A91DA8EDF700FE01350028D3
S31508027360E1D090E5F3F7FCFAA44C03462278012013
S315080273700092A3490022EEF7C2F900283FF483AD32
S315080273800027ADF89C002378F8B283420DD832461E
S315080273900421BDF89C00EDF756FFBDF89C3000228B
S315080273A00D981AA9FDF706FA6DE5EDF7FFFEFF2817
S315080273B08DF874000AD0012301361A4628461DA9FB
S315080273C0F6B2EDF7CBFD00287FF45DAD0137DAE7BB
S315080273D0BDF88750EDF7EAFEFF288DF8600000F049
S315080273E0F18427A9EDF7F8FEBDF89C309D4207D037
S315080273F04FF6FF72954240F0E5841B0400F1E284E1
S315080274004FF0000A9DF8A130CDF848900E93119BD3
S315080274100533DBB210930025AB460EE0109B4900FC
S31508027420C9B219440F9889B2EDF743FF00231390A6
S315080274300E99DAB28A4215D30135129BE9B28B420A
S31508027440ECD89DF8A2300E93149B1093BBF1000F53
S3150802745040F0AD84BAF1000F40F0B4844FF0010A4F
S315080274601296D8E751469DF860001593EDF7B8FFD6
S31508027470139B834208BF4FF0010B159B0133D7E7D5
S315080274800635EBB22746149300F09DBC20469DF8BC
S315080274908F70ECF7D3FB48B3FF2208210DF1870062
S315080274A0F3F702F9034608BBDAF80000DAF8041023
S315080274B01DAA03C20121534A4FF4981C82F82110CF
S315080274C05484514AADF8A43082F828304FF4003279
S315080274D08DF8A63001931DABCDE927C20093294644
S315080274E023464FF6FD70494AFDF764F901220DF16C
S315080274F087012046FAF7A4FA2046FDF78FFE0DF11A
S315080275008700FDF7E5FABDF88520824207D04FF6D7
S31508027510FF72904203D010F053FEFEF7EDF917F012
S3150802752008070CBF012100210DF18700FAF7DEFDDD
S31508027530002329461A460DF18700EAF7A9FB9DF8AA
S315080275409D00FF283FF49FAC2FB904263A463146E0
S3150802755005F0CAFD97E40427F8E72D4B1B78033B91
S31508027560012B7FF690ACF3F7FBF90D9B83423FF4B0
S315080275708AACE3F7B3FD0B23B0FBF3F24FF47A714F
S3150802758002FB13000A3080B24143224810F0D2F9B6
S31508027590214B1B78002B3FF476AC012300221846B8
S315080275A01E499DF88590EEF7AAF8ADF86000002806
S315080275B03FF469AC0024A046119BDFF864B003F1DE
S315080275C0010A1DAF5FFA88F291452BD8002C3FF4C9
S315080275D05AAC01233246294618A8EDF7BFFC002803
S315080275E07FF451AC22460221BDF86000EDF72BFE6E
S315080275F0BDF86030D3E600BFD8A00308942900205E
S315080276009AA00308E83A0020384900209EA00308F9
S3150802761020350020E01E002085360020E8A0030859
S31508027620DC2B00200023D200D2B252440F990093D9
S3150802763092B20823384611F059F8384610F046FE39
S31508027640FF280FD01BF800300F2B0BD997E8030041
S3150802765006F580736B44643B83E8030008360134FD
S31508027660F6B2E4B208F10108ACE7B8F1000F7FF40C
S315080276700AAC13F008047FF41DAD9DF88D60731EE5
S31508027680DBB2EF2B00F2EF800E2241461DA80EF068
S3150802769029FCBDF88E308DF87560ADF876309DF808
S315080276A0903003F07F02032A0AD0012B40F00381AF
S315080276B003238DF87430BDF89130ADF8793011E0B6
S315080276C0032B14BF022301238DF87430DDF89130A1
S315080276D0CDF87930DDF89530CDF87D309DF89930C2
S315080276E08DF878300822AE490DF185000FF0B7F90A
S315080276F00646002840F0DF80DFF8CC82DFF8CC921D
S3150802770098F800705FFA86FA57454ED8BBF1210FF2
S3150802771040F0A780A34B9DF875401B78112B72D1B8
S315080277209DF8750018A9EDF757FD002698F8003060
S31508027730F7B2BB427BD929463846F9F727FC9DF8AA
S315080277409C400136002CF1D138461DA9FAF724FCD3
S3150802775028B140F60444A04214BF8C248D24312358
S31508027760ADF89C30BDF874301221ADF89E30BDF8E4
S3150802777076302846ADF8A0309DF878308DF8AC7092
S315080277808DF8A230DDF879308DF8AD40CDF8A3300A
S31508027790DDF87D30CDF8A7309DF881308DF8AB3015
S315080277A005F098FC2346FFF7BDBB4FF6FF7339F881
S315080277B01A209A4225D029465046F9F761FB9DF8C8
S315080277C075209DF89D309A421BD1BDF87620BDF8EA
S315080277D09E309A4215D19DF878209DF8A0309A429B
S315080277E00FD108220DF1A1010DF179000FF037F939
S315080277F038B9BBF1210FD5D05046EDF7C5FD044681
S31508027800D0E701367CE7122B11D129462046BDF86E
S315080278107690EDF7E1FC60B929462046EDF7DCFCE7
S3150802782028B100269DF8A2A0F2B2524510D38C24A4
S3150802783095E700269DF8A1A0F2B25245ECD20021A6
S315080278402046EDF7CDFD814506F10106F4D167E73D
S3150802785001212046EDF7C4FD484506F10106E3D1AC
S315080278605EE7FF20C9E782249CE71098F7F7FEFF38
S31508027870002105460D98FFF789F94B4BBBF1310FED
S315080278801B780646A3F103030BD1012B16D9474BE6
S31508027890474A1B7812781344DBB20F9316231193C7
S315080278A010E0012B03D9434B1B780F936BBBB8F13E
S315080278B0000F7FF4E8AA8423FFF734BB162311933B
S315080278C001230F9300240E9B224600930120234690
S315080278D039490194EDF713FF00283FF4D4AAAD1BEA
S315080278E0EBB2364E364F1393ADF8740010941294D9
S315080278F09DF848500F9BAB4209D80221109ABDF851
S315080279007400EDF7A0FCFFF7BCBB0523C7E71622F8
S31508027910002127A80EF0E6FABBF1320F58D13379C7
S3150802792003F00302032A22D18DF89E20109B0E9A99
S315080279300133DBB29342109313D9BDF874000FF0EA
S3150802794019FF119B1844139B98420ADC0123119ACA
S3150802795027A91DA8EDF702FB00287FF494AA013493
S31508027960E4B2129B0836013312931237C0E7B17993
S315080279700029DBD11349C3F3C2030B441B7C012A3A
S3150802798008BF43F001038DF89E303388ADF89C306A
S3150802799073888DF89F301B0A8DF8A030C6E700BFA2
S315080279A0F71B002065460020203500204C370020B2
S315080279B08536002066450020E6A0030880380020A8
S315080279C04E370020F4A003081D4500204C34002041
S315080279D027A8F4F7EBFA4FF0FF33CDE92933B44B76
S315080279E093F800A0AA4545D93B796F2BB9D8284602
S315080279F029A9F3F7A9FD0028B3D0AE4BB7F8008042
S31508027A00B3F86830B8F1000F11D1003B18BF012353
S31508027A105B0143F004038DF8AE3002238DF8AF30D4
S31508027A207B881B0A8DF8B130ADF8AC807EE7B3EBE4
S31508027A30080318BF01235B0143F005038DF8AE3036
S31508027A4002238DF8AF300F238DF8B030E8E709F13D
S31508027A5001095FFA89F909F1FF35EDB2284610F0F6
S31508027A6007FCC007F3D5C2450CD008F101085FFA36
S31508027A7088F8ECE7129B4FF000084FF00109A3EBD8
S31508027A800A0AE8E78C4B29A918782844C0B2F3F702
S31508027A905BFD00283FF465AF2846FDF701F88046EE
S31508027AA0284610F0E5FBC10711D582070FD4122329
S31508027AB08DF8AE30814B1B780133DBB20F2B28BF12
S31508027AC00F238DF8B0307E4B33F81530A9E716230D
S31508027AD0EEE713F008047FF4EDAA0E9B2246009304
S31508027AE00120234677490194EDF709FEADF85E00B9
S31508027AF000283FF4C8A926462746A146DFF8D4A19E
S31508027B00714BF8B21B7883420ED832460221BDF871
S31508027B105E00EDF798FB22460421BDF85E00EDF7FC
S31508027B2092FBBDF85E303AE41DA9F9F7A9F9DAF82D
S31508027B300000DAF804109DF8742018AB03C318ABDA
S31508027B40002A47D00E99002949D1B9F1000F3FD131
S31508027B5093E803009DF8753085E803008DF8A43094
S31508027B60BDF87630032A8DF8A5304FEA13238DF82F
S31508027B70A63017BF032301238DF8A7309DF8783066
S31508027B80DDF87900DDF87D100CBF8DF8A7308DF889
S31508027B90B0302AAB03C310980CBF4FF00E084FF053
S31508027BA01508F7F763FE8346BDF85E000FF0E2FD9F
S31508027BB000EB08039B450FDB0123424629460DF1DC
S31508027BC05E00EDF7CBF900287FF45DA90134E4B233
S31508027BD00136F6B2013793E74FF00109F8E70E9B33
S31508027BE0013BDBB20E93F3E7B8F1000F12D0374B25
S31508027BF01B78033B012B7FF646A9F2F7B1FE18B9AB
S31508027C000D9B002B7FF43FA99DF88500F3F7E4FF4F
S31508027C10FFF739B9F2F7A4FE20B12C4B1B78033BC8
S31508027C20012B02D88023FFF77DB94346284A0D98CF
S31508027C301AA9FCF7BFFDE7E7F2F792FEA0427FF426
S31508027C4022A90DF18700F2F7D3FE00283FF41BA9FB
S31508027C50F2F786FE0446F2F783FE1E4B1E4ACDE96C
S31508027C6000032346FFF7F7BA2046FCF753FC002821
S31508027C703FF409A900900023184A0D981AA9FCF79F
S31508027C8099FDFFF700B90DF18503CDE900830020C0
S31508027C904B460D991AAAFCF7CBFAFFF7F4B80DF181
S31508027CA08503CDE9008301204B460D991AAAF2E70E
S31508027CB04C370020101C002064450020CB2D0020E4
S31508027CC0A23A0020E6A003081D4500202035002020
S31508027CD0E9A00308F71B0020E0A00308729B03082B
S31508027CE0DFF80881B8F8000080B90024CDE901441C
S31508027CF03A4B00942246012093F856303849EDF75C
S31508027D00FEFC0346ADF89C00FFF749BB0FF032FDB7
S31508027D10C0F3C706002EE8D00E9BB34241D2DFF865
S31508027D20BC90DFF8CCA00E9B0196F41AE4B2082C9C
S31508027D3028BF0824CDE90234B8F800300022FF3BF8
S31508027D4018BF01230093514699F856300120EDF7E2
S31508027D50D6FC4FEAC40BADF89C000BF10701284686
S31508027D60EDF7ABF9074600287FF48DA80E9BCDF8F0
S31508027D7000B00721B8F80020BDF89C00DB00EDF73B
S31508027D8085FA0E9B3A461C44E3B20E930D98BDF84B
S31508027D909C301AA9FCF70EFD0E9B9E42C3D8FFF72C
S31508027DA072B88F220F490120EDF7A9FCA9E7012332
S31508027DB018A91A461DA8EDF7D1F800287FF463A87A
S31508027DC00134E4B20137084BF8B21B7883423FF616
S31508027DD0FFAA002C3FF450A9FFF753B9E83A00204E
S31508027DE0E5A00308E9A0030894290020142D002021
S31508027DF0E4A003082DE9F0431E46534B8DB01B78C9
S31508027E000746033B012B0C4615469DF850800CD8B5
S31508027E104E4B1B88C3F30E033BB14D4B1B7803F045
S31508027E200F03022B08BF41F400544A4B1B7813B9BF
S31508027E3024F40074A4B2200509D546B9284602A935
S31508027E40F3F7AEFB00283BD024F40064A4B2ADF8E5
S31508027E501040ADF81250F2F783FD3F4BADF814000F
S31508027E601B78B8F1000F02D0434528BF43463B4A68
S31508027E708DF816301378210503F10103DBB244BFEE
S31508027E803068716813708DF8173006AB48BF03C3A4
S31508027E90E20405D51A4632490868496803C21346F8
S31508027EA00DF11008A3EB08035FFA83F9002148468F
S31508027EB00FF0D6FC064628B900200DB0BDE8F083BF
S31508027EC002AEC4E70FF072FC41464A460EF0D7FDF1
S31508027ED030460FF04FFC804630460FF067FC04230D
S31508027EE002465FFA88F14FF6FF7002F055F9ADF8CF
S31508027EF006000028E0D040F201131C421AD14FF6C0
S31508027F00F7739D4216D80FF035FC0DF106010446AB
S31508027F102846FEF73BFEBDF806000FF02BFCE4B23E
S31508027F20A04207D9BDF806000FF040FC437C43F097
S31508027F3004034374BDF806003A4601210FF068FCB3
S31508027F40BDF80600B9E700BF20350020A81F0020AB
S31508027F5017350020A21F00205D470020A01F002021
S31508027F60F71B00207FB514460091024641F209210B
S31508027F7041F609209DF820601D46002E18BF0146CD
S31508027F80099B0020FFF736FFADF80E0010B9002056
S31508027F9004B070BD01232A4621460DF10E00ECF706
S31508027FA0DDFF0028F3D1BDF80E00F1E72DE9F04315
S31508027FB00823002485B08DF80830064602230121DD
S31508027FC04FF6FC70CDE9004402AAFFF7CBFFADF8E5
S31508027FD00A00D8B12746DFF8A080DFF8A09099F802
S31508027FE00020E3B29A4224D8BDF80A402046FDF79B
S31508027FF0AEFF411C47F06002204689B2EDF723F92D
S315080280000022BDF80A001146F3F76CFCE3F766F89E
S31508028010184AC0F30B01137801F55A51013113B10D
S31508028020013B89081370304605B0BDE8F0430FF0EE
S3150802803081BC18F80E5C6F2D17D8404630F8123DF1
S315080280402D01ADF80C30F3F7C9F905F0700528448F
S315080280508DF80E000123032203A90DF10A00ECF79D
S315080280607DFF0028D2D10137FFB2013408F1120888
S31508028070B5E700BFC82D0020603700204C37002026
S31508028080FF232DE9F04F97B08046164605918DF8E5
S31508028090233012B301230DAAFDF75BFD9DF83E506E
S315080280A00446EF0624D50027059BBDF8389003F150
S315080280B008024146D2B20823009710A8CDE91077E4
S315080280C010F014FB3A46484610A9F9F7B9FC0028FD
S315080280D03ED1A90625D510220DE013460DAAFDF7B5
S315080280E038FD9DF83E500446A80634D5062202E01D
S315080280F0AA0616D5082200230599BDF83A700A443D
S31508028100CDE9103341460093D2B2082310A810F0E5
S31508028110EDFA384686F0010210A9F9F791FCB8B9CA
S31508028120CEB1BDF83870F2F71BFC874219D17CB183
S315080281304FF0010BB74BE279668803EBC20533F8B9
S315080281403220BDF83A309A421CD04FF6FF7323808C
S3150802815017B0BDE8F08FBDF83A70F2F701FC874216
S315080281603ED0384610F0F5FA8346002E3AD0002C57
S31508028170E0D1A94B1B78002BEAD00028E8D14FF6AC
S31508028180FF761EE0BDF83640BBF1000F05D02B790D
S315080281906C8003F03C032B71DAE7BDF8380010A9AE
S315080281A0FCF7B2FF2B799C4A03F03C032B716C80D7
S315080281B020B10379468003F03C0303711378002B40
S315080281C0C6D03346002240460599FDF7EBFE002845
S315080281D0BED03146404617B0BDE8F04FF5F788B92C
S315080281E04FF0010BBDF8369000214846F3F778F9AF
S315080281F0BDF8343003901846069310F0AAFA0646DC
S31508028200F2F7AEFB069B8342A2D0844B1B78033B54
S31508028210012B9DD915F04003049399D1039B0BB901
S31508028220002E95D005F01803039A9DF83D50082BA9
S315080282301544EDB28DF83D504ED0102B4DD0BBF102
S31508028240000F4BD1002C4ED15F4600224FF6FF702D
S315080282501146FCF7F0FF044600283FF479AF002FD9
S3150802826040F0228101230021BDF83A000DF12302D4
S315080282700793FDF70DF8824600283FF469AF079B7E
S315080282809EBB37460499BDF838000DF122020793C2
S31508028290FCF7FEFF064600283FF45AAF5E4A079BE4
S315080282A01278002A00F0BE801BBB6379AB4240F20B
S315080282B0CD80A4F802906571BAF1000F00F0E7804C
S315080282C09DF82330E2799A4200F0E180002F40F0CF
S315080282D0D780E37100253FE020230493002C40F069
S315080282E0E9800127B1E75B46BDE700273E46DBE7A3
S315080282F01646BBF1000F1ED1E2F7F0FE7E23B0FB55
S31508028300F3F202FB130005992A4605315FFA80FA51
S315080283104046ECF798FF4FF6FF714046FDF7C7F95E
S31508028320039B032B6ED9AAF17E0A022140465FFA05
S315080283308AF2F3F7D7FA069BA4F8029023809DF8EF
S315080283403C306571237100232372002F40F08B8025
S315080283509DF82330E3710125BBF1000F3FF4F8AE17
S3150802836009AF39464046FDF775FE00283FF4F0AEE0
S31508028370BDF83A40F2F7F4FA8442064640F08A809B
S3150802838000214846F3F7ACF812AAB442034697E826
S31508028390030082E8030040F085802149086849689D
S315080283A014AA03C2002B3FF4D3AE43F202020026FC
S315080283B08DF847300123ADF840209DF83C20CDE9E1
S315080283C000368DF84220BDF838208DF845408DF8E4
S315080283D04320120A8DF84420240A182331464846B7
S315080283E010AA8DF84640FFF7BDFD044600283FF463
S315080283F0AFAE4946FDF75BF9324620466900F3F708
S3150802840071FAA5E6039B012B94BF0AF1020A0AF147
S31508028410420A8AE780380020CE460020203500200E
S31508028420F71B0020002B86D163799D420ED2A4F851
S3150802843002906571BAF1000F7FF442AF002F3FF444
S3150802844049AF22E000260127B2462EE7049A002AFF
S315080284503FF47EAE9D427FF47BAEE2F73FFE830792
S315080284607FF476AE25E7FF23E371002E3FF473AF60
S3150802847001253379A6F8029023F0030333716BE7DB
S31508028480FF23E371002E3FF425AF0025F1E7002E06
S31508028490D4D11FE720460BA9FCF73CFB00287FF442
S315080284A06FAF55E60BA979E7002E7FF421AF0123BA
S315080284B0B246E7E6002EC5D133460127B246E1E6C3
S315080284C01FB5154B0C461B780121033B012B98BFA0
S315080284D0124B8DF8090098BF1A780D238DF80830CB
S315080284E0230A8DF80C3000238DF80D20CDE90013F0
S315080284F02046062302AA8DF80A108DF80B40FFF7CC
S3150802850031FD38B12146F4F7F3FF80F00100C0B21D
S3150802851004B010BD1920FBE720350020E43A0020FC
S3150802852008B5FEF75BF9FF280AD108BD0233DBB2AC
S3150802853000B202EB80008078FF28F7D11846F4E7EC
S315080285400223014AF4E700BFAC1F002038B583783E
S315080285500C460B700146054631F8043B0822637047
S315080285601B0AA370E01C0DF0C5FCEB780120E37230
S315080285702B7B04F10E0123736B7B63732A69E7F77E
S3150802858079FC01206A6904F11201E7F773FC2B8B67
S315080285900822A3751B0AE37505F11C0104F11800EC
S315080285A00DF0A8FCAB8C84F820301B0A84F8213025
S315080285B0EB8C84F822301B0A84F8233095F828308D
S315080285C084F8243095F8293084F8253095F82A302D
S315080285D084F8263095F82B3084F8273038BD43784E
S315080285E02F2B0FD0302B0CD1074B084A1288522A50
S315080285F00BBF1B78028903811A700023436001238B
S3150802860003707047024BF0E71549002058290020ED
S31508028610F739002070B50646144608461A46082158
S315080286201D46FCF739F8A0B92A4602213046FCF75E
S3150802863033F870B92278531EDBB2FD2B0AD8012013
S31508028640904020F0FF6020F4FF20003818BF012078
S31508028650400070BD19232370FBE7034B187808B94D
S31508028660024B1878704700BFF539002020350020E4
S3150802867070B5044620B91848FCF736F8002003E01E
S31508028680164B1B780BB1022070BD154D2B78002BAB
S31508028690F9D1114E336983B9124B022093F8772028
S315080286A0114B5A7103F00AF9631C0FD021460A4886
S315080286B00FF040F900232B70E0E73046EDF72CF86F
S315080286C0A042E0D23369002BEED1E5E70248EDF786
S315080286D0D3FD0123EFE700BFB0450020CA2D0020D5
S315080286E0113A0020101C002038490020002814BF27
S315080286F00120022003F0E2B82DE9FF411E4E0024B4
S315080287003378012B0CD11D4B347093F90000F2F724
S3150802871055F82046FBF7D7FF012004B0BDE8F081E3
S31508028720022B26D1164D0120FBF7CDFF08212888FA
S31508028730CDE90244ECF774FE0D2107462888ECF7CA
S31508028740E7FC082380460094224629880DEB03009D
S315080287500FF0CCFF094B2C8093F90000F2F72EF8A4
S3150802876001223846C8F3C01302A903F02BFD347060
S31508028770D2E72046D1E700BFF6390020103A00209A
S31508028780583A00207FB51023134A02A90120F1F7AF
S3150802879069FE9DF80B00F3F7F3FB1720EBF766FD6E
S315080287A000210DF10700F3F73DFE172805D1002039
S315080287B0F1F7F0FE07B05DF804FBFFF74EFF02285B
S315080287C008D9064BB3F868204FF6FF739A4201D1CF
S315080287D00320EDE70220EBE764EE0100101C0020FF
S315080287E001461022014805F00BBF00BF01E5010052
S315080287F073B500252C46094E3378E8B2834202D86F
S31508028800204602B070BDECF7D1FC6946ECF7E4FCF1
S3150802881008B10134E4B20135EEE700BF942900201D
S3150802882008B50FF005FF00F5FA50012838BF0120F8
S31508028830014B186008BD00BF503A002008B5FFF783
S315080288400CFF012806D0022806D0032814BF0220EE
S31508028850062008BD0420FCE70520FAE730B5002902
S315080288600CBF03240B2489B0EAB1124991F85720A8
S31508028870551C81F85750112142F080020C9DCDE912
S315080288800412CDE906354CF25E024FF48053CDE967
S3150802889002320B23002200930E21074B0194ECF7B8
S315080288A01DFF09B030BD054A1921127842F080022F
S315080288B0E4E700BFE83A0020EBA00308543A002098
S315080288C070B586B0154601F097FA0446E0B1F2F79C
S315080288D077F80646F2F744F8049400240C4B4CF653
S315080288E0214100932A464FF6FF73FF20CDE9024441
S315080288F0019601F09FFC014630B10122204606B0DE
S31508028900BDE87040F2F780B8192006B070BD00BF06
S31508028910F71B00201FB5102269460448E8F790FBAA
S315080289209DF80E0005B05DF804FB00BF01E50100E5
S315080289302DE9FF410E4615461C460746BDF8288016
S3150802894018B14FF6F77399421CD8B5F57F4F19D26D
S3150802895014B1B8F57F4F15D2102269460A48E8F7CE
S315080289606FFB6846ADF80470ADF80660ADF80850BE
S31508028970ADF80A40ADF80C80FFF732FF002004B0CC
S31508028980BDE8F0810120FAE701E501001FB51022D2
S3150802899069460448E8F754FBBDF8000005B05DF8DF
S315080289A004FB00BF01E5010070B5224B224C9985F4
S315080289B003880546A4F860308378164684F863303F
S315080289C0F1F714FF291D84F86200082204F1580001
S315080289D00DF090FA6B7B194D84F86830184BE366F4
S315080289E0032384F8643046B12B78190702D016207F
S315080289F0F1F7D0FD4FF4FA610EE0FFF7C7FFC207A1
S31508028A0005D404224FF6FD713046F4F7AFFF2B78F2
S31508028A101B070BD14FF4FA7103220A4B84F87060D4
S31508028A201A700948BDE870400EF084BF1620F1F7A7
S31508028A30B1FDEFE738490020E83A00201735002053
S31508028A4000F8FF07F63900209045002000B5124AC3
S31508028A500B4611788DB011B9104A10809370002018
S31508028A600E4A03F079FB0E4B002219880B48FFF7D2
S31508028A709BFF0120F1F78EFDBB230DF10601074886
S31508028A80ADF80430FFF762FD01A82A2104F022FBA3
S31508028A9001200DB05DF804FB8C3A0020603A0020F4
S31508028AA08E3A00201FB50446102269460448E8F7A4
S31508028AB0C7FA68460094FFF793FE04B010BD00BFDC
S31508028AC001E5010008B5FFF761FF20F4987080B24E
S31508028AD040F00100FFF7E6FF0022014B1A7008BDBD
S31508028AE0F639002010B590B00446282206A90E4889
S31508028AF0E8F7A6FA002323609DF81C3001A8237123
S31508028B00E7F770F9052301A8E1188DF80430E8F7AC
S31508028B10C5FB062304F1150101A88DF80430E8F710
S31508028B20BDFB10B010BD00BF02E5010030B5414CD7
S31508028B3041488BB0EDF7A0FB2378032B5CD1FFF7F6
S31508028B408CFD02289CBF062323703C4B93F8705079
S31508028B50002D3ED03A4B186810F002000EBF41F6BF
S31508028B60043141F606310020F6F7A2FF0025354BFF
S31508028B701D70354B998DFFF770FD344B024628461A
S31508028B80F3F732FE002844D1314DFFF7FFFE2B786A
S31508028B90002B0CBF4FF0FF336FF48073184020F0A0
S31508028BA0010080B2FFF77EFF01232B70FFF755FD08
S31508028BB0022806D94FF4FA611F480EF0BBFE0723B6
S31508028BC02370244B1B7893BB0BB0BDE8304002F0F0
S31508028BD0F0BDF3F717FF294601221F48F7F7E4FC11
S31508028BE06846FFF77FFF2A4641F6063140200DF117
S31508028BF01503F6F70FFFB9E7072B07D10023FF2264
S31508028C00194601202370F3F7B1FADAE7043B012B80
S31508028C10D7D8124B1B782BB10120FFF767FD00222C
S31508028C200E4B1A7000232370FFF7ACFDC9E70BB091
S31508028C3030BD00BFF639002090450020E83A0020F2
S31508028C40E83400201735002038490020403B002030
S31508028C508E450020401D0020903A0020F839002059
S31508028C6010B58AB004466846FFF73CFF01239DF813
S31508028C700420934003EA0400C30B0ED10E235A1CA8
S31508028C8001D1FF2007E020FA03F1C90703F1FF32F9
S31508028C9005D558B2C0B20AB010BD0F20FAE713467E
S31508028CA0EDE72DE9F04306468FB008890D461746CB
S31508028CB09846FFF7D5FFFF2855D00F2809AC01D0F3
S31508028CC0042834D12A686B6812BA1BBA2046CDE941
S31508028CD00522CDE90733E7F785F8052305AD2046D2
S31508028CE08DF82430E9F7BAF92A462946012004F014
S31508028CF018FA95E80F000DF1040C8CE80F002046CF
S31508028D00E7F770F809238DF82430184B01A9204695
S31508028D100D93E8F7FDFF2046E9F7A0F930464246EB
S31508028D20394604F0FEF900200FB0BDE8F0830028AA
S31508028D30E5D1A6462B686A680D4D93FA83FC12BAEA
S31508028D4005F11009734628686968083503C34D4555
S31508028D509E46F7D1CDF828C00C9201AD94E80F00D3
S31508028D6085E80F00CBE72120DEE700BF0044400478
S31508028D700CA10308002310B590B0069303792822A4
S31508028D80044606A90D488DF81C3005F039FC01A8E1
S31508028D90E7F728F80A4B01A805930523E1188DF889
S31508028DA00430E8F7B5FF062304F1150101A88DF88A
S31508028DB00430E8F7ADFF10B010BD00BF02E50100B0
S31508028DC00044400400B50D4B0022B3F85E3089B06A
S31508028DD0ADF81C304FF6FF73CDE90322CDE9012227
S31508028DE007AA00924FF400610DF11E020720ADF8A2
S31508028DF01E3001F01FFA09B05DF804FB101C0020B2
S31508028E000B8810B50C461BB9FFF7DCFF208008B1AA
S31508028E10012010BD0220FCE72DE9F0411746C6B035
S31508028E20044688461B4AC11902A8F6F7A5FB3D184F
S31508028E30EDB206AB2246CDE9008301212B4602A8F4
S31508028E4001F09AFAA8EB050605F58C73F6B26B449F
S31508028E503344A3F580731B68324644F80830E35D51
S31508028E6006A823F00703E3552C4421460DF007FE16
S31508028E7006ABCDE9006306AA0023012102A801F088
S31508028E807BFA3246204606A90DF0F9FD46B0BDE842
S31508028E90F08100BFF71B0020264B70B55C880023C3
S31508028EA086B08DF80830244B0DF10B001B7804F0C0
S31508028EB0010643F020038DF80930F3F777F86FF0CF
S31508028EC07F43ADF813308DF81530F3F7EFFB1B4AE5
S31508028ED01B4B11781B4A1B781278DB00DBB29142D6
S31508028EE004F010058DF816002CBF43F0040343F076
S31508028EF084032EB1A10619D425B143F0020301E079
S31508028F00A207F9D4002108468DF80A300EF0A8FC0B
S31508028F10ADF8060030B101230F2202A90DF10600B1
S31508028F20ECF71CF8BDF8060006B070BD43F0010365
S31508028F30E2E700BF5A450020B42900208536002002
S31508028F40CB2D0020634500202DE9F0410F4650B194
S31508028F504FF00208134D28880FF01AFC044638B958
S31508028F602046BDE8F081104D4FF008082888F3E73F
S31508028F7020460EF01BFCC37A064623B121462888F2
S31508028F800FF00BFCEAE72046FCF797FB4246014640
S31508028F9038460DF064FD0028F0D1B378002BEDD1E8
S31508028FA0DEE700BF5A1D0020581D0020FF28F8B52D
S31508028FB004462CD0164B1B78834203D880211548C9
S31508028FC00DF054FE4FF6FF75134A32F8341002EBD1
S31508028FD0C4000379A94203F0030318D0012B16D162
S31508028FE000220E4B1F780E4BD6B2B74203D8BDE805
S31508028FF0F840FCF7BDB81E88AE4205D093F807C004
S31508029000A44504D0B14202D00A330132ECE7F8BDD6
S3150802901066450020A2A003088038002034470020B5
S31508029020D02A002070B51A4C0646B4F8A03023B9E7
S3150802903040F2453117480DF019FED4F8A45035B15F
S315080290403146002094F8A330B4F8A020A84700239C
S315080290504822A4F8A030C4F8A43094F8A83002FB39
S315080290600343D3F898309D4211D023789A0705D442
S31508029070094A0A4912788A5CFF2A08D023F00203B1
S3150802908043F001032370BDE8704001F007BB70BDD1
S31508029090101C00204F9F0308E72900203D1D0020D1
S315080290A02DE9F04FDFF8D08185B098F8A83023B1C2
S315080290B0002388F8A83002F07CFB98F85A30B8F8F2
S315080290C0A0708DF80F3027B940F2FD215E480DF0E9
S315080290D0CDFD38460EF04EFBA0F110093846FCF7D6
S315080290E057FA0428594E5FFA89F97DD13846FCF7B2
S315080290F0CBFA48F661054FF6FF7248F641039042ED
S3150802910008BF1D46B8F85C303846B380FCF7BCFA8F
S31508029110B8F85E30F080338106F10A043846FCF767
S3150802912048FA83463846FCF7C8FAABF50063824626
S31508029130014658425841FFF707FF80B9BBF5006F51
S315080291400FD1BAF800000FF03BF8FF2809D0404BC0
S3150802915000B21B6833F8103003F4E2630BB145F032
S315080291601005757038462D0AB5700EF01FFB4A4673
S3150802917000F1100120460DF082FC012138460EF05E
S3150802918033FB4C44814660B10EF0F4FA0546484674
S315080291900EF00CFBEDB201462A4620460DF06FFC96
S315080291A02C442C4AA41B137801343470D8F87C401A
S315080291B0591C1170F370DCB10922012123480FF002
S315080291C04AFA0DF10F030193002302461F49384656
S315080291D00093A0470446307860B9FFF723FF01F0F1
S315080291E05DFA05B0BDE8F08F344634F8015F95E7BD
S315080291F00124F0E7184D04F001042B7823B140F25C
S31508029200C53116480DF032FD154B1E60154E9CB140
S31508029210154B997801B1012120200EF00DFA03238E
S315080292203370124B1C78124B00211C700423114810
S315080292302B700EF07FFBD4E7214620200EF0FCF9B6
S3150802924003233370EFE700BF4F9F0308BC1C0020BF
S31508029250402B00203C1D0020401D00209289030857
S3150802926080290020842900204C1D0020BC290020CA
S31508029270AC2900208C460020101C00202DE9F74F4F
S3150802928081460C4616460EF075FA824648460EF098
S3150802929071FA112803D8002003B0BDE8F08F4846BA
S315080292A00EF084FA092230F8107F00210FF0D3F964
S315080292B0002580461E22002120460CF013FEBB051F
S315080292C03570E8D54FF0010B08F110085FFA8AFAF3
S315080292D05FFA88F8063437784744FFB2791C514555
S315080292E001DB0220D8E74846EBF712FF3946019020
S315080292F04846EBF70DFF019B317800EB032083B25A
S3150802930000B200286FEA000CACBF0020012001F170
S315080293100201ACBF03F07F02DAB2C9B2ACBFDB0905
S31508029320C3F3C32331704FEADC7C04F8022C24F819
S31508029330063C04F8040C7DB1DC45D2D1D1198A4524
S31508029340CFDB04F8037CBBF1000F07D07E2B07D0D6
S315080293507F2B07D101209FE7E346EFE70F2BF8E7BC
S315080293604FF0000B33780135EDB21A44052D3270F1
S3150802937004F10604AFD1B4E773B59DF818400D465B
S315080293800194012400941E46FDF796FA4FF6FF71E2
S315080293908842044610D0B30711D42846F1F7AAFF2B
S315080293A020460EF00DFFFF281FBF084A32F810307C
S315080293B023F4804322F81030204602B070BD2946B5
S315080293C0F1F7BEFFF2F748F8EAE700BFA434002037
S315080293D0038810B503F4E042B2F5005F21F47E1467
S315080293E00CD1C3F30222042A08D181F0AA6282F4BC
S315080293F0807232F47E120DD000210DE042F2040290
S315080294009342F9D1134B9C420CBF6FF086006FF062
S31508029410850010BDC1F305410E4A944214D1B3F535
S31508029420105F14D1438823F04002802A02D0B3F594
S31508029430807F0CD10B1F0C2B09D811F0010F0CBF22
S3150802944000206FF08600E4E76FF08500E1E76FF031
S315080294508600DEE7000140054FF06043D3F8802E10
S31508029460D20711D50949D1F8FC2042F08072C1F819
S31508029470FC20D3F8002E42F48072C3F8002E1A6A32
S31508029480002AF0D083F82000704700BF00ED00E004
S315080294902DE9F04393B004468946FCF754FE0DF1D4
S315080294A00E0201462046FCF70DFD2D4D002850D12F
S315080294B04FF0010804A885F80080FBF74DFABDF8BD
S315080294C00E000EF057F9C4B2BDF80E000EF06EF992
S315080294D045232449ADF824300B88BDF810608DF871
S315080294E027301B0A8DF828304B8807468DF8293015
S315080294F01B0A8DF82A300B7904A88DF82B304B7984
S315080295008DF826908DF82C30CB888DF82D301B0AD5
S315080295108DF82E300B898DF82F301B0A8DF83030D6
S315080295208B7A0DF132018DF83130EAF75FFE30465B
S315080295308DF84440FEF7F4FF0DF10D038DF80D008A
S3150802954000933A4623462121CDF8048009A8EBF771
S315080295503FFC0023044A2B70136013B0BDE8F08366
S31508029560A234002096340020A83100202DE9FF41BC
S315080295701E4607230D4601218DF80C309DF828302A
S315080295808DF80D20120A8DF80E208DF80F300190F5
S3150802959004232846009103AA9DF82C809DF8307072
S315080295A0FEF7E0FC044670B12946FCF780F816B9C6
S315080295B02046F2F7E3FAB8F1000F05D047B9394663
S315080295C02046FCF7A1F80024204604B0BDE8F08145
S315080295D0002220461146F2F785F9F4E72DE9F04F05
S315080295E0AFB01E46DDE93B958046CDE900123D9FA8
S315080295F0B0B1038803F4E042B2F5005F13D1C3F3B6
S315080296000223042B0FD186F0AA6383F4807333F402
S315080296107E1308D1C6F30544AC4201D8102C03D9EF
S315080296206FF0860A65E000242D1B09EB050B22461E
S31508029630594618A80DF023FA009B002BF0D0399B47
S3150802964013B93A9B002BEBD131464046FFF7C0FED1
S31508029650824600284DD10146282224A80CF042FC55
S31508029660202251461CA80CF03DFC24A80EF0C1FF8E
S31508029670002842D1DDE9001240461CABE0F71AFE8B
S315080296808246002835D13E9A954200F2AD80B94508
S3150802969007D2BB4505D949462A4638460CF02AFC64
S315080296A0B946544A26F47E16964240F0A0803A9B62
S315080296B013B1399B002BB3D0B5F5803FB0D214F065
S315080296C03D0FADD014F00102AAD14B497819884250
S315080296D0A6D84A491CA8CDE9241215A926922C9285
S315080296E0E0F744FB60B121289AD02C2805D16FF007
S315080296F0940A50462FB0BDE8F08F6FF0920AF8E749
S31508029700159924A80EF07CFF44F4502124A80EF0E3
S3150802971077FF3A9924A80EF073FF294624A80EF07B
S315080297206FFF03A91CA8E0F7FAFB0028DBD103A9FF
S3150802973024A8E0F731FC06A91CA8E0F707FC0646B0
S3150802974020B121283FF46CAF2C28CFE74FF001084F
S3150802975006A924A8E0F720FC399BCDF8249045F009
S315080297600059CDF82880CDF82C900C933A9BCDF869
S31508029770348043F000520E92389A0FA90F92204A6B
S3150802978024A8CDF840801192E0F706FC0CA924A87B
S31508029790E0F702FC09A924A8E0F7FEFB12A924A80F
S315080297A0129744F00054CDF84C80CDF850900EF044
S315080297B030FF18AA15A924A81592CDF8588017942F
S315080297C0E0F7EAFB24A80DF0F7F9044610B93F9A28
S315080297D015608EE72A46314638460CF083FB212C63
S315080297E03FF41EAF2C2C81E76FF0890A81E76FF0F0
S315080297F0880A7EE7000140050000082000000604EA
S315080298000D0000202DE9F04FABB01E46DDE937A466
S31508029810DDE93973A34281468B46019205D86FF07A
S31508029820890840462BB0BDE8F08F002900F0EB808E
S31508029830002800F0E880359B1BB9369B002B40F0C8
S31508029840E280B9F8003003F4E042B2F5005F24D1B1
S31508029850C3F30223042B20D186F0AA6383F4807310
S3150802986033F47E1319D1C6F3054531464846FFF748
S31508029870AFFD80460028D4D10146282220A80CF044
S3150802988031FB2022414618A80CF02CFB20A80EF02A
S31508029890B0FE20B16FF09208C3E70025E5E7594606
S315080298A04846019A18ABE0F705FD80460028B8D16C
S315080298B03A9B1A1BAA42B2D3574509D90AEB0402A4
S315080298C0974205D25146224638460CF013FBBA4651
S315080298D04E4A26F47E16964240F09280369B1BB17B
S315080298E0359B002B00F08980B4F5803F80F0858097
S315080298F0022D00F08280102D7FD815F001027CD14E
S3150802990043493E198E4278D8424918A8CDE9201211
S3150802991015A922922892E0F729FA38B121286CD0A3
S315080299206FF0920800223B9B1A607AE7159920A8E5
S315080299300EF066FE45F4502120A80EF061FE369917
S3150802994020A80EF05DFE214620A80EF059FE03A9B6
S3150802995018A8E0F7E4FA0028E0D103A920A8E0F75E
S315080299601BFB06A918A8E0F7F1FA0028D6D14FF092
S31508029970010906A920A8E0F70FFB359BCDF824A01C
S3150802998044F0005ACDF82890CDF82CA00C93369BBB
S31508029990CDF8349043F000520E92349A0FA90F92E2
S315080299A01D4A20A8CDF840901192E0F7F5FA0CA9C5
S315080299B020A8E0F7F1FA09A920A8E0F7EDFA45F0A0
S315080299C0005212A920A81297CDF84C90CDF850A0B3
S315080299D01596CDF8589017920EF01BFE15A920A8D9
S315080299E00EF017FE20A80DF0E7F8212805D000286A
S315080299F096D13B9B2C441C6013E76FF0860891E7CF
S31508029A006FF088088EE76FF086080AE700014005BE
S31508029A1000000820000005040D000020F0B58DB0F6
S31508029A2004460D461E46129F002B3FD0002F3DD0FE
S31508029A301F49204B002A08BF0B460360002309A9C9
S31508029A40C0E9013303622846E0F790F960BB204675
S31508029A5009990EF0D5FD102120460EF0D1FD694672
S31508029A602846E0F75CFAF8B969462046E0F794FA20
S31508029A70284603A9E0F76AFAB0B9204603A9E0F72F
S31508029A808BFA069601260C4D204606A907960895D6
S31508029A90E0F782FA204609A909970A960B950EF06D
S31508029AA0B8FD20460DF088F80DB0F0BD2120FBE781
S31508029AB00001000400010104100000202DE9F04312
S31508029AC095B00446DDE91C6891461D460F4629B93C
S31508029AD06FF08604204615B0BDE8F083002AF7D059
S31508029AE0002BF5D0002EF3D00388B3F5105F43D1CF
S31508029AF0282200210DEB02000CF0F4F920220021A5
S31508029B0002A80CF0EFF90AA80EF073FD88BB2046EE
S31508029B104A46394602ABE0F7CDFB04460028D9D1BE
S31508029B20029B23F00802102A01D0202BD0D1B5427D
S31508029B3009D205F110039E4205D229461022304663
S31508029B400CF0D8F935462B460122009602A90AA836
S31508029B50FFF764FF10220546C8F800200028B9D08E
S31508029B60002130460CF0BEF90023012DC8F800305A
S31508029B7005D06FF09204ADE76FF08504AAE76FF09F
S31508029B808B04A7E72DE9F04794B00446DDE91D6585
S31508029B90DDE91F789246894629B96FF08604204680
S31508029BA014B0BDE8F087002AF7D0002EF5D00DB91B
S31508029BB0002FF2D12388B3F5105F4DD12822002158
S31508029BC00DEB02000CF08EF92022002102A80CF0FF
S31508029BD089F90AA80EF00DFD00283AD12046524608
S31508029BE0494602ABE0F766FB04460028D7D1029B3A
S31508029BF023F00802102A01D0202BCED1AE4221D260
S31508029C0006F110039D421DD20F2FC6D931461022E6
S31508029C1028460CF06FF92E4633460022009502A913
S31508029C200AA8FFF7FBFE064678B13A4600212846FF
S31508029C300CF058F90023012EC8F8003009D16FF04C
S31508029C408B04ACE70F2FE7D8A7E71023C8F8003034
S31508029C50A5E76FF09204A2E76FF085049FE7F8B5CF
S31508029C6004464518073549420D40A5F1080630460F
S31508029C70E1F747FEA088331B618800EBE30080B258
S31508029C80A1EBE30125F8040C25F8061CA188DA10D5
S31508029C90D1B1A4EBC1014F88C880D0194880E188A8
S31508029CA0C9B18A1A92B204EBC10125F8022C8A803C
S31508029CB0A2889AB910498A681344CA688B60934283
S31508029CC000D9CB603046F8BD15F8081C41F00201F0
S31508029CD005F8081CE3E725F8021CE9E7A4EBC20429
S31508029CE02278D207EED5044A91680B44D16893606C
S31508029CF08B4288BFD360E5E7BC1400202DE9F74301
S31508029D000446E0070F46154604D540F2E3113848E3
S31508029D100CF0ACFFE90704D54FF4F27134480CF0A5
S31508029D20A5FF04F47043B3F5805F3FD1C4F30B0477
S31508029D30304A04F17E646B1E2344934204D940F2EE
S31508029D40FD112B480CF092FF2646DFF8A49006EB8D
S31508029D50050846453FD1A2070ED04FF6FF7337F8DE
S31508029D60022BA01E43EA024304220DEB02010193D1
S31508029D70E4F77AFB0234023DAB070ED0023D25F02A
S31508029D800103FB5A04226FEA03436FEA13430DEBFE
S31508029D90020128190193E4F767FB35B32A463946C7
S31508029DA0204603B0BDE8F043E4F75EBB04F4604323
S31508029DB0B3F5005F06D1C4F30B0404F1036404F59A
S31508029DC0F034C1E740F2052109480CF04FFF6FF065
S31508029DD00F060024B9E716F8013BFF2BB9D04FF45A
S31508029DE0047148460CF042FFB3E703B0BDE8F083BE
S31508029DF0899A0308FF03E00F70B50E46054600214F
S31508029E0030460DF02DFD044635B128B10DF0CEFCD5
S31508029E10324629460CF06EF8204670BD0FB413B5CB
S31508029E20002108460DF01CFD04460DF0BFFC0CB1DE
S31508029E3005AB0193204602B0BDE8104004B0704756
S31508029E40034B1A781AB1FF2A04BF00221A70704708
S31508029E503D1D00202DE9F0471E466A4B98B01B6847
S31508029E60154604460F469DF880A003F00809F0F748
S31508029E7077FDA8423CD1BAF1000F14D06EB9ADF8FD
S31508029E800A6025460424224639462846FBF748FB3B
S31508029E9000F0010018B0BDE8F0870023ADF80A30DB
S31508029EA02546062432E020460EF08AF9FF280CD011
S31508029EB0554B1B784BB1554B1B78834205D9544BEE
S31508029EC0544A1B78034442F823A0534B46B1002256
S31508029ED01B88ADF80A20002BE2D02546062438E076
S31508029EE01B88ADF80A60002BCBD02546042430E047
S31508029EF016B3B9F1000F59D00023ADF80A30BAF1FA
S31508029F00000F7DD1444B0B241B8813BBB9F1000FFC
S31508029F10B9D004F00402394642F011022846FBF78A
S31508029F20FFFA2246064639462846FBF7F9FA00287A
S31508029F3014BF30460020ABE7B9F1000F53D0ADF895
S31508029F400A60BAF1000F59D1334B01241B88002B42
S31508029F5099D038460DF10A020EA9F5F761FA0028DA
S31508029F603DD12E4A03AB106851680DF1280803C388
S31508029F7009A8E5F737FFDDE90301032388E80300AB
S31508029F808DF824309DF8313005A943F0020309A85B
S31508029F908DF83130E7F782F908BB434638687968A5
S31508029FA003C305A909A8E7F7B3FE18E00B24284658
S31508029FB00EA9F1F7F5FA8046E0B9034602460146CC
S31508029FC000900EA8F5F794FD78B1ADF80A80BAF1BB
S31508029FD0000F7FF458AF104B1B88002BB9D1002E07
S31508029FE03FF451AF92E70124E1E744F00204ADF8E9
S31508029FF00A00ECE70023ADF80A30E8E7012442E755
S3150802A0000B2486E7E83400206845002060470020D4
S3150802A0106445002088360020CA390020969B03082A
S3150802A02013B50E4B04461B78033B012B12D90C4B76
S3150802A0301978012910D08B1E59425941490100202D
S3150802A0400DF10702FBF724F920B10379448003F0E6
S3150802A0503C03037102B010BD1021F0E72035002041
S3150802A060D24600207FB54FF400324FF0A073CDE9F7
S3150802A07003230023054A1846CDE9003303A9ADF8A0
S3150802A0801430FAF797FB07B05DF804FB1CA1030826
S3150802A0907FB505460E461446F0F762FCA84207D17C
S3150802A0A000222146304604B0BDE87040F8F77CB974
S3150802A0B00323ADF80E608DF80C30002601232846DE
S3150802A0C0CDE900363146042303AA8DF80D40FDF783
S3150802A0D049FF054668B10D2C05D132464FF6FF7188
S3150802A0E028200CF0A9FF284604B0BDE87040F3F713
S3150802A0F009BF04B070BD2DE9F0410D4616461F464C
S3150802A10004468AB050B908460DF114080EF058F8FC
S3150802A1104146FAF723FE172818BF44462846FAF797
S3150802A12053FD002380F00100C0B2CDE9017000930F
S3150802A1303246012329462046FFF718FA0AB0BDE837
S3150802A140F0812DE9FF47054600264FF6FE7A104FA5
S3150802A150DFF840904FEA10283B78F4B2A34204D8BD
S3150802A160FF24204604B0BDE8F08739F81430534579
S3150802A1700CD169462046F6F783FE9DF80520EBB218
S3150802A1809A4203D19DF806304345EAD00136E3E701
S3150802A1901D4500204C3400202DE9F84388468146A7
S3150802A1A0002108F1100017461E460DF059FB044619
S3150802A1B0D8B10DF0FBFA054620460DF0DBFA002170
S3150802A1C0024628460BF08EFE00232046AB700DF0A1
S3150802A1D0EDFA46F004060680A5F804902FB1424629
S3150802A1E0394605F110000CF04AFC2046BDE8F88312
S3150802A1F0F8B505460F46102000210DF031FB04463E
S3150802A200B0B10DF0D3FA064620460DF0B3FA002196
S3150802A210024630460BF066FE00232046B3700DF068
S3150802A220C5FA078025B12A46012120460DF0F0FA23
S3150802A2302046F8BD2DE9F04F4FF0000985B00746D4
S3150802A2400C467E2049461E46BDF83C809DF844A031
S3150802A2500192ADF80E900DF003FB0546002800F0BA
S3150802A26088800DF0A3FA49467E220BF03BFE28466B
S3150802A2700DF09CFA834628460DF098FAFF2F0CBF7C
S3150802A280A14644F003094FEA192314F4406280F800
S3150802A2900090437041D10826C31C184632460199DC
S3150802A2A00BF028FE034604F44044334494B119F0F3
S3150802A2B0400F07D11A4602F8028B4FEA182883F88C
S3150802A2C001801346B4F5004F33D0A4F540425442F8
S3150802A2D05441E400184622460E990BF00BFE03463B
S3150802A2E02044A0EB0B06FF2FF6B224D05246109953
S3150802A2F01F5501300CF0C3FB711C5AFA81F128462E
S3150802A300EAF714FD0C210020FFF772FFADF80E00E4
S3150802A310C0B9002005B0BDE8F08FB2F5006FC6706F
S3150802A3204FEA1626067100F1050314BF082602260F
S3150802A330B3E70224CEE706EB0A012846EAF7F6FC5B
S3150802A3400821E0E728460DF031FA044628460DF0C2
S3150802A35011FA0123024621460DF10E00EAF7FEFD27
S3150802A3600028D6D10121BDF84820BDF80E000DF00F
S3150802A3704FFABDF80E00CDE72DE9F04F1E4690467E
S3150802A3808B468DB09DF85830179C0993774B0890E9
S3150802A390324620464146D3F800900BF0ABFD099BA6
S3150802A3A008EB060A9D1B2F1D3444BBF1000F73D020
S3150802A3B000236F480A93E5F7BCFD08B1953062E0C1
S3150802A3C04FF4807248466A4B0BA9E5F7E9FF002865
S3150802A3D0F4D1DDF82C90D9F80430D9E908124FEAFD
S3150802A3E0132BBBF1010F23D0624B9B4520D0BBF147
S3150802A3F0000F3BD10AABCDE90673089BCDE904549D
S3150802A40000934846CDE9026A594BCDF80480FFF716
S3150802A410F9F910F1860F05461AD10B9D27B13A466E
S3150802A420594620460BF05EFD2846E5F7A5FF1BE0D8
S3150802A4300AABCDE90673089BCDE904540093484656
S3150802A440CDE9026A4A4BCDF80480FFF7DBF90546E7
S3150802A450DDF82C8095B94046E5F78EFF099B0A9AE6
S3150802A46004339B1B93427CD021207BE027B13A46DA
S3150802A470014620460BF036FD4846D6E737B9404630
S3150802A480E5F77AFF9535EFD12C206BE03A460021A5
S3150802A49020460BF027FDF2E73548CDF828B0E5F758
S3150802A4A048FD00288AD14FF400724846304B0BA962
S3150802A4B0E5F776FF002881D1DDF82C90D9F804302B
S3150802A4C0D9E908124FEA132BBBF1010F21D0294B08
S3150802A4D09B451ED0BBF1000F33D10AABCDE906531B
S3150802A4E0089BCDE9026A00934846CDE90474204BDD
S3150802A4F0CDF80480FFF772F810F1860F064618D1D8
S3150802A5000B9E25B12A46594620460BF0EBFC3046EF
S3150802A5108BE70AABCDE90653089BCDE9026A00939D
S3150802A5204846CDE90474124BCDF80480FFF756F875
S3150802A53006460B9F4EB93846E5F71EFF0A9B9D4213
S3150802A54091E7002D98D02A4692E725B93846E5F7CD
S3150802A55013FF953697E72A46002120460BF0C2FCE0
S3150802A560F4E700200DB0BDE8F08F00BF6C3900207B
S3150802A57000014405020080002DE9F04F0E46C9B0DD
S3150802A5800121054617461C460DF02EF923463A4682
S3150802A5902946814604A8F5F711F80DF1200A07EBBA
S3150802A5A0000B5246314628465FFA8BFBF5F731F81F
S3150802A5B0B34503D2002049B0BDE8F08FABEB0608DD
S3150802A5C05FFA88F808F104039842F3DB331F18444C
S3150802A5D0C4B2A31BDBB20093524643460021CDF810
S3150802A5E004A004A8FFF7C8FE0028E3D1A4EB0B04D5
S3150802A5F00AEB0803E4B25246284631460093019410
S3150802A6004346F5F734F839462846EAF781FD3946CE
S3150802A61000F0F8022846EAF716FE012128460DF050
S3150802A620E3F8002818BF4D462846ADF80E500DF03F
S3150802A630A1F8011FC9B20DF10E00EAF73EFD01208D
S3150802A640B9E72DE9F047DDF8209004460D4617468E
S3150802A6501E469DF824800DF029FE88B90A4B0B4A3E
S3150802A6601F600B4B21461A600A4B2A46C3F8009014
S3150802A67001203346CDF82080BDE8F047FBF7B9BA8A
S3150802A6804D20BDE8F08700BF38490020B19E010879
S3150802A690E83A00204C2D00200068704702480169FC
S3150802A6A009B90DF047B9704700470020084910B5A7
S3150802A6B091F850404CB9FFF7C3FB0B7843F00203FD
S3150802A6C00B70FFF7EBFF204610BD0120FCE700BF29
S3150802A6D0101C00202DE9F0411F46AC231D4E88466A
S3150802A6E003FB0063996C054691BB93F8501039B188
S3150802A6F0022A2DD193F84440072C07D91C2025E0BD
S3150802A70093F84440072CF9D8012A08D0AC2000FB5C
S3150802A7100560E200011D0C300BF0ECFB0024AC23B3
S3150802A72003FB05F200259DF8183002EBC4043444F5
S3150802A730E371B31893F84420A4F804800132A57192
S3150802A740A76083F84420FFF7A9FF2846BDE8F081F1
S3150802A7500120FBE7101C0020002A37B50C4614BF5F
S3150802A760082188211D46FFF743FD014638B100201E
S3150802A7702B4622460090FFF7ADFF03B030BD0120FD
S3150802A780FBE708B5044B014618680CF072F8B0FAF4
S3150802A79080F0400908BD00BF441D002038B5104DA1
S3150802A7A004462B78012B04D940F246510D480CF089
S3150802A7B05DFA2046FFF7E5FF78B10B4B1C702B7844
S3150802A7C043B9E9F7DFFF094B002118680CF0BAF81C
S3150802A7D0002038BDE9F7A4FFF5E72120F9E700BF15
S3150802A7E0401D00209289030860460020441D00206F
S3150802A7F008B5054B00EB8000410018680BF0BBFB5F
S3150802A800002818BF212008BD441D002008B5064BA4
S3150802A8101B7823B140F2255104480CF027FAE9F7D0
S3150802A820B1FF002008BD00BF401D00209289030821
S3150802A8304821094B93F8A82001FB023292F87700C7
S3150802A840022806D093F850301BB9032818BF0120F6
S3150802A85070470020704700BF101C00202DE9F04FFA
S3150802A8608FB0064602A88846E5F7BCFA04238DF897
S3150802A87008309DF815302A4A43F001038DF8153041
S3150802A8806B461068516803C376B308226946304698
S3150802A8900CF0E5F8B0FA80F464094FF00009DFF825
S3150802A8A084B01922FF215FFA89F707A80BF01AFB71
S3150802A8B0384607A9E6F720FC9DF83450FF2D03D148
S3150802A8C08E2158460CF0D2F984B1082107A8F5F76B
S3150802A8D085F828B109F10109B9F1140FE1D1FF2769
S3150802A8E038460FB0BDE8F08F0124D6E702A88DF8E6
S3150802A8F00970E7F73FFD08228246314607A80CF0A1
S3150802A900AEF85AEA000AE5D1EB07E3D5B8F1000F2B
S3150802A91003D115F0800FDDD1E2E738EA0505FAE73B
S3150802A92098A103081FA1030873B504460E461546E7
S3150802A930002A3CD04BF2346183B28B421ED14FF0CF
S3150802A940FF3369462648CDE90033FFF7EDFF0822B3
S3150802A9500446244968460CF082F830B92A46694604
S3150802A96041F2F010FFF7E0FF044624B92A46694689
S3150802A97030460CF084F8204602B070BD41F2F01160
S3150802A9808B420CD1184B082A996CDB6C0FD8CDE98F
S3150802A9900013694630460CF072F80024EBE7E3F739
S3150802A9A0A5FD02280BD1C4F30C439D4201D92124EB
S3150802A9B0E1E7C4F30B012A4601F17E61EAE70328BF
S3150802A9C00BD1C4F30C439D42F1D8C4F30B0404F132
S3150802A9D003612A4601F5F031DCE70124CBE700BF23
S3150802A9E0021008C0A0A103080080E00F0023F7B5F3
S3150802A9F00679136004460F46436926B1FF2E12D123
S3150802AA006FF0860532E0002BFAD1836823F47F4380
S3150802AA1023F00303002BF3D14FF6F87342889A42C8
S3150802AA2027D801A810E06FF04042013B9342E7D2D3
S3150802AA30806820F47F4020F003000028E0D14FF61A
S3150802AA40F87362889A4214D83946E5F739FB0546FF
S3150802AA5060B90FCCD7F800C067460FC794E8030061
S3150802AA6087E8030016B9019BCCF81430284603B0D0
S3150802AA70F0BD6FF08505F9E72DE9FF47037906462C
S3150802AA808846002B6AD0D0E90895B9F1000F7AD02A
S3150802AA90002D78D0B5F5005F78D205F1240739463E
S3150802AAA00120E0F799FE0446002872D04FF0000A0A
S3150802AAB0394AC0F808A01369494603605369243025
S3150802AAC040F8203C73682A4640F8183C338820F838
S3150802AAD0143C738820F8123CB36840F8103CF368BB
S3150802AAE040F80C3C336940F8045C40F8083C0BF02B
S3150802AAF0C6FFD6F814905146484602AADFF770FBFD
S3150802AB008C3009D039462046E5F7CFF96FF08A0529
S3150802AB10284604B0BDE8F087514623463A464846D9
S3150802AB20CDF800A0E0F76DFE014628BB484602AA0A
S3150802AB30DFF756FB054620B9029B9F420AD06FF003
S3150802AB40980548460021DFF76AFB39462046E5F7AD
S3150802AB50ACF9DDE739462046E5F7A7F9736900251A
S3150802AB60C8F80030337E012B0BBF0223C8F8005009
S3150802AB7033766FF09605CBE739462046E5F795F921
S3150802AB806FF09805C4E76FF08605C1E76FF08D058B
S3150802AB90BEE76FF08C05BBE798A103082DE9F04FD5
S3150802ABA091B080460E461446002118220AA81D4670
S3150802ABB01B9F0BF097F91A9B002B00F0C18045F4F6
S3150802ABC08071012D4FEAC7090B9107D1D8F80030D9
S3150802ABD0C9B20F9311B940F201130B9340F2013334
S3150802ABE009A80993E5F754F9099B1FFA89FACDE9E9
S3150802ABF00C34002306AAC8F8003005A90AA8ADF83D
S3150802AC002860ADF82AA005930897FFF7EFFE0446D9
S3150802AC1088B9059D0B9A2B6A4FEA122B8BB1D5E997
S3150802AC20083069880791BBF1000F20D0BBF1010FEC
S3150802AC3070D06FF08604059800284BD0E5F759F9CD
S3150802AC4048E0BBF1000F07D128460899E5F73EF917
S3150802AC5004460028E3D0EEE7BBF1010FE9D108A9C3
S3150802AC600AA8E5F768F904460028EDD0E3E706F4F2
S3150802AC70E042B2F5805F31D0B2F5005F47D111B933
S3150802AC804946CDF81C90B6F5105F40D18029D0D13F
S3150802AC900731B7EBD10FCCD1B8424ED33A46184654
S3150802ACA01A990BF0ECFE6F626A88079B002A40D15C
S3150802ACB06B804FF6F872934229D82B88B342B8D1E3
S3150802ACC06B885345B5D141462846FFF7D5FE04465B
S3150802ACD00028B0D1204611B0BDE8F08F09B9CDF8E9
S3150802ACE01C9041F2052296420799CCD8B6F5905F98
S3150802ACF006D241F20102964209D14A0799D1C7E71B
S3150802AD002922A6F59054A4B2E240D407F5D46FF0EE
S3150802AD10850490E707AA029205F12402CDE900020A
S3150802AD201A993A460AA8DFF795FB04460028BBD0CB
S3150802AD3081E79A427FF47DAFBBE76FF089047AE731
S3150802AD406FF08604C6E70A4A92F8500068B9094BBA
S3150802AD501B695BB908491378097892F844200B43B2
S3150802AD6013430CBF0120002070470020704700BF24
S3150802AD70101C002000470020401D002070B50488E2
S3150802AD80064674B1002120460CF02EFD8442054683
S3150802AD9009D1002333800022284611460CF038FDDB
S3150802ADA02C46204670BD00210CF01EFD00210246ED
S3150802ADB020460CF02DFDEEE773B5ADF80600BDF89A
S3150802ADC006300BB902B070BD0DF10600FFF7D6FFCB
S3150802ADD004460CF0EBFCC67A002EF0D12046FAF7B0
S3150802ADE07FFCFF28EBD0054BD3F88850002DE6D020
S3150802ADF03346224641213046A847E0E7101C002088
S3150802AE002DE9F84F06460C4609B34FF0000BDFF85A
S3150802AE104480DFF84490DFF844A0D8F80070D9F8E7
S3150802AE200050DAF80000ED1BA54228BF2546384433
S3150802AE302A4631460BF05EF82F44641BC8F80070A8
S3150802AE4004D0E8F7BDFE2E448346E6E75C46204674
S3150802AE50BDE8F88F5C2900206429002060290020BB
S3150802AE600023074A52F8040B20B1017A022901D1BC
S3150802AE70417A21B10133DBB2032BF3D100207047AB
S3150802AE804C9A030838B50D461E4BE8B100211970D5
S3150802AE904FF6FF731C4A10701C485170017053809C
S3150802AEA0194C6378E3B961882846DFF7C1FF23782E
S3150802AEB06080013BDBB223706BB9012363702846BD
S3150802AEC0BDE83840DFF796BF1A78002AE8D018702E
S3150802AED00F4B187838BD0D4A137801331370EEE715
S3150802AEE0012B04D1022360886370000AE8E7022B6B
S3150802AEF003D10323A0786370E2E7FF22034B7E2087
S3150802AF001A70E7E7841400205C3B0020B81400207E
S3150802AF10851400202DE9F84F07460D461646984631
S3150802AF20002401F1040901F1090A4FEA122B5FFA1A
S3150802AF3089F9A24502D80020BDE8F88F052C11D858
S3150802AF40DFE804F01D08030A0C0ED120FEF784FA86
S3150802AF500134EEE74846F9E7F0B2F7E75846F5E76F
S3150802AF604046F3E7AB1D9C420BD0EB1D9C4208D032
S3150802AF7005F108039C4206D0BB1F185DE6E75B2075
S3150802AF80E4E75A20E2E75D20E0E70EB430B586B082
S3150802AF9009AC54F8045B0394DFF7C0FB094B4FF086
S3150802AFA0FF32CDE9043000942B4604A90648E8F797
S3150802AFB0E8FA0028D4BF3720002006B0BDE83040A2
S3150802AFC003B0704755A800088FE10008F0B5074698
S3150802AFD00C461E4615468DB052B1002B31D0B3F140
S3150802AFE0005F2ED3C2F1005303F500239E4228D8F0
S3150802AFF01022002108A80AF075FF002207AB029367
S3150802B00005AB019306AB21460093384608ABCDE95A
S3150802B0100522DEF7CBFF044680B9059B32469D42E0
S3150802B02028BF1D46129B07991D600748069B009577
S3150802B030DCF76EFD002818BF6FF0910420460DB0AC
S3150802B040F0BD6FF08604F9E7F813002000232DE916
S3150802B050F04789460B60002800F099804D4F7B68BF
S3150802B060984280F09480073020F00705EFF3118AA2
S3150802B070302383F311887E69AEB133787288DB0791
S3150802B0804FEAC20204D5F3886BB106EBC306F4E7AE
S3150802B0909542F8D816F0070303D045EA03018A4217
S3150802B0A0F1D3EB1806D18AF31188BFF36F8F1920F3
S3150802B0B0BDE8F08772883969C3EBC2020139272ACB
S3150802B0C0396150D99D4205F1080847D00821304612
S3150802B0D0FEF7C5FD0446A0444046E0F712FC628826
S3150802B0E005F10F01A2EBD102A8F80220E288CB08EB
S3150802B0F0A8F80430002A33D0D31A9BB204EBC20252
S3150802B100A8F806309380B8F80430ED083246E38092
S3150802B110414600231F486580E0F7F7FBBB68FA68DB
S3150802B12008339342BB6088BFFB60237843F0010370
S3150802B13023703B6901333B616288BB6803EBC20338
S3150802B140FA68BB60934288BFFB608AF31188BFF333
S3150802B1506F8F08340020C9F80040A9E73446BAE7D9
S3150802B160A8F80620CFE79D420FD008213046FEF701
S3150802B17076FD04462378324643F0010323702146BE
S3150802B18001230448E0F7C1FBD6E73446F2E721205B
S3150802B1908EE700BFBC140020036813F0704205D185
S3150802B1A0C3F30E030B60D3B100207047B2F1004F10
S3150802B1B00AD0B2F1204F07D0B2F1304F04D0B2F123
S3150802B1C0404F01D0212070478268D20404D5C36952
S3150802B1D0002BF7D01B68E5E703F07F03E2E7436835
S3150802B1E0002BEFD00B60DFE72DE9F34104680E6808
S3150802B1F00546B4420F4604F0704837D0B8F1004FFE
S3150802B20006D0B8F1404F03D0212002B0BDE8F08144
S3150802B21084EA0603B3F1805F19D3AB68BA68534070
S3150802B22013F4E04FF0D10023694628460093FFF74E
S3150802B230B3FF0028E9D1019001A93846FFF7ACFF10
S3150802B2400028E2D1DDE900239A42DED0DCE70023BA
S3150802B250284601A90193FFF79FFF0028D4D1019B35
S3150802B260C3F30E031C431E43B442CDD1B8F1000FFB
S3150802B270D9DAD2E7002337B50C4601A90546019368
S3150802B280FFF78AFF28B9296811F0704103D1019B9B
S3150802B290236003B030BDAA68B1F1004FC2F3803310
S3150802B2A0C2F34035C2F3003207D1062103EB450348
S3150802B2B001FB0233019A5343EAE7B1F1204F04D165
S3150802B2C02B4402EB82021344F4E7B1F1304F02D069
S3150802B2D0B1F1404F01D12B44ECE72120D9E7094BC4
S3150802B2E0186F00F00700431E032B03D8DFE803F0AC
S3150802B2F00608090400207047082070470220704794
S3150802B3000520704700800050036B826B2DE9F041DF
S3150802B3109A4288BF8363426C436A076892B002FB0B
S3150802B3200377C36B0E46052203A95B6904463846B2
S3150802B330984703A8DCF7B1F801280146307070D0A7
S3150802B340656CE26B2368606AD2F814C005FB0030AC
S3150802B350052208A9E04708A8DCF79FF801284FF05C
S3150802B36000053CD0D4E90A3201219342CDE90D45C4
S3150802B3708DF83C5010958DF8441043D11946204655
S3150802B380DCF7CFF8236B626C14339B1AE0622363F3
S3150802B3900E9B1BBB9DF8443003B3636A626C256837
S3150802B3A0D4F83C8002FB03550C350122D8F8143038
S3150802B3B001A9284698474FF6FF72019B99B2914216
S3150802B3C00CD11B0C1B0443F4254343F0A50302933B
S3150802B3D001222846D8F8183002A998470E9DE36B31
S3150802B3E005225B6903A93846984703A8DCF755F88E
S3150802B3F030702846236BA26B9A4288BFA36312B0A9
S3150802B400BDE8F081237C33B91C490DAA04F1080072
S3150802B410DBF702FFBCE72046194A0DABDCF720FA38
S3150802B420B6E7237C23BB2246164904F10800DBF75C
S3150802B430F3FE616A2046DDF7B9F8616A421C2046C6
S3150802B440DDF764F9054620B9236B626C1344143B95
S3150802B45023632046A16ADCF764F82368A062C01A4F
S3150802B460636CB0FBF3F060622046DCF779FAB6E764
S3150802B47000232046044ADCF7F3F9DAE76D8400086C
S3150802B4802985000815650008656500082DE9F04F4D
S3150802B4909A468BB09DF85030DFF854B10293DBF828
S3150802B4A01030804653450D461646C0F09B80D1465D
S3150802B4B0DBF804300193B9F1000F00F08F80D8F859
S3150802B4C03C3001225B6907A901989847079BDBF87C
S3150802B4D00010C3F3D312914240F0878013F07E0F17
S3150802B4E01CD1D8F83C3002225B6908A90198984712
S3150802B4F008A8DBF7B3FE08270446019B029A3B44D9
S3150802B500002A3CD1A6420FD9361B14464046019959
S3150802B510DCF707F8A9EB04090190CCE707A8DBF7E3
S3150802B5209DFE04270446E8E7A41B544528BF544653
S3150802B530032C03EB0607AAEB040A4FEA94021CD96A
S3150802B540D8F83C30294638465B69984724F0030305
S3150802B55004F003061F441D44002ED7D0D8F83C3009
S3150802B56001225B6908A9384698473246284608A93F
S3150802B57035440BF084FA0026C8E72646ECE7274648
S3150802B58004F00302039223442A1904920593049BA6
S3150802B590DD1B059BD81B039B9F420FD1002FB5D0FD
S3150802B5A0D8F83C30012208A95B6998473A462846EA
S3150802B5B008A90BF054FA78B93D44A7E7D8F83C3005
S3150802B5C0012208A95B6998470422284608A90BF0B4
S3150802B5D046FA08B9043FDAE74FF0360948460BB08F
S3150802B5E0BDE8F08F4FF06309F8E74FF06F09F5E70A
S3150802B5F094130020044A054B013800D2704753F8C9
S3150802B600041B42F8041BF7E7D8400020B46100087F
S3150802B6104FF000639B6A03F17842B2F5C04F03D23A
S3150802B6201968064A914203D0002303708360704763
S3150802B630012202709A689B694260F7E707B0CD5EFD
S3150802B6400D4B5A68D20716D59A68D00702D51B69D8
S3150802B650D90709D50A22084B9A635A6D12F0500F78
S3150802B660FBD19A6C9207FCD10122044B5A60024A1A
S3150802B67053689B07FCD4704700C0085000E0085086
S3150802B68000B9DDE701220E4B00F00F015A60A3F55F
S3150802B69080535A6DC2F30B02002AFAD199635A6D86
S3150802B6A012F0780FFBD100F001034207054948BFA3
S3150802B6B043F002038A6C02F003029A42FAD17047F7
S3150802B6C000D0085000C0085070B5002506462C4622
S3150802B6D0052C1AD8DFE804F00306090C0F125B20C2
S3150802B6E0FDF7BAFE0C20FDF7B7FED120FDF7B4FE32
S3150802B6F08020FDF7B1FE0020FDF7AEFE6C1C284641
S3150802B700E4B22546FDF7A8FE0624A4F10E03012B92
S3150802B71004D85A20FDF7A0FE0134D9E7102C04D12B
S3150802B720BDE870405D20FDF797BEB31F185DF1E7CF
S3150802B73038B506480AF049FC38B9054C034D0FCD11
S3150802B7400FC495E8030084E8030038BD589A030835
S3150802B750641400202DE9F041078880460D4637B368
S3150802B76038460CF007F83C46002120460CF03CF817
S3150802B770A842064615D100210CF036F800210246E9
S3150802B78020460CF045F8AF4204D1AC4208BF00246B
S3150802B790A8F8004000222846BDE8F04111460CF000
S3150802B7A037B8874203D00BF0E5FF3446DCE7BDE83D
S3150802B7B0F08170B5274C94F8A820002A41D1264D6D
S3150802B7C0B4F85C1028680AF056FC20B140F2FB4136
S3150802B7D022480BF04BFA0022B4F85E1028680AF0E9
S3150802B7E050FC20B140F2F4411C480BF03FFA00220B
S3150802B7F01B4928680AF04BFC20B140F6E941174874
S3150802B8000BF034FA94F87730DBB1164B94F85800FB
S3150802B8101B78834211D1286894F95A6003F002FA18
S3150802B8200A2390FBF3F040B2B0420BD10E4B1B78C1
S3150802B8303BB9BDE87040FEF7E9BFFEF7AFFF002847
S3150802B840E9D070BD94F95A00FEF7D2FF0028EDD070
S3150802B850F7E700BF101C0020441D00209289030848
S3150802B860701C002060460020401D002038B5104D8F
S3150802B870034695F877200C46022A03D1C87F022888
S3150802B88000D17BB92078FEF77CFF78B148222146A1
S3150802B89008480BF0F4F8084A95F8A83012781343CA
S3150802B8A001D0002038BDFFF784FFFAE72120F9E727
S3150802B8B0101C0020681C0020401D002010B50446FC
S3150802B8C092B04822684605490BF0D9F86946002025
S3150802B8D08DF81F40FFF7CAFF12B010BD681C002082
S3150802B8E030B50446184600234FF4803587B0CDE9B3
S3150802B8F000338DF81130ADF81220ADF814308DF8FA
S3150802B90010102346034A03A90395F8F753FF07B015
S3150802B91030BD00BF92A103082DE9F04FD58895B036
S3150802B9200593BDF87830EC068146164603910493D2
S3150802B930ADF81E1000F15182C5F3802428054FEA9E
S3150802B940043448BF44F40064A90512D544F08004BF
S3150802B950B9F10A0F00F24382DFE819F08D004B00B5
S3150802B9601600530041024102530010008D00530095
S3150802B9709100EA0548BF44F04004E9E74FF0010A9E
S3150802B98002274FF0000815E00DA99DF80C00F5F7FF
S3150802B990FDFADDF83900DDF83D1009AB03C3039A59
S3150802B9A0B24B33F81230ADF81E304FF0000A574644
S3150802B9B00DF124084FF6FF73DFF8C0B2BBF800009A
S3150802B9C0984206D0AA49EFF7EBFD10B124F4805449
S3150802B9D0A4B2059BBDF81E2000930498434644F47E
S3150802B9E00271FCF707FAADF81C0000284BD11920A2
S3150802B9F033E09DF80C0009AA0DF11E01F5F7C8FF00
S3150802BA00D3E74FF6F773039A9A4240F2E88115F4A0
S3150802BA10026F40F0E481974B1B78022B03D0043B5C
S3150802BA20012B00F2DE81049B53B9B9F1030F24F40A
S3150802BA30C0744FF0010A14BF08270C27A4B2A0E766
S3150802BA4004980BF097FE0746F3F706FFB9F1030FC2
S3150802BA5008BF0138874203DD382015B0BDE8F08FEC
S3150802BA60B9F1030F24F4C0744FF0010A0CBF0C2776
S3150802BA700827A4B285E74FF0000A574681E74FF038
S3150802BA80010A03277DE74FF6FF73BBF800209A42A7
S3150802BA901AD00BF08BFEBBF8003014F4805F0375E6
S3150802BAA04FEA13234375744B1B78C375704B1FBF3C
S3150802BAB01A6882615A68C2614FF6FF72ABF80020B3
S3150802BAC04FF0FF321A605A60082FF1887DD00C2F8A
S3150802BAD07BD08B0479D401F040033B43DFF8A0B155
S3150802BAE09BF8000018B101F020021343DBB20AB238
S3150802BAF0002ABCBF63F07F03DBB2032F71D1122386
S3150802BB008DF83430B37A8E0661D48DF835300DF15E
S3150802BB1036020DA9521A012392B207A8E9F71EFAAC
S3150802BB2000287FF464AF9BF80030D3B1AA0618D573
S3150802BB306B0103F02003B9F10A0F14BF43F00103A6
S3150802BB4063F07E03BAF1000F00F0AE800021424690
S3150802BB50009103F0A10307A8F4F782FA00287FF4FC
S3150802BB607CAF049B002B40F0EE8015F400560BD0F8
S3150802BB70BDF81C703846F9F701FD044638460BF045
S3150802BB8015FE44F480640480A9F10803012BBDF86C
S3150802BB901C0000F2F0800BF009FE038843F0100344
S3150802BBA00380BDF81C00FAF7D2F94FF4D96323FAD9
S3150802BBB009F3DB0740F1E580BDF81C00F2F7A2F9AC
S3150802BBC080F00100C0B2800047E73B4686E7322292
S3150802BBD08DF835308DF83420002898D00DF14302BF
S3150802BBE097E70C2F8DF834300ABF338973798DF8AD
S3150802BBF03530748805BF1B0A8DF836308DF8353016
S3150802BC000DF1370318BF0DF136031C70240A5C7058
S3150802BC103488023F9C70240ADC703479012F1C7127
S3150802BC2013D8B47A002A5C7136DA022234899A71F8
S3150802BC30DC71240A03F109021C7200283FF469AF79
S3150802BC4089067FF566AF053263E78C0726D4002A94
S3150802BC5018DA347AB4B1B27A5A71348903F108021D
S3150802BC60E6B2EEB102269E71DC71E6E74C3400209C
S3150802BC701E450020173500206A290020504600205C
S3150802BC80A21F0020594F3C7804F1010C87F800C026
S3150802BC90B472002A5C71E0DB9A1DCEE7B47AF8E743
S3150802BCA00126240A9E71DFE7BDF81C00FAF74FF950
S3150802BCB0CDF820A00446B8F1000F03D1CDE90B88D0
S3150802BCC00DF12C08002208214046EEF7EDFCBDF8DE
S3150802BCD01C3088B118460BF069FD468A4146304643
S3150802BCE0EFF75EFC40B13046334640220121FFF7AA
S3150802BCF0F7FD40F60940B0E62146BDF81C00E9F713
S3150802BD0007FA3B4E10F0030F33880CBF01240024B8
S3150802BD10003B18BF012344EA43030093002108AB02
S3150802BD2040460DAAF3F7E4FE3388002B3FF416AF1C
S3150802BD3000283FF416AF00214046009408AB0DAA2E
S3150802BD40F3F7D6FE0AE704980BF014FD0446BDF88D
S3150802BD501C000BF00FFD9BF800300444002B14BFA7
S3150802BD6012220022EB1003F0040314442344842B0A
S3150802BD707FF7FBAE70E6FAF7EAF8B9F10A0F7FF633
S3150802BD8014AF16B125F04005ADB21A4E1A4C3078EA
S3150802BD9024781A4984429DF80C204FEA001701EBD1
S3150802BDA0001320D0BDF81C401A725C800024144A85
S3150802BDB005F48355128845EA152583F80690DD7140
S3150802BDC0CC535A8140F602429C80DA60431C2046D4
S3150802BDD03370F6F70DF820463FE60E203DE60120C1
S3150802BDE03BE6162039E640F6034036E6A11F002058
S3150802BDF0CA390020163500205F470020E02D0020B2
S3150802BE00682900202DE9F04F87B005460BF0CEFCD5
S3150802BE100446002843D028460BF0ACFC4FF0000B32
S3150802BE20C0B20838215C2218B4F801300091917822
S3150802BE3003F007030191D1785268022B2678029102
S3150802BE400392ADF816B02AD004F101080922594620
S3150802BE5040460CF000FC023E361A330681465FFA6B
S3150802BE6086FA1CD4A34ED6F890708FB94FF6FF7C8B
S3150802BE70A588B4F801706545B6F85C20E188B6F87D
S3150802BE805E6007F0070307F008000BD1012510E0F2
S3150802BE905B465A4601212846B8470028E6D107B02C
S3150802BEA0BDE8F08FA2EB050CDCF1000545EB0C05AD
S3150802BEB06D004FF6FF7C61451BD145F00405E8B1DC
S3150802BEC0002BECD10CF0F2F908B9AC07E7D527F448
S3150802BED0804323F00803B3F5004F04D027F0080780
S3150802BEE0B7F5624FDBD1002319460020FEF780F929
S3150802BEF05DE08E4208BF45F00805E0E7012B18D041
S3150802BF00032BDDD1A80703D14FF6FF739A42C6D198
S3150802BF1007F44063B3F5006F09D0B3F5406FBED19D
S3150802BF2008227549A01D0AF09AFD0028B7D10C23EC
S3150802BF302CE0704BD3F8803013BB704BB4F8016019
S3150802BF4093F800E06E4B93F800C05EEA0C0351D1F9
S3150802BF5048F6410227F038039342A0D10A2D00F091
S3150802BF60B880062D9BD1634B93F87730023B012BA1
S3150802BF7095D8644B1B78012B91D040F6040305E053
S3150802BF805146404698470028D7D00823F90648BFA5
S3150802BF9043F08003BA0648BF43F4805303F00C0209
S3150802BFA0042AA1D1424651462089FEF7F5F800280F
S3150802BFB03FF475AFADF81600F9F7F1FA002840F02C
S3150802BFC08A80BDF816000BF0F1FB0446BDF8160090
S3150802BFD0F9F7E5FA002840F09B8009EB0A020123EB
S3150802BFE0414692B20DF11600E8F7B8FF002800F0B4
S3150802BFF0968054E716F4406106F0400215D152BB0A
S3150802C000B6F5804F55D24FF4807300223E49D0B21E
S3150802C010704558D300223D49D0B2604598D231F8CE
S3150802C020020B01328342F7D1AFE74FF6FF70A388BE
S3150802C030834214BF0123022382B1052206F440403B
S3150802C040B0F5004F43F0080324D0B6F5804F23D24B
S3150802C05043F4807320E00B460322EFE7B6F5804FE0
S3150802C0604FF00502F4D3B1F5406F14BF0220082041
S3150802C070DFF880B01044BBF85CB038F8000006F46C
S3150802C080404683450CBF43F0080343F00403B6F564
S3150802C090004F01D143F08003B1F5006F0DD1154968
S3150802C0A038F80220B1F85E109142AED143F010037F
S3150802C0B0ABE70B4603220220DAE7B1F5406F08BF69
S3150802C0C043F02003A1E731F8020B013298429ED1D0
S3150802C0D05BE704235AE7074BBDF81600D3F89430FA
S3150802C0E0002B3FF46EAF08EB0901984700287FF44E
S3150802C0F068AFD4E6101C0020701C00209E1D00208C
S3150802C100E4280020401D00205E1D0020E6280020AD
S3150802C110524608EB090104F110000AF0B0FCBDF81A
S3150802C12016000BF043FB029B0372019B4372009BB2
S3150802C1308372039B1BBAC360064BBDF8160093F8BD
S3150802C14050202AB1DB6C002B3FF4A9AE9847A6E62D
S3150802C1509B6FF8E7101C0020F0B50D468FB005AEB0
S3150802C1600746D2E90701144686E803001DB3012DE6
S3150802C1700CBF13231523226907A800920022114631
S3150802C180FCF76CFB8DF82A70BDB923880434039337
S3150802C19014F8023C1B210293637A0F22019300943E
S3150802C1A0074B07A8E9F79AFA1B21324607A8FCF7B4
S3150802C1B087FB0FB0F0BD1123DDE70F21F5E700BFBE
S3150802C1C084A103082DE9F04FADB01F4615460D911F
S3150802C1D00646EEF7C5FB0DF1400B5946814600208F
S3150802C1E0F0F720F98246FCF7D1FB40EAC714FCF7C0
S3150802C1F0FFFABAF1170F8046A4B217D1EEF7FCFA86
S3150802C2004FF6FD7A8DF84B00012112A8E2F708FED7
S3150802C210BDF84830013B9BB25345F5D80421584630
S3150802C220E2F7FEFDBDF84800EEF7D0FB0DB144F08B
S3150802C2303004E30748BF00234FF0000248BF8DF8D9
S3150802C240503011464FF0010320A8009648BF4FF61A
S3150802C250FF79FCF703FBFCF75DFB0E90FCF7EEFAA1
S3150802C26001250F9016A8FCF73DFC9DF85C302F4A75
S3150802C2709D401368DFF8C4A09E42ADB20AD00021E1
S3150802C28016A816910221E2F7CBFD1699274ACAF893
S3150802C29000101660264EFCF7C3FA3278CDF82490C1
S3150802C2A0CDE90A82BDF84820272108929DF84B203D
S3150802C2B020A807929DF85020CDE905B2DAF8003099
S3150802C2C00E22CDE903530F9B029401930E9B009312
S3150802C2D0184BE9F703FAB8F1010F25D10020E8F760
S3150802C2E065FF16A90446E8F777FFB8B1CFB1BDF8DE
S3150802C2F0583032782E2104929DF85C2000940392DD
S3150802C300BDF85A2020A8CDE9013227220A4BE9F7BF
S3150802C310E5F92E210D9A20A8FCF7D2FA2DB0BDE830
S3150802C320F08F4CF25E03E4E72721F3E74C3A00204C
S3150802C330F739002089A1030890A103085C3A002076
S3150802C34073B5002315460C4606460A46009301466F
S3150802C3500823281D0CF0CAF904F108013046C9B2AF
S3150802C360E8F7D6FE04F109016873C9B23046E8F760
S3150802C370CFFE04F10A01A870C9B23046E8F799FF60
S3150802C380288002B070BD70B5184B05461B78084662
S3150802C39053B3FAF723FAFF28044625D02846FAF7B4
S3150802C3A01DFAFF2806D0124B124E1A780023D9B26C
S3150802C3B0914214D3FF212846FAF72AFAFF280146A2
S3150802C3C012D00D4E23B206EB8302957836F8230077
S3150802C3D0FAF71EFAFF2D214606D02C46F2E701335C
S3150802C3E016F823108142E2D170BD00BF9F44002097
S3150802C3F0AA1F0020AA1F0020AC1F00202DE9F8431F
S3150802C400FAF7ECF9FF2804460CD04FF6FF72334FC1
S3150802C41003B2DFF8D480324E27F8232098F800506A
S3150802C420AC4201D1BDE8F883337820B28100A34239
S3150802C43007EB800090F803E010D00023274A5FFA42
S3150802C44083F94D45944606D99CF803900133A145D4
S3150802C45002F10402F3D18CF803E001E086F800E069
S3150802C460013DEDB22A1BD2B204319200394409F0D9
S3150802C47041FD337888F80050FF2B04D09C429CBFBC
S3150802C48003F1FF33337000214FF6FF70134BCAB224
S3150802C490AA420CD300234FF6FF71124ADCB2AC4211
S3150802C4A0BCD2013332F823008842F7D1B6E79A782C
S3150802C4B094420BD11880DA78FF2A04D094429CBFA2
S3150802C4C002F1FF32DA7001310433E0E7FF2AF2D0D3
S3150802C4D094429CBF02F1FF329A70ECE7AC1F00202F
S3150802C4E0AB1F0020A81F0020AA1F002037B505464B
S3150802C4F00C460BF05BF9437CDA060ED503F0010213
S3150802C5001B074FF001032946009320464FF0080304
S3150802C51054BF183220320CF0E9F803B030BD2DE9C9
S3150802C520F04F7A4B05461B788946022B17468BB085
S3150802C53004D0002630460BB0BDE8F08F0CF009F99E
S3150802C54006460028F5D14FF6F9739D4261D04FF69B
S3150802C550F8739D4275D02B0A28460DF11E018DF8F7
S3150802C5601C308DF81B50EFF71BF8002814BFB04695
S3150802C5704FF02008B34614BF06230E23022229468B
S3150802C58038460393F8F757FE01220446039B002810
S3150802C59040F0BA80DFF880A18DF818209AF80420B6
S3150802C5A04946CDE900008DF81A208DF81D0006AA25
S3150802C5B04FF6FC708DF81980FBF7D4FC81460028EB
S3150802C5C0B7D0EEF7CDF987420ED048460BF0EEF813
S3150802C5D03B0A0775437504A93846F8F79BFA70B102
S3150802C5E0484604A9FFF782FF494B1B78033B012BF8
S3150802C5F02BD84FF6FF714846F0F77AFF06469AF8A7
S3150802C6000430FF2B0EBF01230133DBB28AF8043054
S3150802C61090E74FF008084FF0200B3D4B1B78033B81
S3150802C620012B86D9EEF79CF9B84282D1EEF798F932
S3150802C630FC238DF81B30FF2305468DF81C30062394
S3150802C6409CE74FF01008C346E7E700224FF6FF7053
S3150802C6501146F8F7F0FD80460028D0D0EEF780F9AB
S3150802C6602C4B85421A782BD152BB03214846EFF749
S3150802C67039F90028C3D09AF80430A8F8007088F867
S3150802C6800430002388F8053088F80830EEF768F990
S3150802C690204B85421B7800D153B1EEF761F98742E8
S3150802C6A006D12CB1237923F0030343F00103237146
S3150802C6B000224FF6FF710C200AF0BEFC01269EE707
S3150802C6C05946284608F10702F8F7E2FD044600280B
S3150802C6D095D0002203214846EFF704F90028CAD16B
S3150802C6E0277907F00303012B89D1EEF739F9094BAC
S3150802C6F085421B7801D1002B81D04FF6FF7347F094
S3150802C7000307277123807AE7164613E717350020B1
S3150802C71020350020584700205C3B002030B50F49E1
S3150802C7209DF80C50096889B10D4C247884420DD9BC
S3150802C73000EB400001EBC001D1E9040410F0010F3F
S3150802C74004D025B102432343C1E9042330BD20EABC
S3150802C750020024EA0304C1E90404F7E7F03A0020D8
S3150802C76035470020F7B504460D4616461F46F3F729
S3150802C77067FE30B101233246294620460097F4F770
S3150802C7802DFAF3F75DFE40B90023324629462046C4
S3150802C7900097F4F723FA03B0F0BDF4F7CBF80028B4
S3150802C7A0F9D0024B1B689B01EED5F4E7E83400206A
S3150802C7B02DE9FF4104460D4651B33F294FF00007C4
S3150802C7C000D13D462046F8F7E3FE082822D101218A
S3150802C7D020460BF009F804460AF0CCFF0646204626
S3150802C7E00AF0E4FF982304462A4601200DF10A01BD
S3150802C7F0ADF80830E3F73EFB00232246CDE90033C5
S3150802C8000621F3B202A8E8F7E3FA04B0BDE8F0811C
S3150802C8100127D7E72046F8F7BBFE024638B94FF696
S3150802C820FF71012004B0BDE8F0410AF005BC2046BC
S3150802C830F8F7BFFEB0F5006F0ED12046F8F724FFD1
S3150802C8404FF6FF739842014638D0002D0CBF0320DD
S3150802C850052000220AF0F0FB334B1B7883B3334ED4
S3150802C86033889C422CD10022314BF5601A7005BBE5
S3150802C870B37820461033B3700AF098FF074620466D
S3150802C880F9F765FB01462046E8F742FC05462046CD
S3150802C890F8F7FAFE4FF6F77398420AD83B7C03F08C
S3150802C8A00303012B01D1022D03D0B37823F00F0322
S3150802C8B0B37004B0BDE8F041EFF7E8B80120C8E765
S3150802C8C0DFF87C80D8F80030EBB12046F8F760FE36
S3150802C8D00C2818D120460AF069FF00F11006092231
S3150802C8E0002130460BF0B7FE335C042B0BD1114BFB
S3150802C8F01B78033B012B06D80F4E15B17379012B12
S3150802C90009D9002373713A462946204604B0BDE880
S3150802C910F041F4F7E1BDD8F8001008480BF00AF820
S3150802C92073790133737170E7112D0020102C0020E2
S3150802C930362D0020203500205C3B00209048002040
S3150802C9401035002005490B88C3F30E032BB10020CE
S3150802C9500223034A0880EDF785BD7047A81F002009
S3150802C96027E101002DE9F04FDFF84CA19046BAF80D
S3150802C97002B04D4A87B01BF0010E0D46BDF844C001
S3150802C9809DF940109DF849909DF94A709DF84C40D2
S3150802C9909DF94E60127832D09DF85100C0F34005D9
S3150802C9A0C0F38000002A7BD0404A1278022A09D1B5
S3150802C9B0B14275DB21D1E01AC0B280288CBF0020B3
S3150802C9C0012015E03A4A1278012A00D1ADB178B1B0
S3150802C9D09AF800201E3252B2BA42ACBF002701278B
S3150802C9E09045D4BF00220122BA4204D1B142E1DA0B
S3150802C9F007B0BDE8F08F3846FAE70020F8E71BF0E3
S3150802CA00020F19D0002A4BD0760814BF0120002045
S3150802CA10490814BF012200228242E9D1E21AD2B29F
S3150802CA20802A3DD99C42E8D1B84539DB3AD14D45F1
S3150802CA302CBF00200120DBE732B39C4207D0E41A60
S3150802CA40E4B2802C8CBF002501252846D0E7604534
S3150802CA501CD06C4611AE0FCE0FC496E80300154ED5
S3150802CA6044F8040B2180748864450FD10822311DCD
S3150802CA700DF10E0009F0F3FF024638B90821301D00
S3150802CA80EDF712FE10B90CB10125DEE7B845FBDB5E
S3150802CA9004D14D452CBF00250125D6E70025D4E74C
S3150802CAA00120A5E77046A3E71139002020350020AA
S3150802CAB017350020683600205A450020F7B5044687
S3150802CAC00D4617461E460BF0F1FB70B9084B1F6060
S3150802CAD00127084B1F70EDF789FE29460346CDE963
S3150802CAE000672046044AFDF7ACFD03B0F0BD00BF5F
S3150802CAF01C2D00204F360020D59D01081E4B2DE91E
S3150802CB00F7431B682BB100211C4A1078CAB290421F
S3150802CB100FD800264FF00408194D1A4F28880BF033
S3150802CB2037FE4FF001090446A4B96EB103B0BDE859
S3150802CB30F0831A69D50704D594075CBF22F00C0264
S3150802CB401A6101311833E1E701264FF008083D461C
S3150802CB503888E4E72046F8F7C3FDFF2805D04246A1
S3150802CB600023CDF80090FFF7D9FD214628880BF05F
S3150802CB7014FE0446D8E700BFF03A002035470020E5
S3150802CB805A1D0020581D002073B50D460BF0DAFB1E
S3150802CB900646F8B10AF00AFE438904462B4010D02D
S3150802CBA09B072DB209D5002D07DAA17B437B0289A3
S3150802CBB0007B00912146FCF7DFFB638923EA050324
S3150802CBC06381638933B93146034802B0BDE87040D0
S3150802CBD0FEF7C0BD02B070BDC44700202DE9F04F74
S3150802CBE09FB0079008461D46884614460AF0DEFDA1
S3150802CBF043195E7C002C3DD112A94046F9F72AFA60
S3150802CC004046F8F7E3FF0546002800F03281A246BF
S3150802CC1008940694984B30061B784CBFB14646F0EA
S3150802CC208009022B3FD0002C40F00C8202244FF6DA
S3150802CC30FF764046F8F7A7FC03228DF866400024E3
S3150802CC408E4BCDE9032419AACDE9014203F160020C
S3150802CC5000924CF660412A460220B3F85C30ADF8E1
S3150802CC606460FDF7E7FA002800F0CB802146F8F762
S3150802CC704BFDC6E0637840469D0712A90ED4F9F724
S3150802CC80E9F9032306900893069B002B00F0F1802E
S3150802CC9094F801A012ADCAF3400ABBE7F9F7DAF92C
S3150802CCA000230690EFE7079B1BB9754B1B78002BF1
S3150802CCB0B9D00DF146012846EEF7F0F840460AF0DB
S3150802CCC075FD037A012B38BF0123099374B3A7882C
S3150802CCD02846EDF7C2FD06F00206834628460BF003
S3150802CCE0F5FA36BBFF2824D1664B1A78664B1B78B1
S3150802CCF09A4200F09C814FF6FF739B4519D1DFF8E3
S3150802CD0098B15846E8F7C8F9BBF80230834200F0F2
S3150802CD108E814FF6F7739F4224D9F2F7C5F914A903
S3150802CD200746EEF73DFC0028F7D033E0BDF846701B
S3150802CD30CEE74FF6F7739F4200F283809B4511D8E0
S3150802CD40BB450FD02A4659460CA80BF0B7F90C98E2
S3150802CD500D9916AB03C3BDF83820022116A81A800E
S3150802CD60FFF712FF384614A9EEF71AFC024658B91D
S3150802CD70082114A8EDF798FC30B90822284614A908
S3150802CD8009F06DFE0028C8D14FF6F6727B1E9BB2DB
S3150802CD909342C2D8BAF1000F03D13C4B1B78002B41
S3150802CDA051D14046F8F7EFFB099B3A4600932946CC
S3150802CDB04B46FCF7E1FA4FF6FF739842064600F037
S3150802CDC036810146002216A80BF078F9022116A828
S3150802CDD0FFF7DAFE002C3FF42CAF079B002B00F07E
S3150802CDE0378100233746A688C9F3C0020292012278
S3150802CDF03146CDE90032284653463A46FCF7B6FB99
S3150802CE003E46BAF1000F0FD04FF6FF739E420BD083
S3150802CE1030460BF0D5F9FF281FBF1D4A32F81030ED
S3150802CE2023F4804322F81030069B13B3EDF798FDDE
S3150802CE3000230146009332462B460898F8F774FDFC
S3150802CE4017E05F46A0E7002C69D0124BB4F804B08D
S3150802CE501B68990722D5C9F3C0030122029302234C
S3150802CE60CDE90032284600234FF6FF72A188FCF767
S3150802CE707DFB1FB0BDE8F08F17350020101C00207F
S3150802CE80123900208536002063450020A21F0020A3
S3150802CE90A4340020E8340020C447002058460BF08A
S3150802CEA08FF90A9058460BF047FC4FF6FF71BDF80A
S3150802CEB046208A4200F0C4805A450A9B40F0C08048
S3150802CEC0FF2B00F0B78003F582300B2219A900F573
S3150802CED0C070E4F7B5F89DF86E3089EA030313F0DB
S3150802CEE0EF0F14BF01260026BDF8462010460A9207
S3150802CEF00BF066F90A9A0B9010460BF01DFC079B7D
S3150802CF005BB14FF6FF710A9A8A4206D05A4504D097
S3150802CF100B9B0340DBB2FF2B9DD1002E9BD13946DA
S3150802CF202A460CA80BF0CAF80C980D9916AB03C33F
S3150802CF30BDF8382040461A80F8F725FB16AE074694
S3150802CF4030460BF0D3F8002871D130460BF0FAF9C7
S3150802CF50002849D130460BF0C9F810F0020366D111
S3150802CF60CDF86E30CDF87230ADF876300DF1640C2E
S3150802CF7096E80700ACE803001946ACF8002014202E
S3150802CF800AF06EFCDFF8D8B006465846E8F784F889
S3150802CF90BBF8023083424AD9002E48D019A80BF0B2
S3150802CFA0D1F9002843D130460AF000FC034619AAF3
S3150802CFB003CA1860596012881A81DDF86E20C3F810
S3150802CFC00A20DDF87220C3F80E20234A12885A82F4
S3150802CFD0BBF8003023B94FF47A7120480AF0AAFC4C
S3150802CFE031461F480BF0BCFB16A80BF0ABF90AF04A
S3150802CFF0DDFB4389077343F002034381099B80F8EB
S3150802D0000D908373BDF8601016A8EEF761FBFF2832
S3150802D01006D0144B1B781BB10022134B43F8202071
S3150802D0204FF6FF73BDF860609E427FF4D3AE6CB9CB
S3150802D0300124FCE5FF2803D0B6FA86F6760953E7FB
S3150802D040564651E702234FF6FF76CBE60123FAE767
S3150802D0503746079BC8E600BFD8460020A4470020EB
S3150802D060C4470020684500208836002038B5AC231E
S3150802D0700022144C054603FB0043596DDA6483F813
S3150802D080502089B15A65104B1B88DB0604D440F23E
S3150802D090C3510E4809F0EAFD102000210AF0CCFA25
S3150802D0A00B4B186809F067FBE1F79AFEFF281EBFCB
S3150802D0B0AC2303FB054484F8A800BDE83840FEF714
S3150802D0C078BB00BF101C00203E1D00209289030871
S3150802D0D0441D0020002307B51A46CDE90033E7F7B9
S3150802D0E077FE03B05DF804FB70B5132805460C46B7
S3150802D0F0164688B012D801A9E3F7FEFF192101A83E
S3150802D100F2F76CFC50B19DF81C30284623EA060259
S3150802D110144301A98DF81C40E2F7A0FE08B070BDC1
S3150802D1207047034670B515462B4A0C4610688CB0F4
S3150802D130002B2FD000230693B9B1B5B107934FF44C
S3150802D1408072264B07A9E3F72BF908B107980AE07C
S3150802D15007984368D0E908121B0A012B12D0204E01
S3150802D160B3420FD01BB1E3F707F90CB070BD06AE98
S3150802D17004961026CDE902560194009308ABFCF7F3
S3150802D18001FDE3E706AB049310230194CDE90253AC
S3150802D1900023F2E707930029E7D0002DE5D008938C
S3150802D1A04FF400720D4B08A9E3F7FAF808B108988C
S3150802D1B0D9E708984368D0E908121B0A012B04D05C
S3150802D1C0074EB34201D0002BCDD107ABCDE90053B0
S3150802D1D02346FCF773FCEAE76C3900200044400456
S3150802D1E002008000F0B50D46064685B0084614468C
S3150802D1F0E4F70EF86B881C4F1A07386024D52246C6
S3150802D20031461020F2F77EF8184E306808B1E3F777
S3150802D21032F91023CDE900434FF4105100232A694D
S3150802D2201248FDF7BBFC68B933683B606B88D907BF
S3150802D23012D50023224601210DF10F008DF80F3079
S3150802D240E3F797FA05B0F0BDD806EFD522460821CE
S3150802D250281DE3F78EFAD7E79A0701D50223E9E7ED
S3150802D2605B07EFD50323E5E76C390020CC390020AC
S3150802D2702DE9F04FD5B0ADF81E000AF097FABDF8C1
S3150802D2801E50448A064600F110092846F8F75FFE42
S3150802D29001462846E7F73CFFB34FB6F8148000F07C
S3150802D2A00305A7F80080EDF75BFBA0422DD04FF6E9
S3150802D2B0F7739C4229D8737CD80726D42046F7F7F9
S3150802D2C083FC30B1012321464046BDF81E20F2F701
S3150802D2D0FFFAEDF745FBA44B1B8883420FD1BDF835
S3150802D2E01E402046F8F733FE01462046E7F710FFB0
S3150802D2F010F00C0103D1BDF81E00F4F741F8002224
S3150802D3009A4B1A6055B0BDE8F08F9949BDF81E00D0
S3150802D310F8F73FFF9749BDF81E00F8F79BFE00286D
S3150802D320944B08BF0023914ABDF81E0013600AF009
S3150802D3303DFA914B027ABDF81E001A700AF036FAC7
S3150802D3408E4B427ABDF81E001A700AF02FFA8C4BE1
S3150802D350C268874C1A6000238DF82530E3880DF1E0
S3150802D3602508990624D5EDF7FBFAF8B1854B1B6813
S3150802D3709A071BD4012D14BF082318230022CDF8BF
S3150802D380008011460DF11E00F2F76AFE80B1012DEA
S3150802D3909FD17D4B1B78112B9BD1F3F751F80028AF
S3150802D3A097D140F61D42794B5A6192E70823E5E781
S3150802D3B0BDF81E00B6F812A00AF0DCF9A0F11006B4
S3150802D3C0F6B23246494634A809F059FBFF238DF8CE
S3150802D3D0D7304FF6F7739A4500F2F980022D00F01E
S3150802D3E0CF82B4F90630002B80F29E80012D40F0E0
S3150802D3F0F480EDF7B5FA3B8883423FF46AAF05201D
S3150802D400BDF81E10F2F77BF900283FF462AFE388F5
S3150802D410590607D5002300930A20FF23544A398860
S3150802D420FEF77AFA0021BDF81E6098F800301F222E
S3150802D43021A8059320913D8808F054FD3046F8F757
S3150802D44086FD01463046E7F763FE044630460AF093
S3150802D450ADF9437CA206C3F3400B0490304648BF9D
S3150802D4604BF0020BF8F76FFE044630460AF082F9D3
S3150802D4700023A0EB04095FFA89F900934B46232B94
S3150802D48028BF23232246314620A82F460BF02EF921
S3150802D49000287FF41EAF3E4A9DF880A013789DF8B7
S3150802D4A081800393002B00F0D082F3F743FA002819
S3150802D4B00CBF4FF4F0724FF4D07222FA0AF2D30775
S3150802D4C040F1C3821BF0020F40F0BF82BAF1080F87
S3150802D4D040F0E882B8F1040F7FF4FBAEEFF704FDE3
S3150802D4E000287FF4F6AE1BF0010F3FF4F2AE0023DC
S3150802D4F0CDE91033EDF734FA18B1224B1B689907B8
S3150802D5000FD5284610A9EEF74BF80346002840F037
S3150802D5106786B8F1020F00F01785B8F1040F00F01C
S3150802D520FF85092110A81BE300204FF0FF32DFF820
S3150802D5306CC034A9C3B29E4232D8164900238C461F
S3150802D54051F8040B82423FF4C4AE0133052BF7D1DE
S3150802D550114EB07B411CB1FBF3F303EB8303C91AEB
S3150802D560B1734CF8202041E794340020A8310020FA
S3150802D57096340020623B00209B2900209A2900202D
S3150802D580282B0020E83400201735002068360020B2
S3150802D590A21F0020782100205C3B00202083B8EDE2
S3150802D5A011F8013B4FEA122E53400822DBB203F070
S3150802D5B001095B08B9F1000F01D083EA0C03013AAD
S3150802D5C012F0FF02F3D18EEA03020130B2E7012D0F
S3150802D5D03FF40FAF022D00F0D381002D7FF479AE10
S3150802D5E0BDF81E6030460AF0E1F880463046F8F784
S3150802D5F0AEFC01463046E7F78BFD98F81190B8F86D
S3150802D60012B00490EDF7ACF909F00109B7F800A0D9
S3150802D610B4F802800390B9F1000F7FF45AAE4FF6C0
S3150802D620F7739B452A46514600F2B480082009F052
S3150802D63003FD3046F8F78BFCB4F90620E388002A86
S3150802D64080F2AF802388002B40F086806579002D12
S3150802D65040F0828010A93046F8F786FD411E89B24D
S3150802D660BDF84000E7F754FD48F2020362889A4281
S3150802D67047D129462095AE4D492221A83C8808F073
S3150802D68031FC2B78012B3CD1002C3AD114A9304617
S3150802D690F8F76AFD0590BDF850000AF06BF8059A8E
S3150802D6A0BDF85010831ADBB2009420A805930BF03C
S3150802D6B01DF8204619A9EDF773FF10BB059B03B3A6
S3150802D6C09DF88110E9B9BDF88B3003F47E43B3F5B2
S3150802D6D0285F6ED3B3F5385F28BF964A19A822BFCA
S3150802D6E0136843F4000313600122934B1A70F3F78D
S3150802D6F0F7F941F2883191480AF01CF902228C4B5B
S3150802D7001A7018F4004F3D8800F0E88014A93046D4
S3150802D710F8F72AFD0022BDF8507004463846CDE9CE
S3150802D7202022CDF887200AF025F80022031BDBB257
S3150802D7300B2B28BF0B2300923946224620A80AF053
S3150802D740D5FF48F21F039845A34600F09D8038D8B6
S3150802D75088F40043012B6DD9049B794C03F00C0520
S3150802D7600C2D40F0F9802089F4F7FAFC00283FF4E2
S3150802D770B0AD039B2089534514BF4FF002094FF001
S3150802D7800309FCF7DEFC6F4B494618703046FBF777
S3150802D7907FFE9EE5062009F04FFC3046F8F7D7FBD8
S3150802D7A050E75B067FF54EAF29464046F2F76BF81F
S3150802D7B048E72970F2F756FE1E2119A8E6F73AFC41
S3150802D7C09FE748F23A039845C6D1EDF7C9F885426C
S3150802D7D0C2D09DF880100029BED15B4B9DF88120EE
S3150802D7E01D789DF88200954218BF584D1A7018BFC9
S3150802D7F029800128B0D100279DF88530534D04EBC6
S3150802D800C304A4B2A345A7D00BF1060208233146E6
S3150802D810009792B219A80AF069FF2B88002B56D1F5
S3150802D820082119A8FCF7E8FA28800BF1080B1FFA59
S3150802D8308BFBE7E79DF88030002B8DD1BDF8894038
S3150802D840DDF88100DDF8851019AB03C3204619A956
S3150802D850E2F780FA0122204619A9F4F7F1F8A5425F
S3150802D86007463FF479AF012119A8F4F73FFC48F2BD
S3150802D870010398457FF470AF002F7FF46DAF2946F8
S3150802D8802046FEF780FD67E79DF88050002D7FF45D
S3150802D89063AFA8469DF881B00234EAB25A45BFF48E
S3150802D8A05BAFD200D2B222440823394692B2CDF8EF
S3150802D8B0008019A8CDE919880AF018FF19A8F7F700
S3150802D8C007F90AF07DFCF8F717F80135E5E70123B1
S3150802D8D00822284619A9E7F741FBA6E702231C4CAA
S3150802D8E0174F23704FF6F7739B4594BF0023012306
S3150802D8F032460093394600232846F9F7A9F9B8F1C2
S3150802D900130F3FF429AFFB885D043FF525AF114B92
S3150802D9101B78D80703D52278022A3FF41DAF990748
S3150802D9207FF5D7AC2378012B7FF4D3AC14E700BF7D
S3150802D930E3290020E8340020E4290020801F002083
S3150802D940963400200C3B00203E3B0020142D00207C
S3150802D9503D3B00204F2B002000222379B948009333
S3150802D960114663790088F3F799FF082D7FF40BAF08
S3150802D970039B534514BF4FF004094FF0050902E70C
S3150802D9800025BDF81E70B4F90680DFF8CC92DFF8E0
S3150802D990CCA2DFF8CCB299F80030AB427FF699AC4C
S3150802D9A00AEB0516B08800B9708820A9F8F7F1FBCA
S3150802D9B0A27A9DF88A309A4244D1B8F1000F0FDA5A
S3150802D9C0217A9DF888202389914209D89E480078B1
S3150802D9D00844824236DA521A1B0A1341DA0731D54B
S3150802D9E03846F8F7B0FBBDF8863005469B0603D5E0
S3150802D9F0E38898067FF56DACF37903F00C03042BE4
S3150802DA0008D17088EDF7F8FF002372881946184680
S3150802DA10F7F7DFFD00213046F3F78CFBF2F738FD06
S3150802DA20384609F0A7FE854206D2337A01213846DE
S3150802DA308BF80030FBF72CFDB8F1000FBFF649ACA6
S3150802DA400025A8E70135EDB2A5E7BAF1100F25D1F1
S3150802DA50059B002B3FF43DAC7C4B1B78022B40F018
S3150802DA605885002D7FF435AC19A8F2F724F800285A
S3150802DA703FF42FAC764B774C1D709DF88130002B06
S3150802DA80237814BF64266526032B04D12946284623
S3150802DA90F2F7E8FC2570314619A861E0EFF724FA97
S3150802DAA0002861D0BAF1050F7FF413ACB8F1050F5F
S3150802DAB03FF60FAC3046F8F739F8049B9DF88170AB
S3150802DAC0B3F812900123DFF89CA1BB4013F062035E
S3150802DAD0DAF800400690039305D0A50303D51BF098
S3150802DAE0020F3FF4F6ABECF73BFF00283FF4F1AB2D
S3150802DAF0EFF7FAF918B9BBF1000F3FF4EAAB0DF1EB
S3150802DB0082084046F2F762FE039B0490002B49D036
S3150802DB109DF89230032F05934BD10DF19304ECF740
S3150802DB201FFF484540F08781BBF1030F7FF4D1AB55
S3150802DB3019A8E2F757F94FF60473DDF89200DDF8F3
S3150802DB409610ADF864301AAB03C3414619A8E4F738
S3150802DB50DFF80446002800F0F38005210DF1920053
S3150802DB60E6F768FAFFF7B5BBAAF105030A2B3FF6F3
S3150802DB70B0AB01A252F823F0ADDA020887DE02083A
S3150802DB80D1DE0208E7D40208EDE10208D3D2020880
S3150802DB90D3D20208D3D20208D3D2020811E202086B
S3150802DBA059E30208039B032F05932FD10DF1920423
S3150802DBB0B5E7A00740D5FF2208210DF19B00ECF737
S3150802DBC073FD0646C0BB034601460DF19B020220C1
S3150802DBD0F1F720FFECF7C4FE48450DF19B050DF160
S3150802DBE093045FD04FF6F773994540F229810022D4
S3150802DBF008212046ECF758FD002800F02181002272
S3150802DC0040460599F2F7D0FCFFF763BB0DF19A057A
S3150802DC100DF1920419A8F1F74EFF064620B3082221
S3150802DC20294619A808F01BFF78BBECF799FE81452F
S3150802DC3040F00281002635E00DF19B050DF19304B3
S3150802DC40E8E700BF943400205B4700201735002020
S3150802DC50283A0020E329002016350020E02D00206E
S3150802DC600C3B0020E8340020FF2208212846ECF766
S3150802DC701BFD034620B106213046F1F719FFD4E70A
S3150802DC802A460146F1F7C6FECFE7A54B1B78432B7A
S3150802DC907FF41FAB012F7FF41CABECF761FE4845FE
S3150802DCA040F0CA802046ECF7A3FE002800F0C480A4
S3150802DCB0012F55D0042F7FF40CABF2F7C1FB18B134
S3150802DCC0BBF1030F7FF405AB049B002B7FF401AB7A
S3150802DCD00323944C0622414628462370E4F7B2FBF6
S3150802DCE0914B049A1A60914B1B7863B1F3F72AF8A1
S3150802DCF02378022B07D101228D4B41F288318D48B8
S3150802DD001A7009F017FE864B1B78022B0CD10321D9
S3150802DD102846E6F78FF9217800297FF4DAAA084619
S3150802DD20F2F7A0FBFFF7D5BA412B7FF4D2AADAF8AD
S3150802DD30003059057FF5CDAAEFF716FCFFF7C9BAE9
S3150802DD409DF86500FF283FF4C4AA02222146FFF780
S3150802DD50CBF901210DF19200E6F76CF92146DEE7CF
S3150802DD606F4C2378022B23D02378412B3FF4B1AA98
S3150802DD70049B33B9EFF7B8F8059902464046F2F71D
S3150802DD8013FCEFF7B1F800283FF4A3AAF2F758FB01
S3150802DD90B8B1DAF800301A0502D42378432B10D129
S3150802DDA01BF0020F0DD140F61A42634BFFF7FCBA7D
S3150802DDB0F2F746FB0028D7D01BF0020FD4D1FFF7A3
S3150802DDC088BADAF800309B0702D40698FCF728F9D5
S3150802DDD02378112B1FD1DAF800305F051BD50020F6
S3150802DDE0F2F77EFE054600287FF473AAEDF794FE45
S3150802DDF040F61C42504B294628465A61F2F732FB36
S3150802DE002378112B03D0E2214C4808F02FFF412337
S3150802DE102370FFF75EBA1BF0020F01D0F2F77EFD00
S3150802DE20002E89D00023404A1946136018462A460E
S3150802DE30F1F7F0FD80E70025039B002B7FF4D2AEB5
S3150802DE404FF6FF73204619A9ADF86430EDF726F8A8
S3150802DE5020B12046ECF701FDADF864004FF6FF73DA
S3150802DE60BDF8640098423FF434AA049B2A46002B64
S3150802DE700CBF042315232146CDE900833B46F2F75E
S3150802DE80D3FEFFF726BAECF76BFD00287FF421AA2A
S3150802DE90039B002B3FF41DAA1BF0020F04D1284B4B
S3150802DEA01B6898013FF515AA9DF88B00B9F10C0F6E
S3150802DEB094BF002323AB0328BDF889203FF609AA9D
S3150802DEC0009329460DF18103F7F72EFDFFF701BAF4
S3150802DED00DF18100ECF78CFD30B1022229460020B3
S3150802DEE0EFF744FDFFF7F5B9164B1B78013B012BFB
S3150802DEF03FF6EFA90DF18100F6F7EAFD4FF6FF733B
S3150802DF009842044606D10DF18100ECF7A6FCA04220
S3150802DF103FF4DFA90021EFF737FEFFF7DAB900BFB2
S3150802DF2017350020E3290020C4390020283A0020AA
S3150802DF30E4290020801F002068360020669F030817
S3150802DF40E834002020350020AB4B1B689A073FF5C2
S3150802DF50E8AA0822A9480DF1820108F080FD0028E6
S3150802DF603FF4DFAAA64B1B78002B00F03381A54BA2
S3150802DF70A54C1B78DBB9F7F7F5FA218800295AD19F
S3150802DF800DF1820610AD30460CA9ECF787FF48B9A9
S3150802DF900DF1640A08215046E0F742FF8046002840
S3150802DFA000F08980F7F7DEFA0F21FFF7BBBA21885E
S3150802DFB0002940D1084609F053FC2080B0B301235A
S3150802DFC00822204610A9E6F7C9FF78BB01230822D2
S3150802DFD020460DF18201E6F7C1FF38BB0123022272
S3150802DFE0894819A9ADF86450E6F7B8FFF0B9208850
S3150802DFF009F0C0FB844906462846F8F7C7FD20887B
S3150802E00009F0B8FBF6B2864209D1FF238DF86430CF
S3150802E01001237D481A4619A9E6F7A0FF30B900215F
S3150802E0200120F2F71FFA0C21FFF77CBA218881BB7F
S3150802E0301021FFF777BA4FF00709084609F0B6FB31
S3150802E0400546208809F0B2FB2788112100F1080647
S3150802E0503846E7F75DF8102180463846E7F758F85C
S3150802E0600822074610A9304608F0F9FC002840F0B5
S3150802E070BA80082228460DF1820108F0F0FC002831
S3150802E08040F0B180B9F1070FD2D107EB0827BFB22A
S3150802E09079E74FF01009D0E720884FF0010828B138
S3150802E0A01221E7F735F8FF2881461FD13246A946DD
S3150802E0B03846402304E02A46B1464346BDF83000B6
S3150802E0C043F00303CDE900A349460323F2F7ACFD67
S3150802E0D000283FF467AF07214846E5F7ABFFB8F1DA
S3150802E0E0000FD9D0F7F73EFAFFF7F3B80021084632
S3150802E0F009F0B6FBADF8500048B1384614A9F8F74E
S3150802E10045FDBDF8500009F035FB0028CED1142391
S3150802E11000934A46294638462388F8F7D9FCC5E7C4
S3150802E1203A4A1278002A55D0022A2CD119AE02464A
S3150802E1303146E3F7ADFD10A89DF86540E3F7D9FD32
S3150802E1402040FF2843D014AC08212046E0F768FE99
S3150802E150002842D194E80F0086E80F00424631466D
S3150802E16010A8E4F76FF9024688BB032310A9CDE984
S3150802E170004328464346F2F757FD00280CBF1321F1
S3150802E1800621FFF7CFB9012A02D00621FFF7CAB93D
S3150802E19014AC02460090214610A8F1F7A9FC0246E3
S3150802E1A010B10A21FFF7BEB9134B28461B6810A9FE
S3150802E1B05B0003F0040343F00303CDE9004343463F
S3150802E1C0F2F732FD0028E0D11321FFF7ABB905219A
S3150802E1D0FFF7A8B91121FFF7A5B91221FFF7A2B9CE
S3150802E1E00B21FFF79FB90E21FFF79CB94146012083
S3150802E1F0F2F73EFAFFF76DB8E8340020F71B002065
S3150802E20097290020B6290020F43A002096290020F2
S3150802E210C34B1B78013B012B3FF65BA81BF0010F92
S3150802E2203FF457A80DF18100F6F752FC4FF6FF733B
S3150802E2309842054680467AD10DF18100ECF70DFB2E
S3150802E24040450546074672D10DF18100ECF708FEF6
S3150802E250FF283FF43EA8B34B00B200EBC00033F8E8
S3150802E2601050BD423FF435A8304609F083FA093406
S3150802E270E4B2071BFFB20021384609F0F1FAADF8FD
S3150802E280400000283FF425A84FF0010900232A463A
S3150802E2900821CDF80090F9F7ADFDADF85000002839
S3150802E2A03FF417A821463046F7F724FF4FF0000A35
S3150802E2B08046162251461AA8CDF864A007F012FE27
S3150802E2C0434622463146CDF800A019A80AF00EFAAE
S3150802E2D04B46424619A914A8E6F740FE00287EF4E2
S3150802E2E0F8AFA7EB0807FFB2394610A8E6F7E5FE2E
S3150802E2F0284609F065FFFF2818BF8B4A444418BF11
S3150802E30032F81030E4B21CBF23F4804322F81030EE
S3150802E3100021BDF84000234632460097E6F7B6FFCD
S3150802E3202946BDF85000EFF7E3F8FEF7D2BF2846B4
S3150802E33009F046FFFF2897D07C4B1B78002B93D019
S3150802E3407B4B1B7883428FD900217A4B7A4A1B78FA
S3150802E350034442F8231087E7714B1B78013B012BD4
S3150802E3603EF6B7AF402314A8ADF82630E1F73AFDDA
S3150802E37002238DF8503000230AAC21462846C4E908
S3150802E3800033EDF70DF900287EF4A3AFECF7E8FAAF
S3150802E3900346002840F0B9809DF88120042A40F0FF
S3150802E3A0B680664F3A78022A72D13B78022B79D127
S3150802E3B094E8030003238DF8503015AB83E8030075
S3150802E3C09DF85D30002143F00603102210A88DF84F
S3150802E3D05D3007F087FD10A914A8E2F75FFF40B188
S3150802E3E014A8E1F7FFFC204619AB10AA14A9E3F713
S3150802E3F04FFCBDF8523019A943F0040314A8ADF82E
S3150802E4005230E2F74BFF20B90CAA14A919A8FEF755
S3150802E410E9FE10220DF18A010CA808F020FB064637
S3150802E42000286ED13B78022B56D04FF034080026CE
S3150802E4303B78022B08D19DF85D301B0704D4204691
S3150802E4400DF12601F1F724F841462046F1F748F87E
S3150802E45010238DF8643004238DF86630234603CBE7
S3150802E460CDF86700CDF86B1019A80B218DF86560F9
S3150802E470FBF7C2FC024600283EF42BAF002E14BF5F
S3150802E4800123032321462846F2F762FAFEF721BF43
S3150802E4900146009014AA2046F1F72AFB002884D0E8
S3150802E4A0AD26D5E7012BA4D1254B1B6803F08403BF
S3150802E4B0842B9ED194E8030002238DF85030102352
S3150802E4C0ADF8523015AB83E803009DF85D3043F092
S3150802E4D002038DF85D308CE719A8E1F783FC94E80E
S3150802E4E003001AAB83E803004FF6047310A919A8B0
S3150802E4F0ADF86430E3F70CFC002896D04FF0050817
S3150802E50096E74FF03308AD2692E7A326A0E7AA2698
S3150802E5109EE7043B012B3EF6DCAEFFF7A2BA00BF2C
S3150802E520203500204E370020A434002068450020FC
S3150802E530604700206445002088360020962900207E
S3150802E540E8340020F0B50446012593B00DA8E1F79A
S3150802E55049FC0DA88DF834508DF83540E3F70AFFCB
S3150802E56080B39DF8350008ACA84218BF28466D4608
S3150802E5704FF011030BBF214621461C4A1C4AEBF7F2
S3150802E58071FF94E80F0085E80F0004AA1746194B95
S3150802E59003F1100C164618685968083303C6634512
S3150802E5A03246F7D110223946284608F058FA48B1B9
S3150802E5B029460DA8E3F7ACFB054628B10E4A13789F
S3150802E5C00133137013B0F0BD1022FF21204607F065
S3150802E5D089FC9DF835302146012B0CBF034A044AB3
S3150802E5E011232846EBF73EFF044AE8E775E40100E3
S3150802E5F079EB0100B0A10308862200208B220020B5
S3150802E600184B2DE9F0411B7805460E4617463BB1D5
S3150802E610DFF76CFF012805D9841EE4B2012C12D952
S3150802E620BDE8F081EB02C5F3130105D532680E4841
S3150802E630BDE8F041D9F7A2BE3B463246BDE8F041F5
S3150802E6400948D9F755BEEFF3108272B6074B1A601E
S3150802E65027B13A463146A8B2FBF750FBBDE8F0416E
S3150802E660E2F7E8BCE81B0020F8130020F0150020AA
S3150802E670012814BF0420022070B5002442431C70EE
S3150802E680CC7D101D02F002024CB91AB1012220F00B
S3150802E69003001A7000F108034868184470BD1AB1DD
S3150802E6A0012220F003001A7000230C7E01F12005D6
S3150802E6B0DAB2944201D80020F0E735F833205E1C1E
S3150802E6C0824206D901EBC30300F10802D869104455
S3150802E6D0E4E73346801AEBE77FB590F842600446D2
S3150802E6E001920DF10B030A4630461249FFF7C0FFA5
S3150802E6F0012E0546E36B19D132465B6903A9984791
S3150802E7009DF80B10039B019A59B19BB243EA024347
S3150802E710012228460393E36B03A99B69984704B031
S3150802E72070BD1B0C1B0492B21343F1E701229B69CD
S3150802E73001A9F3E7941300202DE9F04790F84270F7
S3150802E74086B0012F05460391A1EB020615D1B6F54F
S3150802E750807F28BF03274FF0640800244FF6FF790D
S3150802E760DFF838A195F84230012B14BF322364230F
S3150802E7709C420AD35FFA88F415E0B6F5803F34BFA7
S3150802E780012702274FF03208E7E705AB2246514632
S3150802E7902846D8F711FD95F84230012B059B33D14F
S3150802E7A04B452CD1E4B295F84230012B0CBF6422BA
S3150802E7B03222121BBA4216D3012F37D10022012B5D
S3150802E7C005968DF8132026D1082205A90DF1130006
S3150802E7D0D8F753FD9DF8133046EA03222146284608
S3150802E7E0FFF77AFF40B102232C4900932846CC232F
S3150802E7F0096803AAD9F7E8FC06B0BDE8F087DBB2D8
S3150802E80003B902340134ADE7591CCBD09BB2002BB5
S3150802E810F8D10134F6E7102205A90DF11300D8F74D
S3150802E8202CFD9DF8133046EA0342D7E7039E012BD7
S3150802E830059621D10823202205A90DF113008DF88A
S3150802E8401330D8F71AFD9DF81320120221462846DE
S3150802E850FFF742FF95F84230611C012BC9B218D165
S3150802E8600028C0D12846B2B2FFF736FF0028BAD12F
S3150802E8700234320CE1B2B2E71023202205A90DF1C7
S3150802E88013008DF81330D8F7F8FC9DF813201204FC
S3150802E890DCE70028A7D13246A1E700BF941300207F
S3150802E8A00A4B1B788BB107280FD8EFF31182302356
S3150802E8B083F31188064B03EB0010037B0BB100238D
S3150802E8C0037382F31188BFF36F8F704734130020E6
S3150802E8D0701100200CB407B504A951F8040B019174
S3150802E8E0E5F71EF90348E5F70BF903B05DF804EB03
S3150802E8F002B0704796A103080346EFF3108072B67A
S3150802E900014A136009F061BE8014002008B5C36885
S3150802E91000209847024B1868BDE8084009F055BE22
S3150802E92038130020144B37B51B78054613B3134C1E
S3150802E93094F83430F3B102212046D8F75FFC20461A
S3150802E9400F4A0DF10703C5F31301D9F73CF860B96D
S3150802E9509DF80730022B08D109492046D8F7ABFCA7
S3150802E9600246411C2046FFF7E7FEE06B03B0BDE80E
S3150802E9703040CBE703B030BDE81B0020F813002077
S3150802E9809413002038B50446DAF716F9A04228D0BF
S3150802E99008F0D6F8012C054602D12146DAF780FAA4
S3150802E9A0EFF3108072B64FF000710E4A0E4B5166A5
S3150802E9B04FF48062611E8A401A675A6E910103D427
S3150802E9C0D3F88420920609D509F0FFFD022C08D156
S3150802E9D02846BDE838400021DAF762BAD3F884201F
S3150802E9E0EBE738BD006000500040005008B508B992
S3150802E9F008F0A6F8054B1B7833B1054B984203D8A5
S3150802EA000120BDE80840BDE70220FAE764150020A8
S3150802EA10005A62022DE9F04F98462A4B87B01B78B6
S3150802EA20054691460091002B46D0072846D8002A6B
S3150802EA3044D0B8F1000F41D0109BB3F5006F3DDC0E
S3150802EA40DFF898B003010BEB001701933B7B002B11
S3150802EA5036D00024DFF888A043010AEB40161022BC
S3150802EA60214630460193CDE90344059407F03AFA64
S3150802EA70009BC6E901890293109B13495A1E019B02
S3150802EA80C2F30A025AF803001201014042F0447224
S3150802EA900A434AF803200D4B2A014BF80230119B10
S3150802EAA02846324602A9C7E901347C73DAF759FFC8
S3150802EAB0204607B0BDE8F08F0548FAE70548F8E7AB
S3150802EAC00548F6E7341300200F80EFF085AD0008FD
S3150802EAD0028000F0018000F0078000F0701100202B
S3150802EAE0F0110020F0B40C4D049E2D788DB1072844
S3150802EAF00FDC0A4D070105EB001494F80CC0BCF1B3
S3150802EB00000F06D0EB5100236660A360F0BCDAF76B
S3150802EB1028BFF0BC704700BF3413002070110020D4
S3150802EB2000F00CB800F00AB800F008B800F006B811
S3150802EB3000F004B800F002B800F000B872B61EF091
S3150802EB40080F09D01EF0040F0DD0DFF850E0AEE82A
S3150802EB50FF1F6FF002000CE0DFF840E0AEE8FF1F8F
S3150802EB606FF00E0005E0DFF834E0AEE8FF1F6FF045
S3150802EB7006006946EFF309828EE8070086460848CA
S3150802EB80084C854501D3A54501D384F30888DCF7EB
S3150802EB90B5F984F30888DCF75AF900003C400020EE
S3150802EBA0480000200810002008B5064B044613B199
S3150802EBB00021AFF30080044B1B6803B19847204637
S3150802EBC0D8F775F900000000A83C002070B50D4D75
S3150802EBD000260D4C641BA410A64209D10B4D002633
S3150802EBE00B4C09F0EDFD641BA410A64205D170BDBD
S3150802EBF055F8043B01369847EEE755F8043B0136CB
S3150802EC009847F2E7304A0020304A0020304A00206E
S3150802EC10344A0020024B01461868DCF762BE00BF80
S3150802EC209049002013B50446694607F0D0F92046F4
S3150802EC3007F015FBFF28024606D020469DF800106D
S3150802EC40DBF72AF802B010BD0048FBE70080FFFF99
S3150802EC502DE9F0418AB001AC05460B462746194A0A
S3150802EC6002F1200C264610685168083203C662452E
S3150802EC703446F7D1002B08BF3B46002710681C46CE
S3150802EC803060384603F10C0690B95FFA87F84246B7
S3150802EC902846218807F001FC50B942462846E188F1
S3150802ECA007F00CFC20B942463146284607F018FC04
S3150802ECB00137032F06F1080604F10204E4D10AB06B
S3150802ECC0BDE8F081B0D50308F0B589B005460E4611
S3150802ECD001F02AFF044600BB01AC06F10C070FCF70
S3150802ECE00FC497E8070084E8070001A9284606F03A
S3150802ECF0ADF82846311D07F068FE044648B928468D
S3150802ED00074901F0E7FA044618B9284601F0D6FE83
S3150802ED10044628463168FFF79BFF204609B0F0BD36
S3150802ED20A8D50308014907F0A5B900BF8D0A03084B
S3150802ED3070B5164E032804460D4633781ED023FABC
S3150802ED4004F202F00102AA421DD053B10122A240E6
S3150802ED50A54023EA02032B43DBB233704BB10120F1
S3150802ED6070BD2DB10A4B01201B6898473378EDE731
S3150802ED703570074B00201B689847F0E79A07DED0E4
S3150802ED8003F0FC03E9E7002070BD00BF1240002033
S3150802ED90E83E0020F8B505460C4609F01BFC104F64
S3150802EDA006463B7833B1012D04D01CB90D4808F04C
S3150802EDB0B3FA3C7021462846FFF7BAFF0A4B0446C7
S3150802EDC01B783BB93B782BB907F040FB10B1074BD0
S3150802EDD01B689847304609F0F8FB2046F8BD00BF85
S3150802EDE013400020BC3E002012400020E0490020CB
S3150802EDF0054A0B46117831B100211170034A0121E7
S3150802EE00526818781047704713400020E0490020DE
S3150802EE1038B5074D04462B78834207D001F09EFD8C
S3150802EE2020462C70BDE83840DCF784BF38BD00BFE9
S3150802EE30114000201B4B022910B5187002D0032975
S3150802EE4004D010BD184B1B78002BFAD105F066FFCB
S3150802EE500028F6D04FF40052144BC3F88420BFF3AF
S3150802EE604F8FBFF36F8F01F001FD0028E9D001F043
S3150802EE70E9FA0028E5D10E4B1C6834B12368984795
S3150802EE80BDE81040002001F05DBD07F0EFF8094B20
S3150802EE90186008F079F8084B1860204601F0EEFC75
S3150802EEA0EEE700BF274A00201140002000E100E0FB
S3150802EEB00C3F0020E43E0020E03E002038B5044620
S3150802EEC00D4605F02BFF80B14FF40052124B5A60E3
S3150802EED001F0CCFC48B9012D07D8012001F032FD1A
S3150802EEE00E4B1B6823B15B6898470D4B1C7038BDE7
S3150802EEF008F04AF80B4B1A68801A186008F05CF892
S3150802EF004FF47A72084B1B6802FB003007F0B0F820
S3150802EF10012001F0B3FCE8E700E100E00C3F002025
S3150802EF20274A0020E03E0020E43E0020F0B585B0E6
S3150802EF3009F050FB344D04462B7823B1334808F0C8
S3150802EF40EBF9002852D108F031F802AA03A907F012
S3150802EF5067FA0346002838D007F076FA029B9842E9
S3150802EF601CD100202A4B03991B682A4E99423070FD
S3150802EF7020D90027C91A012324482B70264A33466A
S3150802EF80CDE9007707F0DAFF002837D1234A13784C
S3150802EF90D90701D53178F9B1204611E007F052FABE
S3150802EFA0029B984228D0002318461949194A09682B
S3150802EFB0137003910121FFF7BBFE002320462B7035
S3150802EFC009F003FB002005B0F0BD20462B7009F0BE
S3150802EFD0FCFA212005B0F0BD03F0FE031370002BE6
S3150802EFE0DAD10F4B1B6898472046E9E7204609F015
S3150802EFF0ECFA0E2005B0F0BD0220B3E70323204643
S3150802F0002F703370F3E700BF13400020BC3E002088
S3150802F010DC3E0020264A0020F1ED020812400020BC
S3150802F020E83E002038B509F0D5FA144D04462B7887
S3150802F030EBB9134A13491370134B144A14481A604E
S3150802F040144A5A60DCF7D6FD13491448DCF7D2FD98
S3150802F050134A144B1A60144B5B6F03F44073B3F5EF
S3150802F060007F02BF0222114B1A6001232B70DCF7C4
S3150802F0709DFE204609F0A9FA002038BD144000205A
S3150802F08013400020D4D50308E04900202DEF0208DA
S3150802F090AC3E002095ED0208DCD50308B43E0020FC
S3150802F0A011EE0208E83E002000400050DC3E002037
S3150802F0B010B50446D0F818210B4B4FF40061C3F87B
S3150802F0C0C42090F82420D20102F4006205F050FD13
S3150802F0D094F8243013F0100F4FF4007314BF034A48
S3150802F0E0034A536410BD00BF003E00B0001002B8C8
S3150802F0F0002002B8D0F8E43013B11A68032A10D8EF
S3150802F100094BDB6BC3F3C20213F0380F03F0070097
S3150802F11018BF504313F4E07FC3F3821203D050435F
S3150802F1207047986A400E7047008001B8431C07D0A2
S3150802F1306FF0FF02034B10405A62A3F580535862E0
S3150802F140704700BF00E000B82DE9F0438F7880468B
S3150802F1500F2F0C4685B003D9212005B0BDE8F083F0
S3150802F16027B90122414B1A700020F6E70D784E782E
S3150802F170EDB9002EF0D194F90310E08803F0C6F831
S3150802F1802128E9D055EA0603A088DFF8F89013D0BB
S3150802F19003F066F94FF60403B9F8002001469A42CD
S3150802F1A05FD1AE42334638BF2B4600262DE0082DE6
S3150802F1B0D2D8082ED0D8DEE703F052F94FF6040566
S3150802F1C001464FF605002A4A136E9BB2AB4208BFA8
S3150802F1D00346B1F5803FA9F800300FD90223082566
S3150802F1E0136680230126C2F880302B4649084FF65B
S3150802F1F0FF720139914228BF114608E08023012691
S3150802F20008251666C2F880302B460029EFD100225F
S3150802F21002920122013FFFB2009201972A4608F1A3
S3150802F220F80002F05BFF1EB14FF48012114B5A65CB
S3150802F2300221114BA2681A600C4B197098F82D30EE
S3150802F240013B8B4290D8032301200C4AC2F8503264
S3150802F2500B4BC3F85002C2F864120422C3F86422A4
S3150802F26082E703480266A9F800309AE715400020AB
S3150802F27000C001B800D001B8F43E0020006001B811
S3150802F280005001B81C4A0020F8B504460F46164637
S3150802F29009F0A0F90546A047044620B1284609F018
S3150802F2A094F92046F8BD04F0FBFD04220549D1F87D
S3150802F2B0F03E23EA07033343C1F8F03E024B5A6491
S3150802F2C0ECE700BF003000B0002002B800F01803D7
S3150802F2D0182B0AD003070AD440F2011310F01000C3
S3150802F2E018BF1846034BD86770470020FAE7012073
S3150802F2F0F8E700BF003F00B0044B1868830654BF06
S3150802F300C0F30F204FF6FF70704700BFE03F0020A2
S3150802F31038B10368044A002B08BF1346034A136030
S3150802F3207047014BFAE700BFBD600308F0490020A9
S3150802F33010B4D0E9544122400B4052EA030104D0EA
S3150802F34003495DF8044B096808475DF8044B7047A2
S3150802F350F04900200F2938B505460C460ED801F0AB
S3150802F36013FB01280CD1074A2846936E23F00F0394
S3150802F3702343936607F0C3F8002038BD2120FCE733
S3150802F3800220FAE7003F00B0014BD86E704700BF73
S3150802F390003F00B0014B0020D9667047003F00B01D
S3150802F3A003282DE9F74F0C46914600F28780444B15
S3150802F3B013F800A0434B1E5C434B13F800B009F048
S3150802F3C009F9804604F0B8FC074640B1002300223A
S3150802F3D0CDE9003301200023002104F0DBFA04F012
S3150802F3E0B3FC48B100230022CDE9003300200023F4
S3150802F3F04FF4004104F0CEFA002E52D0334BDD6CA6
S3150802F40005F008050AEB0600314B23305844DD6443
S3150802F410C0B202F083FC3146504604F0A3FD5A46B8
S3150802F4203146504604F02CFE2A4BDD64DFB12A4BE6
S3150802F4301868D0F89410F83003F0B4FB2749086826
S3150802F440FFF774FE4FF0FF330B60254B1A68511C09
S3150802F45006D06FF07E402349C863A1F58051CA637E
S3150802F4604FF0FF321A60B9F1000F04D01E4B00218B
S3150802F47003205B689847B4B14FF400521B4B1D6FCB
S3150802F48003F50053C5F340351A67404609F09DF85F
S3150802F49001F07AFA012808D15DB9002003B0BDE867
S3150802F4A0F08F3546AEE72546EFE7002CF0D105206A
S3150802F4B0F4E74FF400520E4B1A67EEE72120EDE708
S3150802F4C0ECD50308E8D50308E4D50308004000B8DC
S3150802F4D0006000B8005000B8EC3F0020EC4900205C
S3150802F4E0E849002000E000B8E049002000C001B861
S3150802F4F000D001B80F4A536C13F0A00F15D1906CC7
S3150802F50010F0040013D10C4BD3F8F03E23F07F43DE
S3150802F51023F0FF035BB1D368C3F30362092A07D05A
S3150802F520B2F10C0018BF0120704700207047012075
S3150802F530704700BF000002B8003000B0074A084B07
S3150802F54030B10221C2F864120422C3F86422704759
S3150802F5500421C2F864120222F7E700BF006001B86C
S3150802F560005001B870B50D46064620B91C4B1B68FB
S3150802F570D3B10E2017E001F007FA01282DD1194B55
S3150802F58093F90040D6F8E430C4F11C040BB193F9A0
S3150802F5902630E41A641BC4F12B03002BB8BF5B4266
S3150802F5A0232B0CDD212070BD01F10F03002BB8BF00
S3150802F5B05B42232BF6DC0B4B19700020F3E786F827
S3150802F5C0285009F007F8084A136A23F4FF2343EA86
S3150802F5D0C423136208F0F9FFEFE70220E3E700BF4E
S3150802F5E0EC3F00201640002000C000B818B9034BB3
S3150802F5F093F90000704790F92800704716400020DA
S3150802F60010B5044606F046FF10B1012001F046FA8D
S3150802F6102046FFF74DFD03F08BFE08F0DBFF0A4A92
S3150802F6200121D2F8C03E044623F02003C2F8C03EA8
S3150802F6300222064B08469A60054B5B6898472046A5
S3150802F64008F0C3FF002010BD003000B0001002B859
S3150802F650E0490020094B08461A6D91020BD4D3F8EB
S3150802F6604021D20708D4D3F8803013F4706F14BF40
S3150802F6700120002070470120704700BF004001B8F2
S3150802F680F8B50D46D0F8943002EA010423EA0103DC
S3150802F6902343C0F894304D4A01F00B0323EA0401D0
S3150802F6A0D1642340A2F580526F070646D36410D56B
S3150802F6B00121FFF7CFFF60B104F0F2FB4FF40073AC
S3150802F6C014F0040F14BF424A424A13650422424BFD
S3150802F6D05A64E90606D514F0100F14BF00221B223D
S3150802F6E03E4B5A652A0618D5230611D54FF4001241
S3150802F6F0374BDA6408F06EFF0E210746032003F043
S3150802F700A1F940F20122354B3846DA6208F05DFF6C
S3150802F710214606F1F80003F045FAEF0503D5E005A0
S3150802F7203DD503F05FF9A90503D5A2053AD503F03D
S3150802F73065F915F48C6F1DD014F4806237D096F8EB
S3150802F74025309B070CD5F28DB6F82A3193422CD078
S3150802F750B6F82C319F1A7B427B41214A82F8DC306B
S3150802F760D6F8E410304606F0AAFC80221D4B9867AC
S3150802F7701D4B1A612B0510D504F092FB1B4A14F493
S3150802F780006FD2F8F03E14BF43F0006323F0006323
S3150802F790C2F8F03E0422104B5A640020F8BD03F06A
S3150802F7A01BF9C0E703F024F9C3E70123D5E7680587
S3150802F7B0D6D596F825309907D2D5094B114683F83E
S3150802F7C0DC200B4B30461B689847C9E7006000B837
S3150802F7D0005001B8006001B8002002B8004000B825
S3150802F7E0003E00B0003F00B0000002B8003000B092
S3150802F7F0143F0020014B1868704700BF003F0020E5
S3150802F80037B508F0E7FE002401230022CDE90034CB
S3150802F810002305461946104604F0BCF8052002F0F6
S3150802F82031FB064B21461C60054B02205B68984754
S3150802F830284608F0CAFE204603B030BD083F00201D
S3150802F840E04900202DE9FF4102290D461646984651
S3150802F850039004D1FFF7D4FF04B0BDE8F08108F0A5
S3150802F860B9FE1E4F04463B683BB1B34205D008F0C9
S3150802F870ACFE002321203B60EEE7194B0022C3F8B9
S3150802F88000803E60002301264FF000081046194604
S3150802F890CDE9006604F07EF8124B052083F8008055
S3150802F8A002F0F0FA43462A46052003A902F008FBAD
S3150802F8B00D4B039A1A6008B92046D8E70B4D2B68F8
S3150802F8C09847212804D0204608F07FFE0020C3E787
S3150802F8D031466B6802209847F5E700BF083F0020CB
S3150802F8E0043F002019400020003F0020E049002084
S3150802F8F0044B5B6E9B044EBF0120034B187800F045
S3150802F9000100704700C001B8194000200A78022A8F
S3150802F91011D0101F4242424152004B781201022B6B
S3150802F9200BD0191F4B424B415B000549054842EA79
S3150802F9308312FFF7A9BC0122EFE70123F5E700BF0F
S3150802F940F0FFFF00D10903080B78022B10D0181F0D
S3150802F950434243415B004A78022A0BD0111F4A42AE
S3150802F9604A4152000F21044843EA8202FFF78CBC3F
S3150802F9700123F0E70122F5E7FD0903082DE9F8431B
S3150802F9800E780446042E0D4690F830810BD10027D6
S3150802F9905FFA87F9484601F04FFE08B14E4602E083
S3150802F9A00137042FF4D1304601F046FE002849D02B
S3150802F9B094F83031B34209D1AA88D4F8A4309A42CD
S3150802F9C004D16A88B4F832319A4238D084F8306160
S3150802F9D0AB883046A4F834316B88A4F83231AB8848
S3150802F9E004F59875C4F8A430FF2384F82B3006F082
S3150802F9F0E7FD84F82A00284601F0AEFD18BB284622
S3150802FA0001F010FEF8B9D4F8E03053B194F8301189
S3150802FA10414506D02046B3F91220DAF7BFF884F832
S3150802FA203901204601F086FE0949A4F8340101236A
S3150802FA30084AD1F8FC1004F1F80003F045FD00204D
S3150802FA40BDE8F88321200C2384F83031F8E700BF9B
S3150802FA50004F00B0A43F00B070B5054690F83001DB
S3150802FA600C460C281FD0FF2901D1212070BD1AB1DE
S3150802FA704FF0FF320D4B1A6006F0A2FD064695F8C6
S3150802FA80300101F049FE844228BF0446E4B2B4427A
S3150802FA9038BF3446E0B285F82B0001F069FFFF282B
S3150802FAA0E3D00020E2E70220E0E700BFF4490020A5
S3150802FAB010B590F8303104460C2B44D0D0F8E0301B
S3150802FAC080F82A10DBB3D0F8F020D2B990F8393191
S3150802FAD08B421CD300222046FFF7BEFF48BB1B4BB6
S3150802FAE01B7813F0FD0F23D1204601F023FE184997
S3150802FAF00123184AD1F8FC1004F1F80003F0E4FCDB
S3150802FB0016E0B0F94220B3F912309A42E2DD002239
S3150802FB10204694F83911FFF79FFF50B9C4F8E00060
S3150802FB20204606F0E1FE4FF6FF739842014601D1E0
S3150802FB30002010BD2046BDE8104005F0C3BAFF23D9
S3150802FB4080F82B30F4E70220F3E700BF204A0020B2
S3150802FB50004F00B0A43F00B0F0B51D46144B044652
S3150802FB601B780F46164685B05BB1D0F8E030E3B194
S3150802FB7002AAB3F9123000920022DAF70DF805B09C
S3150802FB80F0BD02A906F023FA9DF808103A46204667
S3150802FB90DAF704F8014626B92A462046FFF75CFF3B
S3150802FBA0EDE72046FFF784FFE9E71846E7E700BFD7
S3150802FBB0F59F0308F0B504468FB001F07DF8D4F836
S3150802FBC09C300546012B00D010B128460FB0F0BD77
S3150802FBD06C49204606F043FDD4F8E0600146E58DFF
S3150802FBE0C4F8E4003EB133682BB15B681BB11A68EE
S3150802FBF0032A00F2A48008F0EDFC01462046FFF72E
S3150802FC0079FA0746084608F0E0FCD4F8E410B38906
S3150802FC108DF80E70EB1A9BB2D6E9012000FB03227F
S3150802FC205948ADF80C3003680292994207D020462B
S3150802FC3006F045FA80225549554B88671A61554D93
S3150802FC40534E00F0A1FE0128FBD12B6CDB07F8D43A
S3150802FC50736CDF01F5D4D4F8E41020460D919DF8B3
S3150802FC600E20029908AB03F093F9002847D100F059
S3150802FC708BFE0128FBD1464A4649536CD801FCD46F
S3150802FC800B6CDB07F9D408A901A803F0F9FA0546B3
S3150802FC90002834D1E28D404B5A6494F8243060F33C
S3150802FCA0410384F8243001F0D9F8D4F8E0305969D0
S3150802FCB0431E0E68DBB2FD2B049624D84B68012836
S3150802FCC0059330D10126DF1C06D90133334B5B6815
S3150802FCD046D0DA1C41D80593024604A9204601F00B
S3150802FCE037F8002E7FF471AFD4F85431990529D428
S3150802FCF094F8243043F0020384F8243065E7022599
S3150802FD0028460FB0F0BDF71C13D9244B01361B68E1
S3150802FD1018BF0126DA1C1BD804934B68FF280593E3
S3150802FD20D1D00020D8E70246204604A901F010F8EF
S3150802FD304BE74B68FF280593C4D02A46F4E79F6A27
S3150802FD407F0E64E720464FF4803106F0FDFD3CE75E
S3150802FD50FF284B6813D00593C3E7FF28C1D1E0E714
S3150802FD60DE1C06D80246204604A9059300F0F0FFD9
S3150802FD70BAE7FF28B8D10022204604A9F6E70120EF
S3150802FD800593A0E7FC4F00B0F03E0020003F00B00C
S3150802FD90000002B800C002B8008001B8FC49002081
S3150802FDA010B50C4619B106F075FB00B104342046AD
S3150802FDB002F056FB024B4042C3F8E00E002010BD8B
S3150802FDC0003000B0838E70B593420C4615461CD39C
S3150802FDD0836C8B4208BF002408F0FCFB4FF49C534B
S3150802FDE00B490646CA68C2F30362D340DA0702D54C
S3150802FDF04B6C9B0304D401222946204601F05EF986
S3150802FE00304608F0E2FB002070BD2120FCE700BF67
S3150802FE10000002B82DE9F0410B460646154611B90F
S3150802FE202120BDE8F081002AFAD0032905D800224C
S3150802FE3001F0AEFA03460028F2D01C889A78B4F587
S3150802FE40804F02F0070180F08680A1F1070C18792D
S3150802FE50DF88DCF1000343EB0C0305292B7394BFFF
S3150802FE600023C2F30013C2F3801C6B73930985F84F
S3150802FE7010C003F00203C2F3C00C43EA0C03C2F338
S3150802FE804012E8746B74AA74D6F89430AF82D80616
S3150802FE904DD4063901294AD8B6F81280F76908F10D
S3150802FEA0FF38083C04EA0804395D2C4B80295B6D4F
S3150802FEB008BF6FF07F014FF000031CBF323949B209
S3150802FEC0A973AB6096F82700013404EA080460BBFC
S3150802FED03B5D5B0103F47E63FF2B9CBFDB43D8B219
S3150802FEE0D6F8EC3003B19847631CE87303EA0803B3
S3150802FEF0F95C013303EA0803FA5C013303EA0803EF
S3150802FF0041EA0221FA5C013303EA0803F85C41EA92
S3150802FF100241002341EA00616A7C304603F090FB05
S3150802FF2006232860AB7100207BE71846DCE700232E
S3150802FF300020EB730A4BDA69C2F30723120448BF9F
S3150802FF4063F0FF035AB212F1800F1CBF323B5AB25A
S3150802FF50AA730346E5E7022063E700BF004000B83C
S3150802FF6000C000B811F5004F1FBF01F30E01044B84
S3150802FF70C1F30E01002014BF99642120704700BF07
S3150802FF80008001B82DE9F04104460E4619B990F8E9
S3150802FF9024305A0650D43D4B3D4A5B6A618EC3F300
S3150802FFA0032313704FF6FF739942D4F8E47004D012
S3150802FFB0384B1B680BB120469847374D2B68BB4216
S3150802FFC05DD0364B1B6833B1002F5BD0396801B15F
S3150802FFD0B968204698474FF00708204601F0AAFB61
S3150802FFE0002E41D02E4B93F90030C3F11C0317B1F2
S3150802FFF097F926209B1A062094F9286023499B1B09
S315080300000A6ADB0222F4FF2203F4FF2313430B627B
S31508030010D4F8E420234B2A60986701F055FD0025A0
S315080300200121214A214B1170204683F8845006F09A
S3150803003066FA2846BDE8F0814FF6FF7C66F3861319
S31508030040124A80F82430536A134D1149C3F3032324
S31508030050D0F8E4700B702B68A0F832C0BB42B0D15D
S3150803006001F068FB4FF00108114A4346D2F8FC1029
S3150803007004F1F800A2F65C7203F026FAB2E74FF031
S315080300800108AAE7394620469847A4E700C000B8FE
S3150803009018400020FC3E0020F03E0020F83E0020D9
S315080300A016400020006000B817400020003F00B04B
S315080300B0004F00B0054A12681AB190F81E1119B913
S315080300C01047084602F0DEBC01487047EC3E0020A4
S315080300D000FEFFFF3A4B2DE9F7431C6801F400794C
S315080300E000F00103174653EA090206460D4640D0B7
S315080300F04FF0000893B30023002201200021CDE925
S31508030100008803F047FC41462046FFF7D3FF012248
S3150803011041462086104606F0A6FBD4F8941004F14F
S31508030120F80002F03FFD27490868FEF7FFFF4FF086
S31508030130FF330B60244B1A68511C06D06FF07E40C0
S315080301402249C863A1F58051CA634FF0FF321A608A
S3150803015094F8243043F0040384F82430B9F1000FEB
S3150803016007D00121204606F0EFFB25F40075064368
S315080301700D432B4632462046FFF7DAF8FB070FD521
S315080301801349144A08680021136811600121124AA9
S31508030190117003B19847114B002102205B689847F9
S315080301A017F00E0F08D04FF409723B21002003B055
S315080301B0BDE8F04304F0D4BF03B0BDE8F08300BF45
S315080301C0EC3F0020EC490020E849002000E000B895
S315080301D0043F0020083F002019400020E049002082
S315080301E008B558220021064805F07CFE1022FF2197
S315080301F0044805F077FE04F015FD002008BD00BF8E
S31508030200F43E00B0383F00B073B586216F22A0F8DC
S3150803021014118221C0F80021C0E9411264220C237B
S31508030220C0E9432207224FF0FF35002680F8303114
S315080302304FF6FF730446C28700F14C028264204AD4
S31508030240C385A0F8403080F82C3043864263038781
S3150803025080F82860C0F8A450458580F8265003F036
S315080302607BFD2046FFF7BCFF0122164B2046C3F849
S31508030270382294F92810FFF775F96023124A41F6D4
S31508030280FF71D3644FF03A42116311670F4A294647
S31508030290D36440220E4B20465A64D4F89420FFF7C1
S315080302A0EFF90E230022CDE9003340F2022310466C
S315080302B0194603F06FFB01F0D9F9304602B070BD59
S315080302C04000FFFF005001B8004000B8005000B8D6
S315080302D0002002B810B50C46FFF782FFCCB1A3780D
S315080302E0082B18D8E278082A15D843EA021313F01C
S315080302F0FF030CBF19466168084AC2F8F41021784F
S3150803030082F84811617882F84B3182F8491104F072
S3150803031089FC002010BD2120FCE700BF003E00B089
S31508030320012A10B512D8032B10D803EB8202012336
S31508030330074C934094F84A01DBB221B103430020EA
S3150803034084F84A3110BD20EA0303F8E72120F9E7C8
S31508030350003E00B0044BD3F8F03E13F0806F14BF91
S3150803036023200020704700BF003000B00246F8B5CE
S31508030370B0F8344100F1F805FFF7ECFF0B688E6817
S31508030380013304BFD2F800310B604B68013304BF55
S31508030390D2F80C314B60771C3BD1D2F80831CF68C1
S315080303A08B607E1C3CD1D2F804610F69CE6001379D
S315080303B004BFD2F8F8700F614F69013704BFD2F84A
S315080303C0FC704F618F69013704BFD2F810718F61D2
S315080303D08F6967BBC0F1640408688C6110B16F2824
S315080303E038BF6F20C2F808314B68C2E94006C2E934
S315080303F043340B692846C2F8F8304B690F49C2F8EB
S31508030400FC30D1F8FC1007230D4A03F05DF80020F1
S31508030410F8BD04F16F031B1AB34238BF3346BEE770
S3150803042004F18606361ABE4238BF3E46BDE76F3428
S31508030430241ABC4238BF3C46CEE700BF004F00B083
S31508030440A43F00B070B508F0C5F805460B4E00F09A
S315080304509BFA012805D0284608F0B7F80224204657
S3150803046070BDF36813F0706FF1D1F46814F080541B
S31508030470EDD1284608F0A9F8F1E700BF000002B855
S3150803048038B508F0A7F84FF6FF710A4A13888B4266
S3150803049003D108F09AF80E2038BD074C074D1B0404
S315080304A06567A4F580546367118008F08EF8002009
S315080304B0F2E700BF1E4A0020006001B80000FFFFF4
S315080304C02DE9F74304460F4615461E46FFF712F86D
S315080304D038B3A38A2BB3204605F0BBFD78B97A4B0C
S315080304E0D3F8F02E1EB10E2003B0BDE8F08302F058
S315080304F03003102BF7D002F0C002402AF3D0DFF8FE
S31508030500F88102F015FFD8F81430D907EBD508F0AF
S3150803051061F80646032001F0B3FD20B1304608F022
S3150803052054F80220E0E7D8F8142012F00608F5D1AB
S31508030530304608F04AF8644B4FF400612046D3F876
S31508030540F09ED3F8C86E04F027FB40B14FF400724F
S3150803055001215E4B08465A64424606F084F994F82C
S3150803056025309A0707D5D4F894305B0542BF4FF474
S315080305700022574B5A643946204604F0A3FD524BD2
S31508030580C3F8F09EC3F8C86E0028ADD194F824309A
S31508030590980601D4002D58D0C5F3400003F046FC55
S315080305A0022315F4807F1FBF494A002153644FF085
S315080305B03A420BBF454A91615364536303F070FC97
S315080305C04FF4806315F0040F14BF424A424A15F0EC
S315080305D0400F13654FF004023C4B28465A644FF00C
S315080305E0400314BF3D4A3E4AC2F8B830FEF76EFED2
S315080305F0204605F056FE38B14FF4807315F0010F07
S3150803060014BF334A314A5364A90647D54FF6FF72D6
S31508030610B4F8403093420FD0324A3349526F100C24
S31508030620C2F301120132B3FBF2F30880294A2A49BD
S315080306302E481B0448675367003D18BF012594F8E5
S31508030640243065F3451384F82430204605F022FF49
S31508030650F0B1204605F025FED0B14FF4003120460F
S3150803066004F09AFA431C03229BB2214801A905F018
S3150803067094FF9DF8042002F00703052B9DF8053027
S3150803068015D112070DD443F480731A4AC2F8D03031
S31508030690002003B0BDE8F04305F08CBFFFF7F0FE7A
S315080306A0CAE713F0040F09D19DF80630EBE703F008
S315080306B03002202A05D113F0010FF4E74FF48073B3
S315080306C0E3E79DF80630E0E7003000B0002002B803
S315080306D0001002B8005001B8006001B800D000B895
S315080306E000E000B8004001B81E4A00200000FFFFE2
S315080306F00C0000BA003E00B000C001B82DE9F34172
S315080307000646884615461F4607F064FF0446032037
S3150803071001F0B6FC38B1204607F057FF0E242046F1
S3150803072002B0BDE8F081042001F0AAFC0028F2D14A
S31508030730204607F04AFF01232A4641463046FFF77B
S31508030740BFFE04460028EAD1DFF8C48077B188F8EB
S31508030750000039463046FEF7F7FC002849D198F8D9
S315080307600030012B08D103F04BFBD8E798F800308B
S31508030770002BF4D12124D2E720221F4B01205A64EF
S315080307801E4B9B6FB3F5817F22BF80221C4B1A61D8
S3150803079005F025FF07F01EFF1A4B06461B68019353
S315080307A053B901F0EDFC15F0800517D101F02EFDC4
S315080307B0284603F00FFB16E0042001F063FB002331
S315080307C00122042001A901F07BFB0028E9D103F0EB
S315080307D07FFB2124304607F0F8FEA0E700220A4BE8
S315080307E09A6701F013FD094B01215B6800209847BE
S315080307F0F0E7044693E700BF001002B8003F00B0D5
S31508030800000002B8F43E002000C001B8E049002009
S315080308101540002008B50C4BD3F84C21531C11D0B6
S3150803082012F080420ED1094B1B681BB111460320F7
S31508030830FEF7B6FD4FF08062054B1A6501225A6131
S3150803084002229A6208BD00BF0080E00FEC3F002039
S31508030850001002B84FF40022034B586C03F50053FB
S315080308605A64C0F3C0407047000002B8024B586987
S3150803087000F00100704700BF00C001B808B50D4B72
S315080308805A69D10710D518B9BDE8084001F0D4BA9A
S315080308905B69DA070DD401F0C1FA0323064A136428
S315080308A0A2F58052536404E05B69DB0701D4002890
S315080308B0F1D108BD00C001B800E0095030B56FF0AA
S315080308C04044114D2040C5F85042104CC4F850021C
S315080308D04FF0FF30C5F85402C4F8541238210A40C1
S315080308E0C5F86412C4F8642209490A4A0020C2F802
S315080308F0C810A2F58052C2F8C8300423C5F864327A
S315080309000223C4F8643230BD006001B8005001B850
S315080309100000FFFF00E000B890F92430002B0CDA42
S315080309204FF08053064A29B19360A2F58052D360EB
S3150803093000207047D3609360FAE70E20704700BF24
S31508030940006001B84FF0806310B1024A53617047E3
S31508030950014AFBE7001002B8002002B8202350B171
S31508030960064AC2F8F433064B196C11F0010104D197
S31508030970032002F0F3BC034AF3E77047001002B8FA
S3150803098000C002B8002002B80F4BDB68C3F3036349
S31508030990013B0B2B0FD8DFE803F006060C06060609
S315080309A006080A080808022070470420704705202D
S315080309B0704703207047054B5B6913F0060F0CBF9E
S315080309C001200420704700BF000002B800C001B828
S315080309D0094AD368C3F303630B2B08D06FF490500B
S315080309E0184100F0010080F0010040007047506C88
S315080309F010F48030EDD17047000002B80C4AD36872
S31508030A00C3F30363062B07D8042BD8B20BD8C31E2C
S31508030A105842584140007047072B06D1D2F868015F
S31508030A200028ECD17047022070470020704700BFAA
S31508030A30000002B8094BDB68C3F303639A1E012A55
S31508030A408CBF00220122012B02701EBF4FF40262E3
S31508030A5022FA03F303F001030B707047000002B890
S31508030A60094AD368C3F30363032B01D0072B08D1C1
S31508030A70936CDB0605D4D06C80F00800C0F3C00085
S31508030A8070470020704700BF000002B8024B0022DF
S31508030A90196805F0E7BC00BFD4D40308024B1B68EA
S31508030AA003B11847704700BF203F0020024B1B685D
S31508030AB003B11847704700BF1C3F002010B5FF223B
S31508030AC04FF6FF71044605F0E8FC68B9FF224FF6B6
S31508030AD0FF71204605F0F2FC30B92046BDE8104008
S31508030AE0FF22024905F0FCBC10BD00BFFCD5030874
S31508030AF010B55B0743EA02439DF8082043EAC1633E
S31508030B00520502F0BC621A43064942F4C872044607
S31508030B1004F02EF8002220461146FFF753F9002069
S31508030B2010BD00BF9007E12D37B50C4605460B4BA4
S31508030B301A680B4B19680B4B186801F0A9FD94F852
S31508030B4028302846009394F82B3094F8292094F8F3
S31508030B502A10FFF7CDFF03B030BD00BFB03F00201A
S31508030B60AC3F0020B43F002008B5FFF779FF88B1F2
S31508030B70094BDA6912030DD5586C10F4003009D104
S31508030B80DB6C13F0100F4FF010030CBF034A044A33
S31508030B90D36408BD0220FCE7000002B8001002B8BF
S31508030BA0002002B8034610B500B3124AD1690903F7
S31508030BB01ED5946CC4F38114032C15D0022C17D1BB
S31508030BC022460D49B1F8CC0001F10061801A01F5FE
S31508030BD036710144184605F052FF064A0472D26C70
S31508030BE0120A4272002010BD0822EAE72120FAE71A
S31508030BF00220F8E7000002B8003E00B070B50C46C4
S31508030C0005460A4E0A480022012C08BF3046094BFE
S31508030C100949FFF753FE631E5C425C4195F824308D
S31508030C20002064F3C71385F8243070BD91D10619E3
S31508030C3090D106190000F6289E0C4B5404292DE979
S31508030C40F04104460F462ED84E1EF6B2032E8BBF2E
S31508030C500025164BA84613F806809CBF144B9D5DCA
S31508030C6005F018FC80B94FF000084FF460320020F5
S31508030C70104B6D045A6245EAC835A3F580535D6285
S31508030C8084F82D70BDE8F0812046FEF77DFB80B21F
S31508030C908428E8D8022EE8D894F824102046C909EF
S31508030CA0FFF7ACFFE1E72120ECE700BFF8D503081F
S31508030CB0F4D5030800E000B810B590F82730022BE6
S31508030CC008D11C4BD3F89C1031B9C28D272A0ED9EB
S31508030CD00E2002E0042B01D0002010BD154BD3F8DB
S31508030CE09C30002BF8D1C28D272AF1D80121124B4B
S31508030CF012481B68834219D031241148181A4342F3
S31508030D0043415B000B48A0F8B640502463432824AC
S31508030D1004FB01330B491944895CFA31A0F8BC106A
S31508030D2009490B449A5C094B1A70D5E76FF003041B
S31508030D300123E7E7003E00B0483F002000F04902E0
S31508030D40005A6202F4D6030804D603081A400020A0
S31508030D5010B5124B0C68C3F87842C3F87C42C8B185
S31508030D60D0F8E030B3B15B69A3B1501EC0B2FD2819
S31508030D7012D9013404BF6FF0010008600868FF2A1E
S31508030D80186007D14A68013202D16FF001024A603E
S31508030D904A685A60002010BD012AF2E7004001B8EC
S31508030DA0F0B585B06D460E460F4B074614460FCB76
S31508030DB085E80F000D4BD3F848020090D3F84C2270
S31508030DC001923EB1631EDBB2FD2B0AD93060FF2CBC
S31508030DD000D17260224629463846FFF7B9FF05B0A7
S31508030DE0F0BD012CF4E700BFE4D703080080E00F49
S31508030DF0F0B585B06E460D4B07460D460FCB86E814
S31508030E000F0000F02BF8314604460246384605F033
S31508030E10C1FC4DB140B9FF2C1BBF04AB03EB8404E3
S31508030E20009B54F8103C2B6005B0F0BDE4D70308CB
S31508030E30FF2818BFC3434FF0180108BF1023064AFB
S31508030E4018BFDB00C2F8FC1318BF03F00803A2F5AA
S31508030E508052C2F8FC337047002002B8024BD3F81D
S31508030E60F807C0F3C0407047000002B84FF03A4392
S31508030E70D3F81421D2031ED54FF480320E49C1F894
S31508030E801421A1F58051C1F818215A6DD1B2C2F3C4
S31508030E900722C3F8A410C3F8A4200422C3F8A42085
S31508030EA00022C3F8A420C3F8A420C3F8A420C3F8D7
S31508030EB0A420C3F8A4207047002000BAF0220B4BE5
S31508030EC001219A64A022A3F580539A644FF03A430A
S31508030ED0826CC3F8F410FC21C3F8CC10C3F8D020F5
S31508030EE04FF40052C3F8F020704700BF006000B803
S31508030EF0F8B54FF03A440D461746064607F06AFB1F
S31508030F00012304226363084BE76026616561C3F81E
S31508030F1014214FF40042054BC3F8842107F055FB0F
S31508030F200DB102236363F8BD002000BA00E100E0B7
S31508030F302DE9F04105460124006800F00700063054
S31508030F4004FA00F3A868EC685E1EA04262D000EAC1
S31508030F50060E6C6810441E430640A3EB0E000EEB08
S31508030F60040C8242644618D9D31A0EEB030298B1CD
S31508030F70431E052B04D94B1CACEB0303022B59D890
S31508030F800B460844ACEB010E03EB0E0113F8014BB9
S31508030F9083420C70F8D101466C688AB1531E052B3F
S31508030FA001F1010302D9E01A022812D80A44611E84
S31508030FB000E0013313F8010C934201F8010FF8D14D
S31508030FC007F008FB0223AE60AB62BDE8F04107F009
S31508030FD0FCBA0B46204622F0030E8E4453F804CB84
S31508030FE0734540F804CBF9D122F00303D01A9207CC
S31508030FF001EB030C04EB0307E2D0CA5C0128E254B5
S31508031000DED09CF8013002287B70D9D09CF80230D8
S31508031010BB70D5E7042A35D90878043AA861487815
S315080310200431A86111F8020CA86111F8010CA86132
S31508031030A8688CE70B4620F003070F44ACEB010EB8
S315080310401C684EF803400433BB42F9D120F003036E
S3150803105010F0030F01EB030EA0EB03040CEB0307DD
S3150803106028D011F80380012C0CF8038022D09EF8AF
S315080310700130022C7B7018BF9EF80230084418BF53
S31508031080BB7088E7013A032A12D8DFE802F00F1586
S3150803109007020B4613F8012B1946AA610A4612F8EA
S315080310A0013BAB61114611F8013BAB610B78AB61B0
S315080310B0BDE8F08108446EE70A46F3E738B50B4600
S315080310C0154601464FF03A4468B101221048C4F860
S315080310D0F4201A46FFF72CFF25B14FF03A430422B2
S315080310E0C3F8F42038BD73B1D4F8D8209A4284BF24
S315080310F00122C4F8F4204FF03A42C2F8D43002234E
S31508031100C2F8F430E8E70123C4F8F430E4E700BF93
S31508031110CC0000BA38B5044607F05CFA4FF03A42F9
S315080311200121638F054651674BB3B3FA83F3C3F1C2
S315080311301903DBB2A069C2F8B410C2F88C300723CE
S31508031140C2F89000C2F8B0304FF4A02302F500525B
S31508031150C2F81431A2F58052C2F8183100220C4B9A
S315080311601A600C4B5B6C5B0209D54FF480020A4B81
S3150803117004F1F8005A64D4F8941001F013FD4FF4FF
S31508031180E0232846E363BDE8384007F01EBA00BFEC
S31508031190243F0020000002B8002002B82DE9F843D6
S315080311A005460C46B1B1D0F81880478F07F012FAF6
S315080311B0B5F83CC0791E01EA0C0323F00702032C99
S315080311C00646DFF8F8E042445FD1DEF8004024B96A
S315080311D007F0FBF90E20BDE8F88324F00104DEF8D6
S315080311E0000020F00100A04254D10023CEF80030BD
S315080311F0238894426FEA43436FEA534323803FD1DC
S31508031200EB8F08EB07091846083880B202F1080481
S315080312104C4528BF4446082804D9B4F800E0BEF56F
S31508031220804F41D263440F431B1A3B409BB2AB87A3
S31508031230E887947811884FF03A42C1F30C01916517
S31508031240C2F89830C2F8B0004FF48022174B04F066
S315080312500704C3F814214FF40042154BC3F884213D
S31508031260FFF704FE042C0BD14FF48002114B05F152
S31508031270F8005B6C104B5A64D5F8941001F092FC95
S31508031280304607F0A2F90020A5E7601E012898BF9B
S315080312901446A4E7E88F4344E31A48BFDB19083822
S315080312A09842A5DC304693E72246ADE7002000BA0C
S315080312B000E100E0000002B8002002B8243F002045
S315080312C0154B10B51968CA8F8B8F488F134401388D
S315080312D0073B8C69034023F007031C4402F1080308
S315080312E04FF03A429BB2CB87C2F8B0304FF4802214
S315080312F00A4BC3F814214FF40042094BC3F884215F
S31508031300A07800F00700042803D1064AD3681B0314
S31508031310FCD4054B1C6010BDEC3F0020002000BA2E
S3150803132000E100E0000002B8243F002010B5064C97
S31508031330216839B1CB0703D4044B1868FFF72EFF8E
S315080313400023236010BD00BF243F0020EC3F00208C
S315080313504FF480320C4B0D49C3F818214FF03A432A
S31508031360C1F81421D3F8AC10D3F88C20012302F06A
S31508031370070206329340C1F30C01083B994201D890
S31508031380FFF774BD704700BF002000BA001000BA0B
S315080313902DE9F04780460C4616468769458F07F0C0
S315080313A019F9B8F83C2005F1FF3C02EA0C0323F0CF
S315080313B00701032C82463944B8F83E0019D14A4C32
S315080313C024689CB90244073A02EA0C0222F007028F
S315080313D0BC183B44E31A48BF5B19834210DB5046EB
S315080313E007F0F3F800242046BDE8F08724F001044B
S315080313F0EFE7012C02D0022CEBD108380C46E8E7BC
S31508031400002E3FD08C4241D14FF03A42D2F8589041
S315080314104FF03A41D1F8AC20B8F81270C2F30C0277
S31508031420934247DA2588B5F5804FD8D2A378C5F312
S315080314300C0503F007037A1EA5EB09053A43052BAA
S31508031440337005EA02052DD82DB2E84340F241422E
S315080314500421C00F03F084FE7580E3783374D8F84B
S315080314601C207B1E03EA0903D118B160A9B213FA3B
S3150803147085F5AF422FBF0023FF1AB780F26024BF5A
S31508031480B180F360504607F0A0F8ACE7A4F1080270
S31508031490974284BFED0802EBC502B2F80090C9F380
S315080314A00C09B5E7114B5B6D003B18BF0123A5EB90
S315080314B0C305C9E74B6D7A1EA3EB09033A431A40E2
S315080314C00B4915B2002DCB680BDCC3F30363D81E97
S315080314D043424341DB003370CB6C72801B0A33747F
S315080314E0BDE70823F7E700BF243F0020004000B804
S315080314F0000002B8054BA822D3F84C013121431C3E
S315080315000CBF0120C0F3807003F02ABE0080E00FF1
S3150803151010B50F4B1C78ACB90E4BD3F8F8375B03F1
S3150803152009D490B10F23441EB4FBF3F410300444DA
S31508031530E4B2204610BD40F61D023F21204603F0C3
S315080315400FFEF6E70001C4B2F3E71024F1E700BF84
S31508031550204A0020000002B838B5294D04462978E8
S3150803156019B92022274804F0BDFC2378264A618846
S31508031570137051804FF2F0022449C1F8C821244A56
S315080315804BBBA1F50051D1F8F81711F4002F4FF012
S31508031590FF011CBF1F48C0F8DC3011704FF04073C1
S315080315A01A4AC2F834311C4BD3F8F83713F480239C
S315080315B00BD14FF47F01C2F830111849C1F8303105
S315080315C048F2C801164BC3F8F4100723C2F8FC33D4
S315080315D00122124B0DE000240E48022BC0F8DC4012
S315080315E04FF0FF001070D9D107230422C1F8FC334A
S315080315F00A4BC3F8FC23012300202B7038BD00BF18
S315080316001B400020E03F00B0204A0020002002B81B
S315080316102B4A0020004001B8000002B8001002B8A7
S31508031620003F00B0034B1A6802609B888380002042
S31508031630704700BF204A002010B5044601F0DEF8C3
S31508031640094BD3F8F80734B900F44020B0F5402025
S3150803165018BF012010BD022C0ABF80F400300020F9
S31508031660C0F34040F6E700BF000002B82049D1F8AE
S31508031670FC37FF2B31D01F48C3F303120270D1F88E
S31508031680F81703F00F0309035BBFC2EB02120F3B04
S3150803169002F1FF32D2184ABF03EB0213D3B2DBB20D
S315080316A0154A164913700978154B1A68E9B1B2F148
S315080316B0A06F1AD3D3F85012124A134BB1F1FF3F56
S315080316C018BF1346114A136041F66A02104B1B688A
S315080316D0B3FBF2F30F4A13607047D1F8F83713F4E4
S315080316E0002F0CBFB4235A23DAE7074BEAE700BFF8
S315080316F0000002B82C4A00201D4000202A4A002078
S315080317000080E00F5082E00FF4D70308283F00203B
S31508031710483F00202C3F002020B1022804D1034B68
S3150803172018787047024BFBE7002070472C4A0020C5
S315080317301D4000202DE9F74FD0F8A4404C22022C77
S3150803174038BF02247B49013CCB6CD1F8DC507A497B
S31508031750C3F38213DA400B680646A34290F8307146
S31508031760764BDFF800A2DFF80092DFF8008202F07A
S31508031770010216D11878904213D19AF80000B8429C
S315080317800FD1D6F8A80060B1A8420AD196F82B5013
S3150803179099F80000854204D1B8F8040003B0BDE8FF
S315080317A0F08F98F800001A700C60FFF7B5FF034630
S315080317B0002A00F0918004234FF07F41604AC2F863
S315080317C0BC30604BC3F8BC1096F82B301B06C2F826
S315080317D0BC30002040F271225B4B19211B68B3FB16
S315080317E0F2F36343182BB3FBF1F14FEA004400F21B
S315080317F09380002C00F09B80B4FA84F2C2F1200295
S31508031800C2F10F03012B38BF0123D440A14201D2F1
S31508031810013B6408421C03F01F0152008A40121B55
S31508031820DFF838B19208CBF8B0201A0242EA03125D
S315080318301343019300EB002300EB0325434B40F6C8
S31508031840970218682B21003818BF012003F088FC7B
S31508031850FA223E4B02FB04F01B6840F6FF72B0FB0C
S31508031860F3F00A2358433A4B00F57A74C3F8D820A1
S31508031870019AA3F58053C3F8D820364AA3F58053B3
S31508031880C3F8DC50D2F8F827520308D4D3F8DC306F
S3150803189003F47F02C3F303531343CBF8FC30C6F8B0
S315080318A0A8502D4D00F6B8302C6001F097FD4FF483
S315080318B07A722A4BC3F8A400C3F8F8002B68B4FB62
S315080318C0F2F0B3FBF2F3A8F8043096F82B308AF853
S315080318D0007089F8003061E796F82B00984228BF14
S315080318E01846C0B22FB1022F7FF473AFFFF710FE6D
S315080318F070E7184BD3F8F8371903F7D450B10F2309
S315080319000138B0FBF3F00130154B1B68034413F899
S31508031910010C5FE70120F7E7B1FA81F23CB1B4FAAB
S3150803192084F3D21A002A3FF76BAF0F236EE70F2310
S3150803193070E700BF004001B8F44900201C400020AE
S31508031940001002B8002002B8483F00202C3F0020B0
S31508031950006001B8000002B8303F0020003F00B025
S31508031960283F0020294A0020284A0020204A002030
S3150803197038B5254B05461A78244C0C2A02D1FF2084
S31508031980207038BD104604F01BFE01461046FFF7CB
S31508031990C3FEA84228BF2846C0B2884238BF0846B5
S315080319A02378C0B28342ECD020703ABB184BD3F8E5
S315080319B0F83713F4002321D14FF2F001154AC2F880
S315080319C0C811C8B10F230138C0B2B0FBF3F3591CD1
S315080319D0C3EB0313C01A431C0D4A1B01D2F8C801F3
S315080319E043EA01330343C2F8C831D2F8C8210A4B84
S315080319F0C3F8FC202078C4E70121EDE7074B1868F4
S31508031A00FFF798FEF6E700BF204A00202B4A00207E
S31508031A10000002B8002002B8003F00B0EC3F0020E7
S31508031A20014B1870704700BF2A4A002010B50446B8
S31508031A3003F074F978B1154B1B786BB964B1144B81
S31508031A401B784BB1134B1B78013B012B04D84FF47E
S31508031A500042114B1A6510BD104B1B6D1B04FAD4BB
S31508031A6006F0B8FD044602F01BFA4FF400420C4B8D
S31508031A702046BDE810401A6502220A4BC3F814250E
S31508031A800422054B5A6406F0A0BD00BF1E40002081
S31508031A901F400020343F0020002002B8000002B88F
S31508031AA0001002B800D003500122024B00201A701E
S31508031AB0FFF7BCBF1E4000200022024B01201A700C
S31508031AC0FFF7B4BF1E400020054BD3F8843013F04C
S31508031AD0030F4FF4802314BF024A034A93647047E3
S31508031AE0004000B8005000B8006000B8F7B50646D5
S31508031AF0534C00F083FE01213A20D7F769F8514B7E
S31508031B002578514F1E7085BB2846FFF78FFF23782C
S31508031B10013B012B19D8E37B01A88DF80430237CFC
S31508031B208DF80530D5F782FAC7F814554FF6FF72C4
S31508031B30464BC3F88420F822A3F58053C3F88420C0
S31508031B400022414BC3F814250DE04FF6FF723F4BB5
S31508031B50C7F81455C3F88420F822A3F58053C3F8AD
S31508031B608420C7F814553A4B5BE00020FFF75EFF65
S31508031B702378013B012B08D8E37B01A88DF80430B1
S31508031B80237C8DF80530D5F751FA0023C7F81435A9
S31508031B90002ECBD062685AB32E4B1B6803EB520355
S31508031BA0B3FBF2F3013B1B0243F0F80326782749FC
S31508031BB0022E294A1ED0032E4FF6FF75224826D039
S31508031BC0012E36D143F00203C1F88450C2F884309B
S31508031BD00723C0F81435E37B01A88DF80430237C6A
S31508031BE08DF80530D5F7F4F90120FFF71FFF17E045
S31508031BF0F823DBE74FF6FF7043F00103C1F88400CF
S31508031C00C2F884300622104BC3F81425E3E743F0E1
S31508031C100503C1F88450C2F884300423C0F8143588
S31508031C200E4B4FF080421A650020FFF74DFF03B0B5
S31508031C30F0BDC1F88450C2F884300023EEE700BF34
S31508031C40343F00201F40002000C00350006000B846
S31508031C50002002B8483F0020005000B8001002B820
S31508031C60F0B52B4F06463D4604460FCE0FC53368DF
S31508031C7085B02B6000F0C2FD01213A20D6F7A8FFF4
S31508031C800022244BC3F81425A17A627A42EA014258
S31508031C90C3F82025217CE27B42EA0142C3F81C25CE
S31508031CA0217B627B41EA0240C3F818053B78032B84
S31508031CB02AD8DFE803F022020C178DF80410042152
S31508031CC08DF805200DEB01000022D5F705F9E37B16
S31508031CD000228DF80830237C042102A88DF80930E8
S31508031CE0D5F7FAF8637A01228DF80C30A37A042122
S31508031CF003A88DF80D30D5F7EFF8074B187805B01C
S31508031D00BDE8F040FFF7F2BE212005B0F0BD00BFE5
S31508031D10343F002000C003501F400020034B1B6DB7
S31508031D20002BBCBF024BC3F888007047000002B8FB
S31508031D30004000B82DE9F04700F0BAFD4FF47A7673
S31508031D402D4BB0FBF6F618604FF4FA737343074648
S31508031D502A48190E1B021818294A4FF0000341F1A5
S31508031D60000103F091FA274BA0F5807205461A6322
S31508031D7020B948222B2103F0F3F901254FF47A728F
S31508031D804FF0000A6A4353465008310203F07CFABF
S31508031D901C4B1D4AB7F57A7F9A601C4B4FEA0568B8
S31508031DA019601B4B8946044618604FEA152505D268
S31508031DB09B222B21504603F0D3F901264FF47A735D
S31508031DC0A8FB030103FB05117308C01841F10001C1
S31508031DD00023324603F058FA0E4B023419600E4BB1
S31508031DE049F10009A408186044EA8974054B013CC3
S31508031DF09C63BDE8F08700BF483F002020A1070089
S31508031E0040420F0000C001B8021101005C3F0020E8
S31508031E10583F0020543F0020503F00204FF4002233
S31508031E20034BC3F884215A600122024BDA607047D8
S31508031E3000E100E000C001B84FF40022064BC3F8E6
S31508031E408421C3F88420BFF34F8FBFF36F8F042217
S31508031E50024BDA60704700BF00E100E000C001B83A
S31508031E6010B50446A242A2EB0000A3EB010104D27B
S31508031E70034B01399B6B0133184401F0030110BD71
S31508031E8000C001B838B501250A4B02019D504FF42D
S31508031E9080730446084A8340536606F09BFB074A49
S31508031EA0A540137823EA05031370BDE8384006F006
S31508031EB08CBB00BF00E101B800E001B82840002050
S31508031EC02DE9F84F164605468A461F4606F082FB55
S31508031ED0022E00F09180804606F085FB5A4B5B4A3A
S31508031EE0D3F8209092F87D405A6EE4B2520744BF65
S31508031EF0D3F82090013404F0030406F06FFB484638
S31508031F00214600F09BFA8446DAF80000012E04BF46
S31508031F1001306044ACEB000C08BFCAF80000BCF102
S31508031F20804F7DD300F09CFA8145A1EB040188BF5D
S31508031F30454BDFF838C188BF01F1FF3101F00301D2
S31508031F4088BF9B6BA0EB090E0CF80510A1B1F90726
S31508031F5042BF41F61F723E4B5A67BA0742BF3C4B14
S31508031F603C4A5A677B0742BF0022374B9A673C07AE
S31508031F7042BF0022344B9A6511244FF0010A324BB3
S31508031F8005F11002120103EB051BCBF80C013249CC
S31508031F909C501A6A0AFA05F4586E0B78A2EB0902E2
S31508031FA0E4B2234372450B7025D34FF48073AB40D9
S31508031FB0034220D11CF80520002A40D10EB3274A34
S31508031FC0F807536607D541F61F7140F20110204BF7
S31508031FD0596750675967B90706D51D4B1D4A1F49E7
S31508031FE01F485A6748675A677A0742BF01221D4B3B
S31508031FF01A613B071AD4404606F0E7FA0120BDE802
S31508032000F88F194A2D0142F805A042F89C3C06F0C0
S31508032010E1FA11490B7823EA04030B7006F0D5FAA3
S31508032020404606F0D2FA0020BDE8F88F2120FFF7D4
S3150803203075FE4FF48032044B4046DA60DCE7074A04
S3150803204040465366D8E700BF00C001B8003E00B05B
S3150803205000E001B800001F1F2840002000D001B887
S3150803206000000101000002B800E101B82040002089
S31508032070024B1878003818BF012070472840002003
S31508032080034B10300001185800F00100704700BFD9
S3150803209000C001B870B50646FEF7E8FB044608B16A
S315080320A0FFF7CAFE00230A4D3046AB61EB612B628C
S315080320B000F0D6F9074BC9B283F87D1028622CB114
S315080320C0FFF7ACFE4FF08062034B5A64002070BDE5
S315080320D000C001B8003E00B0002002B82DE9F04167
S315080320E09DF818800D46B8F1000F08BF0022214E4F
S315080320F0B5F5803FB168074621F4700141F4A001A4
S31508032100B1609DF820409DF81C104FEA042444EA68
S31508032110016444EA031444EA084444EA02044FF017
S31508032120180140F2E9222CBF00200120746503F050
S3150803213017F83564B8F1000F1AD00F4BBC68D3F8FB
S31508032140B8306F2C38BF6F245B0606D500F08CFCBD
S3150803215018B10A4BB3FBF0F31C44204600F080F990
S315080321600130854238BF0022024B34BF5A64586493
S31508032170BDE8F08100C001B800C000B800093D0001
S3150803218038B51B4B5D6C3DBB10242020FFF7C6FDFD
S31508032190184B9C6002F060FC4FF48012164BC3F890
S315080321A0842101F0C1FD48B12A4600200821FDF724
S315080321B091FF124B5C66A3F580531C67104AD368DC
S315080321C003F07063B3F1807FF9D9094B0D4A5A6757
S315080321D041F201429A6738BD01F0A6FD0028F4D002
S315080321E0094B064A5366A2F580521367EDE700BF0B
S315080321F000C001B8001002B800E100E000E001B831
S31508032200000002B8011B01181000002008B52120A0
S31508032210FFF784FD4FF48032014BDA6008BD00BF37
S3150803222000C001B82DE9F0411C4D0446EB6BDB01F8
S315080322302DD500F08DFC0646A0FB0447E86B4FEA54
S315080322401028050C10F0FF0005D140F22D422B2172
S3150803225002F086FF0120EDB2AD01B5FBF0F55FFA9A
S3150803226088F815EB881506D1284640F232422B2109
S3150803227002F076FF01252A4600232046394603F055
S3150803228003F8B6FBF5F5064A1560BDE8F08100F0DC
S31508032290EBFB0546A0FB0401F5E700BF00C000B849
S315080322A04C3F00200246012030B50B4CA0F1200319
S315080322B0C0F1200524FA05F504FA03F32B4304FABF
S315080322C000F595428B4100D330BD0F2801D001306C
S315080322D0ECE7FF20F8E700BF40420F0038B506F0E9
S315080322E082F9084B084A1D6A92F87D405A6EE4B291
S315080322F0520744BF1D6A013406F070F9284604F0F4
S31508032300030138BD00C001B8003E00B02DE9F04115
S315080323100E46FFF787FFC30943EA4163C01A61EB19
S31508032320D111FFF7BFFFFF28054661D0334B344A67
S315080323301B68344FB2FBF3F8FB6803F07063B3F121
S31508032340807F3FD93327304CE36813F4603F03D1CA
S31508032350013F17F0FF0747D101234046236504F0E1
S315080323603EF906F037F9072D294628BF07210F2717
S31508032370636A6A1E23F4706343EA0223A26A22F09D
S31508032380E05242EA81622149C1F8B870204945F012
S3150803239010070978A9421F492BBFA262C1F8B87072
S315080323A0C1F8B87063622CBF6362A26206F00DF9C6
S315080323B0154B5B6ADBB2802B1DD03046BDE8F04176
S315080323C000F0B2BB10223324134B9A60FB6803F068
S315080323D07063B3F1807FB5D8013C14F0FF04B1D024
S315080323E00A2004F0FCF8F1E70A2004F0F8F8ABE752
S315080323F02120BDE8F0810220FBE700BF4C3F002007
S3150803240040420F00000002B800C000B800E000B860
S315080324101840002000D000B8001002B80346064A48
S31508032420103302EB00111B01D1F80C01D158C1F38B
S31508032430400104F0DFB800BF00C001B8064B1B68B3
S31508032440434303EB8171054B1B68A3FB003013F170
S31508032450004341EB00007047543F0020503F0020E3
S315080324600C4A20F04043014610B5002014684FF08B
S315080324700042E4FB0320084A890F126802FB0300A3
S31508032480064B9B6B984204D901330131C01A01F0FC
S31508032490030110BD583F00205C3F002000C001B86F
S315080324A0044B01F0F071103041F00301000119509B
S315080324B0704700BF00C001B808B52220FFF72EFCFD
S315080324C04FF48022014BDA6008BD00BF00C001B893
S315080324D040B1836833B10649C268096803F13043DA
S315080324E0032A00D8704743F8041B043AF8E700BFE9
S315080324F0903F002070B51646054600B3F9B1F2B110
S315080325004268104B006803321B68920800F130409A
S315080325109847044688B9EA68A86803323146920898
S3150803252000F1304004F07FF8044630B9D5E90402D7
S31508032530214600F1304003F0D5FC204670BD212426
S31508032540FBE700BFF849002070B50C68651C15D079
S31508032550C4F302669E42C4F3074530D1A4B294423B
S315080325602DD804EB8506B24229D2141BA50824F0FC
S3150803257003040E59340F04D0012C08D00022212459
S3150803258002E06B1C51F82320C0E9002470BD0E4CF1
S3150803259034F8133042EA03431A686B1C51F8234094
S315080325A001EB83014B6822405E4036F0704404D148
S315080325B01B0F032B04BF8B681A430024E4E701357A
S315080325C001EB8501C1E700BF08D8030807B501A8D1
S315080325D0D7F7A4FA264B2749D3F86022D2B2FF2AA3
S315080325E01DBFD1F87801130243EA0213D1F87831F3
S315080325F01CBF20F47F621343C1F8F8330C20D7F7C6
S3150803260002F901213F20D6F7E3FA4FF000421A4BAD
S3150803261042F201015A60C822184B5A654FF4C02288
S3150803262003F51043C3F868214FF48032C3F86C21CD
S31508032630134AC2F8701202F52042D2F8F827120399
S3150803264008D44FF470610F4AC2F8A0104FF4206201
S31508032650C3F8A02001220C4BC3F8002403F530432A
S31508032660D3F86821094B1A6003B05DF804FB00BF71
S315080326700080E00F000002B800900950008001B8FE
S31508032680006001B8002002B8005001B8183F0020C6
S31508032690836810B4074C03F1304324681B689C42D3
S315080326A003D15DF8044BFFF725BF00205DF8044B03
S315080326B0704700BF903F0020134B1B78002B20D098
S315080326C0124B134A00201A60124B134A1A60134B13
S315080326D0134A1A60134B1A68134B1A60134B144A9E
S315080326E01A60144B144A1A60144B154A1A60154B90
S315080326F0154A1A60154B164A1A60164B164A1A607B
S3150803270070470220704700BF294000209C3F0020E5
S31508032710FCE00308943F002064D80308983F002090
S3150803272084D803080C4A0020903F0020B43F0020B9
S315080327304CD80308AC3F002004DC0308B03F002054
S3150803274080D80308A83F002034D80308A03F0020F8
S3150803275088D80308A43F00207CD803080022012157
S3150803276038B51E4B5A649A64DA641D4A51610221CC
S315080327709162DA68C2F303620D2A01D0002AF8D1FE
S3150803278011220124174DDA634FF0FF302C70D7F767
S31508032790EBFA00232B70144D4FF4E8622868542192
S315080327A0C01A18BF012002F0DBFC104B28681A6810
S315080327B00F4B1968FFF79EFE00F05EFF0D4B186876
S315080327C0FFF786FE0C4B1868FFF782FE4FF0806210
S315080327D0034B5A6103F580535C6138BD000002B8A8
S315080327E0001002B829400020943F0020983F00209B
S315080327F09C3F0020B43F0020A83F002001230D4A38
S315080328000D49C2F8803291660C4A53600C4A5360EC
S315080328100C4A5360A2F580425360A2F540425360C6
S3150803282002F5C032536002F580425360A2F50042B6
S315080328305360704700900050FF0B001600D000B895
S31508032840001000BA005001B838B50324FFF7D6FFC5
S31508032850114A124B124D1A65FFF7B8FE114BC3F80E
S31508032860104101232B6500F063FD4FF460736B6120
S315080328704FF400732B65FEF7F1FA0021FEF7D8FA39
S315080328804FF48002084B1C64A3F580535C64074B22
S31508032890C3F884215A6038BD0048F000000002B826
S315080328A0001002B8005001B800E0095000E100E04A
S315080328B008B504F045F9044B1B6FC3F30043013312
S315080328C0B0FBF3F008BD00BF0080005070B50446A6
S315080328D098B1B1B13A4A52F8043B834213D1002363
S315080328E0384A116CC907FCD4374800EB830003F058
S315080328F0A3FE364B106001221A6470BD01330C2BFC
S3150803290002D1334D2CE0012352F8041BA142F5D121
S31508032910304A32F81330E3E7C2F3016335F813009C
S31508032920110C93B211F0FE0F43EA0043606820D0FE
S315080329300434CAB2022A216808D9D4E90160033AE1
S31508032940C3E9001698600C340C33F3E704D16268C4
S31508032950C3E90012083403E0012A01D104341960DB
S315080329602268531CD8D10022164B1A6003F58053EC
S31508032970C1E7120F072AEDD8DFE802F00704090DAD
S315080329801013181DC04303F500531860E2E71A68CD
S3150803299042401A60DEE703F58053F6E703F01FFEAD
S315080329A0D8E7012203F580538240F2E7012203F5B3
S315080329B000538240EDE71A6830EA0202FBD1C9E701
S315080329C0603F002000C002B8404000B000D002B803
S315080329D008D80308F63F00200122014B1A65704701
S315080329E0001002B80122014B1A657047002002B88D
S315080329F04022014B1A657047002002B84022014B5A
S31508032A001A657047001002B80B4B1B68D3F8E430FD
S31508032A1023B11A68022A01D9186A7047074B9A6EB6
S31508032A2090B238B1064BC2F307421B68DB0853431F
S31508032A30B3FBF0F0704700BFEC3F0020004001B83D
S31508032A40483F0020064BDB68C3F30363984206D16D
S31508032A50044A936E23F0F00343EA01119166704723
S31508032A60000002B8003F00B0054B1B68D3F8E430FA
S31508032A7013B11A680A2A01D8FFF7C6BF186C70473C
S31508032A80EC3F00202DE9F743064603F0A1FD002499
S31508032A908046DFF8909005F09DFD0DF10701054688
S31508032AA00DF10600FDF7C6FF9DF806308BB9721CBB
S31508032AB029D003F08DFDA0EB0804284605F085FD13
S31508032AC09DF8063013B99DF807303BB3A642E2D802
S31508032AD024E0D9F80C3013F4603FE8D0D9F818008D
S31508032AE003F0FDFD731C074603D003F071FDA0EB4D
S31508032AF00804284605F069FD17F5007FE0D0384637
S31508032B0003B0BDE8F083284605F05FFD9DF806305F
S31508032B10002BC0D19DF80730002BBCD1004FEEE740
S31508032B2000FEFFFF00C000B810F1800F04D04D2847
S31508032B30CEBF7F20323040B2FF22044BC0B25A6266
S31508032B40A3F5805358620020704700BF00E000B821
S31508032B500B4A10B5136F0B4C116F03F00703E35CB5
S31508032B60C1F3CD0101FB0333126F0748C2F3454294
S31508032B7002FB033300688001B0FBF3F010BD00BF0E
S31508032B80004001B800D80308483F0020044BD3F897
S31508032B90B03010B1C3F30332027003F00F0070476D
S31508032BA0000002B8064B01F080015B6C03F4800356
S31508032BB00B4302BF4FF40012024BDA64704700BF9F
S31508032BC0000002B8006001B80F4B1B788BB1012BCC
S31508032BD011D10E4A012102F580528B4291600FD81A
S31508032BE00A4A0B49002B08BF0A4693689B07FCD47D
S31508032BF07047074AEEE700224FF480539A60FFDED8
S31508032C0000239B68FBE700BF2A400020004003B867
S31508032C10000003B838B50B4B0B4C002818BF1C46ED
S31508032C20A569E3691D4007D0084B1B682BB12846E5
S31508032C30984704F50054A56138BD6B05F9D5FFF728
S31508032C40C3FFF6E7004003B8000003B8B83F002007
S31508032C502DE9F04F404F804685B038680C4603F09F
S31508032C60F8F920B90024204605B0BDE8F08F2246BE
S31508032C700021404603F036F9384B5D6915F0010526
S31508032C80F0D102F0DDF806460028EBD03F68384657
S31508032C9003F02AFE4FF6FF73984234D04FF0605183
S31508032CA02F4E304B304AD3F84C90D6F88C30D1643B
S31508032CB04FF00061A2F58052D16424220421C6F89C
S31508032CC08C202A4A4FF4804B91604FF48052002798
S31508032CD0DFF8A4A0CAF868B0F262A7421ED304219B
S31508032CE0234A9160A2F5F032C2F88C304FF0605255
S31508032CF01D4BDA6409EA02031E4AD3644FF4804281
S31508032D001D4B9A66AFE73146384603F09EFD0146EA
S31508032D10384602F0D7F90028C0D0A3E7B26E5104AB
S31508032D20FCD5B268D205F9D5CAF868B0D6F89020AA
S31508032D300135012D0392D0D9E21B042AA8BF042228
S31508032D4008EB070003A90193009203F098FE009A83
S31508032D50019B3A4497B2C0E7EC3F0020000002B853
S31508032D60004000B8004001B8006001B8001002B87E
S31508032D70002002B8005001B8006000B84FF60401FD
S31508032D804FF60502044B01201B6C9BB28B4208BF0E
S31508032D901346024A136670470080E00F00C001B865
S31508032DA02DE9F74F81460F464FF0FF35FFF796FAA1
S31508032DB0002601908A462C463046DFF8D8B006F13D
S31508032DC010031B015BF8033003F00308B8F1010F86
S31508032DD015D13046FFF722FB02460B4601985146AA
S31508032DE0FFF73EF8DBF8643006F10802D340DB0749
S31508032DF039D5002F40D000252C463E604046013683
S31508032E00082EDCD160B3234A0027D2F808C0916B99
S31508032E100CF440330131A4FB0141641941F100016B
S31508032E20B3F5003F30D1536B0CF4405C013347F1E3
S31508032E300006BCF5805F22D1156B15F5807505FB79
S31508032E4006F647F1000203FB0266A5FB033232448A
S31508032E50594304FB0212A3FB04341444C9E900349E
S31508032E6003B0BDE8F08FA84271EB0403C6D207B1DD
S31508032E703E6005460C46C1E73D463C46BEE7320280
S31508032E8042EA13621B02E3E7136B13F5807347F1F8
S31508032E900002DDE700C001B8034B1A6E596E03F54D
S31508032EA000530A401A66704700C00A502DE9F341D9
S31508032EB005460F4668461146FFF772FF0646B0B148
S31508032EC0AFB1DDE900321B0A43EA0263A5FB0384BB
S31508032ED0094B120A05FB02441A6812B9FFF7E8FC04
S31508032EE0024600234046214602F0CEF938603046B2
S31508032EF002B0BDE8F08100BF483F00204FF40052FE
S31508032F00014B5A60704700BF00E100E04FF40052DE
S31508032F10034BC3F88420BFF34F8FBFF36F8F7047FC
S31508032F2000E100E0F8B50B46002213F8044B94427F
S31508032F3025D91D68854224D106245A791D79124B51
S31508032F4088181E6804FB0503104F33F8063C7B43B9
S31508032F50B3420ED900238A5A7A43964202D804FB0F
S31508032F600300F8BD9D42FAD9013304FB03F2825AE2
S31508032F70F2E740F244423D21002002F0F1F8002036
S31508032F80EFE708330132D2E7BC3F002040420F0087
S31508032F9000202DE9F84FA2FB017BAA4EDFF8DCC21D
S31508032FA0BE1998466BF10003B44570EB030307D2C9
S31508032FB040F23E220E2102F0D3F80220BDE8F88F34
S31508032FC0D8F814A00C461546BAF1000F04D0DAF85F
S31508032FD00030032B00F2A9809B4B9C4A9B6BD2F8CB
S31508032FE0FCA0C3F314099A4B1B6F58074EBF4FF443
S31508032FF040039B0503F0E07349EA0309954BD3F8AD
S31508033000EC30590048BF49F0807949EA456903F02D
S31508033010C3FD012D0646D0D10028CED08E4B98424B
S3150803302000F0948003F5122303F5F863984200F041
S31508033030B6808A4B984200F0BE80002502462B468E
S3150803304000204FF0007102F01FF92B46013007FBF1
S3150803305003F3C9F3130100FB0B33A7FB0070A1FBB2
S315080330600662034401FB052220339B09C8F8003096
S315080330707B4BF60C1C6046EA42367A4B19F4801FE2
S3150803308008BF76421E60784B34441C60BAF1000FC1
S3150803309048D00023C8F80430C8F80830DAF81C50BA
S315080330A019F0807F18BF6408002D53D1DAF8006041
S315080330B00023062EC8F80C30C8F8103032D9DAF8CF
S315080330C030307BB303F068FDDAF83010FFF72AFFD8
S315080330D0044618B18378002B40F0998003F02AFD43
S315080330E0DAF83010FFF71EFF0446D8B18378CBB160
S315080330F040794FF4AE62003818BF01203D2102F033
S315080331002FF8207940F2715200384FF03D0118BF6D
S31508033110012002F025F8237962791B0243EA021398
S31508033120C8F810300020BDE8F88F042BDAF8289089
S315080331307FF46DAF19F0807F14BF4FF4400309F095
S31508033140E07329F0E07949EA030960E70023474871
S315080331501D467CE73E4FD7F83C21D2022FD4DAF836
S3150803316000601CB1B4FA84F107291CDD2B46210241
S31508033170B1FBF3F14B0067020133E40D01E00233BF
S315080331800131A5FB0302874274EB0202F7D2C1F3AE
S315080331900E01090341F00061C8F8081088E7002307
S315080331A033481D4653E7C1F1080325FA03F304FA26
S315080331B001F10133DCE700232E481D4647E719468C
S315080331C02D4AC9F3815912F80920002EB8BF764251
S315080331D092066008C2FB0601224602F055F8DAF8A1
S315080331E000600E2E0ED9184B9A6BBB6CD7F83C11A0
S315080331F0DB0607D502F4801201F400110A4308BF5F
S31508033200C0F58010C0F31300C8F80400A9E7407995
S3150803321040F25552003818BF01203D2101F0A0FFA6
S31508033220207940F25652003818BF01203D2101F09B
S3150803323097FF237962791B0243EA0213C8F80C3015
S315080332404CE700BF006CCA88008001B8004F00B085
S31508033250004001B8000002B800F04902005A6202B1
S31508033260C43F0020C03F0020BC3F00200A3BB2DF1A
S31508033270313641DCD694BFD610D80308807C814A00
S3150803328010B5044686B059B9214B4168D3F8FC30CA
S31508033290827A2048059300686B46FFF779FE6946EC
S315080332A01D4B0A685A631A4BD3F8FC3033B34B6881
S315080332B043B11A4B1A4AC3F83C214A68A3F580530B
S315080332C0C3F83C218B6843B1144B164AC3F81C2137
S315080332D08A68A3F58053C3F81C21134AC868D2F831
S315080332E0983123F4EE630343C2F89831D2F8903148
S315080332F0096923F4EE630B43C2F89031002022894F
S315080333000A4B9A6203F5A033186406B010BD00BFD2
S31508033310004F00B0EC3F0020008001B8006001B800
S31508033320FFFF0F0000F0FF0F000002B8004000B8CF
S31508033330074BD3F88022D20707D55B6E002B4FF4D1
S315080333408043B4BF034A044A13650020704700BF8D
S3150803335000800050002002B8001002B8064B1A6C11
S315080333609207FCD4022240EA01205860034B1A64F0
S315080333700122034B1A70704700C002B800D002B886
S315080333802B40002040B10368012B05D90069034B84
S31508033390002808BF184670470048704718D803081E
S315080333A010B590B10468012C0FD902696AB1116886
S315080333B0094B102C196051685960916888BFD26807
S315080333C0996094BFD960DA6010BD102200210248C3
S315080333D002F088FDF8E700BFCC3F0020084BC11771
S315080333E01A68A2FB000302FB013310F1807043F154
S315080333F00003400E40EAC310803820EAE0707047A5
S31508033400DC3F00200722194B70B51A64184B194A7A
S315080334101D68194BEC08E005C0184FEA153141F150
S315080334200001002301F030FF144B154E18601548B0
S31508033430FFF7D4FF4042C6F8DC0049F65800FFF709
S31508033440CDFFC6F8A8001048FFF70AF8024660B190
S31508033450E301500818184FEA15714FF0000341F1BC
S31508033460000101F011FFC6F8B40070BD000002B8F0
S31508033470483F002065CD1D00B2E60E00DC3F002064
S31508033480003F00B07011010040420F0010B504461A
S3150803349098B10B4BD3F8FC00FFF782FF4FF47A730E
S315080334A003FB04F0074BA0F6AC50DA689B6810449C
S315080334B0C01ABDE81040FFF791BF4AF6C870F8E78F
S315080334C0004F00B0CC3F00202DE9F84305460846D7
S315080334D014461E46FFF764FF05B306F0020716F007
S315080334E004061DD1D7B14FF47A706B685843002B85
S315080334F040F08C80FFF772FF20636B69002B00F0A6
S315080335008C804A4AD0684FF47A7202FB0300A0F50E
S31508033510FA50FFF763FFE062002E58D1BDE8F8833F
S315080335202869002869D04FF47A7358433F4BA0F6AD
S31508033530AC509B68C01AFFF751FFA062A88B0028FE
S315080335405ED04FF47A735843384BA0F6AC509B6859
S31508033550C01AFFF743FFE061354BE968D3F80080EB
S31508033560002950D04FF47A735943304BA1F6AC5126
S315080335709A685B68891AC91A2E4BC8171A68DFF83E
S31508033580BC90A2FB011302FB003311F1807143F1D6
S315080335900003490E41EAC3118039274B2162D3F848
S315080335A0C4306362D9F8003053B1404602F072FF63
S315080335B030B12246D9F800301C49D8F8D8009847C4
S315080335C00021A869FFF762FF6063002F8BD1A86803
S315080335D030BB47F23050FFF701FF60614FF47A7052
S315080335E02B6858432BB1114B1B6803F51C53103337
S315080335F01844FFF7F3FEA06190E74AF6C8709AE706
S315080336004AF6C870A5E74AF6C871B5E7074B1B68BB
S3150803361003F51C53103318446CE747F2305078E728
S315080336204FF47A735843A0F5FA50D4E7CC3F0020F9
S31508033630EC3F0020DC3F0020003F00B0C83F0020DD
S3150803364038B5054608461C4602F0E5FF0246D5F896
S31508033650E400FFF797FE4368A018002B044AA8BFA7
S315080336604FF4FA721A44034B92FBF3F2104438BD33
S315080336700CFEFFFF18FCFFFF70B588B06D46194CAA
S315080336800FCC0FC594E80F0085E80F00EC22002144
S31508033690154802F027FCAC220021144802F022FC4C
S315080336A020220021124802F01DFC03F0D7F9114B22
S315080336B01B783BB16D460B4E0FCD0FC695E80F0031
S315080336C084E80F000C4A0D4B1068516803C39068D1
S315080336D00B4A18600B4BD3F87831C3F3824353660E
S315080336E008B070BDE03F00B0683E00B0543F00B07C
S315080336F0E04F00B01B40002028D80308B03E00B0B6
S31508033700003F00B0000002B808B504F063FF0E4B93
S315080337101A78A2B90D4A126812F4843F0FD10C4ADB
S31508033720102111651B7863B9084B1B68DB0508D4A0
S31508033730074B20221A65BDE8084004F046BF054A30
S31508033740EEE7044BF5E700BF31400020783200204E
S31508033750002002B8001002B810B5104B104AD3F86F
S31508033760B8001478596A9A6A00F00F0021F4706158
S3150803377022F0E052844241EA042142EA84624FF08D
S315080337801F04084835BF9A6259625962C0F8B8409F
S3150803379034BFC0F8B8409A6210BD00BF00C000B875
S315080337A01840002000E000B80A4B197801F0FF0220
S315080337B029B10021197008499202C1F808215978DC
S315080337C001F0FF0229B1002159709302024AC2F897
S315080337D00C3170472C400020005000B8064BD3F834
S315080337E0F00E064B9B6C1A0103D4054B9B6E1B0408
S315080337F001D500F580707047003000B0000002B8AC
S31508033800004000B810B504F0E5FE0E210446032077
S31508033810FFF718F940F20122034B2046BDE8104092
S31508033820DA6204F0D2BE00BF004000B8064B00209F
S315080338301B6893F82430DB0902BF0322034BC3F842
S315080338405022FBF77BBE00BFEC3F0020006001B8A7
S3150803385038B504F0BFFE4FF48043274C0546C4F839
S315080338608430BFF34F8FBFF36F8F4FF40043C4F811
S315080338708430BFF34F8FBFF36F8F4FF48033C4F891
S315080338808430BFF34F8FBFF36F8F4FF40033C4F801
S315080338908430BFF34F8FBFF36F8F4FF48023C4F881
S315080338A08430BFF34F8FBFF36F8FFFF72FFB4FF4B0
S315080338B00023C4F88430BFF34F8FBFF36F8F4FF4E1
S315080338C08013C4F88430BFF34F8FBFF36F8F4FF461
S315080338D00013C4F88430BFF34F8FBFF36F8F4FF4D1
S315080338E00003C4F88430BFF34F8FBFF36F8F2846A6
S315080338F0BDE8384004F069BE00E100E038B504F0DD
S3150803390069FE05464FF480430E4C63604FF400434B
S3150803391063604FF4003363604FF480236360FFF7FB
S31508033920EDFA4FF4002363604FF4801363604FF49A
S31508033930001363604FF4000363602846BDE838400C
S3150803394004F043BE00E100E0012370B5074C237081
S31508033950074B1E68074B3240D3E9005319402840EA
S31508033960FCF7B8FB0023237070BD00BF2F4000206F
S31508033970E43F0020783200200022044B1A70044BDF
S31508033980197811B11A70FFF7BFBE7047304000208F
S31508033990314000202DE9F047DDF820A003EA0108AD
S315080339A0099B06460D4602EA000703EA0A09BAF125
S315080339B0000F40F04F81031F0B4300F00F810528CA
S315080339C071F1000380F0E58050EA010300F0758188
S315080339D0431E0B4300F02581FFF73AFFB84AD2E9A5
S315080339E0004323EA050324EA06043C4343EA08079B
S315080339F0B44BC2E900471E6826EA0A0646EA0906E0
S31508033A001E60FFF781FE14F02A4F14BF48F2020323
S31508033A104FF40043AC4AB007D26EAC4848BF43F4F0
S31508033A20005383EA020122EA0302C266A84A0B404C
S31508033A308166D366C4F380421203210348BF42F466
S31508033A408072E30648BF42F40052A24BA50648BF5C
S31508033A5042F40072600648BF42F480622106D968C0
S31508033A6048BF42F4006282EA010323F080539A486E
S31508033A7019401A40C1608360984B17F4007FDA60D7
S31508033A80974B07F4007200F0048101224FF4802556
S31508033A9083F88820E30448BF45F48035A00348BF6C
S31508033AA045F48015A10748BF45F4001514F4001F13
S31508033AB0DFF8688206D0D8F8000002F0CDFF08B90F
S31508033AC045F40025E20248BF45F40035FB06854B5D
S31508033AD048BF45F480051A6A834985EA020323F039
S31508033AE001031A400A621D40CB61804B16F0010F91
S31508033AF01D627F4B7F4A18BF1A467F4B7D071B6F94
S31508033B0048BF42F000627D4882EA030123EA0203C2
S31508033B1003677B4B0A4041661A677A4A04F0010336
S31508033B20D16CA0F5803081EA030221EA0301C1645E
S31508033B3082641A40744B2002DA64D8F8002048BF1E
S31508033B40724B92F8F62058BF714B610748BF43F48E
S31508033B50806322B114F4C06F18BF43F4807332072D
S31508033B604FF03A42BDE8F047D2F8181148BF43F080
S31508033B70004383EA010222F4A02266481140C0F8F2
S31508033B8018111340C0F81421634AC2F81831FFF715
S31508033B90B5BEA0F580630B4306D020F48063A3F576
S31508033BA000730B437FF418AF04F014FD4449D1E9BD
S31508033BB0003223EA060322EA050242EA08023B43E5
S31508033BC0C1E90032554A126892F8F610514A09B308
S31508033BD013F4C06F1ED04FF4807311E004F0FAFC9F
S31508033BE0374AD2E9003123F004033B4341EA08018B
S31508033BF057EA0807C2E900314FF48063454A0BD0F8
S31508033C00C2F81431A2F58052C2F81831BDE8F0475C
S31508033C1004F0DBBC4FF48073C2F81831C2F81431D0
S31508033C20F4E704F0D7FC264AD2E9003123F001036E
S31508033C303B4341EA0801C2E900310123384A57EAFE
S31508033C4008071BBF9364A2F58052D364D36408BFE5
S31508033C509364DBE750EA01037FF4BEAEBAF1010FC2
S31508033C607FF4BAAE04F0B6FC164A136823F00103D0
S31508033C7043EA090313604FF40053204AB9F1000FCE
S31508033C8004D05366A2F580521367BFE713675366DA
S31508033C90BCE793F8881071B183F88820214BD3F8D1
S31508033CA0A41003F50053C3F8A410C3F8A0104FF0EB
S31508033CB05023C3F8A4200025ECE6BDE8F08700BF2F
S31508033CC078320020E43F0020004000B8006000B8C6
S31508033CD0005000B8004001B8006001B8005001B8B0
S31508033CE0003F00B0000002B8002002B8001002B876
S31508033CF0043800030418000300C001B800E001B843
S31508033D0000D001B800C000B800D000B80D0A0A09EF
S31508033D10090A0A09002000BA001000BAEC3F00207D
S31508033D2000E000B800400050024B5868C0F3C000DA
S31508033D30704700BF78320020024B186800F0010074
S31508033D40704700BF78320020024B5868C0F3C03072
S31508033D50704700BF7832002010B50446FEF774FD9D
S31508033D60FFF776FD2046FDF7A9F8FEF7F7FCFDF702
S31508033D70E1FFFEF753F8FFF745FB13490723134AF9
S31508033D80D1F8FC1004F1F800FFF79EFB4FF08071A1
S31508033D900020FEF785FB4FF000720D4B4FF4001120
S31508033DA00120C3F80021FEF77BFBFEF7E7FF20B9E6
S31508033DB040F29232142101F0D3F902F0AAFCBDE8CD
S31508033DC010400120FDF792BE004F00B0A43F00B09B
S31508033DD000D001B88023074A5364082340B15364CB
S31508033DE0054AD2F8C03E23F02003C2F8C03E704706
S31508033DF0024AF4E7001002B8003000B0002002B807
S31508033E0010B504F0E7FB012104460020FFF7E2FFA3
S31508033E10044B1961044B5B6898472046BDE810407C
S31508033E2004F0D3BB000002B8E0490020F8B5194CEA
S31508033E300546207840F2E442B0FA80F03E21400974
S31508033E4001F08EF955B9607840F2E442BDE8F840CE
S31508033E50B0FA80F03E21400901F082B94FF440667A
S31508033E600D4F0E4DD7F8083140F2E442C3F38123D0
S31508033E702370C5F8086160783E21B0FA80F04009DE
S31508033E8001F06EF9D7F80C31C3F381236370C5F8D3
S31508033E900C61F8BD2C400020004000B8006000B853
S31508033EA0F8B5084C084D636C0423084F6B64636CC0
S31508033EB05B0300D4F8BD042602207E6402F08FFB60
S31508033EC06E64F4E7000002B8001002B8002002B8D6
S31508033ED0A82238B51B4B5D6C03F500535A641022B0
S31508033EE09A60A3F5804302F100521A675A66FFF7F0
S31508033EF05BFC154B1B7813B90320FDF7C3FF00249E
S31508033F00124B9C67FFF7CCFF114A124BD2F8F01EEF
S31508033F100B40C2F8F03E04220F4B5A640F4BC3F80A
S31508033F20C840FFF719FCAB0607D50D4B9B6FB3F5D6
S31508033F30817F22BF8022034B1A61BDE83840FCF714
S31508033F409FBA00BF000002B82E40002000C001B887
S31508033F50003000B0DF0000FF002002B8003E00B0CA
S31508033F60003F00B010B551B920B3154BDB681B0EE3
S31508033F7013F00E0F1ED1134B1B6CD9071AD4FFF778
S31508033F8041FC0F4C0020FEF701FE032801D0092847
S31508033F9005D1A36ADA07F5D4A36CDB03F2D4FFF7DA
S31508033FA07FFF0122084B5A6102229A62042203F513
S31508033FB080535A644FF4C062044B9A6510BD00BF20
S31508033FC0000002B800C002B8001002B8006001B8C9
S31508033FD008B503210920FEF735FD2022014B1A6196
S31508033FE008BD00BF000002B80D4A10B5D2F8A030CC
S31508033FF0D2F8A4100B40B3F1804F0CD34FF04040D6
S315080340000849094CC1F8A400D467C1F8A0004FF4C5
S315080340108021064AD161034AC2F8A03010BD00BF09
S3150803402000400050006000500000FF01001002B875
S3150803403038B5054604F0CEFA0E4B04461868FDF764
S3150803404069F835B1FFF798FC2046BDE8384004F017
S31508034050BCBA094B1B78002BF6D0084B1D78002DEC
S31508034060F2D1FFF789FC2A464FF480400021FFF777
S315080340706BFCE9E7EC3F0020304000202F4000208E
S315080340802DE9F84F5C4B06460D4614465B6C002A31
S3150803409040F0AE8013F0A00F14BF4FF001094FF0A4
S315080340A00009FCF7EDF9FFF757FBA0234FF0000AC9
S315080340B0DFF860810320C8F84430FDF7E3FE0420E7
S315080340C0FDF7E0FE4D4FFFF757FC4D4B4FF0040B42
S315080340D07B67C7F878A0FFF7E3FE4A4B4FF4807176
S315080340E0D3F8C02E42F02002C3F8C02EFF22C8F828
S315080340F00820414A1161D3F8F02E43491140C3F809
S31508034100F01EC8F844B0C3F8C8AE7B6913F0060FAF
S3150803411004D0FEF7D1F95846FDF7B4FEB9F1000FFE
S3150803412008D04FF40062394B5A644FF40042A3F5A2
S31508034130E0339A6666B1364BDB6C180701D4FFF792
S3150803414061FBFFF745FF0420FDF79CFEFFF72CFBF9
S31508034150294B5A69D10746D5DA6812F0706FFBD135
S315080341602C4B2D4A5A642D4A936E23F0F00393661B
S3150803417015B12046FFF75CFF294BD3F84C315A1C7F
S3150803418001D05B0002D50122224B5A615CB3204B56
S31508034190DA6E03F500539A6603F5D0331B6A1D4A94
S315080341A023F00103D3611F4BD96803F500539960C4
S315080341B003F50053D3F8841003F5005399674FF0BA
S315080341C03A43D3F8181103F50053C3F81411164BE1
S315080341D0D96C03F500539964144903F5803359667A
S315080341E04FF6084353640020BDE8F84FFCF756BC66
S315080341F04FF0000955E700BF000002B800C001B838
S3150803420000000101003000B0DF0000FF001002B813
S31508034210004000B8002002B810003000003F00B08C
S315080342200080E00F004001B800C000B85000002F1E
S315080342309C4B2DE9F04F9A6EDB6E85B002EA0308B4
S31508034240994BC3F868804FF03A43D3F81461D3F80F
S3150803425018311E40954BC3F81461954B9A68DB6871
S3150803426002EA030A934BC3F808A003F52043DA6965
S315080342701B6A02EA0309904B09F47702DA618F4B4A
S31508034280D3F80422110306D4D3F804311A03C3F36B
S31508034290C04740F1E58004F09DF9894B5A695F6E82
S315080342A01B6F12F0060F07EA0307864A27F0007307
S315080342B023F4006314BF4FF0010B4FF0000B536652
S315080342C07B0706D5804A92F87D300133DBB282F844
S315080342D07D3004F07AF9B8F1000F00F0DF8018F4A6
S315080342E0004427D004F076F90146FFF777FA044627
S315080342F0764B1D682A682B689A42FCD02A689A422C
S31508034300FCD0FFF76BFAA04240F0AC80084604F0F5
S315080343105CF96F4B1C606F4B5D6C15F4E05240F013
S31508034320A38024F07F4424F0DF040CB9FFF7D0FD03
S315080343304FF0807418F0020F4FF0000514D0654B48
S315080343405D495B6C03F460424A64002A00F0A0806E
S315080343501D0400F1A08013F4005F0CBF4FF0005357
S315080343604FF0006300251C43C8F340384FEA48085A
S31508034370594B3340002B4BD016F4206F0AD040F626
S31508034380A3120621002000F0EBFE0020FFF750FEE3
S3150803439026F48026F00506D5FF22474B44F4C0646D
S315080343A09A60FFF72FFA16F0090F0BD040F6B812EA
S315080343B00821002000F0D4FEFFF70AFE4FF03A4327
S315080343C001225A6316F0106F0CD040F6C112092168
S315080343D0002000F0C5FEFFF7FBFD0022114610463C
S315080343E0FCF76CFE16F4202F0AD040F6C9120721F3
S315080343F0002000F0B5FE0020FFF71AFE26F48026FB
S31508034400F10301D5FCF7A4FF002EB8BF48F008084E
S3150803441072070ED54FF03A431B6B13F4005F4FF444
S31508034420005317BF214A2D4A136344F4000408BFF7
S315080344301363730548BF44F0040416F480230193F9
S3150803444000F0B580FCF73CFF0138062848D8DFE8BA
S3150803445010F03501380135013B013E0141014101A7
S31508034460BB4638E7044645E70192FFF731FD124B91
S31508034470019A5A6415F4805307D115F4806F0CBF5B
S315080344804FF080544FF0806454E74FF0804451E76F
S315080344904FF0007366E74FF0004363E7444645462B
S315080344A066E700BF004000B8006000B8002000BA05
S315080344B0004001B8006001B8002002B800E100E03E
S315080344C000C001B800E001B8003E00B0F0D503080B
S315080344D0E03F0020000002B8090B0B89001000BA60
S315080344E040F6FA120321002000F03AFE4FF03A4252
S315080344F00121D2F88C30D2F8AC0003F00703063357
S3150803450001FA03F3C0F30C001B1A9BB2072B12D94B
S315080345107A4B5B6C58020ED47948D36CD26E406DD5
S3150803452058B103F0070306339940C2F30C03C91ABB
S3150803453089B2072901D844F40074724B1B78002BFF
S3150803454035D04FF03A43D3F8143113F4A02F2ED1B4
S315080345506D4B6E4A1B7893B9FB0410D4137873B169
S31508034560E3086B4943EA457383F00103D1F8F01E68
S3150803457003F001035B0021FA03F3980717D104201C
S31508034580FDF780FC634B64495967FFF7F5F95F4A02
S31508034590137843B9614B1B782BB1614B614A1B688E
S315080345A02340134201D144F4804427F48057BAF1D7
S315080345B0000F27D01AF4805F18BF44F480241AF436
S315080345C0807F18BF44F400241AF4005F18BF44F030
S315080345D010041AF4007F18BF44F020041AF4806FFD
S315080345E018BF44F040041AF4006F18BF44F080045F
S315080345F01AF0805F06D04C4B0021186845F48055A5
S31508034600FCF78AF9B9F1000F3AD019F4802F18BFCD
S3150803461045F4007519F4803F18BF44F4805419F41F
S31508034620801F18BF44F4003419F4001F18BF44F060
S31508034630020419F4003F18BF44F4801419F4800FD8
S3150803464018BF45F0100519F4002F19D0304BD3F8CD
S31508034650C03E13F0C00F13D0284AD368C3F30363CD
S31508034660032B01D0072B05D1936CD90602D4D36C3F
S315080346701B0732D54FF400222C4B29F40029DA61A3
S31508034680002F00F01381380540F18A802849DFF8A6
S3150803469084A0CB78274A002B52D04FF40060013B05
S315080346A0DBB25066CB7033B9234B1B78C3B140F6E4
S315080346B00142224B5A67002300226FE044F48034F8
S315080346C014E744F4006411E744F480640EE744F401
S315080346D080740BE744F0080408E744F40014CFE7B2
S315080346E0DAF8783013F4A05F15BF4FF4807340F6F9
S315080346F00143CAF85830CAF87830DCE7000002B834
S31508034700004000B8314000203040002033400020EC
S31508034710003000B000C001B800000101324000209B
S3150803472078320020088D0100EC3F0020002002B8F3
S315080347302040002000E001B82E40002000D001B838
S315080347400320FDF79FFBDAF81430AD4813F0060F84
S3150803475004BF41F61F73AB4AAB4908BF53674FF40F
S315080347600062A84B5A66DAF8143013F0060308BF3A
S31508034770CAF87830B0F87A3013F400625CD023F4C0
S315080347800063A0F87A300B7803F0FF0A002B57D1A1
S31508034790FDF792FEFFF79CFB534620221C43154365
S315080347A0B90009D52E20FDF7B9FA4FF00052954BFB
S315080347B045F008051A675A66FA0606D52B20FDF74B
S315080347C0ADFA10228F4B1A675A6617F0306F05D168
S315080347D0FB045FD5BBF1000F00F0BE80380111D58D
S315080347E02920FDF79BFAFFF79FFA48B1874B8849BB
S315080347F0844A53660B6701F54051C968490422D4B4
S3150803480045F0040517F0007B28D00420FDF73AFB92
S315080348102720FDF783FAFFF75BFB4FF00072794B0E
S315080348205A667C4BD3F8F02E51067DD402227A4B76
S315080348309A6045F0020528E00B784FF40053ADE77C
S315080348404FF4004338E7136720205366FDF766FAEB
S315080348502D2045F00C05FDF761FAD3E717F0807FA5
S31508034860DFF8B8A14BD00420FDF70CFB2820FDF791
S3150803487055FADAF87830002B3ED1FFF729FB614B5E
S31508034880624A45F001051A675A66FEF7CFFF00220A
S31508034890624B9A65BA0409D5614A5379002B00F02D
S315080348A0AA80013B5371002348EA0308594BD3F8FE
S315080348B0C03E1B0603D520462946FCF7F7F84246B1
S315080348C020462946FFF740F8019B0BB1FCF72EFD5E
S315080348D04FF40042534B06F00436C3F81461524BA7
S315080348E019F4002FC3F884211EBF4FF400224A4B44
S315080348F0DA6105B0BDE8F08FCAF878B0BFE7F80407
S31508034900C5D50420FDF7BEFA484BCAF87430FDF73F
S31508034910D3FDDAF8643013F0407FB8D12A20FDF7C7
S31508034920FDF9FFF7D5FA7CE7D3F8C03E9A0680D49B
S3150803493002223F4B9A603F4B1B6893F825309B072F
S315080349407FF577AF2E4B93F8DC30002B3FF471AF2E
S315080349508022394B1A616CE7314A13794BB1013B13
S31508034960DBB2137113B92A4B344A5A6700231C4323
S3150803497090E70420FDF786FA0320FDF783FA274B11
S315080349802A4A5A6703F026FE82460DF10F00FEF700
S31508034990FDF82B4B83461B780BB1FEF733FFBBF1B0
S315080349A0030F0ED1DFF890B00020FEF7EFF80328C7
S315080349B007D1DBF82830D807F6D4DBF84830D90313
S315080349C0F2D49DF80F30032B06D101221D4B504616
S315080349D01A7003F0FAFDC9E74FF03A43D3F81431D6
S315080349E013F4A02FF1D1FEF7C7FF504603F0EDFDF0
S315080349F04FF48043BBE70520FDF744FA012353E749
S31508034A00003E00B000E001B82E4000201000002050
S31508034A1000D001B8003000B0002002B800C001B8C9
S31508034A2020400020002000BA00E100E00000010158
S31508034A30001002B8EC3F0020000002B80000010D88
S31508034A4034400020304000200122024B1A62DA610A
S31508034A50704700BF002002B8094A08B5D369116A2E
S31508034A600B40084923F47F00DB07C86106D5D168E4
S31508034A704FF0FF30C1F3036101F055FE08BD00BFD7
S31508034A80000002B8002002B80C4A08B5936CD26C31
S31508034A9013400B4A9364DB070FD50A4B40F6634270
S31508034AA01878122100F0010000F05AFBBDE808400F
S31508034AB0002201200021FEF747BF08BD00C000B849
S31508034AC000E000B87832002070B5154D2C6C6B6C7D
S31508034AD01C40144B24F002021A64E20705D540F67B
S31508034AE0CA420020296800F03BFBA30716D5022219
S31508034AF00C4B1A640C4A6B6814687CB1DBB2042B42
S31508034B0007D100220121094B18682346BDE87040E6
S31508034B101847052B02D100221146F4E770BD00BFE2
S31508034B2000C0095000E00950143F0020EC3F002064
S31508034B3038B50C4C0C4DD4F88430DB0706D4A36F78
S31508034B40D4F884201340094A936738BDD5F804314D
S31508034B505A02F0D5FFF7B8FF4FF48003C5F884313E
S31508034B60E9E700BF008001B800E100E000A001B852
S31508034B7038B514460D4603F02DFD064BD3F8C02E63
S31508034B8054402C405440C3F8C04EBDE8384003F0A7
S31508034B901CBD00BF003000B0034BD3F8C03E994399
S31508034BA00CBF012000207047003000B02DE9F0410A
S31508034BB017460A43012A1D469DF818409DF81C60AE
S31508034BC0DDF8208029D8B44227D2082E25D8032B0E
S31508034BD023D8B8F1000F20D00A460021FBF7A0FB23
S31508034BE0FF21EB009940C943DFF834C008F1FF38C9
S31508034BF0FF00E2B2964202D80020BDE8F0813D19D3
S31508034C000CEB8505D5F8F82018F8010F0A409840EB
S31508034C101043C5F8F8000134EBE72120EDE700BFA0
S31508034C20003E00B0174BD3F8C02E12F0010312D082
S31508034C30154B93F84C30154A43F08073C2F8D030BD
S31508034C404FF4801302F50052C2F8B430A2F580522D
S31508034C50C2F8B83070471106EDD40D4B93F84B11D3
S31508034C6021B1D20602D593F84831E4E74FF480120E
S31508034C700020084B0549C3F8B820C1F8D000C3F88B
S31508034C80B4207047003000B0003F00B0004000B8C1
S31508034C90003E00B0006000B8034B1868034B0028B9
S31508034CA008BF1846704700BFE83F0020B41304083E
S31508034CB02DE9F843DFF860900646D9F800800846E0
S31508034CC01746B8F1000F03D00E242046BDE8F88333
S31508034CD006B3336801331DD1E1B100F079F805460F
S31508034CE00028F1D0C9F8000000F098F8284601F02A
S31508034CF071FD044640B14046C9F8008000F08EF8BD
S31508034D00284601F062FDE0E73560002FDDD028462E
S31508034D10B847DAE72124D8E7EC3F0020024B1868A6
S31508034D20003818BF01207047EC3F0020002108B562
S31508034D30024B08465B689847002008BDE0490020F7
S31508034D40431E033306D8044B984228BF18466428E3
S31508034D5038BF6420704700BF40420F0038B5194B6F
S31508034D6005461B680C4603B1984744B1236833B11B
S31508034D701B68013303D0E3680BB1A3684BB901F091
S31508034D8015FC00204FF4C172412100F0E9F92120F6
S31508034D9038BD2046FCF7AEFB00230B4A85F83C31A9
S31508034DA0C5E93743C2E9003363694BB1074A422170
S31508034DB010684FF4D272C31A5842584100F0D0F91A
S31508034DC00020E5E7103F002000440020483F00206C
S31508034DD0F8B5044603F0FEFB002607460E4B1B6890
S31508034DE093B19E68AEB196F82420D20711D43546FE
S31508034DF00FCC0FC50FCC0FC523682B6096F824304C
S31508034E0043F0010386F82430384603F0DEFB3046C8
S31508034E10F8BD1B68E4E700BF144A002010B5044632
S31508034E2018B9054B054A136010BDFAF771FAD4F899
S31508034E30E830002BF6D1F4E7B3670308104A0020DD
S31508034E40014B1868704700BF0044002008B50246A6
S31508034E500868FFF775FF08604868FFF771FF486041
S31508034E608868FFF76DFF8860C868FFF769FF0B69F5
S31508034E70C860581C03D00B48834228BF03460B61FE
S31508034E804B69581C03D00748834228BF03468869E1
S31508034E904B61FFF755FFBDE8084088611046FBF7ED
S31508034EA065BA00BF40420F00D0F8E0302DE9F04163
S31508034EB005460C4613B1C38D8B424CD0D5F8DC306E
S31508034EC0002B4BD09E68002E48D0D868002845D0C2
S31508034ED0013800B200281ADB002106E0128A591CA1
S31508034EE0A24217D209B2884211DB0B1803EBD3731C
S31508034EF05B1003EBC30206EB8202B2F80EC003F1A2
S31508034F00FF3EA445EAD90FFA8EF08842EDDA21204E
S31508034F10BDE8F0814FF6FF7299B29142F7D09BB282
S31508034F2003EBC30306EB83062846B6F9122095F866
S31508034F303011D5F8F080D4F731FE0746B8F1000FE3
S31508034F4004D00023324628461946C047EC85C5F8DF
S31508034F50E06085F839710020BDE8F0810E20BDE8D0
S31508034F60F08100BF2DE9F04782B004460F46164686
S31508034F70FBF770FC002878D14E4D2B68D4F8DC90EB
S31508034F80D4F8E0800BB14B4573D04FF0000AAF60FD
S31508034F90FBF7FAFC0128074604D00121002208463C
S31508034FA0FAF7FEF9204601F075FA00284ED12B6868
S31508034FB0D9F80010D8F8002013B11868884263D0CE
S31508034FC0204601F021FAC5E90098D4F8F0508DF887
S31508034FD00760002D5FD00022204611460DF1070316
S31508034FE0A8472046FAF7E6FD0546BAF1000F10D0A2
S31508034FF07EB9D4F88C3013BB012F06D0002D56D0BA
S315080350002D4B002103205B689847284602B0BDE86C
S31508035010F087B5FA85F040F2FA423321400900F0E9
S315080350209FF831462046FAF7ADFF244B05461B6821
S31508035030414620469847D4F88C30002BDCD0002212
S315080350404FF400732046FAF773F9D5E794F8253039
S315080350509A07ACD5D4F894305B05A8D5184B01222A
S31508035060002120461B689847A1E70023114D6B6072
S3150803507083E76B68002B88D0434586D1AB689F428C
S3150803508015D04FF0010A82E7696811B109689142A0
S3150803509099D0596894E794F82A1094F83931324626
S315080350A0994228BF19462046FAF7D6FC99E7002500
S315080350B0ABE700BF00440020E0490020104A002067
S315080350C0143F0020F8B50F46054603F083FA394620
S315080350D006462846FFF7E8FE044620B1304603F0A5
S315080350E074FA2046F8BDFBF795FB2246394628464F
S315080350F0FFF738FF04460028F0D1284601F0CAF91D
S315080351000028EBD095F8253013F002030DD0D5F817
S3150803511094305B050DD5B5F82A31BB420BD0B5F8EB
S315080351202C31DB1BB3FA83F35B09044A82F8DC30C0
S31508035130D4E72346F9E70123F7E700BF003E00B0AB
S3150803514038B5044D044C054B286021601A6002F0FB
S315080351506DFA38BDF03F0020184A0020F43F0020BE
S3150803516010B550B90548064B016006480260186831
S31508035170054B18601868FFF7E3FF10BD184A0020AF
S31508035180EC3F0020F43F0020F03F00202DE9F041DA
S31508035190364F0646FB68C3F30363022B64D101F05B
S315080351A017FA0546DFF8DC80BC6A14F4802449D173
S315080351B003F010FAFB680546C3F30363022B3BD1DE
S315080351C0304601F067F928B1294B93F8DC200AB178
S315080351D083F8DD400022274B83F88420234B5B6C3E
S315080351E098053DD5224BD3F8C43059889A68C90720
S315080351F048BF1821D66848BF927806F4000044BF12
S3150803520001FB023303F10C021B4B06F008069B69EC
S3150803521093608022194BDA6038B14FF4003203F5F4
S31508035220A043CF20DA61FCF779FDCEB14FF40072C3
S31508035230134B5A6402229A60284603F0C6F920469D
S31508035240BDE8F08101F0C4F9401B40454FF06C02FC
S315080352504FF047018CBF00200120FFF781FFA3E72A
S315080352608022024B1A61E7E70224E8E7000002B846
S31508035270003E00B0003F00B000C000B800C001B84F
S31508035280002002B83F420F0053B94AB9002908BFA4
S3150803529000281CBF4FF0FF314FF0FF3000F082B9F2
S315080352A0ADF1080C6DE904CE00F006F8DDF804E06C
S315080352B0DDE9022304B070472DE9F04F099D0C463A
S315080352C0002B4DD18A420F4684469646B2FA82F39C
S315080352D060D94BB102FA03FEC3F120029F4000FADC
S315080352E003FC20FA02F217434FEA1E461FFA8EF40E
S315080352F04FEA1C42B7FBF6F106FB117701FB04F0F4
S3150803530042EA0742904208D91EEB020201F1FF372F
S3150803531002D2904200F231813946121A1FFA8CFCE6
S31508035320B2FBF6F006FB102200FB04F44CEA024C2F
S31508035330644508D91EEB0C0C00F1FF3202D2644512
S3150803534000F21E81104640EA0140ACEB040C002132
S3150803535025B12CFA03F30022C5E90032BDE8F08F24
S315080353608B4205D90DB1C5E9000100210846F5E7C9
S31508035370B3FA83F100294DD1A342C0F0F3809042DA
S3150803538080F0F080064623460846002DE6D0C5E998
S315080353900063E3E7002B40F0A3808A1A4FEA1E470F
S315080353A01FFA8EF60121B2FBF7F407FB14204FEA26
S315080353B01C4242EA004206FB04F090420FD91EEB58
S315080353C0020204F1FF382CBF4FF001094FF0000920
S315080353D0904203D9B9F1000F00F0CC804446121A63
S315080353E01FFA8CFCB2FBF7F007FB102200FB06F64C
S315080353F04CEA024C664508D91EEB0C0C00F1FF3249
S3150803540002D2664500F2B3801046ACEB060C40EABE
S3150803541004409DE7C1F120068B4004FA01FE22FAF7
S3150803542006F720FA06FCF4408A401F434EEA0C03AB
S3150803543000FA01FE4FEA17484FEA13491FFA87FC99
S31508035440B4FBF8F008FB104449EA044400FB0CF9E2
S31508035450A1450ED93C1900F1FF3A2CBF4FF0010BB9
S315080354604FF0000BA14503D9BBF1000F00F08B8069
S315080354705046A4EB09041FFA83F9B4FBF8F308FBB7
S31508035480134403FB0CFC49EA0444A44506D93C1916
S3150803549003F1FF3801D2A4457BD8434643EA0040CB
S315080354A0A4EB0C04A0FB02984445CC46434602D31E
S315080354B006D1CE4504D20138B9EB020C68EB0703D3
S315080354C0002D6CD0BEEB0C0264EB030422FA01F345
S315080354D004FA06F6CC4000211E43C5E900643DE7FD
S315080354E002FA03FEC3F1200104FA03F200FA03FCED
S315080354F0CC404FEA1E4720FA01F11FFA8EF6B4FB99
S31508035500F7F00A4307FB1044110C41EA044100FB78
S3150803551006F48C420ED91EEB010100F1FF382CBFAD
S315080355204FF001094FF000098C4202D9B9F1000F77
S315080355302CD04046091B92B2B1FBF7F407FB1411B2
S3150803554042EA014204FB06F1914207D91EEB020225
S3150803555004F1FF3801D291421ED84446521A44EA4E
S31508035560004120E7861A64EB030301200DE7F444A0
S3150803557002384AE7023C724431E702397244CCE600
S31508035580F4440238DFE602383C4472E702387144D1
S31508035590D0E7023B3C4481E7023C7244DEE72946F6
S315080355A0DCE600BF704700BF81F0004102E000BFA0
S315080355B083F0004330B54FEA41044FEA430594EAC2
S315080355C0050F08BF90EA020F1FBF54EA000C55EAFD
S315080355D0020C7FEA645C7FEA655C00F0E2804FEACE
S315080355E05454D4EB5555B8BF6D420CDD2C4480EAB0
S315080355F0020281EA030382EA000083EA010180EAE0
S31508035600020281EA0303362D88BF30BD11F0004F2D
S315080356104FEA01314FF4801C4CEA113102D0404263
S3150803562061EB410113F0004F4FEA03334CEA13339E
S3150803563002D0524263EB430394EA050F00F0A780B6
S31508035640A4F10104D5F1200E0DDB02FA0EFC22FAB1
S3150803565005F2801841F1000103FA0EF2801843FAA5
S3150803566005F359410EE0A5F120050EF1200E012A96
S3150803567003FA0EFC28BF4CF0020C43FA05F3C018D4
S3150803568051EBE37101F0004507D54FF0000EDCF14D
S31508035690000C7EEB00006EEB0101B1F5801F1BD3F6
S315080356A0B1F5001F0CD349085FEA30004FEA3C0CFA
S315080356B004F101044FEA445212F5800F80F09A80F0
S315080356C0BCF1004F08BF5FEA500C50F1000041EBF4
S315080356D0045141EA050130BD5FEA4C0C404141EBF8
S315080356E00101013C28BFB1F5801FE9D291F0000FF3
S315080356F004BF01460020B1FA81F308BF2033A3F1A2
S315080357000B03B3F120020CDA0C3208DD02F1140C98
S31508035710C2F10C0201FA0CF021FA02F10CE002F1D3
S315080357201402D8BFC2F1200C01FA02F120FA0CFCCC
S31508035730DCBF41EA0C019040E41AA2BF01EB045115
S31508035740294330BD6FEA04041F3C1CDA0C340EDC13
S3150803575004F11404C4F1200220FA04F001FA02F356
S3150803576040EA030021FA04F345EA030130BDC4F114
S315080357700C04C4F1200220FA02F001FA04F340EA09
S315080357800300294630BD21FA04F0294630BD94F0BA
S31508035790000F83F4801306BF81F480110134013DA1
S315080357A04EE77FEA645C18BF7FEA655C29D094EA12
S315080357B0050F08BF90EA020F05D054EA000C04BF90
S315080357C01946104630BD91EA030F1EBF002100207B
S315080357D030BD5FEA545C05D14000494128BF41F01A
S315080357E0004130BD14F580043CBF01F5801130BD7E
S315080357F001F0004545F0FE4141F470014FF0000009
S3150803580030BD7FEA645C1ABF194610467FEA655CB9
S315080358101CBF0B46024650EA013406BF52EA03355B
S3150803582091EA030F41F4002130BD00BF90F0000F49
S3150803583004BF0021704730B54FF4806404F1320485
S315080358404FF000054FF0000150E700BF90F0000F3E
S3150803585004BF0021704730B54FF4806404F1320465
S3150803586010F0004548BF40424FF000013EE700BF35
S3150803587042004FEAE2014FEA31014FEA02701FBFC5
S3150803588012F07F4393F07F4F81F06051704732F0F7
S315080358907F4208BF704793F07F4F04BF41F400214E
S315080358A0704730B54FF4607401F0004521F00041AC
S315080358B01CE700BF50EA010208BF704730B54FF036
S315080358C000050AE050EA010208BF704730B511F037
S315080358D0004502D5404261EB41014FF4806404F16F
S315080358E032045FEA915C3FF4D8AE4FF003025FEAF5
S315080358F0DC0C18BF03325FEADC0C18BF033202EB79
S31508035900DC02C2F1200300FA03FC20FA02F001FAD2
S3150803591003FE40EA0E0021FA02F11444BDE600BF75
S3150803592070B54FF0FF0C4CF4E06C1CEA11541DBF24
S315080359301CEA135594EA0C0F95EA0C0F00F0DEF8EF
S315080359402C4481EA030621EA4C5123EA4C5350EAD4
S31508035950013518BF52EA033541F4801143F4801325
S3150803596038D0A0FB02CE4FF00005E1FB02E506F0B6
S315080359700042E0FB03E54FF00006E1FB03569CF00B
S31508035980000F18BF4EF0010EA4F1FF04B6F5007F11
S3150803599064F5407404D25FEA4E0E6D4146EB060683
S315080359A042EAC62141EA55514FEAC52040EA5E500C
S315080359B04FEACE2EB4F1FD0C88BFBCF5E06F1ED8B6
S315080359C0BEF1004F08BF5FEA500E50F1000041EBED
S315080359D0045170BD06F0004646EA010140EA02009A
S315080359E081EA0301B4EB5C04C2BFD4EB0C0541EABC
S315080359F0045170BD41F480114FF0000E013C00F3D1
S31508035A00AB8014F1360FDEBF002001F0004170BDF4
S31508035A10C4F10004203C35DA0C341BDC04F114040D
S31508035A20C4F1200500FA05F320FA04F001FA05F299
S31508035A3040EA020001F0004221F0004110EBD37066
S31508035A4021FA04F642EB06015EEA430E08BF20EA92
S31508035A50D37070BDC4F10C04C4F1200500FA04F335
S31508035A6020FA05F001FA04F240EA020001F00041C7
S31508035A7010EBD37041F100015EEA430E08BF20EA3A
S31508035A80D37070BDC4F1200500FA05F24EEA020E82
S31508035A9020FA04F301FA05F243EA020321FA04F0B1
S31508035AA001F0004121FA04F220EA020000EBD37068
S31508035AB05EEA430E08BF20EAD37070BD94F0000F68
S31508035AC00FD101F00046400041EB010111F4801F9C
S31508035AD008BF013CF7D041EA060195F0000F18BF4D
S31508035AE0704703F00046520043EB030313F4801F89
S31508035AF008BF013DF7D043EA0603704794EA0C0F43
S31508035B000CEA135518BF95EA0C0F0CD050EA410658
S31508035B1018BF52EA4306D1D181EA030101F00041D5
S31508035B204FF0000070BD50EA410606BF10461946FD
S31508035B3052EA430619D094EA0C0F02D150EA013609
S31508035B4013D195EA0C0F05D152EA03361CBF10464A
S31508035B5019460AD181EA030101F0004141F0FE41E9
S31508035B6041F470014FF0000070BD41F0FE4141F46D
S31508035B70780170BD70B54FF0FF0C4CF4E06C1CEA6D
S31508035B8011541DBF1CEA135594EA0C0F95EA0C0F22
S31508035B9000F0A7F8A4EB050481EA030E52EA0335DD
S31508035BA04FEA013100F088804FEA03334FF08055FE
S31508035BB045EA131343EA12634FEA022245EA11152B
S31508035BC045EA10654FEA00260EF000419D4208BFDC
S31508035BD0964244F1FD0404F5407402D25B084FEA89
S31508035BE03202B61A65EB03055B084FEA32024FF435
S31508035BF080104FF4002CB6EB020E75EB030E22BF92
S31508035C00B61A754640EA0C005B084FEA3202B6EB51
S31508035C10020E75EB030E22BFB61A754640EA5C0000
S31508035C205B084FEA3202B6EB020E75EB030E22BF90
S31508035C30B61A754640EA9C005B084FEA3202B6EB91
S31508035C40020E75EB030E22BFB61A754640EADC0050
S31508035C5055EA060E18D04FEA051545EA16754FEAB2
S31508035C6006164FEAC30343EA52734FEAC2025FEAD0
S31508035C701C1CC0D111F4801F0BD141EA00014FF05F
S31508035C8000004FF0004CB6E711F4801F04BF014330
S31508035C900020B4F1FD0C88BFBCF5E06F3FF6AFAE4C
S31508035CA0B5EB030C04BFB6EB020C5FEA500C50F1DC
S31508035CB0000041EB045170BD0EF0004E4EEA11315F
S31508035CC014EB5C04C2BFD4EB0C0541EA045170BD66
S31508035CD041F480114FF0000E013C90E645EA060EAA
S31508035CE08DE60CEA135594EA0C0F08BF95EA0C0FD8
S31508035CF03FF43BAF94EA0C0F0AD150EA01347FF420
S31508035D0034AF95EA0C0F7FF425AF104619462CE7F6
S31508035D1095EA0C0F06D152EA03353FF4FDAE104659
S31508035D20194622E750EA410618BF52EA43067FF4AA
S31508035D30C5AE50EA41047FF40DAF52EA43057FF43A
S31508035D40EBAE12E74FF0FF3C06E000BF4FF0010C45
S31508035D5002E000BF4FF0010C4DF804CD4FEA410CA9
S31508035D607FEA6C5C4FEA430C18BF7FEA6C5C1BD076
S31508035D7001B050EA410C0CBF52EA430C91EA030FF7
S31508035D8002BF90EA020F0020704710F1000F91EA54
S31508035D90030F58BF994208BF90422CBFD8176FEA22
S31508035DA0E37040F0010070474FEA410C7FEA6C5CF0
S31508035DB002D150EA013C07D14FEA430C7FEA6C5CF7
S31508035DC0D6D152EA033CD3D05DF8040B704700BF23
S31508035DD08446104662468C461946634600E000BF71
S31508035DE001B5FFF7B7FF002848BF10F1000F01BD43
S31508035DF04DF808EDFFF7F4FF0CBF012000205DF80E
S31508035E0008FB00BF4DF808EDFFF7EAFF34BF012092
S31508035E1000205DF808FB00BF4DF808EDFFF7E0FF2B
S31508035E2094BF012000205DF808FB00BF4DF808ED7C
S31508035E30FFF7CEFF94BF012000205DF808FB00BFE3
S31508035E404DF808EDFFF7C4FF34BF012000205DF8C5
S31508035E5008FB00BF4FEA410212F5001215D211D50D
S31508035E606FF47873B3EB625212D94FEAC12343F046
S31508035E70004343EA505311F0004F23FA02F018BFC8
S31508035E80404270474FF00000704750EA013005D191
S31508035E9011F0004008BF6FF0004070474FF0000054
S31508035EA0704700BF4A0011D212F5001211D20DD560
S31508035EB06FF47873B3EB62520ED44FEAC12343F0FF
S31508035EC0004343EA505323FA02F070474FF00000A9
S31508035ED0704750EA013002D14FF0FF3070474FF058
S31508035EE00000704702440346934200D1704703F803
S31508035EF0011BF9E7884210B501EB020402D9844273
S31508035F00234607D8431EA14208D011F8012B03F8EC
S31508035F10012FF8E7024401468A4200D110BD13F85F
S31508035F20014D02F8014DF7E7F9F7AABB38B5044660
S31508035F300D4600F08EF850B129462046FFF7C2F801
S31508035F4030B929462046BDE83840F9F759BB0E2033
S31508035F5038BD70B516460C4602F03CFB314605467D
S31508035F602046FCF775FE0446284602F02EFB20461B
S31508035F7070BD00F033B970B5044600200E4600F034
S31508035F8019FBD4F8F0503DB1002331462046AC4600
S31508035F90BDE870401A4660472B4601223146204623
S31508035FA0F9F7DAFD284670BD38B5044648880D4624
S31508035FB000F000FBD4F8F0302BB929462046BDE89B
S31508035FC03840F9F7DBBC022038BD00F0F5BA00F01B
S31508035FD03DB9F9F791B9FBF723BD70B5BDF8106064
S31508035FE0054606B16BB1334428469BB200F075F9F2
S31508035FF0044620B91EB13146284600F0AFF92046BB
S3150803600070BD2124FBE7FBF7C3B9C0F8EC100020E9
S315080360107047F9F7FFBE00F05CB910B4BDF8044049
S3150803602001945DF8044B00F0A0B80B4610B514466E
S315080360301846A168928800F022FDE168034631B14B
S31508036040A0886288121A92B2184400F018FD00203C
S3150803605010BD0346408A18B1188A003818BF0120B4
S3150803606070470846FBF7FCBD00F0B2BA00F0B0BAB9
S31508036070FCF710B80847022A01D800F00EBA212007
S315080360807047022A01D800F019BA21207047022A5C
S3150803609001D800F025BA21207047FAF765BD0846EE
S315080360A0FAF780BDFAF7CABD00207047002070478B
S315080360B0013001D1FCF700BB212070477047D0F8A7
S315080360C0943003F06003402B0DD0602B03D0203BA4
S315080360D058425841704749B10B68012B06D948699C
S315080360E040F00100704740F20110704700207047E6
S315080360F0F7B504461046D4E954C7DDE908268CEA01
S31508036100020587EA06010540194085EA0C05794028
S31508036110C4E95451002523F4004106EA010320F09B
S31508036120010043F40073024043F00203CDE900552E
S31508036130FDF730FC94F824309A0713D5D4F8543174
S315080361409B050FD54FF48811204600F0FDFB94F804
S315080361502430024665F3410384F8243020460B466F
S31508036160F9F7E6F8002003B0F0BDF0B587B01C4692
S315080361701746BDF830601AB90024204607B0F0BDAB
S31508036180002BF9D00029F7D001AAFBF701F900285B
S31508036190F2D0BDF80630A2199A42BDF80850C4BF1A
S315080361A09B1B9CB2B54212D90399AD1BADB23144C0
S315080361B0A5420391ADF808500DD22A46384600F099
S315080361C05EFC0499621B781900F059FCD5E704991B
S315080361D0761B3144049122463846F5E70846FCF710
S315080361E0A3BC0520FBF74CBF08B5D0F8E4304BB188
S315080361F01A68022A06D993F825204AB1186AB0FB09
S31508036200F2F008BD40F6E7424C210020FEF7A8FF4E
S315080362100020F6E7D0F8E42008B57AB11368022B14
S315080362200CD9536A13F47F4FC3F3072106D0126AB6
S31508036230DBB253438B42B3FBF1F006D2002040F6A0
S3150803624006524C21FEF78CFF002008BD0346D0F802
S3150803625030010860B3F8343100208B80704790F81A
S3150803626030310C2B14BF90F82B00FF20704738B53C
S315080362700C464FF400610546FEF78EFC60B16CB11F
S3150803628095F81E3163B94FF480722846BDE8384045
S315080362904FF48071FEF76CBC2202F6E72246F4E758
S315080362A038BD4FF48071FEF777BC08B54A024FF440
S315080362B00071FEF75DFC002008BD08B58A024FF49D
S315080362C08061FEF755FC002008BD4FF40071FEF708
S315080362D063BC062300208B7170472DE9F04188467D
S315080362E018F0030706461546194633D1B2F5805FFB
S315080362F030D89A422ED33F2A28D9B2FA82F40122F9
S315080363000120C4F11F03DBB29A4092B2AA422CBF02
S31508036310C4F11904C4F11A04E2B2931DDBB298401E
S3150803632080B2A84214D096F8F530ABB9012096F896
S31508036330253060F3000386F825304046FAF7D8FD82
S31508036340C6F82080B5823846BDE8F0813A46EAE7C2
S315080363500020ECE72127F6E70E27F4E7084600F0C6
S315080363600CB9F8B511F0030607460D46144621D1B4
S3150803637002B313883F2B1DD9B3FA83F3C3F119016B
S31508036380C9B2062901D8192B12D0062928BF062116
S3150803639001238A1DD2B293402846238000F0F3F8DE
S315080363A023883846FD617B82FAF7B4FE3046F8BD8A
S315080363B03146EDE72126F9E738B5148811F00305C8
S315080363C04FEAC4041ED13F2C1CD9B4FA84F4C4F191
S315080363D01903DBB2052B01D8192C11D0052B28BFBD
S315080363E0052301240633DBB204FA03F3C3F3CF040C
S315080363F01480816104824387FAF78CFE284638BDE8
S315080364002B46EEE72125F9E710B514460846012180
S31508036410FCF75CFA2046BDE810400121FCF756BAA2
S31508036420F8B504460E46174602F0D4F83A4605462A
S3150803643031462046FCF73AFD0446284602F0C5F8DD
S315080364402046F8BD0520704703207047FBF710BEAA
S3150803645010B50023FAF734F8044608B9FDF7D0FC5B
S31508036460204610BD70B504460E46154600F0A7F83B
S315080364703146204600F014FA00F0A1F829462046D2
S31508036480F8F788FF204600224FF40031FEF770FB29
S31508036490002070BD8021FEF77FBB7FB5531C05AA7C
S315080364A0ADF81410029202210022DBB2CDE90021D5
S315080364B01146FEF77BFB07B05DF804FB7FB5531C5B
S315080364C005AAADF81410029204210222DBB2CDE923
S315080364D0002100220121FEF769FB07B05DF804FBE2
S315080364E01FB5531C029100220821CDE90021012280
S315080364F0DBB21146FEF75AFB05B05DF804FB10B58F
S315080365000446F8F741FF01462046BDE81040F8F770
S3150803651041BF2DE9F74F01251C469DF83030064645
S3150803652001930368174603F0070306339D4005F1F5
S31508036530FF380B46A1B1416804EA080BA5EB0B0A21
S3150803654041F00059524509EB0B0114D95246184636
S3150803655000F095FA49467A1B5A44504400F08FFADC
S31508036560019B2BB13C4448EA050804EA0804F46095
S3150803657003B0BDE8F08F1846F0E74FF03A4302221E
S3150803658098615A6370474FF03A4301225A6741F6B6
S31508036590FF72D96418651A67704737B5002514461C
S315080365A00095FFF7B6FF204603B030BDFAF732B9B8
S315080365B000207047002070470020704770477047D7
S315080365C010F0FD0F14BF4FF0FF300020C0B2704724
S315080365D008B5FBF783FEBDE80840FBF72FBF38B5C0
S315080365E00446FFF7F5FF0546FFF7F2FF431BA342F1
S315080365F0FAD338BD38B50D460446FBF76FFE35B1F9
S31508036600844200D90139204601F0030138BD84428A
S3150803661038BF0131F7E708B50121FFF7EBFFBDE8FE
S315080366200840FBF70BBF08B521B1920000F027FA23
S31508036630002008BD2120FCE700F06F43B3F1804F2B
S3150803664002D0B3F1204F02D120F07040704700F01A
S315080366506043B3F1204F08BF20F0805070470B0CFE
S3150803666023F48053B3F5284FF7B50D468FB2064684
S3150803667099B216D04AF60103994214D04AF6020390
S31508036680994212D0B1F5204F14BF04240324D6F837
S31508036690E0300BB1196851B9D6F8DC3093B92868DC
S315080366A00EE00024F3E70124F1E70224EFE723468B
S315080366B068463A46FBF748FFDDE90003002BEBD1B2
S315080366C003B0F0BD19680029E9D0234668463A465F
S315080366D0FBF73AFFDDE90003002BE0D1F0E70204FC
S315080366E0C0F3891307D56FEA83536FEA935313F5F8
S315080366F0007F18B206D0A3F1C8006FF4FF7398425F
S31508036700B8BF184670470020FCF784BA0120FCF787
S3150803671081BA0E207047FDF78BBDFDF789BDFDF7DE
S3150803672087BDFDF785BD08B50846FEF78DF908BD93
S31508036730FDF77EBD02207047022070470020704790
S3150803674001207047002070470E207047FAF71CB9DE
S3150803675008461146012200F086B870B505460C4670
S3150803676011461A46FEF798FA06682B462046B4469B
S31508036770BDE87040604710B5FEF78EFABDE81040D5
S3150803678083681847FFF764BEF9F7B8BFFFF7CEBBB0
S31508036790F9F790BC70B504460D4616464FF48811B2
S315080367A000F0E7F8324629462046BDE87040FAF776
S315080367B0F7BA7047431E012B03D9031F58425841A2
S315080367C0704701207047FFF7F3BE4FF4D8720021D4
S315080367D0FFF788BB70B50446F9F716FD0546A8B951
S315080367E0A169F1B1238AD3B1204604F11002FFF758
S315080367F0E3FD38BBE16919B3638AA3B1204604F103
S315080368001202FFF7AEFD78B1054603E00023A36144
S315080368102361E361002328466361236270BDA06197
S31508036820E8E72082E6E7E361216A0029F2D0A28A33
S31508036830002AEFD02046E38ABDE87040FFF74DBD36
S315080368406182F1E76582E561DEE711B9D0F8DC100C
S3150803685021B1CB6813B18B68D88970474FF6FF709F
S315080368607047F8F777BDF8F79BBDFFF7BDBCFFF791
S31508036870D1BC70B500232425D0F8DC00C4689C423B
S3150803688001D1212070BD826805FB0322D6898E4279
S3150803689002D8128A8A4201D20133F0E70020F1E7CF
S315080368A0F8B506460D46FEF759FAD8B94FF6FF73FB
S315080368B04FF0240CEF68C1B28F4208D81C46214614
S315080368C03046FEF7FFFBFFF779FE2046F8BDAA68B8
S315080368D00CFB0122D4899C4202D2002CEFD023461A
S315080368E00130E8E70024F0E7C08D70470A7838B529
S315080368F005461046FFF75EFF60B14C782046FFF762
S3150803690059FF38B12243530704D42846BDE8384013
S31508036910F8F7FCBF212038BD10B504460878FFF701
S3150803692049FF58B14A781046FFF744FF30B1042AA5
S3150803693004D02046BDE81040F9F706B8212010BD5B
S31508036940FFF7D6BBF9F70EBB38B505460C4601F07B
S3150803695041FED5F890301C40D5F88C302343C5F852
S315080369608C3001F032FE211E18BF01210020490296
S3150803697038BD38B504460D4601F02CFED4F89030E0
S315080369801D40D4F88C3023EA0505C4F88C5001F071
S315080369901CFE284638BDD0F88C00704710B504464F
S315080369A00121FFF7E6FF2046FEF7F0FB002010BDA6
S315080369B038B504460D464FF48811FFF7DAFF294622
S315080369C02046BDE83840FAF713BA73B50D7806467C
S315080369D00C4635B304238DF804302379304601A9D0
S315080369E08DF80530FFF798FF0546B8B92278A379DD
S315080369F052BB8DF80430E379304601A98DF805308A
S31508036A00FFF774FF054648B923783BB161883046DA
S31508036A10F9F7C6F901213046FFF729FC284602B0E3
S31508036A2070BD2946FFF723FC29463046FFF73DFC90
S31508036A3029463046FFF741FC2378002BCAD1237930
S31508036A408DF804306379C9E702228DF80420D3E769
S31508036A50FFF72BBCFFF739BC002070477047013995
S31508036A60024410B5904201D1002005E0037811F8DD
S31508036A70014FA34201D0181B10BD0130F2E70A44A7
S31508036A80431E914200D1704710B511F8014B91424C
S31508036A9003F8014FF9D110BD431C08BF0020F8F7CE
S31508036AA0A5BD00004FF40022184B5A664FF0B443B5
S31508036AB09868C0F304400C280AD8DFE800F00B09ED
S31508036AC009090909072119091B1D1F0010487047E1
S31508036AD0002070479B6803F04073B3F1807F11D0A1
S31508036AE0B3F1007F10D00B4A002B08BF104670473E
S31508036AF00948704709487047094870470948704765
S31508036B00094870470948704709487047009000507C
S31508036B10405DC60000093D00C0EA210180BA8C0128
S31508036B200048E801005A62020024F40080841E002B
S31508036B3040420F00014B1868704700BF0C44002001
S31508036B400A4B1B6F03F00703013B032B03D8DFE84C
S31508036B5003F00B030609FEE7054B18687047044B59
S31508036B6058687047034870470348704700800050C9
S31508036B700C44002080D54302002D310108B5FFF7E8
S31508036B80DFFF044B1B6FC3F303330133B0FBF3F08F
S31508036B9008BD00BF00800050014B5868704700BF0E
S31508036BA00C440020034B5A68D20702D5DA69002A37
S31508036BB0F9D1704700C00A504FF48062294B9A6690
S31508036BC0BFF34F8F036A052B14D84FF09842116C05
S31508036BD0C902FCD504339B0013650168103B116099
S31508036BE04168116050F8081F11604FF0984203443A
S31508036BF083421DD14FF098435A6CD202FCD54FF409
S31508036C008062586D184B10F470209A6628D0B0F538
S31508036C10802F1CD010D8B0F5003F1AD0B0F5403FEE
S31508036C2019D0B0F5803F08BF482018BF0120704728
S31508036C3050F8041F1160DBE7B0F5202F0DD0B0F52F
S31508036C40302F0CD0B0F5E02F08BF2120EDE74B20FD
S31508036C5070472A2070472C20704710207047112050
S31508036C60704700BF0090005000A0005038B5024698
S31508036C700B4604460D4600200549F4F786F93023EA
S31508036C8083F3118829462046BDE8384001F096BCAF
S31508036C90ED870308F8B5EFF31187302383F31188DB
S31508036CA020492148FFF77EFF8B69D0F880540A6C88
S31508036CB0D20703D5FFF776FF8B69013587F311886A
S31508036CC0BFF36F8F194A9A42194AAA4124D3D0F8B7
S31508036CD084240AB34FF47A74A3FB0401531E1342A4
S31508036CE004FB051112D1B2FA82F2C2F11F04531C36
S31508036CF0D24320FA04F601FA03F31E4321FA02F2F9
S31508036D00164321FA04F430462146F8BD0023FEF75C
S31508036D10BBFA06460C46F6E747210648FFF7A6FFE1
S31508036D20F1E700BF00C00A5008100020EFA7C64BC2
S31508036D3037894100008803080229F8B597BF114B24
S31508036D4000245B181C7F012805460E4609D0022835
S31508036D500AD008B944F002040B4BD3F8DC7437B9EC
S31508036D60F8BD44F00804F7E744F02004F4E77B6829
S31508036D701A68144203D0314628465B6898473F6829
S31508036D80EDE700BFE091030808100020094A03460F
S31508036D9092F82E0510B558B107498C6D14F0050FF6
S31508036DA002D092F82F4514B1002BF6D1184610BD20
S31508036DB00120FCE7081000200040005A164A92F802
S31508036DC0303533B10121154B596015498B69DB07FA
S31508036DD0FCD5144BD2F83405196F21F0070101438A
S31508036DE01967D3F82011D2F8380521F007010143B2
S31508036DF0C3F82011D3F82811D2F83C0521F007016E
S31508036E000143C3F8281192F82E351BB14FF480328B
S31508036E10054B9A62FFF7B2BE0810002000D0015056
S31508036E2000C00150008000500060005A054B93F8DB
S31508036E302E0518B1D3F8480500EBD000D3F84C3526
S31508036E401844704708100020134B10B593F82E35D5
S31508036E508BB1124C94F89D31CBB9114B9A6DD10372
S31508036E6002D5DA6D920702D49B6DDB0704D54FF47E
S31508036E7080320C4B9A6210BD012384F8943100F0DA
S31508036E8083F84FF48032074BC4F890019A620023C3
S31508036E9084F89D31EFE700BF081000200021002089
S31508036EA00040005A0050005A70B5134C94F8423506
S31508036EB0D3B1124D95F89E3123B1FFF7C5FF0023D1
S31508036EC085F89E310020FFF761FF94F8406560B1AD
S31508036ED0FFF774FF00230121304684F84235FFF794
S31508036EE02BFF012384F8403570BD012385F89F6184
S31508036EF084F84135F8E700BF081000200021002078
S31508036F000D490B6898B100229BB1834203D183686C
S31508036F1022B90B6003E01A469B68F5E7936083681A
S31508036F201BB15A6941690A445A61002070472220F5
S31508036F3070470220704700BF54290020F0B49DF81B
S31508036F401050BDF81460C0B10024C461EFF3118773
S31508036F50302484F311880B4C246814B1A0420AD157
S31508036F60012487F31188BFF36F8F4CB9CDE9045613
S31508036F70F0BC01F04FBAA468EFE72220F0BC7047D3
S31508036F800320FBE75429002010B5EFF311843023BF
S31508036F9083F31188FFF706FE034B986984F3118878
S31508036FA0BFF36F8F10BD00BF00C00A50014B1868AE
S31508036FB0704700BF8C1400200F4B10B51A689AB19E
S31508036FC04FF47A71531E1342A0FB01010ED1B2FA94
S31508036FD082F2C2F11F04531CD243E04001FA03F3C1
S31508036FE0184321FA02F20243104610BD0023FEF7A6
S31508036FF04BF90246F8E700BF8C14002038B5002584
S31508037000FFF7D0FD094B0A489C690A4B1A680368BF
S31508037010E31A2AB123B15169994203D3C91A5161B3
S31508037020046038BD55615B1A9268F2E700C00A50DE
S31508037030502900205429002070B55E4C86B0ADF85F
S3150803704006100023214611F8015BA84248D00133F4
S31508037050DBB2082BF7D100230821574D15F8016B2E
S31508037060B04200F0A280013911F0FF01F6D11BB13D
S315080370708DF80B100DF10B03082114F8015BA842D8
S3150803708073D0013911F0FF01F7D14C4B460003EBDE
S315080370904001B1F8DA40B1F8B251AC4257D34FF6D2
S315080370A0FF718C424FF0010103D01E440134A6F848
S315080370B0DA4000F0FD04092C67D1B3F8EE40B3F8C3
S315080370C0C6612244B242B8BF96B2A3F8EE603B4B00
S315080370D003EB4003B3F8DA30AB423AD206B070BDDD
S315080370E00123B9E70023BDF806108DF80B308DF898
S315080370F01030ADF8121004ABBEE74FF6FF73994292
S31508037100ECD00131A6F8DA1001213EE0012C0ED8A5
S3150803711004EB4414044403EB44034FF6FF74B3F837
S315080371202E11A1421CBF0131A3F82E11ADE7022C83
S31508037130ABD14FF6FF74B6F82E11A1421CBF01312D
S31508037140A6F82E1100F1210103EB4103E5E700211F
S31508037150ABE70029C2D1F2238DF80E00032103A859
S31508037160ADF80C30F5F7B6FFB8E71C78134B2028B3
S3150803717003EB4006B6F8DA10B6F8B251C6D98D4213
S31508037180BBD90131A6F8DA1000211D289FD10B4C73
S31508037190B4F814319E18AE42BDBF03F1FF339B18F2
S315080371A0A4F81431A4F8145191E7002B9AD10DF1E0
S315080371B0060361E74D9C0308559C030848340020E1
S315080371C0F8B5C38804460D464BB9EFF3108772B674
S315080371D01B4B1B78012B09D8384601F0F6F91949D8
S315080371E065610B682BBB0C60A36021E0164B1E6818
S315080371F0FFF71CFE0644384601F0E7F9B542EED21E
S31508037200EFF3108572B6FFF74FFE284601F0DDF956
S315080372103546E4E7AD1A9A68184665616AB11346B6
S315080372205A69AA42F6D930B18460521BA3605A61DF
S31508037230F8BD0020F4E70C60F7E79C60A260F7E767
S3150803724048150020542900205C1500202DE9F0413B
S315080372502B4F3B68002B50D05C692A4B002C40D03F
S31508037260294A2A4E1268144402225A64EFF31088F4
S3150803727072B6FFF797FCB56901F05AF8F36C326CEE
S31508037280960704D45A1B032A01D89D420FD1631BC0
S31508037290022B98BFEC1CB4F1FF3F38BF013C01F049
S315080372A047F80222194BDC6403F580535A644046B7
S315080372B001F08BF9164B93F84D202AB10121114A97
S315080372C09164002283F84D20002312493A680B7013
S315080372D022B1D088800708D501230B700020BDE8AA
S315080372E0F08102225A641A64EEE79268002AF5D0FE
S315080372F050690344012BECD9F0E72220EFE700BFDE
S315080373005429002000D00A505029002000C00A50F2
S315080373101C4500202629002038B50446002837D006
S31508037320C388062B0BD11B4B93F84E203AB902217F
S31508037330194A916404219164012283F84E20EFF3DC
S31508037340108572B6FFF75AFE144B20461B68A342F4
S3150803735008D0FFF7D5FD0446A8B1284601F035F94C
S31508037360204638BDFFF7CCFD04460028F5D1FFF7C4
S315080373706DFF222807D10122064B83F84D20064BC1
S315080373809A6402225A64284601F01FF90024E7E7A3
S315080373902224E5E71C45002000E00A505429002072
S315080373A02DE9F84FEFF31187302383F31188594BEF
S315080373B059491B6C03F0010213F0020F03F0030390
S315080373C00B640ED13AB1554A136801331360FFF7BC
S315080373D015FEFFF73BFF87F31188BFF36F8FBDE8F1
S315080373E0F88F3AB14D4A136801331360FFF706FE67
S315080373F0FFF72CFFEFF3118A302585F311884FF039
S31508037400000BFFF7FBFD5E46DFF80891444B1C684B
S315080374100CB16369CBB10022424B012E1A7003D11A
S315080374201BF0020F18BF1E70FFF710FF222807D1A3
S3150803743001223D4B83F84D20374B9A6402225A6446
S315080374408AF31188BFF36F8FC5E723465A693AB99A
S315080374501A792179914288BF1C469B68002BF5D17E
S315080374608AF31188BFF36F8FD4F810B0BBF1000FFE
S315080374701DD0FFF797FBD9F81820A369A2EB030AD7
S315080374804FEAEA72DA4572F1000211DB5B44A36143
S31508037490E36813B1204621689847B4F806B0013665
S315080374A0EFF3118A85F31188FFF7A8FDAEE7DA46ED
S315080374B0EFF3118885F311882046FFF721FD88F33A
S315080374C01188BFF36F8F2369002BE1D0A38BBBEB26
S315080374D00A0133B1E28B13449BB2B3F57A7F10D218
S315080374E0E383EFF3118A85F311882046FFF768FED5
S315080374F0A36922691344A3618AF31188BFF36F8FC3
S31508037500C6E7A3F57A73E383A3690139013BA3614C
S31508037510E7E700BF00C00A5000E00A5088140020BD
S3150803752054290020952200201C45002050B1074B02
S315080375301B68984208D3064B1B6898422CBF002049
S3150803754001207047012070470020704774150020FA
S315080375507C15002008B5054B1868FFF7F7F800F007
S315080375600300C31E5842584108BD00BF441D0020EE
S3150803757038B54FF0FF300C46FFF78EFA0A4B05462F
S315080375801868FFF789FA641B241A20B210F1630FEF
S3150803759006DB10F1240F05DA64308000C0B238BD6B
S315080375A00020FCE7FF20FAE7441D0020F7B5124C3C
S315080375B0D4E9086586EA020C85EA03070CEA000C97
S315080375C00F405CEA070E15D086EA0C067D40C4E92F
S315080375D00865CDE900230B46084902460868FFF704
S315080375E0AFF938B14FF4FD71054803B0BDE8F04073
S315080375F0FFF73CBB03B0F0BD58290020441D00200B
S315080376009289030808B5074B1868FFF72EF930B1B6
S31508037610054BB3FBF0F083B20BB1184608BD012046
S31508037620FCE700BF441D002040420F000148FFF756
S315080376301DBB00BFF59C030810B5EFF31184302377
S3150803764083F31188064A13889BB231B11843108015
S3150803765084F31188BFF36F8F10BD23EA0000F6E7A2
S315080376603E1D002008B5114B1B78062B04D040F6A7
S3150803767021010F48FFF7FAFA0E4B1B881B0704D4A0
S3150803768040F622010A48FFF7F1FA2A2001F08EF89C
S3150803769008200021FFF7D0FF0222074B9A74074BF5
S315080376A01868BDE80840FDF741BB00BF401D002030
S315080376B0928903083E1D002050460020441D0020E1
S315080376C00022034B01214FF480701A70FFF7B4BFF1
S315080376D0401D00200D4B70B51B88DB0604D440F60D
S315080376E047010B48FFF7C2FA0A4D00211020FFF79E
S315080376F0A3FF6C6D24B940F2FD310748FFF7B6FACC
S3150803770000236B652346BDE8704018473E1D0020DD
S3150803771092890308101C00204F9F030810B50D4CCF
S31508037720A36A23B940F6A3410B48FFF79FFAA46A55
S31508037730B4F8013003F00703032B09D10922012109
S31508037740204600F088FF205C031F5842584110BDAD
S315080377500020FCE7582900209289030830B1044B1E
S3150803776000F100401B68013803EB4000704700BF77
S315080377707415002010B508B9002010BDFFF7EEFFF9
S315080377800446FFF7D3FE20B94FF49D610648FFF779
S315080377906DFA002CF0D02388DB0B0ABF608820899A
S315080377A0C0F30C00E9E700BF0989030810B50446CE
S315080377B008B9002010BDFFF7D1FFFFF7B7FE20B9C0
S315080377C040F2CD410748FFF751FA2046FFF7C6FFB7
S315080377D00028EED00388DB0B14BFD0F80A00083064
S315080377E0E8E700BF0989030838B5FFF7B7FF0D4671
S315080377F0044650B1FFF79AFE20B940F241510348B7
S31508037800FFF734FA023534F8150038BD0989030839
S3150803781070B5FFF7A3FF0C4616460546B0B1FFF74A
S3150803782085FE20B940F24D510C48FFF71FFA304642
S31508037830FFF794FFFFF77AFE20B940F24E51074847
S31508037840FFF714FA023425F8146070BD40F252515A
S31508037850BDE870400148FFF709BA00BF0989030864
S315080378602DE9F041C41CA4082D4B64000434B0F57B
S31508037870005F064688461D68A4B204D340F29551B4
S315080378802848FFF7F3F9EFF31187302383F31188B9
S315080378902548426B6AB9254A1368ED1AC5F34F059D
S315080378A0AC4225D987F31188BFF36F8F0020BDE853
S315080378B0F081B8F1000F11D01C4B1B68D11AC1F324
S315080378C04F018C42EED8194D610003EB44042C603A
S315080378D0B8F1000F0FD10A4442630CE0AD1AC5F3A1
S315080378E04F05C5B940F2A6510E48FFF7BFF9D9E7C8
S315080378F003EB4404146000225E809A80DA801A80BF
S3150803790087F31188BFF36F8F094A1068181A401056
S31508037910013080B2CBE7AC42C4D8044B1B68D2E72C
S315080379207815002009890308582900207C150020AA
S315080379307415002082684F4B2DE9F0419A4204469C
S315080379400E4605681AD121B140F213114A48FFF7CA
S315080379508DF9EFF31182302383F3118823691BB959
S315080379602B683BB924612C6082F31188BFF36F8FB0
S31508037970BDE8F081196921611C61F4E700F058FE3E
S315080379803E4B80465B68C3F3080323B14FF49571F6
S315080379903948FFF76BF96FF000439E42216913D20A
S315080379A02B7B08EB0602002B4DD0AB6893424AD1DA
S315080379B0531C002949D061699942D9D056B9521A3C
S315080379C0B2F1004F06D8D3E7434400293DD0626994
S315080379D09342CDD0636123696E689C4203D19D218E
S315080379E02548FFF743F92F460023B4420BD0002B53
S315080379F03AD172696169891AB1F1004F2BD8326994
S31508037A003746944225D12269BD420CBF6A603A6162
S31508037A107BB92669B44203D1B8211748FFF726F97B
S31508037A203B46012E05D062697169521AB2F1004FBD
S31508037A301CD99D420BBF6B681A69236122610CBF6F
S31508037A406C601C6194E71346B3E76A6822616C604D
S31508037A50C0E71646CDE7A8EB0202B2F1004FCED92E
S31508037A603B4637463669C0E71F46F9E73346366964
S31508037A70D7E700BF49330108C69C030800ED00E0B9
S31508037A8038B50C4630B100210420FFF7D5FD012C8B
S31508037A901CD038BD234B1B889B07F8D50129224ADE
S31508037AA029D192F8541031B30139C9B282F8541066
S31508037AB011B92020FFF7C0FD02200021FFF7BCFD06
S31508037AC004221A4B1A481A70FFF734FF164B9C6A9E
S31508037AD0B4F8013003F44063B3F5006F1ED10121F6
S31508037AE00422204600F0B7FD215A0022BDE838409B
S31508037AF02020FFF7A1BA00210E4D022082F8541068
S31508037B00FFF79AFD95F87C30FF2B04D040F2996174
S31508037B100948FFF7ABF885F87C40B8E74FF6FF71DD
S31508037B20E3E700BF3E1D002058290020401D002022
S31508037B30AC460020504600209289030838B5104CFD
S31508037B4005462388590708D5FFF704FD072000F0E3
S31508037B502DFE00210420FFF76FFD23889A0706D51B
S31508037B60284600F023FE01210020FFF789FF23881A
S31508037B701B0703D5BDE83840FFF774BD38BD00BF02
S31508037B803E1D00202DE9F0431446620680461E4634
S31508037B908FB004D5FFF7DEFC012000F007FEF304DF
S31508037BA002D52D2000F002FEA7021DD54046FEF79A
S31508037BB051FF0146C0B94020FFF73EFD404608A9DC
S31508037BC0FEF76DFA80B99DF82830022B40F0BF8086
S31508037BD0BDF8200000F0F4FAFF2800F0C58000F095
S31508037BE009FB002840F0C080A00304D5FFF7B2FCC8
S31508037BF0032000F0DBFDE10104F0807540F1BF804E
S31508037C00A94B1B889A072BD5A84D2868FEF7E1F9D7
S31508037C1030BBA74BA74F83F8540097F87C30FF2B4C
S31508037C2004D040F25761A448FFF720F80021022048
S31508037C30FFF702FD87F87C10A04F3B78062B06D189
S31508037C4008200121FFF7F8FC282000F0AFFD3B7858
S31508037C50052B05D12B2000F0A9FD2868FDF766F84A
S31508037C60250716D5914F0321386803AAFEF7CBF9E2
S31508037C70054620B940F2C9618F48FEF7F7FF9DF81C
S31508037C800C30072B00F0B080FFF764FC042000F0EB
S31508037C908DFDE20504D5FFF75DFC042000F086FDA3
S31508037CA014F4863F04D0FFF755FC022000F07EFD4E
S31508037CB0A30110D5FFF74EFC082000F077FD00213D
S31508037CC00420FFF7B9FC7D4B1B78012B03D1774BB7
S31508037CD01868FDF72BF814F0084F08D0FFF73AFC9D
S31508037CE0072000F063FD00210420FFF7A5FCA70089
S31508037CF008D5FFF72FFC062000F058FD00210420C5
S31508037D00FFF79AFCA50705D5674B1B881C0701D502
S31508037D10FFF7A8FC700602D50A2000F047FDF10517
S31508037D2040F16D8108AA404603A9FEF70DFD9DF8AB
S31508037D300C20222A00F0568100F26A81152A40F2A5
S31508037D40538140F60A115C48FEF790FF57E1032B6F
S31508037D507FF44AAF08A800F0B9FAFF2804D000F068
S31508037D6087FA05077FF540AF4046FEF796F90028E0
S31508037D707FF43AAF01214020FFF75EFC34E706F0B3
S31508037D80020755EA070305D0262000F00FFD012157
S31508037D90284609E004F0805555EA070307D026204C
S31508037DA000F004FD02213846FFF76AFE58E704F09F
S31508037DB0884353EA050204D0272000F0F7FC022182
S31508037DC0E6E706F00802134302D0232000F0EEFC90
S31508037DD0730702D5242000F0E9FCF7077FF540AFC7
S31508037DE0252000F0E3FC3BE72946386808AAFEF796
S31508037DF010F920B14FF4DA612F48FEF737FFBDF8C3
S31508037E000E303868023308A9ADF82430FEF703F9B3
S31508037E1020B140F2DF612848FEF728FF00230093CC
S31508037E2029460423386802AAFEF7F7F8042804D07B
S31508037E3040F2E4612048FEF719FFBDF8093003F064
S31508037E400703022B3CD1FFF785FB092000F0AEFCA4
S31508037E501A4B1B78062B7FF41CAF154B9DF80B208A
S31508037E6093F855309A427FF414AF9DF82D3023B911
S31508037E7040F2FA611048FEF7F9FE2920BDF80950C9
S31508037E8000F094FC00210820FFF7D6FB094BC5F345
S31508037E9000159D74FFF742FC00287FF4FAAE386894
S31508037EA0FCF744FFF5E600BF3E1D0020441D0020F5
S31508037EB0582900205046002092890308401D0020B7
S31508037EC0BDF80E000121083080B2FFF7C9FC8146D0
S31508037ED000283FF4D9AEFFF769FC0546014603AA15
S31508037EE03868FEF7A2F8B5F8013098065FD5386802
S31508037EF0FEF7B0FD0746FFF72DFB781DC0B200F06D
S31508037F0055FCB5F80130584F03F00703032B07D187
S31508037F1009220121284600F09EFB285C042834D058
S31508037F2001210420FFF788FB4FF0FF30FEF79CF88A
S31508037F30B86500214D48BDF80E20407CAB18A854FF
S31508037F409DF82E209A709DF82F20DA70089A100E45
S31508037F501871100C5871100A9871DA716A7899B306
S31508037F6042F020026A70424A92F8A8205A70EFF348
S31508037F701185302383F311883E48494600F0F0FB08
S31508037F8085F31188BFF36F8F83E60121FFF754FB4F
S31508037F904FF0FF30FEF768F8374BB8651B8859066C
S31508037FA0C7D500214020FFF747FB0121C2E7FFF7AA
S31508037FB0D1FA092000F0FAFB304B1B78012BB8D114
S31508037FC03868FCF7B3FEB4E702F0DF02CAE7012319
S31508037FD07E32D2B2934013F00A1F30D113F0011F39
S31508037FE03FF4AFAE27202BE001239340244A1A40DF
S31508037FF02ABB13F0041FF5D1DA077FF5A2AEB30542
S315080380002FD5012180200FB0BDE8F043FFF714BB3D
S31508038010652A1AD8622A12D8452A0CD8422A0ED8B3
S31508038020352A06D8322A0AD8252A08D9322AD9D08F
S3150803803087E6422AFBE7552A05D8522AF7D9262086
S31508038040FFF77CFDDBE7622AF1E7952A3FF679AE6F
S31508038050812ABCD8722AC5D0733A022A3FF671AE72
S31508038060EDE70FB0BDE8F0835829002050460020FD
S31508038070101C0020922900203E1D0020401D0020D0
S315080380803A003800002270B50A4B1C780A4BD5B261
S31508038090AC4202D800200C7008E01E8801328642E2
S315080380A005D30D701B881B1A5842584170BD1233ED
S315080380B0EDE700BF4C3700204E37002030B50446A5
S315080380C00D4685B002B9084A1068516801AB03C367
S315080380D001AB03CB20602046ADF80C501B886160CA
S315080380E0238105B030BD00BF969B030810B508224F
S315080380F007490446FEF7B3FCB0FA80F04FF6FF7360
S315080381002289400940009A4208BF40F0010010BD89
S31508038110C89F030838B5012104461020FFF78CFAD7
S31508038120064B1D68FFF76EFA012200FB04F1044BA8
S315080381302846FEF712FB002038BD00BF441D002069
S31508038140D576030810B5194C237E73B1636913B347
S315080381504FF47070164A516D21B9164B5365FFF7E4
S31508038160D9FF6369013B636110BD134B4FF0FF31C0
S315080381701868FEF70DFBE369002894F92020B8BFB9
S315080381800330013340F38700E36163698242B8BF72
S3150803819084F8200043B9094881690029E4D1BDE878
S315080381A010400830FFF7C6BB0820D3E7E83A00209B
S315080381B0101C002045810308441D0020384900206F
S315080381C00A4B01469B6830B52BB1094A147800223D
S315080381D0D0B2844201D8FF2030BD5D888D4202D1DA
S315080381E01D69ED07F8D401321833F1E7E83A0020A0
S315080381F0354700200F4A03469068D0B10E4A1278D5
S315080382009A4215D919B203EB430300EBC30003697A
S3150803821013F001000DD0094A126832F8112002F44E
S31508038220E2622AB913F00C0F14BF0120002070472D
S3150803823001207047E83A002035470020402B0020EC
S31508038240094B9B686BB1094A1278824209D900EB3C
S315080382504000C20003EBC0000169C90701D5985C59
S315080382607047FF20704700BFE83A002035470020D3
S315080382700C4A0346906890B10B4A12789A420DD974
S3150803828003EB430300EBC300D0E9043213F0010008
S315080382904FF0000104D018461146704700200146E6
S315080382A0704700BFE83A002035470020054B1B6896
S315080382B02BB9054B1868003818BF012070470120F1
S315080382C0704700BF4C2D0020382D0020164B2DE992
S315080382D0F0411C680746F4B1144B93F80080B8F1D3
S315080382E0000F18D000260434F5B22FB9E368DA076D
S315080382F013D42846BDE8F081082239462046FEF7FE
S31508038300AEFB50B9E368DB07F3D40136F5B2A845EB
S3150803831004F11804F0D8FF25EBE70136F3B29845C4
S3150803832004F11804E0D8F6E7F03A002035470020B0
S31508038330034B5A68D20702D59A6D002AF9D17047BA
S3150803834000C00A502DE9F843DFF880800646B8F8DE
S31508038350000000F01DFA0446A8B3FFF727FA0746FC
S315080383603046FFF7C3FE05463846FFF7BFFE032D23
S31508038370814622D0032820D010F0020F1DD1A90769
S315080383800CD510F0010F18D10543EA0703D4328937
S315080383903B899A4211D12046BDE8F883082239461B
S315080383A0304645EA0905FEF75AFBEB0703D432893B
S315080383B03B899A4201D10028EDD02146B8F800003E
S315080383C000F0EBF9C7E70024E5E700BFC447002040
S315080383D0036813F4E07F03F03F00C3F382120BD064
S315080383E0012A0BD0022A06D1074B49B103F580535C
S315080383F0012282401A607047044BF6E7044BF4E700
S3150803840003F50053F4E700BF6C8000506480005006
S31508038410688000502DE9F8431F469DF820300D4625
S31508038420037100230446BDF82490DFF8AC80C0E945
S31508038430032383600760A0F806901646FEF7B2FB8F
S31508038440D8F818302B44A3613DB9656116B139468E
S315080384502046B0470020BDE8F883B9F1060F25D1B9
S3150803846008221C4B9A62EFF3108472B6FEF79AFB46
S31508038470D8F81830022D8CBF5B190333B3F1FF3FCD
S315080384802CBF1946591EFFF753FF134B2046196590
S3150803849000F09BF8114B1A78002ADBD00221104A08
S315080384A091640421916400221A70D3E7EFF31086CE
S315080384B072B6FEF7A3FD29462046FEF781FE094B51
S315080384C01B689C4201D1FEF7C1FE304600F07DF8D9
S315080384D0C0E700BF0050005A00C00A506A45002092
S315080384E000D00A5054290020F8B5244A1378FF2BE4
S315080384F002D100283FD0F8BD002B39D10028FAD085
S31508038500012313701E4B1B78012BF4D9EFF3108547
S3150803851072B61C4E3378F3B11B4C23781BB9012270
S3150803852022701A4A13701A4F3B781BB1FEF78CFC5C
S3150803853000233B70284600F048F80120FEF726FC86
S31508038540EFF3108572B623781BB1FEF737FC0023C9
S315080385502370002333700A4C284600F036F8207837
S315080385600128C8D00121FEF7E7FB01232370C2E7E0
S3150803857008B10133C5E7013B1370BCE7A12200200C
S31508038580481500204A150020A0220020491500207E
S315080385909E220020074A10B512780C464AB10728CE
S315080385A007D8054A02EB00131B7B13B1D1F73AFA36
S315080385B0207010BD341300207011002042DE70476E
S315080385C010B962B6BFF36F8F704710B962B6BFF3BF
S315080385D06F8F7047EFF3108072B6704780F3118878
S315080385E0BFF36F8F7047EFF31180302383F311883E
S315080385F0704708B528220021FDF774FC002008BD42
S31508038600036A042B9FBF00EB83020133D160036225
S315080386107047836813B9816070475B685A68012A93
S31508038620FBD15960704708B5FEF734FB80B208BD25
S3150803863008B5FEF72FFB08BD10B5EFF3108472B625
S31508038640AFF30080D9F754FFAFF300802046BDE8A7
S315080386501040FFF7B5BF032A30B545D0435A81F01A
S315080386600101C1F1040413F44065E4B209D1042AF3
S31508038670204605D0052A16D113F0400F18BF204609
S3150803868030BDC1F10600042AC0B2F9D0B5F5006FB2
S3150803869003D1C1F10801C8B2ECE7B5F5406FE9D1DA
S315080386A0C1F10E01F7E713F4404108D1062AE7D0D2
S315080386B0072AE5D0082A13D10130C0B2E0E75C06E1
S315080386C05CBF0230C0B2062ADAD0B1F5004F02D138
S315080386D00230C0B2ECE7B1F5404FE9D10830F8E70C
S315080386E01B07CDD50530E8E70420C9E72DE9F8438C
S315080386F007460846154688461C469DF82090FFF708
S3150803870055F84619A4B19EB14046FFF733F82544F8
S3150803871085420FDC2246B9F1000F06D131463846A9
S31508038720FDF7E8FB0020BDE8F88339463046F7E74E
S315080387302120F8E71D20F6E707B50DF10701FFF736
S31508038740A1FC20B19DF8070003B05DF804FBFF20E8
S31508038750FAE708B5FFF734FDFF3818BF012008BD4F
S31508038760F8B5078805460C4687B100213846FFF752
S315080387703BF82246064600213846FFF749F83246B3
S3150803878000212046FFF744F82C80F8BD0E46F6E78D
S3150803879010B10021FFF728B87047034699420846E7
S315080387A002D00021FFF720B8002070470020704749
S315080387B00121FFF70DBE00000000000000000000C5
S315080387C0F8B500BFF8BC08BC9E467047F8B500BFAD
S315080387D0F8BC08BC9E4670475FF800F0D9400020F5
S315080387E05FF800F02D41002042426C66000D0A5BDB
S315080387F04153534552543A25733A25645D0D0A008D
S31508038800463A2F4650542F476174657761792F5836
S315080388106732365F476174657761795F4E43502FD8
S3150803882073696D706C69636974795F73646B5F32BE
S315080388303032352E362E332F706C6174666F726D37
S315080388402F736572766963652F6C65676163795FF4
S3150803885068616C2F7372632F626173652D7265701D
S315080388606C6163656D656E742E630073696C616212
S31508038870737675617274646F776E0070726F636571
S315080388807373006D61696E005468726561640048AC
S31508038890616E646C6572002C2000463A2F4650546C
S315080388A02F476174657761792F586732365F476159
S315080388B074657761795F4E43502F73696D706C6980
S315080388C0636974795F73646B5F323032352E362E83
S315080388D0332F70726F746F636F6C2F7A6967626573
S315080388E0652F737461636B2F636F6E6669672F7386
S315080388F06C5F7A69676265655F636F6E66696775DC
S31508038900726174696F6E2E63006275666665722D91
S315080389106D616E6167656D656E742E6300463A2FE9
S315080389204650542F476174657761792F58673236F5
S315080389305F476174657761795F4E43502F73696D3D
S31508038940706C69636974795F73646B5F323032354F
S315080389502E362E332F706C6174666F726D2F7365A6
S3150803896072766963652F746F6B656E5F6D616E6191
S315080389706765722F6C65676163792F7372632F73EB
S315080389806C5F746F6B656E5F6D616E616765722E82
S3150803899063006C6F7765722D6D61632D7261696C07
S315080389A02D3830322E31352E342E6300463A2F4673
S315080389B050542F476174657761792F586732365F4C
S315080389C0476174657761795F4E43502F73696D709C
S315080389D06C69636974795F73646B5F323032352E01
S315080389E0362E332F70726F746F636F6C2F7A6967C5
S315080389F06265652F6170702F6672616D65776F7238
S31508038A006B2F636F6D6D6F6E2F736C5F7A69676219
S31508038A1065655F73797374656D5F636F6D6D6F6E8F
S31508038A202E6300526573657420696E666F3A20304B
S31508038A307825303258202825732900457874656EC1
S31508038A4064656420526573657420696E666F3A209F
S31508038A503078253034582028257329002573206D4E
S31508038A606F6465207573696E672025732073746157
S31508038A70636B202825346C7820746F2025346C7832
S31508038A80292C205350203D2025346C780A0025755F
S31508038A9020627974657320757365642028257525A6
S31508038AA0252920696E20257320737461636B20283A
S31508038AB06F7574206F662025752062797465732037
S31508038AC0746F74616C290A005350206973206F759B
S31508038AD0747369646520257320737461636B2072EC
S31508038AE0616E6765210A004E6F20696E746572723E
S31508038AF075707473206163746976650A00496E74C8
S31508038B00657272757074732061637469766520285B
S31508038B106F72207072652D656D7074656420616E61
S31508038B206420737461636B6564293A0A00202575AA
S31508038B300052657365742063617573653A205761DE
S31508038B40746368646F6720657870697265642C203E
S31508038B506E6F2072656C6961626C652065787472E4
S31508038B606120696E666F726D6174696F6E0A005271
S31508038B70657365742063617573653A205761746319
S31508038B8068646F67206361756768742077697468BA
S31508038B9020656E68616E63656420696E666F0A0098
S31508038BA0496E737472756374696F6E206164647257
S31508038BB06573733A2025346C780A005265736574B5
S31508038BC02063617573653A20417373657274202552
S31508038BD0733A256C640A005265736574206361757C
S31508038BE073653A2048617264204661756C740A009D
S31508038BF0484653522E5645435454424C3A206572BE
S31508038C00726F722072656164696E67207665637434
S31508038C106F72207461626C6520666F7220616E20C4
S31508038C20657863657074696F6E0A00484653522EF9
S31508038C30464F524345443A20636F6E6669677572B9
S31508038C4061626C65206661756C7420636F756C640C
S31508038C50206E6F742061637469766174650A0048CF
S31508038C604653522E44454255474556543A20666163
S31508038C70756C742072656C6174656420746F206406
S31508038C8065627567202D20652E672E2C206578650D
S31508038C90637574656420424B50540A0052657365C4
S31508038CA0742063617573653A204D656D6F7279201B
S31508038CB04D616E6167656D656E74204661756C748A
S31508038CC00A00496C6C6567616C206163636573733D
S31508038CD020616464726573733A2025346C780A00DC
S31508038CE0434653522E25730A0052657365742063EF
S31508038CF0617573653A20427573204661756C740A0B
S31508038D000041646472657373206973206F6620611A
S31508038D106E20696E737472756374696F6E2061660B
S31508038D2074657220627573206661756C74206F634F
S31508038D306375727265642C206E6F7420746865207F
S31508038D4063617573652E0A00434653522E286E6F68
S31508038D506E6529206C6F6164206F722073746F725D
S31508038D606520617420616E20696C6C6567616C208F
S31508038D70616464726573730A00526573657420636C
S31508038D80617573653A205573616765204661756C2D
S31508038D90740A0052657365742063617573653A20B6
S31508038DA04465627567204D6F6E69746F72204661FC
S31508038DB0756C740A002573203D2025346C780042AF
S31508038DC04242424200496E69743A20646566617597
S31508038DD06C7420434341206D6F646520736574206A
S31508038DE0746F2025643A2030782530385800537537
S31508038DF0636365737366756C6C79206D69677261F5
S31508038E00746564202564206B65797320746F20501C
S31508038E1053412E0A004661696C656420746F206DA0
S31508038E20696772617465202564206B6579732028E8
S31508038E307768696368206D617920616C736F206256
S31508038E406520696E76616C6964292E0A00767561F8
S31508038E5072740076636F6D006465627567004941D5
S31508038E60434356494F4C3A20617474656D70746573
S31508038E706420696E737472756374696F6E206665B0
S31508038E807463682066726F6D2061206E6F2D657836
S31508038E906563757465206164647265737300444120
S31508038EA0434356494F4C3A20617474656D70746533
S31508038EB064206C6F6164206F722073746F7265200F
S31508038EC0617420616E20696C6C6567616C206164EE
S31508038ED06472657373004D554E53544B4552523A5B
S31508038EE020756E737461636B2066726F6D20657887
S31508038EF063657074696F6E2072657475726E20632C
S31508038F006175736564206163636573732076696F3E
S31508038F106C6174696F6E004D53544B4552523A2037
S31508038F20737461636B696E672066726F6D2065780B
S31508038F3063657074696F6E20636175736564206118
S31508038F4063636573732076696F6C6174696F6E000A
S31508038F504D4D415256414C49443A204D4D415220BC
S31508038F60636F6E7461696E732076616C69642066DB
S31508038F7061756C7420616464726573730049425544
S31508038F80534552523A20696E737472756374696FE6
S31508038F906E207072656665746368206361757365B0
S31508038FA06420627573206661756C7400505245437C
S31508038FB049534552523A2070726563697365206452
S31508038FC061746120627573206661756C7400494D1E
S31508038FD05052454349534552523A20696D7072655A
S31508038FE063697365206461746120627573206661C1
S31508038FF0756C7400554E53544B4552523A20756E50
S31508039000737461636B696E67206F6E206578636539
S315080390107074696F6E2072657475726E20636175FC
S315080390207365642064617461206275732066617573
S315080390306C740053544B4552523A20737461636BF4
S31508039040696E67206F6E20657863657074696F6EE5
S3150803905020656E7472792063617573656420646133
S31508039060746120627573206661756C7400424641AB
S315080390705256414C49443A204246415220636F6E48
S315080390807461696E732076616C6964206661756CB8
S3150803909074206164647265737300554E444546498A
S315080390A04E5354523A20747269656420746F20656E
S315080390B078656375746520616E20756E6465666987
S315080390C06E656420696E737472756374696F6E0076
S315080390D0494E5653544154453A20696E76616C6934
S315080390E0642045505352202D20652E672E2C20745C
S315080390F07269656420746F20737769746368207472
S315080391006F2041524D206D6F646500494E5650439A
S315080391103A20657863657074696F6E207265747535
S31508039120726E20696E7465677269747920636865FF
S31508039130636B73206661696C6564004E4F43503AEE
S3150803914020617474656D7074656420746F20657826
S315080391506563757465206120636F70726F636573E9
S31508039160736F7220696E737472756374696F6E00B8
S31508039170554E414C49474E45443A20617474656DD2
S315080391807074656420616E20756E616C69676E65BF
S3150803919064206D656D6F727920616363657373000F
S315080391A044495642595A45524F3A20617474656D7B
S315080391B07074656420746F206578656375746520BB
S315080391C053444956206F722055444956207769748B
S315080391D0682064697669736F72206F6620300000B1
S315080391E002020300000000001A00000057000000F6
S315080391F000020100000000000000000001041055F1
S315080392004E4B004649420042544C004558540050C0
S3150803921057520057444700205357004352530046BA
S3150803922053480042414400464C540042524F0052B0
S315080392303000523100523200523300523400523554
S315080392400052360052370052380052390052313034
S31508039250005231310052313200523133284C5229EF
S31508039260004D53500050535000504300785053520A
S31508039270004D535020757365640050535020757321
S3150803928065640043535441434B20626F74746F6D96
S31508039290004943535200534843535200494E545FBF
S315080392A04143544956453000494E545F4143544956
S315080392B056453100434653520048465352004446E6
S315080392C05352004D4D41522F424641520041465397
S315080392D05200526574300052657431005265743217
S315080392E00052657433005265743400526574350050
S315080392F04461743000446174310000001E000000AC
S315080393000B0000000C0000000300000000002020F2
S3150803931000000000030000003C3C3C000000000085
S315080393200000000000000000160000001B000000FB
S315080393300104010303060105010501090600060BDD
S315080393400000070B050B00000000000000000000EA
S3150803935001FF010023E1010075E4010063E2010056
S3150803936063E5010062E1010079EB010064EE0100A7
S3150803937024E1010025E1010026E1010027E10100BE
S3150803938028E1010029E101002AE1010000000100AA
S3150803939080000100000101008001010000020100B4
S315080393A08002010020E2010000030100000501001C
S315080393B080050100000601002C89010080060100D2
S315080393C00007010001E5010002E5010058E201007A
S315080393D080030100800401000004010080070100E6
S315080393E00008010080080100B0980308AC98030838
S315080393F09898030894980308909803088C98030888
S315080394007A9803086A980308509803084898030843
S315080394103E9803083C9803082498030821980308F0
S315080394201998030808980308F8970308E6970308A2
S31508039430CC970308C4970308B8970308B497030897
S31508039440B0970308A2970308979703087E9703081C
S31508039450659703080997030808970308F896030806
S31508039460D0960308BC9603088896030884960308CF
S31508039470549603085096030845960308449603082A
S3150803948002041104040211101A080A021801081129
S3150803949010111A080A04020D0B19195C0110281277
S315080394A0340430040B010001000101000000000030
S315080394B0000000000000000000000001000000009A
S315080394C00000000000000000000000000101010187
S315080394D00101010101010101010101000000000070
S315080394E000010020201400002001010105000000EE
S315080394F0000000000000000000000000000000005B
S31508039500000101010101010001010101010101003D
S3150803951000000101010101010400E40C0A00020133
S315080395200A0006000A0026002A00008002010A0033
S315080395300600008006000A0026002A0000800000B4
S31508039540D8990308809903084C9903084099030896
S31508039550389903082C9903081C99030814990308D6
S3150803956008990308F8980308D8980308B8980308CD
S315080395705E8E03089E8E0308FF870308D68E0308AC
S31508039580178F0308FF870308FF870308508F03080D
S315080395907D8F0308AC8F0308CE8F0308F48F030867
S315080395A033900308FF870308FF8703086D900308B2
S315080395B09A900308D09003080B9103083B9103087C
S315080395C0FF870308FF870308FF870308FF87030846
S315080395D070910308A091030804FF6BFF9FFFBBFF6D
S315080395E0CCFFD8FFE0FFE6FFEAFFEEFFF1FFF3FF4C
S315080395F0F5FFF7FFF8FFF9FF6400DEFEFF006400DE
S31508039600160000005A00F307B81EFEFF23002902BE
S315080396104DE1FFFF16000D018D1C00000F00D3005E
S31508039620D02200000B007D009E26000008005B0088
S3150803963083240000060046009621000003000F005D
S31508039640631100000F000000000000000000000086
S3150803965000000000FF00FFFFFFFFFFFFFFFFFFFF04
S31508039660FFFFFFFFFFFFFFFFFFFFFFFFFFFFFFFFF9
S31508039670FFFFFFFFFFFFFFFFFFFFFFFFFFFF0000E7
S31508039680FF00FF0000000000FF000000FFFFFFFFD0
S31508039690FFFFFFFFFFFFFFFFFFFFFFFFFFFFFFFFC9
S315080396A0FFFFFFFFFFFFFFFFFFFFFFFFFFFFFFFFB9
S315080396B0FFFFFFFFFFFFFFFFFFFFFFFFFFFFFFFFA9
S315080396C0FFFFFFFFFFFFFFFFFFFFFFFFFF00000096
S315080396D00000000000000000000000000000000079
S315080396E00000000000000000000000000000000069
S315080396F00000000000000000010000000000000058
S3150803970000000000000000000F0000000000000039
S315080397100000000000000000000000000000000038
S315080397200000000000000000000000000000000028
S315080397300000000000000000000000000000000018
S315080397400000000000000000000000000000000008
S3150803975000000000000000000000000000000000F8
S3150803976000000000000000000000000000000000E8
S3150803977000000000000000000000000000000000D8
S3150803978000000000000000000000000000000000C8
S3150803979000000000000000000000000000000000B8
S315080397A000000000000000000000000000000000A8
S315080397B00000000000000000FFFFFFFFFFFFFFFFA0
S315080397C0FFFF00000000000000000000000000008A
S315080397D00000000000000000000000000000000078
S315080397E00000000000000000000000000000000068
S315080397F00000000000000000000000000000000058
S315080398000000000000000000000000000000000047
S31508039810000000000000000000FFFFFFFFFFFFFF3E
S31508039820FF9C0000FF00000000000000000000008D
S315080398300000000000000000800000000000FFFF99
S31508039840FFFFFFFFFFFFFFFF00000000FFFF000011
S3150803985000000000000000000000000000000000F7
S3150803986000000000000000000000FFFFFF000000EA
S3150803987000000000000000000000000000000000D7
S3150803988000000000000000000000000000000000C7
S3150803989000000000000000000000000000000000B7
S315080398A000000000000000000000000000000000A7
S315080398B0FC03000007000000554E4B0055502000DE
S315080398C05250200041503000415031004150200091
S315080398D04450200044454300554E4B00485244002B
S315080398E04D454D00425553005553470044424700E2
S315080398F0444D410056435400554E4B004C434B00D0
S3150803990058544C004F424600554E4B005646590094
S31508039910494E4800554E4B0041535400554E4B0093
S315080399205242540044534C00454D3400554E4B00A7
S31508039930455850004C574D00554E4B00485620008D
S31508039940554E4B0050494E00454D3400554E4B007D
S31508039950474F200042544C004241440046544C00B1
S31508039960465243004F54410044534C004241500071
S3150803997055504700544D450046415500545A460034
S31508039980474F200042544C00474F3200474F33009D
S31508039990474F3400474F3500474F3600474F370088
S315080399A0474F3800474F3900474F4100474F42005A
S315080399B0474F4300474F4400474F4500474F46002C
S315080399C04A4D5000424452005550520042544D00ED
S315080399D04D534D0046544C00554E4B0000000000B5
S315080399E03F660008AD9A0008499B000861660008AF
S315080399F0056700086D6A0008599A000813B779FACB
S31508039A00C925DDB7ADF3CFE0F1B614B801020000FE
S31508039A1000000000FFFFFFFF010000000100000037
S31508039A200000000000000000000000000000000025
S31508039A300000000000000000000000000000000015
S31508039A400000000000000000000000000845002098
S31508039A50F8440020E84400200009005AF895030852
S31508039A600100000FD895030800000000000000005D
S31508039A70FF640250FF000000BC1C00200501000023
S31508039A8000800000F813002002463A2F4650542F50
S31508039A90476174657761792F586732365F47617412
S31508039AA0657761795F4E43502F73696D706C69638F
S31508039AB06974795F73646B5F323032352E362E33B1
S31508039AC02F706C6174666F726D2F73657276696336
S31508039AD0652F746F6B656E5F6D616E616765722F57
S31508039AE06C65676163792F7372632F736C5F746F29
S31508039AF06B656E5F6D616E75666163747572696EAB
S31508039B00672E6300463A2F4650542F47617465778C
S31508039B1061792F586732365F476174657761795F74
S31508039B204E43502F73696D706C69636974795F73FB
S31508039B30646B5F323032352E362E332F70726F7464
S31508039B406F636F6C2F7A69676265652F6170702F13
S31508039B50656D3236302F73657269616C2D696E7463
S31508039B606572666163652D756172742E63003132A1
S31508039B7032313132007A69676265652D73746163C0
S31508039B806B2E6300666E692B00666E69006E616EE6
S31508039B9000666E692D00FFFFFFFFFFFFFFFF000151
S31508039BA001020305080D1522375990E900F0E1D2A1
S31508039BB0C3B4A5968778695A4B3C2D1E0F00463ABF
S31508039BC02F4650542F476174657761792F5867324A
S31508039BD0365F476174657761795F4E43502F7369C2
S31508039BE06D706C69636974795F73646B5F32303265
S31508039BF0352E362E332F70726F746F636F6C2F7A10
S31508039C0069676265652F6170702F6672616D657726
S31508039C106F726B2F636F6D6D6F6E2F7A69676265EF
S31508039C20655F737461636B5F736C6565702E630040
S31508039C30383131323200383147003132323232323A
S31508039C403232320038320000008F8E8C80000102D7
S31508039C500304051D200203040508090A0B50534192
S31508039C60004B455900000000000000000000F03FCB
S31508039C7000000000000024400000000000005940D6
S31508039C800000000000408F40000000000088C34029
S31508039C9000000000006AF8400000000080842E419E
S31508039CA000000000D01263410000000084D79741EA
S31508039CB00000000065CDCD41000000000000000053
S31508039CC00114030001006576656E742D717565755B
S31508039CD0652E63005465726D696E616C007A6967F7
S31508039CE06265655F64656275675F657874656E64EA
S31508039CF065642E63006C69627261696C2E61004645
S31508039D003A2F4650542F476174657761792F586700
S31508039D1032365F476174657761795F4E43502F73B7
S31508039D20696D706C69636974795F73646B5F3230EC
S31508039D3032352E362E332F706C6174666F726D2F23
S31508039D40736572766963652F6C65676163795F6EA0
S31508039D5063705F6173682F7372632F6173682D6E07
S31508039D6063702E630042424262006C6567616379E1
S31508039D702D7061636B65742D6275666665722E63F5
S31508039D8000777600757600757500777500777562C6
S31508039D90007577007575620075627570006D61638D
S31508039DA02D6D756C74692D6E6574776F726B2E6382
S31508039DB000000000000000000000545452205245E1
S31508039DC047474553005040300000000064EE010049
S31508039DD01000000024E101001A00000079EB0100DD
S31508039DE01100000075E401001100000063E511008D
S31508039DF00400000023E111000400000025E101002E
S31508039E000800000026E101000A00000027E101001E
S31508039E100200000000000000000000001102030613
S31508039E2007082B2C1910131C1D20222A2E33343510
S31508039E3037FF000060470020644500205F47002085
S31508039E405845002066450020344700205E47002019
S31508039E50E8460020143900205D4700205C470020AF
S31508039E605B470020502B00205A4700205947002003
S31508039E704F2B00206B29002058470020CD46002091
S31508039E804E2B0020E946002001100000101010C0D8
S31508039E9002100000201010C003020000301002C098
S31508039EA0051000002C3310E007080000681008C0EE
S31508039EB0000200000C1002C004020000341002C0A5
S31508039EC0095C000004325CE00A140000703214E0F6
S31508039ED00D020000001102C00C080000021008C0A1
S31508039EE0000000000000000041450208F54C010887
S31508039EF0F999010875450208299A0108DD960108AA
S31508039F00DF960108E1960108E396010885ED010845
S31508039F106DED0108C1ED010869450208ED990108CF
S31508039F200598000879ED01085D450208254D0108E5
S31508039F30DD4C0108A9450208E199010885E30008F3
S31508039F4000000000000103047A69676265652D75E0
S31508039F50707065722D6D61632E63006E656967683F
S31508039F60626F722E63006173736F63696174696FDD
S31508039F706E2E630006A0030805A003080000000070
S31508039F8004A0030803A003080000000002A00308B6
S31508039F9001A003080000000000A00308FF9F0308B0
S31508039FA0FE9F0308FD9F0308FC9F030800000000AB
S31508039FB0FB9F0308FA9F0308F99F0308F89F030802
S31508039FC0F79F0308F69F0308FFFFFFFFFFFFFFFF47
S31508039FD0FFFF003F1B901B194A9300001300000064
S31508039FE000000000005A6967426565416C6C696147
S31508039FF06E63653039000000800080000080808031
S3150803A00000000080818081313432323100313832A8
S3150803A0103173003831310038343132003831323255
S3150803A02031313100FF06080402020204020A0B0357
S3150803A03003020304FF0204FF0101010108FF0000F4
S3150803A0400000000C090202000000001C1A0B03039F
S3150803A0500023001B22000000010000009FEB0108FB
S3150803A0600200000085E9010803000000E3E901088E
S3150803A0700400000095EA010805000000FDEB01084D
S3150803A080000000000000000006080C100000001085
S3150803A090270F51421B390F390F1C31323100323821
S3150803A0A03100726F7574652D7461626C652E630079
S3150803A0B06368696C642D68616E646C696E672D727A
S3150803A0C032322E6300313832313100313231313197
S3150803A0D03231323232317300313231313232310078
S3150803A0E032323800313131313131003231323231A5
S3150803A0F0313134005A6967426565416C6C69616E32
S3150803A10063653039000018381030000050684C6910
S3150803A11000000000434C534E000000003273004613
S3150803A1203A2F4650542F476174657761792F5867DC
S3150803A13032365F476174657761795F4E43502F7393
S3150803A140696D706C69636974795F73646B5F3230C8
S3150803A15032352E362E332F70726F746F636F6C2FF2
S3150803A1607A69676265652F737461636B2F7A6967AA
S3150803A1706265652F6170732D6B6579732D66756CD2
S3150803A1806C2E630038313132003131313234383193
S3150803A1903132323131000D000000000000000000AA
S3150803A1A0FFFFFFFFFFFFFFFF505341004B455900D9
S3150803A1B0FFFFFFFFFFFFFFFFFFFFFFFFFFFFFFFF9E
S3150803A1C050C30000F22B0000EE020000EE0200006E
S3150803A1D050C30000761600007701000077010000DF
S3150803A1E0193F0106041001000001010600102700AB
S3150803A1F0000C00000000000000000000F5DA020071
S3150803A200A41F00009001000090010000E5BF0000B4
S3150803A210282300006B0300006B0300000200000004
S3150803A220C017530206140000802FA6040538000041
S3150803A230A00800000000580901040706100A0104D3
S3150803A2400707C80A00040807800B00040808380C27
S3150803A250000409086108000000008A0800000000DD
S3150803A260C709010404032C0B01040404920C01041A
S3150803A2700504000050C30000E62D0000D0070000C7
S3150803A280D0070000193F010604100100000101066A
S3150803A29000102700000A000000000000000000006C
S3150803A2A0140000002449920000000000E0A10308FE
S3150803A2B0C0A1030800000000000000000024F40009
S3150803A2C040420F000101F800C224500300000000B9
S3150803A2D01CA20308000000000000000000000000A4
S3150803A2E02B420F00000000000000000000000000E1
S3150803A2F00000000014000000666666000000000007
S3150803A300E0A10308D0A10308000000000000000034
S3150803A3100048E80180841E000101F800F147500255
S3150803A320000000001CA20308000000000000000053
S3150803A330000000007C841E000000000000000000EE
S3150803A3400000000000000000140000001CC7710094
S3150803A3500000000084A20308FCA103080000000013
S3150803A360000000000051250240420F000108F600D4
S3150803A370F1471002000000001CA2030800000000B9
S3150803A38000000000000000002A420F000000000041
S3150803A3900000000000000000000000001400000098
S3150803A3A01CC771000000000084A203080CA203085E
S3150803A3B000000000000000000051250240420F0083
S3150803A3C00102F600F1471002000000001CA2030870
S3150803A3D00000000000000000000000002A420F00F1
S3150803A3E0000000000000000000000000000000005C
S3150803A3F0140000001CC771000000000084A20308B3
S3150803A40074A20308000000000000000000512502A2
S3150803A41040420F000108F600F14710020000000051
S3150803A4201CA2030800000000000000000000000052
S3150803A4302A420F0000000000000000000000000090
S3150803A44000000000030A0000FC4F0103A0A2030852
S3150803A45010400100014100003C40010000000000DB
S3150803A46048400100A0070003504001000000000017
S3150803A4705C4001000000000008410100FF4C000099
S3150803A48054C00700511130000E0009E62D000000E4
S3150803A4900405060708000000D1B60200643500006B
S3150803A4A040400701000050510000A01110000000B1
S3150803A4B0000000861FC08100000000200000000085
S3150803A4C06440050100000040B904F8004008000094
S3150803A4D0020000009200040088400F01B7033B0006
S3150803A4E0000000E0000000000002050D1C2F425387
S3150803A4F06269686053402E1F110A08080808070690
S3150803A5000504030302020201010101010000000020
S3150803A51000000000000000001C4101010060B18C2E
S3150803A52038410701BC200AF0F6625200055B9840E1
S3150803A5308E6E82941C784852893B4000C003008083
S3150803A5405C410101FFDD000068410701E853FA0099
S3150803A55000000040000000000000000000000000AA
S3150803A5600000000000000000D0410301000000AA1B
S3150803A570D000000004001200E041130100000000AF
S3150803A580FFAB000A5CF10F00D341020095EDB10061
S3150803A590197BD80F1208B904EA1B6D1FC9B7C20A7B
S3150803A5A00B203B00430600005962F300727E9600B7
S3150803A5B0A73D1900D022F13B000000A000000000CF
S3150803A5C038000000000000004C42010108000304A3
S3150803A5D0684201010100000038800101C22410000D
S3150803A5E0A080020170780300D0000000A880011142
S3150803A5F0F0010000A88001310542CB01AC800111AE
S3150803A600F0010000AC800131053EFD00EC000112AB
S3150803A610E00F0000EC0001320C20515184010102C5
S3150803A62000100000FFFFFFFF03020000FC4F0103B9
S3150803A630F4A2030810400100014100003C40010058
S3150803A6400000000048400100A00700035040010035
S3150803A650000000005C400100000000000841010002
S3150803A660FF4C000054C00700512130000E000DE6D0
S3150803A6702A0000000405060708000000D1B60200F8
S3150803A6806005000040400701000050510000A0216A
S3150803A69010000000000000861FC081000000002093
S3150803A6A00000000064400501000000404902F00074
S3150803A6B040080000020000009200080088400F01CD
S3150803A6C0DA032A00000000E0000000000102071177
S3150803A6D021374B5A67696254402915050000000063
S3150803A6E0010203040404030303030302020202022E
S3150803A6F00201010100000000000000001C410101E5
S3150803A70000B0B18C38410701BC200AF0B655520097
S3150803A710055B98408E6E8294233C4852893B4000E1
S3150803A720C00300805C410101FFDD000068410701A9
S3150803A730E853FA0000000040000000000000000093
S3150803A740000000000000000000000000D0410301E3
S3150803A7500000AAAAD000000004001200E041130179
S3150803A76000000000FFAB000A5CF10F00D3410200B2
S3150803A77095EDB100197BD80F1208B904EA1B6D1FB2
S3150803A780C9B7C20A0B203B00430600005962F3000F
S3150803A790727E9600A73D1900D022F13B000000A067
S3150803A7A00000000040000000000000004C420101C8
S3150803A7B00800030468420101010000003880010112
S3150803A7C0F1471000A080020170780300D5C000008D
S3150803A7D0A8800111F0010000A88001310542CB01D0
S3150803A7E0AC800111F0010000AC80013105228D0017
S3150803A7F0EC000112E00F0000EC0001320C205111AD
S3150803A8008401010200000000FFFFFFFF03080000A8
S3150803A810FC4F0103F4A203081040010001410000A4
S3150803A8203C4001000000000048400100A007000367
S3150803A83050400100000000005C40010000000000D9
S3150803A84008410100FF4C000054C0070051213000A5
S3150803A8500E000DE62A00000004050607080000009E
S3150803A860D1B60200600500004040070100005051C0
S3150803A8700000A02110000000000000861FC0810010
S3150803A88000000020000000006440050100000040AD
S3150803A8904902F00040080000020000009200080088
S3150803A8A088400F01D7032A00000000E000000000DB
S3150803A8B00002050D1A2D3F50606869635746352512
S3150803A8C0150D090807060505040404030303030213
S3150803A8D00202020201010101010101010101010153
S3150803A8E01C41010100B0B18C38410701BC200AF0B4
S3150803A8F0B6555200055B98408E6E8294233C4852A7
S3150803A900893B4000C00300805C410101FFDD000074
S3150803A91068410701E853FA00000000400000000000
S3150803A9200000000000000000000000000000000016
S3150803A930D04103010000AAAAD000000004001200B7
S3150803A940E041130100000000FFAB000A5CF10F00B1
S3150803A950D341020095EDB100197BD80F1208B9044B
S3150803A960EA1B6D1FC9B7C20A0B203B00430600004A
S3150803A9705962F300727E9600A73D1900D022F13B77
S3150803A980000000A0000000004000000000000000D6
S3150803A9904C4201010800030468420101010000005A
S3150803A9A038800101F1471000A08002017078030086
S3150803A9B0FFC00200A8800111F0010000A880013140
S3150803A9C00542CB01AC800111F0010000AC800131D6
S3150803A9D0050A0D00EC000112E00F0000EC0001323D
S3150803A9E00C2051118401010200000000FFFFFFFF44
S3150803A9F003030000FC4F010348A3030810400100AA
S3150803AA00004100003C4001001000000048400100DE
S3150803AA102007000350400100000400005C400100C9
S3150803AA200D0F00000841010003C0010054C00700D0
S3150803AA30511130000E000DE62A000000080B0C0D1C
S3150803AA400D000000D1B60200800500004040070152
S3150803AA50000020700000A01110000000300000461E
S3150803AA601FC88100002000300080000064400501F3
S3150803AA7000000000B904F8004008000010000000B8
S3150803AA8092000A0088400F01B70312000000006015
S3150803AA90000000000002050D1C2F4253626968601E
S3150803AAA053402E1F110A080808080706050403035E
S3150803AAB0020202010101010100000000000000007A
S3150803AAC0000000001C41010100302C8C38410701AD
S3150803AAD0BC200AF049C0510001000040B7563512A0
S3150803AAE00078085009084000C00300805C41010152
S3150803AAF000000000684107014CD4E83B04190D70B7
S3150803AB00080E141A20262C32383E10325476980A28
S3150803AB101D6940B4D041030100000000D0000000C5
S3150803AB2000000200E041130100000000E2CFDD2C23
S3150803AB307EB63A00600919005122E2004CB9510E5B
S3150803AB403982A904D8229B29E2CFDD2C7EB63A00A6
S3150803AB50600919005122E2004CB9510E3982A90441
S3150803AB60D8229B29000000000000000044000000D2
S3150803AB703C3C3C3C4C42010108000004684201018C
S3150803AB800000000038800101F1471000A08002018F
S3150803AB9070380300D0000000A8800111F0010000FE
S3150803ABA0A8800131055AFD01AC800111F0010000AE
S3150803ABB0AC800131053EFD00EC000112E00F0000F8
S3150803ABC0EC0001320C20511184010102000000003F
S3150803ABD0FFFFFFFF03040000FC4F01039CA30308C8
S3150803ABE010400100004100003C4001001000000035
S3150803ABF048400100201700035040010001040000EB
S3150803AC005C4001000D0F00000841010003C001006C
S3150803AC1054C00700511130000E000DE62A0000004B
S3150803AC20080B0C0D0D000000D1B6020080050000CC
S3150803AC3040400701000020700000A011100000002A
S3150803AC40300000461FC88100002000300080000045
S3150803AC506440050100000000B904F800400800003C
S3150803AC601000000092000A0088400F01B703120083
S3150803AC7000000060000000000002050D1C2F42536F
S3150803AC806269686053402E1F110A080808080706F8
S3150803AC900504030302020201010101010000000089
S3150803ACA000000000000000001C41010100302C8C4C
S3150803ACB038410701BC200AF049C051000100004091
S3150803ACC0B75635120078085009084000C0030080BB
S3150803ACD05C41010100000000684107014CD4E83BD0
S3150803ACE004190D700A10161C22282E343A40103205
S3150803ACF05476980A1D6980A4D04103010000000018
S3150803AD00D000000000000200E0411301000000002B
S3150803AD10E2CFDD2C7EB63A00600919005122E20023
S3150803AD204CB9510E3982A904D8229B29E2CFDD2CCE
S3150803AD307EB63A00600919005122E2004CB9510E59
S3150803AD403982A904D8229B290000000000000000CC
S3150803AD50440000003C3C3C3C4C4201010800000412
S3150803AD60684201010000000038800101F147100024
S3150803AD70A080020170380300D0000000A8800111EA
S3150803AD80F0010000A8800131055AFD01AC800111CC
S3150803AD90F0010000AC800131053EFD00EC00011214
S3150803ADA0E00F0000EC0001320C205111840101026E
S3150803ADB000000000FFFFFFFF03050000FC4F01032F
S3150803ADC0F0A3030810400100004100003C400100C5
S3150803ADD0000000004840010020070003504001001E
S3150803ADE0000000005C4001000D0F0000084101004F
S3150803ADF0FF4C000054C00700511130000E000DE649
S3150803AE002A000000080B0C0D0D000000D1B6020045
S3150803AE10E004000040400701000020700000A01174
S3150803AE2010000000000000461FC08100000000203B
S3150803AE30008000006440050100000000B904F80022
S3150803AE4040080000100000009100040088400F012C
S3150803AE50B703120000000060000000000002050DA1
S3150803AE601C2F42536269686053402E1F110A080853
S3150803AE70080807060504030302020201010101018A
S3150803AE800000000000000000000000001C41010152
S3150803AE9000302C8C38410701BC200BF049C0510007
S3150803AEA0055BA0408E6E82942182485209084000B1
S3150803AEB0C00D00805C410101FFDD00006841070108
S3150803AEC04CD4E83B04190D50080E141A20262C32CC
S3150803AED0383E10325476980A1D0040B4D041030117
S3150803AEE000000000D000000004001200E041130136
S3150803AEF000000080E2CFDD2C7EB63A006009190017
S3150803AF005122E2004CB9510E3982A904D8229B2951
S3150803AF10E2CFDD2C7EB63A00600919005122E20021
S3150803AF204CB9510E3982A904D8229B290000000086
S3150803AF3000000000440000003C3C3C3C4C4201013C
S3150803AF40080003046842010100000000388001017B
S3150803AF50F1471000A080020170380300D0000000FA
S3150803AF60A8800111F0010000A8800131055AFD01EE
S3150803AF70AC800111F0010000AC800131053EFD00F3
S3150803AF80EC000112E00F0000EC0001320C20511115
S3150803AF908401010200000000FFFFFFFF48A4030825
S3150803AFA0809C2B8F80841E00000000002500FF7FF5
S3150803AFB0684900200000000044A4030800000000BC
S3150803AFC048A40308809C2B8F80841E00000026005B
S3150803AFD02600B700684900200000000044A40308BF
S3150803AFE00000000048A40308809C2B8F80841E0061
S3150803AFF00000270027008C00684900200000000095
S3150803B00044A40308000000002CA60308809C2B8F89
S3150803B01080841E00000000002500FF7F6849002089
S3150803B0200000000028A60308000000002CA6030859
S3150803B030809C2B8F80841E00000026002600A0001B
S3150803B040684900200000000028A603080000000045
S3150803B0502CA60308809C2B8F80841E0000002700E3
S3150803B0602700FF7F684900200000000028A6030880
S3150803B0700000000010A80308809C2B8F80841E0004
S3150803B080000000002200FF7F68490020000000003E
S3150803B0900CA803080000000010A80308809C2B8F47
S3150803B0A080841E00000023002300B60068490020A0
S3150803B0B0000000000CA803080000000010A80308FD
S3150803B0C0809C2B8F80841E000000240024009D0092
S3150803B0D068490020000000000CA8030800000000CF
S3150803B0E010A80308809C2B8F80841E00000025006F
S3150803B0F025007D0068490020000000000CA803080D
S3150803B1000000000010A80308809C2B8F80841E0073
S3150803B11000002600260053006849002000000000AE
S3150803B1200CA803080000000010A80308809C2B8FB6
S3150803B13080841E00000027002700FF7F684900203F
S3150803B140000000000CA8030800000000F4A9030887
S3150803B150809C2B8F80841E00000000002500FF7F43
S3150803B1607049002000000000F0A903080000000051
S3150803B170F4A90308809C2B8F80841E0000002600F8
S3150803B1802600B7007049002000000000F0A9030854
S3150803B19000000000F4A90308809C2B8F80841E00FE
S3150803B1A00000270027008C007049002000000000DB
S3150803B1B0F0A9030800000000D8AB0308809C2B8F76
S3150803B1C080841E00000000002500FF7F70490020D0
S3150803B1D000000000D4AB030800000000D8AB030846
S3150803B1E0809C2B8F80841E00000026002600B70053
S3150803B1F07049002000000000D4AB030800000000DB
S3150803B200D8AB0308809C2B8F80841E000000270080
S3150803B21027008C007049002000000000D4AB030807
S3150803B22000000000BCAD0308809C2B8F80841E00A1
S3150803B230000000002500FF7F704900200000000081
S3150803B240B8AD030800000000BCAD0308809C2B8F33
S3150803B25080841E00000026002600B70070490020DF
S3150803B26000000000B8AD030800000000BCAD0308E9
S3150803B270809C2B8F80841E000000270027008C00EB
S3150803B2807049002000000000B8AD03080000000064
S3150803B2900C4001000181010020400200000000006B
S3150803B2A00100000030400300000000000000000019
S3150803B2B000000000404002000000000000400000BB
S3150803B2C06040010001010000A840010007000000DA
S3150803B2D0BC4004000000000000000000000000005D
S3150803B2E0000000000C410300FF4C0000FF4D000066
S3150803B2F0FF4D000020C0011000F8070020C00130F0
S3150803B300F502280124C00110FF00000024C0013003
S3150803B3100013000028C00800EC80B30343754051AE
S3150803B320A00F00F800400000A8AA070000000000CC
S3150803B330000000000000000070C00900BA100000F9
S3150803B34000042000041880000B3C2001187C10021E
S3150803B3502FFCE0067F00000000000000000000004C
S3150803B360A8C00500BD4B721511A3180510325476F3
S3150803B370980A000000000000CCC004000100000089
S3150803B3800000000001000A0001002800080001016E
S3150803B3900807000018000101AAAAAA002000010153
S3150803B3A00060DA005C400201000000030000002090
S3150803B3B07840040129417671000000008C000C00D6
S3150803B3C000000000C4400401000000000000000063
S3150803B3D00000000000000000E04001010002000038
S3150803B3E010410201331E050000000000204106013A
S3150803B3F000000000FF0483078813C83AFF06660C9B
S3150803B400FF0483078813FF03584101010000000066
S3150803B410644101010C01000084410501010100009A
S3150803B420000000000000000000000000000000000B
S3150803B430A44102010000000000000000B04102011F
S3150803B4400000000058923EC0BC4103010000000002
S3150803B45000003C00699006002C4203016018004076
S3150803B46000000000000000003C420101000000004B
S3150803B4704442020114000000000000008042020159
S3150803B4800000000081000000984205013F00000209
S3150803B490FFFF0000FFFF0000FF030000FFFF00009F
S3150803B4A0B44201010000000030430A0140002001B4
S3150803B4B0A0000000085000011F1F1F1F1F1F1F1B8E
S3150803B4C018151311100E0D0C45C1872F0000000027
S3150803B4D00000000010800101030000003C80010108
S3150803B4E0010000009C80010100000000B0800201F9
S3150803B4F000030002370000019C000102000C00044F
S3150803B500D8000302050040AA88010000C000000015
S3150803B510F00001022B0100001001011200FF0F00C9
S3150803B52010010132020000315001011200C001006E
S3150803B53050010132C100A2007401010269F11B0C1A
S3150803B5407801011200001C00780101321004E0CFD3
S3150803B5508001011279070000800101320200000010
S3150803B5608801010250000000FFFFFFFF50C30000DF
S3150803B570761600007701000077010000193F0106DF
S3150803B580041001000001010600102700000C00004A
S3150803B5900000000000000000ED170000ED17000092
S3150803B5A0F40100000000000002000000C017530267
S3150803B5B006140000802FA60405380000A008000022
S3150803B5C00000580901040706100A01040707C80AF8
S3150803B5D000040807800B00040808380C000409084F
S3150803B5E06108000000008A0800000000C70901047A
S3150803B5F004032C0B01040404920C01040504000043
S3150803B600E1190000E1190000F40100000000000040
S3150803B610193F010604100100000101060010270066
S3150803B62000090000000000000000000014000000EC
S3150803B630666666000000000010B6030800B6030835
S3150803B640000A000000000000005A620280841E00FF
S3150803B6500420F800F147500200000000A8B50308CB
S3150803B66000000000000000000000000062841E00C5
S3150803B67000000000000000000000000000000000B9
S3150803B6801400000066666600000000007CB5030827
S3150803B6906CB5030800000000000000000048E8013C
S3150803B6A080841E000101F800F147500200000000E3
S3150803B6B0A8B5030800000000000000000000000011
S3150803B6C07C841E000000000000000000000000004B
S3150803B6D00000000014000000666666000000000013
S3150803B6E010B6030800B60308000B000000000000AC
S3150803B6F0005A620280841E000420F800F1475002B3
S3150803B70000000000A8B503080000000000000000C0
S3150803B7100000000062841E00000000000000000014
S3150803B72000000000000000001400000066666600C2
S3150803B7300000000010B6030898B5030800000000CF
S3150803B74000000000005A620280841E000420F600EE
S3150803B750F147500200000000A8B5030800000000E6
S3150803B760000000000000000062841E0000000000C4
S3150803B770000000000000000000000000FC4F010369
S3150803B78080B603080C4002000CB11100004100000A
S3150803B790304004002508000000010000FF000000F7
S3150803B7A041030100504001000B0000005C40020009
S3150803B7B00F0D0000010100000841040001400000CC
S3150803B7C0FF0C000001410000FF0D000020C001101E
S3150803B7D000F8070020C00130F502280124C0011033
S3150803B7E0FF00000024C001300013000054C0070006
S3150803B7F0512130000E000DE62A0000000405060755
S3150803B80008000000D1B6020060050000D0C00100A0
S3150803B81000000000080001010E17000018000101CE
S3150803B820FFFFFFFF200001012083B8ED404006011A
S3150803B830000050510000A0211000000000000086FF
S3150803B8401FC081000000002064400A010000004078
S3150803B8504902F000400800000200000092000800B8
S3150803B8607C4E78AB000000008C000C000000000042
S3150803B870DA032A0094400A010102071121374B5AB9
S3150803B8806769625440291505000000000102030494
S3150803B8900404030303030302020202020201010171
S3150803B8A010410101331E05001C4102010030B38C0F
S3150803B8B00000000040410501055B9840D51E723E15
S3150803B8C0263C4852893B4000C00300805C41010185
S3150803B8D0FFDD0000B441010158923EC0D041030187
S3150803B8E000005555D000000004001200E4410E0183
S3150803B8F0FFAB000A5CF10F00D341020095EDB100DE
S3150803B900197BD80F1208B904EA1B6D1FFFAB000A8F
S3150803B9105CF10F00D341020095EDB100197BD80FF6
S3150803B9201208B904EA1B6D1F2442030140000000F4
S3150803B93000000000601800403C42010100000000BE
S3150803B9404C42010108000304804202010000000082
S3150803B95081000000A0420301FFFF0000FF0300006F
S3150803B960FFFF0000B4420101000000003043030159
S3150803B97040002001A0000000085000014C430101CB
S3150803B98045C1872FA080020170780300D5C0000047
S3150803B990A8800111F0010000A88001310542CB01FE
S3150803B9A0AC800111F0010000AC80013105228D0045
S3150803B9B0B0800101000300027401010269F11B0C46
S3150803B9C07801011200001C00780101321004E0CF4F
S3150803B9D0800101127907000080010132020000008C
S3150803B9E0840102020000000050000000FFFFFFFF71
S3150803B9F003000000FC4F010380B603080C40020055
S3150803BA000CB1110000410000304004002508000075
S3150803BA1000010000FF000000540701005040010028
S3150803BA200B0000005C4002000F0D0000010100003E
S3150803BA300841040001400000FF0C0000014100001A
S3150803BA40FF0D000020C0011000F8070020C00130D8
S3150803BA50F502280124C00110FF00000024C00130AC
S3150803BA600013000054C00700512130000E000DE6F4
S3150803BA702A0000000405060708000000D1B60200E4
S3150803BA8060050000D0C001000000000008000101A5
S3150803BA900E17000018000101FFFFFFFF2000010138
S3150803BAA02083B8ED40400601000050510000A02154
S3150803BAB010000000000000861FC08100000000205F
S3150803BAC064400A01000000404902F00040080000F3
S3150803BAD0020000009200080083B1875400000000AA
S3150803BAE08C000C0000000000DA032A0094400A01C7
S3150803BAF00102071121374B5A676962544029150514
S3150803BB000000000001020304040403030303030201
S3150803BB10020202020201010110410101331E05005E
S3150803BB201C4102010030B38C0000000040410501AE
S3150803BB30055B9F402AE18DC1263C4852893B40005C
S3150803BB40C00300805C410101FFDD0000B44101012F
S3150803BB5058923EC0D041030100005555D00000005D
S3150803BB6004001200E4410E01FFAB000A5CF10F006A
S3150803BB70D341020095EDB100197BD80F1208B90419
S3150803BB80EA1B6D1FFFAB000A5CF10F00D3410200ED
S3150803BB9095EDB100197BD80F1208B904EA1B6D1F7E
S3150803BBA02442030140000000000000006018004022
S3150803BBB03C420101000000004C4201010800030455
S3150803BBC0804202010000000081000000A042030138
S3150803BBD0FFFF0000FF030000FFFF0000B44201015E
S3150803BBE0000000003043030140002001A0000000CC
S3150803BBF0085000014C43010145C1872FA08002016B
S3150803BC0070780300D5C00000A8800111F001000078
S3150803BC10A88001310542CB01AC800111F001000077
S3150803BC20AC80013105228D00B080010100030002BA
S3150803BC307401010269F11B0C7801011200001C0052
S3150803BC40780101321004E0CF800101127907000060
S3150803BC508001013202000000840102020000000094
S3150803BC6050000000FFFFFFFFFC4F01032CB603083B
S3150803BC700C400200018014007F400000304004009D
S3150803BC8000000000000000000000000000000000A3
S3150803BC9050400100000000005C4002000000000064
S3150803BCA0000000000841040000400000FF4C0000AB
S3150803BCB000410000FF4D000020C0011000F80700F6
S3150803BCC020C00130FE01280124C00110FF00000036
S3150803BCD024C001300014000054C00700513130005D
S3150803BCE0070007E61500000004060607070000001C
S3150803BCF088C6020000050000D0C00100A1000000AC
S3150803BD0008000101040700001800010100000000F3
S3150803BD1020000101088400004040060100000000DD
S3150803BD20000000001000000020FB130407C24200B5
S3150803BD300000000064400A0120B802004902F0002E
S3150803BD404108000002000000B0070800A700000031
S3150803BD502F0000005A02A0089BC34A74F0030F0081
S3150803BD6094400A010101103050707F7F00000000E3
S3150803BD7000000000000000000000000000000000B2
S3150803BD80000000000000000000000000104101014F
S3150803BD90731E05001C4102010090C28B11010000AD
S3150803BDA04041050100000000B75635120000005057
S3150803BDB0803B0000000000005C4101010310000005
S3150803BDC0B441010100002000D04103010000000036
S3150803BDD0D000000000000200E4410E01DE635E3677
S3150803BDE0BF6F07006FEA1600E530CE00B2B9D90E69
S3150803BDF04B8494045A1FA924DE635E36BF6F07007B
S3150803BE006FEA1600E530CE00B2B9D90E4B84940416
S3150803BE105A1FA924244203012C00000007EE753695
S3150803BE20601800003C420101120100004C42010166
S3150803BE3008000004804202010100094001081000BD
S3150803BE40A04203010000E8030002000000001000FE
S3150803BE50B44201010000C000304303014000400220
S3150803BE604001AC0450B000014C4301015D280F2D7D
S3150803BE709C800301EB400200D5C00000D5C000003A
S3150803BE80A8800111F0010000A880013105228D0068
S3150803BE90AC800111F0010000AC80013105228D0050
S3150803BEA0B08001013F0000017401010269F11F0C12
S3150803BEB07801011200001C00780101321004E01F0A
S3150803BEC080010112790700008401020200000000C4
S3150803BED048000000FFFFFFFF05010000FC4F0103B8
S3150803BEE028B7030820C0011000F8070020C0013056
S3150803BEF01402280124C00110FF00000024C00130E9
S3150803BF000043000044C001002E02000068C002007E
S3150803BF10D1B60200C0060000D0C001000000000030
S3150803BF204C40030120F9130407006200387000002F
S3150803BF30604002010068010F40B8244080400101B7
S3150803BF40236300008C40020100800060BE0A0000E3
S3150803BF5020410101590B00003841010190200AF0E4
S3150803BF605C410101001E00006C410B0100140CC06A
S3150803BF70141A21282E343B42495043557698BA0C55
S3150803BF8023730000010100001721286414171A00FF
S3150803BF902004C87DA1203A09A8410101290000000F
S3150803BFA03C4201010000000080420201000000003B
S3150803BFB081000000A0420301FFFF0000FF03000009
S3150803BFC0FFFF0000B44201010000000030430301F3
S3150803BFD040002001A0000000085000014C43010165
S3150803BFE045C1872FFFFFFFFF05000502FC4F01032D
S3150803BFF0D4B6030820C0011000F8070020C001309A
S3150803C000FE01280124C00110FF00000024C00130EE
S3150803C0100014000044C001000000000068C00200CC
S3150803C02088C6020000050000D0C00100A100000078
S3150803C0304C40030120FB130407C042000000000024
S3150803C04060400201000000280080020080400101D0
S3150803C0505A01A0088C40020100000060000000009D
S3150803C060204101010000000038410101BC200AF00B
S3150803C0705C410101031000006C410B010000004004
S3150803C080000000000000000000000000000000009F
S3150803C090000000000101000000000000000000008D
S3150803C0A00000000000000000A84101010000000094
S3150803C0B03C420101120100008042020101000940CD
S3150803C0C001081000A04203010000E8030002000073
S3150803C0D000001000B44201010000C0003043030110
S3150803C0E0410040024001AC0450B000014C43010139
S3150803C0F05D280F2DFFFFFFFF050A0000FC4F010314
S3150803C100D4B6030820C0011000F8070020C0013088
S3150803C110FE01280124C00110FF00000024C00130DD
S3150803C1200014000044C001000000000068C00200BB
S3150803C13088C6020000050000D0C00100A100000067
S3150803C1404C40030120FB130407C042000000000013
S3150803C15060400201000000280080020080400101BF
S3150803C1605A01A0088C40020100000060000000008C
S3150803C170204101010000000038410101BC200AF0FA
S3150803C1805C410101031000006C410B0100000040F3
S3150803C190000000000000000000000000000000008E
S3150803C1A0000000000101000000000000000000007C
S3150803C1B00000000000000000A84101010000000083
S3150803C1C03C420101120100008042020101000940BC
S3150803C1D001081000A04203010000E8030002000062
S3150803C1E000001000B44201010000C00030430301FF
S3150803C1F0410040024001B40550B000014C4301011F
S3150803C2005D280F2DFFFFFFFF05090000FC4F010303
S3150803C21028B7030820C0011000F8070020C0013022
S3150803C2201402280124C00110FF00000024C00130B5
S3150803C2300043000044C001002E02000068C002004B
S3150803C240D1B60200C0060000D0C0010000000000FD
S3150803C2504C40030120F913040700620038700000FC
S3150803C260604002010068010F40B824408040010184
S3150803C270236300008C40020100800060BE0A0000B0
S3150803C28020410101590B00003841010190200AF0B1
S3150803C2905C410101001E00006C410B0100140CC037
S3150803C2A01A20272E343A41484F56546687A9CB0D90
S3150803C2B0237300000101000017272E6A14171A00BA
S3150803C2C02004C87DA1203A09A841010129000000DC
S3150803C2D03C42010100000000804202010000000008
S3150803C2E081000000A0420301FFFF0000FF030000D6
S3150803C2F0FFFF0000B44201010000000030430301C0
S3150803C30040002001A0000000085000014C43010131
S3150803C31045C1872FFFFFFFFF68BC03084063598F9A
S3150803C320404B4C000B000B001A00FF7F804900208E
S3150803C33000000000E8BF0308000000007CB70308FC
S3150803C3404063598F404B4C001B001B002A00FF7F9C
S3150803C3507849002000000000F0B903080000000037
S3150803C36068BC03084063598F404B4C000B000B0015
S3150803C3701A00FF7F8049002000000000E8BF030879
S3150803C38000000000F4B903084063598F404B4C0082
S3150803C3901B001B002A00FF7F7849002000000000CD
S3150803C3A0F0B9030800000000204002000000000066
S3150803C3B000000000404003000000000000400000A9
S3150803C3C0A0070003A840010007000000BC400400C2
S3150803C3D0000000000000000000000000000000004C
S3150803C3E028C00800EC80B30343754051A00F00F83A
S3150803C3F000400000A8AA0700000000000000000093
S3150803C4000000000070C00900BA10000000042000F4
S3150803C410041880000B3C2001187C10022FFCE00650
S3150803C4207F0000000000000000000000A8C005000F
S3150803C430BD4B721511A3180510325476980A0000DD
S3150803C44000000000CCC0010001000000D4C00200B7
S3150803C45001000A00010028005840030100000000FB
S3150803C46000000003000000208C4002010000006069
S3150803C47000000000BC4006010000000000000000A8
S3150803C480000000000000000000000000000000009B
S3150803C490E040010100020000144101010000000010
S3150803C4A024410701FF0483078813C83AFF06660C6D
S3150803C4B0FF0483078813FF03BC200AF0F8545200CD
S3150803C4C0584101010000000064410D010C01000000
S3150803C4D0E853FA00000000400000000000000000D6
S3150803C4E00000000000000000000000000101000039
S3150803C4F0000000000000000000000000000000002B
S3150803C500A44102010000000000000000B04101013F
S3150803C51000000000BC4103010000000000003C00CD
S3150803C52069900600E0410101000000001C42020177
S3150803C5300000000000000000304202010000000075
S3150803C540000000004442020114000000000000003D
S3150803C5506842010100000000984202013F00000200
S3150803C560FFFF00003C4304011F1F1F1F1F1F1F1B44
S3150803C57018151311100E0D0C50430201000000008C
S3150803C580000000001080010103000000388002014A
S3150803C590F147100001000000B480010137000001D3
S3150803C5A09C000102000C0004D8000302050040AAFF
S3150803C5B088010000C0000000EC000112E00F000033
S3150803C5C0EC0001320C205111F00001022B0100008E
S3150803C5D01001011200FF0F001001013202000031A1
S3150803C5E05001011200C0010050010132C100A2002E
S3150803C5F0FFFFFFFFDCBE03084063598F404B4C0027
S3150803C6000B000B001A00FF7F804900200000000082
S3150803C610D8BE030800000000000000004063598FDD
S3150803C620404B4C000B000B001A00FF7F804900208B
S3150803C63000000000E8BF0308000000000C400200E9
S3150803C640018014007F400000204002000000000023
S3150803C6500000000030400700000000000000000052
S3150803C6600000000000000000000000000040000079
S3150803C670A007000350400100000000005C400200D0
S3150803C6800000000000000000A840010007000000A9
S3150803C690BC40040000000000000000000000000089
S3150803C6A0000000000841040000400000FF4C0000A1
S3150803C6B000410000FF4D000020C0011000F80700EC
S3150803C6C020C00130FE01280124C00110FF0000002C
S3150803C6D024C001300014000028C00800EC80B3030E
S3150803C6E043754051A00F00F800400000A8AA0700B0
S3150803C6F000000000000000000000000054C0100005
S3150803C70051313000070007E6150000000406060746
S3150803C7100700000088C6020000050000BA100000E2
S3150803C72000042000041880000B3C2001187C10022A
S3150803C7302FFCE0067F000000000000000000000058
S3150803C740A8C00500BD4B721511A3180510325476FF
S3150803C750980A000000000000CCC004000100000095
S3150803C760A100000001000A000100280008000101D9
S3150803C7700407000018000101000000002000010161
S3150803C7800884000040402501000000000000000066
S3150803C7901000000020FB130407C04200000000003D
S3150803C7A000000000000000030000002020B802007B
S3150803C7B04902F0004108000002000000B007080023
S3150803C7C0A7000000000000005A02A0089BC34A7491
S3150803C7D0F0030F00000000600000000001011030A4
S3150803C7E050707F7F0000000000000000000000007A
S3150803C7F00000000000000000000000000000000028
S3150803C8000000000000000000000000000000000017
S3150803C810000000000000000000000000E0400101E5
S3150803C8200002000010410201731E0500000000000B
S3150803C8301C410E010090C28B11010000FF048307FF
S3150803C8408813C83AFF06660CFF0483078813FF0399
S3150803C850BC200AF0F854520000000000B7563512FF
S3150803C86000000050803B0000000000005841020110
S3150803C870000000000310000064410D010C010000D4
S3150803C880E853FA0000000040000000000000000022
S3150803C8900000000000000000000000000101000085
S3150803C8A00000000000000000000000000000000077
S3150803C8B0A44102010000000000000000B04102018B
S3150803C8C00000000000002000BC4103010000000036
S3150803C8D000003C0069900600D041030100000000F7
S3150803C8E0D000000000000200E0411601000000002D
S3150803C8F0DE635E36BF6F07006FEA1600E530CE00CB
S3150803C900B2B9D90E4B8494045A1FA924DE635E3642
S3150803C910BF6F07006FEA1600E530CE00B2B9D90E2D
S3150803C9204B8494045A1FA924000000000000000049
S3150803C9302C00000007EE75366018000000000000A2
S3150803C940000000003C4201011201000044420301B9
S3150803C95014000000000000000800000468420101FA
S3150803C960000000008042020101000940010810008E
S3150803C970984205013F000002FFFF00000000E8039C
S3150803C9800002000000001000B44201010000C000CC
S3150803C99030430A01400040024001AC0450B0000194
S3150803C9A01F1F1F1F1F1F1F1B18151311100E0D0CFA
S3150803C9B05D280F2D00000000000000001080010113
S3150803C9C00300000038800201F1471000010000004F
S3150803C9D09C800301EB400200D5C00000D5C00000CF
S3150803C9E0A8800111F0010000A880013105228D00FD
S3150803C9F0AC800111F0010000AC80013105228D00E5
S3150803CA00B08002013F000001370000019C000102CB
S3150803CA10000C0004D8000302050040AA88010000A0
S3150803CA20C0000000EC000112E00F0000EC00013228
S3150803CA300C205111F00001022B0100001001011214
S3150803CA4000FF0F00100101320200003150010112EC
S3150803CA5000C0010050010132C100A20074010102A5
S3150803CA6069F11F0C7801011200001C0078010132DC
S3150803CA701004E01F800101127907000084010202F5
S3150803CA800000000048000000FC4F01032CB6030811
S3150803CA90FFFFFFFFECBF03084063598F404B4C0071
S3150803CAA00B000B001A00FF7F8049002000000000DE
S3150803CAB0EABF030800000000FCC003084063598F5F
S3150803CAC0404B4C000B000B001A00FF7F80490020E7
S3150803CAD000000000F8C00308000000000CC20308A9
S3150803CAE04063598F404B4C000B000B001A00FF7F25
S3150803CAF0804900200000000008C203080000000067
S3150803CB000C400200018014007F4000002040020010
S3150803CB10000000000000000030400700000000008D
S3150803CB2000000000000000000000000000000000F4
S3150803CB3000400000A0070003504001000000000069
S3150803CB405C4002000000000000000000A84001004D
S3150803CB5007000000BC4004000000000000000000BD
S3150803CB600000000000000000084104000040000027
S3150803CB70FF4C000000410000FF4D000028C00700DD
S3150803CB80EC80B30343754051A00F00F80040000042
S3150803CB90A8AA0700000000000000000054C0050012
S3150803CBA0513130000E000DE62A000000080B0C0D6B
S3150803CBB00D00000070C00900BA1000000004200030
S3150803CBC0041880000B3C2001187C10022FFCE00699
S3150803CBD07F0000000000000000000000A8C0050058
S3150803CBE0BD4B721511A3180510325476980A000026
S3150803CBF000000000CCC0010001000000D4C0020000
S3150803CC0001000A00010028000800010104070000CA
S3150803CC10180001010000000020000101088400003B
S3150803CC20404003010000000000000000100000005F
S3150803CC305840020100000000000000036840060196
S3150803CC404902F0004108000002000000B00708008E
S3150803CC50A700000000000000844002019BC34A7439
S3150803CC60F0030F00944010010101103050707F7FCC
S3150803CC7000000000000000000000000000000000A3
S3150803CC800000000000000000000000000000000093
S3150803CC900000000000000000000000000000000083
S3150803CCA00000000000000000E0400101000200004F
S3150803CCB010410201331E0500000000001C4101015A
S3150803CCC00090C28B24410501FF0483078813C83AE1
S3150803CCD0FF06660CFF0483078813FF033C4106011E
S3150803CCE0F854520000000000B756351200000050F1
S3150803CCF0803B0000000000005841010100000000CD
S3150803CD00644102010C010000E853FA00A441010141
S3150803CD1000000000B04102010000000000002000EE
S3150803CD20BC4103010000000000003C0069900600B6
S3150803CD30D041030100000000D000000000000200FB
S3150803CD40E041160100000000DE635E36BF6F070090
S3150803CD506FEA1600E530CE00B2B9D90E4B849404B7
S3150803CD605A1FA924DE635E36BF6F07006FEA1600F3
S3150803CD70E530CE00B2B9D90E4B8494045A1FA924C0
S3150803CD8000000000000000002C00000007EE7536C6
S3150803CD906018004000000000000000004442030140
S3150803CDA014000000000000000800000468420101A6
S3150803CDB000000000984202013F000002FFFF000046
S3150803CDC03C4304011F1F1F1F1F1F1F1B1815131189
S3150803CDD0100E0D0C50430201000000000000000075
S3150803CDE0108001010300000038800201F14710009A
S3150803CDF0010000009C800301EB40020070780300E9
S3150803CE00D5C00000A8800111F0010000A8800131F7
S3150803CE100542CB01AC800111F0010000AC80013161
S3150803CE2005228D00B08002010003000237000001CD
S3150803CE309C000102000C0004D8000302050040AA66
S3150803CE4088010000C0000000EC000112E00F00009A
S3150803CE50EC0001320C205111F00001022B010000F5
S3150803CE601001011200FF0F00100101320200003108
S3150803CE705001011200C0010050010132C100A20095
S3150803CE807401010269F11B0C7801011200001C00F0
S3150803CE90780101321004E0CF8001011279070000FE
S3150803CEA08001013202000000840102020000000032
S3150803CEB050000000FFFFFFFF02000000C0175302E7
S3150803CEC006140000802FA60405380000A0080000F9
S3150803CED00000580901040706100A01040707C80ACF
S3150803CEE000040807800B00040808380C0004090826
S3150803CEF06108000000008A0800000000C709010451
S3150803CF0004032C0B01040404920C01040504000019
S3150803CF10DBD61000DBD6100020A1070000000000B6
S3150803CF20193F010604100100000100020200000077
S3150803CF3000050001010000000000000012000000C7
S3150803CF40000000000000000020CF030810CF0308EC
S3150803CF50000000000000000070305E01E8030000D6
S3150803CF600102F2003304100300000000B8CE0308E0
S3150803CF70000000000000000000000000D0070000C9
S3150803CF800000000000000000000000000000000090
S3150803CF90000000008008089240420F0000000000CD
S3150803CFA00000FF7F88490020000000008CCF03089B
S3150803CFB0000000000C4002000000000000400000D2
S3150803CFC0204002000F000000000000003040070068
S3150803CFD00000000000000000000000000000000040
S3150803CFE00000000000400000000700035040010055
S3150803CFF0000000005C400200000000000000000082
S3150803D000A840010007000000BC400400000000001F
S3150803D01000000000000000000000000008410400B2
S3150803D020FF40000000000000FF4100000000000070
S3150803D03020C0011000F8070020C0013000012801B4
S3150803D04024C00110FF00000024C0013000130000B3
S3150803D05028C00800EC80B30343754051A00F00F8BD
S3150803D06000400000A8AA0700000000000000000016
S3150803D0700000000054C0100051213000F400E3E61C
S3150803D080A354000086B7CFDCE300000088C602007D
S3150803D09040070000BA1000000004200004188000AE
S3150803D0A00B3C2001187C10022FFCE0067F000000D1
S3150803D0B00000000000000000A8C00500BD4B721563
S3150803D0C011A3180510325476980A000000000000D0
S3150803D0D0CCC00400010000000000000001000A00A3
S3150803D0E00100280008000101440700001800010197
S3150803D0F0000000002000010101A0000040402501B6
S3150803D100000000000000000010000000910100006C
S3150803D11001C0020600300000000000000000000302
S3150803D12000000020000000004272060041080000CB
S3150803D130F0070400100000000000000000000000D3
S3150803D1400000AC08000000001C030F00000000608C
S3150803D15000000000000000000000000000000000BE
S3150803D16000000000000000000000000000000000AE
S3150803D170000000000000000000000000000000009E
S3150803D180000000000000000000000000000000008E
S3150803D19000000000E0400101000200001041020106
S3150803D1A0331E0500000000001C410E010010568BBB
S3150803D1B000000000FF0483078813C83AFF06660CBD
S3150803D1C0FF0483078813FF03BC200AF05633500075
S3150803D1D000000000B756351200000050803B0000DF
S3150803D1E00000000058410201000000000000000092
S3150803D1F064410D010C010000E853FA0000000040E9
S3150803D200000000000000000000000000000000000D
S3150803D21000000000010100000000000000000000FB
S3150803D2200000000000000000A44102010000000005
S3150803D23000000000B04102010000000000002000C9
S3150803D240BC4103010000000000003C006990060091
S3150803D250D041030100000000100000000000020096
S3150803D260E041160100000000E6E7FF0BCDA10A0026
S3150803D270BD066A005EB04D007D02420EA5B62202C7
S3150803D280FF25B234E6E7FF0BCDA10A00BD066A0007
S3150803D2905EB04D007D02420EA5B62202FF25B234CA
S3150803D2A00000000000000000050000000000000068
S3150803D2B06018004000000000000000003C42010125
S3150803D2C000000000444203011400000000000000AF
S3150803D2D008000004684201010000000080420201C0
S3150803D2E00000000081000000984205013F0000028B
S3150803D2F0FFFF0000FFFF0000FF030000FFFF000021
S3150803D300B44201010000000030430A014000200135
S3150803D310A0000000085000011F1F1F1F1F1F1F1B0F
S3150803D32018151311100E0D0C45C1872F00000000A8
S3150803D330000000001080010103000000388002018C
S3150803D34033041000010000009C8003010000000064
S3150803D35070780300D0000000A8800111F0010000D6
S3150803D360A88001310542CB01AC800111F001000010
S3150803D370AC800131053EFD00B080020100030002C6
S3150803D380370000019C000102000C0004D8000302C8
S3150803D390050040AA88010000C0000000EC00011245
S3150803D3A0E00F0000EC0001320C205151F00001029D
S3150803D3B02B0100001001011200FF0F0010010132BA
S3150803D3C0020000315001011200C001005001013270
S3150803D3D0C100A2007401010269F11B0C7801011254
S3150803D3E000001C00780101321004E0CF800101120D
S3150803D3F0790700008001013202000000840102025D
S3150803D4000010000050000000FC4F01033CCF030846
S3150803D410FFFFFFFF90B20308000000009CAF03085C
S3150803D4200300000000000000C017530214D40308C9
S3150803D43090B203080000000008B0030803000000C8
S3150803D44000000000C017530230D4030890B2030843
S3150803D4500000000074B00308060000000000000086
S3150803D460C01753024CD4030890B203080000000007
S3150803D4704CB103080300000000000000C017530264
S3150803D48068D4030890B2030800000000B8B1030883
S3150803D4900300000000000000C017530284D40308E9
S3150803D4A090B203080000000024B20308030000003A
S3150803D4B000000000C0175302A0D4030800CB0308DA
S3150803D4C000000000F4C50308010000000000000086
S3150803D4D0C0175302BCD4030800CB0308000000009E
S3150803D4E094CA03080100000000000000C017530295
S3150803D4F0D8D403083CC603080000000018C603086E
S3150803D5000100000000000000C0175302F4D403080A
S3150803D510A8C303080000000060C303080200000054
S3150803D52000000000C017530210D50308A8C3030858
S3150803D5300000000018C303080200000000000000F2
S3150803D540C01753022CD5030800CB030800000000BC
S3150803D550DCCA03080100000000000000C0175302DC
S3150803D56048D5030800CB030800000000B8CA03081F
S3150803D5700100000000000000C017530264D5030829
S3150803D580B4CF03080000000090CF03080100000091
S3150803D59000000000C017530280D5030800021000DC
S3150803D5A0AC3C0020F831002000000208000000000F
S3150803D5B0FFFFFFFFFFFFFFFFFFFFFFFF0000000066
S3150803D5C0000000000000000000000000000000004A
S3150803D5D00000000020000000BDEE02081000000055
S3150803D5E035EE0208000000010000010100010101F7
S3150803D5F020C001B800010000010202030000000078
S3150803D60000000000020303030304040404050500E1
S3150803D61000000001010101020202020303030303DE
S3150803D62004040404040000000101010107070808B3
S3150803D6300303030504040405050506060607070789
S3150803D640080302020404040304050506060606077E
S3150803D650070702020203030303040404040505057A
S3150803D660050506060606010202020203030303036F
S3150803D6700404040404050505050606060C0C0C0C2F
S3150803D6800B0B0B0B0B0B0B0B0B0B0B0B0B0B0B0BD9
S3150803D6900B0B0C0C0C0C0C0C0C0C0C0C0B0B0B0BBF
S3150803D6A00B0B0B0B03040404040505050506060604
S3150803D6B0060607020202020303030304040404041E
S3150803D6C00505050505060606020202020707030401
S3150803D6D006070404030303030405060303050607F1
S3150803D6E008040506040304040303040506060304E1
S3150803D6F005060708C7BFBEBEBEB5B5B4B4ABABDC3B
S3150803D700DCDBDBD2D2D1D1C8C8C8C7BFBEBEBEBD5B
S3150803D710B5B5B4B4B4DCDBDBD2D2D2D11B1B161637
S3150803D7202E2D2D2A29292925242420201F1B1B1B9E
S3150803D730162E2D2D2A2A29292524242020201F1B8D
S3150803D7401B1B2D2DBEB5B5B4B4ABABABAAA2A1A119
S3150803D750A1A099999898C7BFBEBEBDB5B5B4B4B4D0
S3150803D760ABABABAAAAA2A1A1A19999990000000003
S3150803D7700303030303020202020202020303020271
S3150803D7800202010101010101000000000303030372
S3150803D79003020202D0C7C6C6C6BDBDBCBCB3B3B27C
S3150803D7A0B2B2A9DBDBDADAD1D1D0D0C7C7C6C6C6CF
S3150803D7B0BDBDBCBCBCB3B3B2DBDBDADA1F1F2D2B92
S3150803D7C0221E2E2E323232312D2624303028231FA4
S3150803D7D01B2B26222E322E2E31312D282424302C93
S3150803D7E027231E1AFFFFFFFFFFFFFFFFFFFFFFFFB2
S3150803D7F0FFFFFFFFC8C8C8C8C8C8C8C8C8C8C8C8BC
S3150803D800030404080808080800B801B802B800B0F9
S3150803D81003040408080500000000000000000000D7
S3150803D8200000000000000000040008007C0031002E
S3150803D8303B001B00B03700007C030000303B0000B0
S3150803D840040000002C3E000004000000B83200006B
S3150803D850F80400002C3B000004000000283E0000EA
S3150803D8600300000000000000B8320000343B00004B
S3150803D87001000000303E000037000000313A000086
S3150803D880B9320000010000000006800F7047944972
S3150803D89009684143880B7047924800680104C80F1A
S3150803D8A0704730B5002090490A680023FA24A4017A
S3150803D8B0521C6568AA4200D322681578AD06AD0ED8
S3150803D8C09D40054328009B1D1E2BF1D30A6030BDDE
S3150803D8D084480168090408D584490A68824B1A6092
S3150803D8E04A68C2618868B14908607047F3B583B06E
S3150803D8F01700C006000E00901038912833D2FFF7A0
S3150803D900CBFF00282FD00026794C01250398FFF773
S3150803D910BBFF002802D0022803D003E02068284072
S3150803D92000D001260197734F04980C21615E4018B5
S3150803D9300E21615E4018FFF7AAFF01994018386067
S3150803D940049800994018FFF7A2FF019940187860D8
S3150803D950C020800168490860300368490860FDF7FC
S3150803D96001F89348057005B0F0BDFEB5644B654DE7
S3150803D970C02080040290F02000050190186902284F
S3150803D98005D228680199014002988142F0D0894856
S3150803D9900068C01C8849014388480160884A894C45
S3150803D9A00421A068084204D0187D8006C10F4900E7
S3150803D9B023E00226304022D01869042805D22F68AE
S3150803D9C001983840029FB842F6D0187D0007000F29
S3150803D9D0072814D1587D022811DD987D8006800E0C
S3150803D9E002280CDBD87D009007460F4207D0C007F4
S3150803D9F000D50A21374200D0891D00290BD1724868
S3150803DA006E49086000201860802189026F4B1960EF
S3150803DA1010602061F7BD481C1E69864205D22F682F
S3150803DA20019E3E40029FBE42F6D06948405C009084
S3150803DA3020610098C000F821014002D08020C0046C
S3150803DA40186064480668012E00D1490059602168A8
S3150803DA5000291DD159490B682026A65F36039B0565
S3150803DA609B0D33430B6001261660022191600099D2
S3150803DA70890909D10068002801D1182000E01A2075
S3150803DA80225E0098FFF732FF207A000700D426604B
S3150803DA90F7BD4A484C4901600021194A11608022A2
S3150803DAA092024A4B1A60464A11604B4A0261426126
S3150803DAB03F480170704706204849086000204849D6
S3150803DAC00860F0210901474A116080214900464A46
S3150803DAD011600849404A0A604A6035490870704728
S3150803DAE0A83E0000C04101A82C3E0000883E000065
S3150803DAF0A43E0000C84101A8C06101A8C05101A8FD
S3150803DB00C44000A80C0002A830B581B00400A003E5
S3150803DB1014D530480068002801D1162000E00C20EF
S3150803DB20FEF7F2FA3148806E0007C10F30480170DC
S3150803DB30082030490860C003244908602E4D286828
S3150803DB40000406D5FFF7ADFEE861FFF7AAFE1749FD
S3150803DB500860A00727D58020C0021C490860FCF787
S3150803DB6024FF00281FD0254A1068C0B2002802D017
S3150803DB700621234B1960810915D01C490B68012B13
S3150803DB80FBD949680905090D091DC900114B1B680D
S3150803DB90012B00D14908002B01D1182300E01A23D1
S3150803DBA0D25EFFF7A3FE01B030BD00005C4201A8B8
S3150803DBB0663E0000204000A800F0FF3FB84101A8D8
S3150803DBC0044003A89C3E0000FFF3FF3F106001A832
S3150803DBD0D84000A86C3F0000FFFF0300006401A8BB
S3150803DBE0504000A80C6000A80C5000A81C4000A8D0
S3150803DBF0343B0000846000A8C04101A8A03E000091
S3150803DC00005401A870B50822814B1A60FB239B01B7
S3150803DC101B68DC0302D50020088070BD0C88001938
S3150803DC20401E00787B4DA870641C0C8045076D0F59
S3150803DC30052D05D8784E3668F60603D5022D0DD080
S3150803DC40032070BD9604AE401E4001D1082070BD66
S3150803DC50052D03D1104201D1641E0C80A9484860E2
S3150803DC60002070BDF3B582B008886C490978491C51
S3150803DC70C9B2814204D202990918491E097800E0FB
S3150803DC800021644A517093785B075B0F0193302335
S3150803DC90019C052C28D1194233D19478E5081E2412
S3150803DCA02C40CD0702D5250001242C430125A14E7E
S3150803DCB0E6402E4073D0019F9F4EE64140242640FE
S3150803DCC03E434C0602D53400202626439478890819
S3150803DCD00D40A7080C2139402943C02525400D438B
S3150803DCE02021294396705170FB2189010C685578C8
S3150803DCF0022123262E4008D0660302D52B40202B6B
S3150803DD0001D0052082E0424B196093789B0601D423
S3150803DD10202203E09278120702D540223C4B1A6070
S3150803DD203C4A92786B461A70C022844B1E680E4092
S3150803DD3001D1154212D06E46377827263E40232E48
S3150803DD4003D1E60207D4012606E0252E03D0212EA9
S3150803DD5004D1260302D504262D4F3E601B681940BD
S3150803DD602026019F002F1CD11E4027D0294B5B7804
S3150803DD701A40402A13D00C221A40042A0FD02A0725
S3150803DD803BD40122002902D0E100CB0F5A40694651
S3150803DD900978CB07DB0F1A422FD021012AD4072093
S3150803DDA034E0022FE2D11E4008D00029DED1CC236D
S3150803DDB02B4003D16B461B785B0601D5032025E070
S3150803DDC0A30311D59C4E73691B051B0D5B1C366893
S3150803DDD0F60205D5994E36683607B60F9B1B5B1EAA
S3150803DDE09BB2052B04D1C1E7029B1B78052BBDD03B
S3150803DDF006200BE08021064A1160E90702D4401C7D
S3150803DE0003990880AB4803994860002004B0F0BD25
S3150803DE104C1002A8283E0000480002A8443E000011
S3150803DE20F2B587494978CA0705D4009A1288801833
S3150803DE30401E037800E00023FB22920110680224A7
S3150803DE409D4D2E68F60611D512695340DBB2002B99
S3150803DE5003D16E68D30973402340002B03D0020213
S3150803DE6004D40A20F2BDE206944E3260744A1E02B6
S3150803DE70C0230B403343914E336093785E07760F86
S3150803DE80022E06D16D682C4003D100200099088024
S3150803DE90F2BDA0250D409E08102737402F433D09A4
S3150803DEA00E0702D42E0010253543CC240C401A261F
S3150803DEB02E400A2E04D1CC2C02D02E00FD25354047
S3150803DEC07F4EEE40F60705D4000416D5412B10D134
S3150803DED0082912D17B48E84011210140214320201B
S3150803DEE0084310700D210140009808D000F0AAF8E5
S3150803DEF0F2BD0B2B01D10029ECD00720F2BD00F0AF
S3150803DF001FF8F2BD1933000038B50C006E490B78BB
S3150803DF101A0953399500491925881B071B0FEB1A4C
S3150803DF209A1A8018FEF78EFD010002D1200000F030
S3150803DF3007F832BDF300A3E3981440684C0002A81F
S3150803DF40F8B50400614805683D4F3878D026304255
S3150803DF5002D00D21014005D008205D490860EF2055
S3150803DF60FEF72DFD39782000314204D009093970AE
S3150803DF7000F068F8F2BD0521294020D00288FB216C
S3150803DF808901CA60534BEC0705D5521C0280690602
S3150803DF9007D4514B05E043242C40422C03D1521C91
S3150803DFA0028043600DE01022494B1A604B4A096808
S3150803DFB08B00DB0F1901116380210903116000210E
S3150803DFC001800020F2BD0A888018401E0078830667
S3150803DFD001D4121D0A801822024004D00888520868
S3150803DFE08018C01E088039480068C00702D508880B
S3150803DFF0401C08803848486000207047334A136835
S3150803E000DB0708D51268920705D40A888018401ECC
S3150803E010007804280DD110202D4A10602F48FB22C2
S3150803E020920112689300DB0F1A010263802212031E
S3150803E03002600020088070470C4000A8080001A869
S3150803E040283E000031B581B02549002000900822FA
S3150803E050244B1D7802230C24254202D1002222498F
S3150803E06003E02C40082C00D10222EC0703D50C0050
S3150803E0701E21614000931D4207D014490968090609
S3150803E08001D51A4901E00021C943019B184C2160B7
S3150803E0901849FF248C70009C15012543CD70087020
S3150803E0A0188800994018801818801348586000206B
S3150803E0B036BD0000D5340000480002A8481002A85F
S3150803E0C00D0F0C0D071708504B3F00004C0002A814
S3150803E0D04C2002A87B360000B13600001C1002A8AB
S3150803E0E0DE1B2501283E00002084100000FCFF01EA
S3150803E0F0F43E0000483F0000BD350000283E0000FE
S3150803E100853200009D3200009D3200009D320000DA
S3150803E1109D3200009D320000000000000000000050
S3150803E12000000000000000009D3200009D32000040
S3150803E1309D320000E12900009D320000132B0000E8
S3150803E140232B00004F2C0000B12C0000612D00008A
S3150803E150F12E0000912D00009D2F0000ED2D0000EB
S3150803E160392E0000B12E0000F1300000CD31000039
S3150803E170E52A0000E7260000952200009D320000EC
S3150803E180912700009D320000B52800007D28000075
S3150803E1909D3200009D320000F52800009D320000E4
S3150803E1A09D3200009D3200009D3200009D32000022
S3150803E1B09D32000005120000F51100000000000062
S3150803E1C00004000802140218032400004B48806860
S3150803E1D0000200D4704780B580208002AC490860ED
S3150803E1E0CF2000F071FA01BDF8B58B49886B8B4CCB
S3150803E1F0802292032260FB26B60133681B0520D5CD
S3150803E200130BA025054002D10968C90601D5236069
S3150803E21017E002403FD1802781490F6081490F608B
S3150803E220184038D0354D287A400705D501207E4950
S3150803E230086000027D4908602878002801D006286E
S3150803E24001DB0020F2BD00F09FFB716889684E6808
S3150803E2502978052907D1B905A1606E60B668CC216E
S3150803E2608901724A116000F098FB012E00DA022632
S3150803E270BC20800587490860942080058649086084
S3150803E28067480021C94301647142416483490F60A9
S3150803E29040210160D5E782480360FFF797FF012015
S3150803E2A0F2BDB4480168890504D5C06E0004000FA1
S3150803E2B0022801D0002070470120704738B5802412
S3150803E2C05748046000F060FB05007648006800F0D4
S3150803E2D071F9280000F061FBFFF778FF0748007A19
S3150803E2E0000705D5A0004D49086000F05FFC31BD65
S3150803E2F060036B490860AE48046031BD303E0000D8
S3150803E300FEB50500CC2080016749486001266748A9
S3150803E3100660FFF7C6FF00287DD0654C20780028E5
S3150803E32079D031020195052802D02A460A4072D1CE
S3150803E330CC27BF015C4A17608F4A126881231B02E8
S3150803E340134001D0032301E053075B0F022805D1CD
S3150803E350022B5ED3080135490860F7BD4D01032832
S3150803E36004D1022B55D931480560F7BD042802D1DB
S3150803E37011404ED0F7BD05284BD10198002848D047
S3150803E380C005C10F684641700198C004C10F6846AD
S3150803E390017000F0F9FA0290606869464978002925
S3150803E3A003D0066880211F4A11602C0488496A46EF
S3150803E3B01278002A0CD0C2680B68D21A854B1B68E0
S3150803E3C0234001D0066800E04668964200DD160041
S3150803E3D0684640786A461278024308D0086842427B
S3150803E3E0B01E824202DA7042886000E00026029874
S3150803E3F000F0D3FA0198800501D57748046001989F
S3150803E400054001D075480460002E02D0074807600E
S3150803E410F7BDFFF753FFF7BD0C0002A8442002A877
S3150803E4200CC001A890E001A8C4D000A8145001A804
S3150803E43038B580249448046001201C4908601C4DA3
S3150803E4402878052802D0600090490860FFF729FF5D
S3150803E450002812D013480068000A80214140A868A2
S3150803E460000EC9B2814208D2434800684007400FEC
S3150803E470022802D2FFF722FF31BD85480168C02270
S3150803E4800A4002D1C06F204001D00448046031BD60
S3150803E4901C1002A808E001A808D001A894D001A876
S3150803E4A0441002A818C000A8106001A8C4E000A878
S3150803E4B0303E0000F1B582B00F00A020384003D1EA
S3150803E4C075480068C00603D58020800073494DE06F
S3150803E4D000F05AFA00906F480468F80202D5A0685B
S3150803E4E00069029000F0C3FB80210903606800F00D
S3150803E4F09DF926780020761C6178B14200D2002661
S3150803E5001821714365180C3529780829F3DA26701A
S3150803E510A56063492A780A70BA0507D55D48006875
S3150803E5208068C068FA0201D40322904388600127F1
S3150803E530384003D100F0A6FC01F086F8F9046869AF
S3150803E54000F074F93C2000F0BFF8F0B200F0BCF814
S3150803E5506088544901406180009800F01EFA380526
S3150803E5604E490860504807603802504908600298C7
S3150803E570FEBD0000440002A8184001A810B54C4887
S3150803E5800068800501D4FE2010BDC02080034949D8
S3150803E590086000F0F9F93F4909688A78D20702D575
S3150803E5A089688C7800E00C7800F0F7F9200010BD34
S3150803E5B0100002A8374909688A688B78DB0704D5EF
S3150803E5C0927818235A438A180C32906070470000D1
S3150803E5D048C001A84C0002A84C1002A84C2002A867
S3150803E5E0F1B582B0344804680027200F000702D12A
S3150803E5F0E001029038E0012630480068304001D136
S3150803E60001F022F800F0C0F90190F104606800F007
S3150803E6100DF925786D1C6078A84200D20025E8001C
S3150803E62020180C30009000680290F10400984068A6
S3150803E63000F0FCF821480068304002D01E2020492B
S3150803E64008603D2000F040F8E8B200F03DF8257078
S3150803E6500098A060019800F0A0F9184800680640E1
S3150803E66002D102A801F04AF816480068800408D5C2
S3150803E6701148C06901F00BFD02990818029000D5EC
S3150803E68002970298FEBD000094E001A8146001A851
S3150803E69014C001A8C43E00000C0002A8442002A826
S3150803E6A0303E0000FEFF0000C0E000A8106001A88D
S3150803E6B0440002A8441002A8C83E0000784000A8F7
S3150803E6C0841102A8FC0302A84C490968002901D54C
S3150803E6D04B4908607047F3B581B00100494FB868E4
S3150803E6E0494C42005BD50125000100D52125474A3F
S3150803E6F010685668226893069B0E802252001A43B6
S3150803E70000928022FD2333400D2B09D1FB239B0165
S3150803E7101B68134004D03E4B1B681B2B00D31643C0
S3150803E720009B9C463B689B001A4063461A4300922B
S3150803E7300A0023D0890601D5012008E0F02101400B
S3150803E74007D16946097A0C220A4002D0022000F052
S3150803E7503FF83049096809040AD53968090701D514
S3150803E760022605E03968490301D5002600E0032699
S3150803E7704835009A28490968890003E0009A26491A
S3150803E780896B09094023194011439A00002E02D0C8
S3150803E7901643266608352166024322662566E06D1A
S3150803E7A04407640F00F0DAF8A0070BD0052C09D04C
S3150803E7B0B868000406D400F0E7F80221174A116086
S3150803E7C000F0EBF800F0D3F8002000F001F8F7BDED
S3150803E7D00E490A68F0239A43000110430860C0B241
S3150803E7E070478020C0020E490968890701D10D497F
S3150803E7F000E00D490860704700000000500002A8B9
S3150803E800884000A8480002A8284000A8683F0000DE
S3150803E810448001A8684101A8184001A814D50350EB
S3150803E820844000A8486000A8485000A880B56F4AED
S3150803E830116001F057FCFFF7D4FF01BDFEB5FB25B8
S3150803E840AD012878000604D5287F002801D01824AE
S3150803E85000E0462400F098F802906548C068400531
S3150803E860C20DD52A01D2D52204E0D1204000824226
S3150803E87000D90200100001005E4B01932B6B5B016C
S3150803E8801DD55D4B00931D1D5C4E367806277E43CA
S3150803E890AA530025019B1B7CEB40DB070CD5009B89
S3150803E8A006266E439B199B888FB2BB4200D219007A
S3150803E8B086B29E4200D218006D1C022DEAD389B295
S3150803E8C0091909044E4B0B40001BC005C00D18431C
S3150803E8D047490860C02000064A4908604548017D43
S3150803E8E000290CD04849D52A02D98023DB050B60B9
S3150803E8F0D1235B009A4202D280231B060B600021B8
S3150803E900424B19604188002900D10280029800F021
S3150803E91044F800F043FDF7BD80B53D483D4908601E
S3150803E9203D48C1680902090A192251434160052174
S3150803E9300160FFF783FF01BD80B5FB2080010178E5
S3150803E940090604D5007F002801D0FFF777FF324870
S3150803E9500068C00301D5FFF771FF01BD8020C0021F
S3150803E960224908602D4800684007FBD47047802079
S3150803E970C0022B490860704701E02A4908602A4902
S3150803E98009680140F9D17047284800682021284AB8
S3150803E99011601021274A116070473021014002D1C6
S3150803E9A01020234908607047204800683021014039
S3150803E9B0102901D101207047002070471E48012104
S3150803E9C00160C160704701201C49086070471C48F4
S3150803E9D000780621014007D01A480068022803D0A8
S3150803E9E0032801D00120704700207047441002A86D
S3150803E9F07C400050743F0000543E0000503E000027
S3150803EA000000FF01A0600050A450005018E000E089
S3150803EA107F1A0601540002A810E000E0440002A889
S3150803EA20442002A8282002A8280002A8600002A8F9
S3150803EA30602002A8601002A8789001A884A001A803
S3150803EA40A43E00006C3F0000F8B55A4880214902ED
S3150803EA50C1610221584A51600021584AD162584A75
S3150803EA6011800321544A116002210160554DCC01DE
S3150803EA70A868204010D051480068F02109050140D4
S3150803EA8090200005814207D002204F4908600120E3
S3150803EA9001F04CFB4D48046020204D490860802056
S3150803EAA04C490860CC2080014B49086001244B4837
S3150803EAB004602E683004070F49480068C505ED0D44
S3150803EAC0103DC0202843C0B2FFF7FEFD3B48C06B8C
S3150803EAD0800309D5092F07D0FFF779FF002801D04E
S3150803EAE002F0FBFF01F050F93007000F00903D4894
S3150803EAF006680098032803D0022806D1032F37D0C7
S3150803EB0000F040FA0098032803D0062F30D1062DCB
S3150803EB102ED035480068C00B204001D001F038FCE0
S3150803EB2032480068000108D5052D06D1012530486D
S3150803EB3004606005FFF720FF00E000253100380078
S3150803EB4000F058FA0600002D06D000F0DFFB29482E
S3150803EB50046002202849086060052649486580093B
S3150803EB6026490860FFF733FF002801D002F0A3FF08
S3150803EB70114821040162002F08D1022141600020B7
S3150803EB800E49C863C020C000134948643000F2BD6B
S3150803EB9080B5FFF7E3FEFB2080010078800602D4E8
S3150803EBA0022017490860FFF7E2FE01BD0220154956
S3150803EBB0086070472C1002A8282002A80C0002A897
S3150803EBC0603E0000B00002A86C1102A8B82002A893
S3150803EBD094E001A80CC001A8146001A8C4E000A829
S3150803EBE004ED00E0B44000A800E200E0F03E0000B7
S3150803EBF0645000A8646000A82C4000A880E200E0E6
S3150803EC00081002A8082002A8F8B55C480468042777
S3150803EC105B4DBE01A0070FD55A4A0120E021C90062
S3150803EC2093680B4002D02E602F6128611268114049
S3150803EC3002D02E60AF60A860FFF7A6FE210506D5B1
S3150803EC402E602F61B7490D220A600F220A60FFF76B
S3150803EC50A4FEF1BD80B5FFF797FE874901228A60B6
S3150803EC600A600021B04A1160FFF797FE01BD10B58F
S3150803EC70012082498A680240FCD1C04A04231361F1
S3150803EC800C680440FCD193600002106010BD7C49F7
S3150803EC9008680122104200D1704710B5E023DB0053
S3150803ECA00340FF24A41CA34207D3B54B9C6BA406BD
S3150803ECB002D41B68DB0600D54868024001D000F081
S3150803ECC021F910BDF8B504008B4D28683F21884308
S3150803ECD08A49097801432960FFF7D9FFC820A86242
S3150803ECE00620874908608020400390490860800908
S3150803ECF08F49086020688F4DAF68874200D30700A5
S3150803ED00C01B20600121200000F0A4FB0600206838
S3150803ED10C0192060FFF778FF874800682860002E2F
S3150803ED2011D18648102141620821854A12680A4092
S3150803ED3001D0016000E0416094490968490002D5A1
S3150803ED408021490141623000F2BDFB208001017830
S3150803ED50090610D5007F00280DD08948C16BC9065E
S3150803ED6009D4816BA0220A4005D10068C006C10FE9
S3150803ED70012048407047002070470000500002A851
S3150803ED80881102A8900102A880B5FFF7DEFF0028C4
S3150803ED9003D00021042001F08FFB01BDF1B57C48A7
S3150803EDA07C49C860EE20C00408607B487B4908603C
S3150803EDB0FFF7CBFF002803D00021042001F07CFBDA
S3150803EDC0774C8020C001206008277648876501258F
S3150803EDD0704845641D2073498862734E9B20400022
S3150803EDE0B061072001F0A2F902206E4988625449EE
S3150803EDF00A68D20603D56B496C4A0A6008E00F22F3
S3150803EE000968394002D03100103101E0310014316C
S3150803EE100A6067490968002900D4B761E321090133
S3150803EE203160C021C900634A1268F823DB01134025
S3150803EE3001D1F16201E0574A9165216C294008D056
S3150803EE40616BC90705D45C490968084001D101F01B
S3150803EE5051FB0020C04359490860606B054001D146
S3150803EE60FFF7D2FE009801F04FF9606B8001FCD4DE
S3150803EE70606A53490860F1BD902102A8940102A86B
S3150803EE80783F000010B5FB2080010178090606D5F6
S3150803EE90007F002803D00021052001F00DFB16484A
S3150803EEA001683F229143474A12780A4302603C4C61
S3150803EEB0606BC00701D4FFF7CDFE43499720400096
S3150803EEC00860102008604148E22212018266404A1F
S3150803EED0CA6100213F4A11600F210822184B1B689B
S3150803EEE0134001D0816700E0C16703210160026313
S3150803EEF01003206010BD00002C8001A8623E0000AC
S3150803EF000C9001A8F0210901334A116001403348E6
S3150803EF100160202032490860324909680840B94926
S3150803EF200860704700100C5000000C50982002A887
S3150803EF30A41002A8A03F0000340002A8601102A88A
S3150803EF40FC0302A82848294982680A4002D1C268F4
S3150803EF50114001D01049016013480821AA4A1368D1
S3150803EF600B4000D081611178C90602D58C210901AD
S3150803EF7001601420A5490860C9E10000882102A898
S3150803EF800C0002A80448054908607047EC0002A86B
S3150803EF90000FFF00242102A801200000706201A8C7
S3150803EFA0100002A8C01002A8501102A8BD03000051
S3150803EFB028C000A8A88001A8383E0000B46000A8AD
S3150803EFC09C3F0000633E0000682102A8E82002A8CF
S3150803EFD010100000C00002A8586001A8585001A8E4
S3150803EFE0482002A8184001A8704201A800800080A2
S3150803EFF070470000F8B586B005000C008448006821
S3150803F000400102D52000402404438248C66AFFF71C
S3150803F010BBFC0590B00503D57F480068FFF7CAFA1D
S3150803F0200020019001237006C00F02907B4A916865
S3150803F03000209060B8204000794E30606608B820FA
S3150803F04030401278F0261640402E02D102004020A6
S3150803F05010430D2D02D10A00042111434A0704D592
S3150803F06002001420104310229443A44A12686D46E2
S3150803F0702B70D20506D5802252009C4B1A600200DB
S3150803F08001201043029A002A11D10C220240082AB1
S3150803F0900DD002005F4B9B6BDD0601D41025AA43F6
S3150803F0A09B0601D420239A43B12313404FD06A46C3
S3150803F0B01278002A4ED0994A956B966D01236D07EF
S3150803F0C06D0FAD1DAB40F504ED0C5B1B9BB2082B16
S3150803F0D009D2802006234F4D2B604302904D2B60A7
S3150803F0E000236D462B708123034036D00823029DE7
S3150803F0F0002D00D113620D000821294310239C43D8
S3150803F10004231D05874E3560DD04874E35606D463D
S3150803F1102D78002D1ED0062B25D33D4DEE6CF60615
S3150803F12021D5824E3668360E01966D69ADB27F4E8D
S3150803F130F66B360603D02E0080256D01354315611F
S3150803F1402D1215616D4A1268D50592D40BE0082273
S3150803F150724B1A620491009032E000BF87A34506FA
S3150803F160ED0E5B5DD3E7049100902A48026B6F4965
S3150803F17009686A4D2E686F463E81282616401E4347
S3150803F180930CDB0133431600120E3240102632402D
S3150803F1901A43890040231940114302AA9170406B10
S3150803F1A0000A02A9C870FFF7E9F902A908710198CC
S3150803F1B048715F480068C8800298E8660398E8665D
S3150803F1C00598FFF7EAFB0825600601D555488560CB
S3150803F1D0FFF7FDFB002805D056480078002801D024
S3150803F1E0554805600498C1B20098C0B2FFF773FA90
S3150803F1F0200007B0F0BD081A03D250490968401821
S3150803F200401C7047481002A8F84F0000703F0000E2
S3150803F210084000A8180002A81CC000A8683F000000
S3150803F220B46000A8F8B5464E0F24012545491027B2
S3150803F230B06B38401BD00120087043480068434927
S3150803F2400968FFF7D8FF42490968401801284BDBCC
S3150803F25001F0F8F93F490968090B0C40022C41D122
S3150803F26069053D4A11603D490F6435603AE0306CE3
S3150803F270C0001ED53A480068E0218905014033D00D
S3150803F280344D286821030140780281422CD1FFF7C7
S3150803F2907BFB344A34490968C90502D533490968E9
S3150803F2A011602968090B21400229F3D0FFF775FB82
S3150803F2B0F1BD2F4E3068002816D00D7000F024FFDC
S3150803F2C0002811D101F0BEF922490968090B0C403F
S3150803F2D0022C07D12904204A116002211F4A116012
S3150803F2E00021316001F0B2F9F1BD00001C2100AA2A
S3150803F2F0802080041F490860704700001C0100AA8B
S3150803F300802040041B4908607047000000BF1A4864
S3150803F3100168490701D0FF2141617047540000AADB
S3150803F320141100AA441002A84C5001A8184001A8B9
S3150803F330448001A8343B0000845000A838C001A8C3
S3150803F340100002A8653E00001CC101A820C001A840
S3150803F350E03E0000B00002A81C1002A8082002A87C
S3150803F3604C4001A8800000AA084000A8904000A8C5
S3150803F3703C3E00003C2002A80C4000A803010706F7
S3150803F3800301070605010606050106060302070625
S3150803F3900302070605020606050206067047FF2846
S3150803F3A007D0032805D2BC490978C140C807C00F4E
S3150803F3B07047002070470000F0B58020000208213E
S3150803F3C09E4A11600A2301219D4A01249C40044355
S3150803F3D0C4A5ED5C25439560F0259A4E3560974D97
S3150803F3E0C3A6F65C022737432F6004262E60AB4D6F
S3150803F3F02D680D4006D1CD026D1E03D0966C3603DB
S3150803F400FAD401E00220F0BD956CD66C6D036D0B42
S3150803F410AE4200D220005B1ED7D50823894C236051
S3150803F42090609F4B1B685B0112D59E4C63785D1CED
S3150803F43001262E4066701D00062675436519126857
S3150803F440AA80E88023709448027899401143017092
S3150803F4500020F0BDF1B582B0FFF7FCFBFB2080016D
S3150803F460006B400101D401241DE08F48826B002004
S3150803F4708C49C3B206246343CB189B8894B2A34230
S3150803F48004D0401CC3B2022BF3D3FF200870012417
S3150803F490FB208001006B400105D50878FFF77FFF45
S3150803F4A0002800D00024FB208001007800060AD536
S3150803F4B0FB208001007F002805D0FB208001407FC8
S3150803F4C0002800D10124794DE8690190784800683D
S3150803F4D0E861784E02980068316D4718012F16DBEC
S3150803F4E000F089FD3060C001381A01280FDBFFF7E9
S3150803F4F0BEFB00F0A9F802980068316D401800F0C9
S3150803F50003FE002803D00021029A116010E06A4F17
S3150803F510C020C00038602868072832D00521084073
S3150803F520052808D029600C2000F000FE002802D028
S3150803F5300199E961FEBD614EFF207A3070620420AD
S3150803F540B062FFF794FB02203060E020C0045C49F8
S3150803F550486080208004786002203860012000F02B
S3150803F560E5FD802080007062022000F0DFFD802028
S3150803F570C00070620820B062022000F0D7FD0220A6
S3150803F580B062504EE02040003060042000F0CEFD0B
S3150803F59007003FD102204A4908608002B062C001D1
S3150803F5A0B0621020404908600120F06546480068AB
S3150803F5B040061CD4FB208001006B400113D5394853
S3150803F5C000786946087068460078FFF7E8FE002861
S3150803F5D009D0344869460978062251434018C08839
S3150803F5E03149086403E0FFF7E7FE070012D12E4806
S3150803F5F0012101600021C167022000F097FD334E07
S3150803F60040203060C0303060022000F08FFD81203A
S3150803F610C002B062002C05D02B480068800101D4D3
S3150803F620FFF78AF9E869E021490301400198284A66
S3150803F63002400A43EA613800FEBD0000889001A82B
S3150803F640448001A888A001A838B5FFF703FBFFF794
S3150803F6500EFB0224144804601E4D0820A862C0014C
S3150803F6606862012000F062FD200268622C600620B1
S3150803F670A86219486862E0204000144908601048E7
S3150803F68004600021094A1160C021C90001601348BA
S3150803F69000681349086031BD843F0000140002A8BE
S3150803F6A0F03E0000503E00000C8001A85C0102A851
S3150803F6B0F80302A88C3F0000981002A85C1102A860
S3150803F6C0982002A82C9001A8500002A82CA001A8F3
S3150803F6D0FFFFE3FF5C2102A8F9610000340002A8DA
S3150803F6E0943F0000000000010102040810202000D6
S3150803F6F050505040404040302020200070B506004E
S3150803F700FFF7B5FAC020C00019490968F822D201E3
S3150803F7100A4001D1174900E0174908601748AC2188
S3150803F720490081640A210160154880214903016063
S3150803F7308909C160134C6069AF21C901451830684E
S3150803F740854200D30500401B306000213000FFF7D7
S3150803F75081FE3168491931600B490968216070BD1A
S3150803F76080200001094908600001094908607047BB
S3150803F770AC8001A87C1102A87C2102A80C8001A8F0
S3150803F780981002A8903F0000340002A8441002A86B
S3150803F790685000A8F1B584B0B64800680190B64829
S3150803F7A0806BAF21C90140180499884205D2081A0B
S3150803F7B000F0AAFC002800D03FE2B04D6868C007F5
S3150803F7C000D53AE20420CE49C8628003CD4988624F
S3150803F7D0FB2080010468A86B8607B60F032E03D0A7
S3150803F7E01020C749C86223E0802080028862E96B3B
S3150803F7F0890601D5012062E0210610D5EA6B0221AC
S3150803F8000A400CD1C04A05231360EB6B10273B4013
S3150803F8101943116000211160A96B090A11600421BB
S3150803F820B84AD162E96B002902D5B5498862002630
S3150803F83020060ED5FB208001007F002809D0202052
S3150803F840AF49C862B148006820210840AD49C8627B
S3150803F8500EE0A86B400705D5A86BC00080214900B8
S3150803F860084003E084480069C10701D5FFF74AFB4E
S3150803F870E00708D5C748B1014018006AC004C00CA0
S3150803F880401EC5490860C5480168090404D5806F48
S3150803F890C00F0121414000E00021C148C022920067
S3150803F8A002603202002902D0C021890000E011005B
S3150803F8B0BC4B1960C021890041605A600020296C3D
S3150803F8C0942292050A40140000D0012480263602A9
S3150803F8D0204300062FD0FB2080013021405CC02145
S3150803F8E00140402902D1FFF753F901E0FFF75EF91A
S3150803F8F020202860240600D19FE1A86B400709D57C
S3150803F9007008804988620220CD49086000F08AFAA7
S3150803F910002807D004207A49C862400279498862D8
S3150803F920C7480660FB2080010078000600D484E1FE
S3150803F930300173492BE16868C00700D57DE1B00043
S3150803F9407049C862FFF70AF89348406E296C31403C
S3150803F95008D1C00606D5FFF717F80221C64A116073
S3150803F960FFF71BF8FFF703F8F0082860C34CC02716
S3150803F9703F066760A86B4007C10F68460170EE2013
S3150803F980C0040199C9077BD5BD4908603009E06100
S3150803F9900320AC490864FE20C0034864422048603B
S3150803F9A0A02020600820A84908660420A749086003
S3150803F9B0286CC00232D5B3484168080CA44A090426
S3150803F9C0C90B515A102829D32B4A1289E72A25D35A
S3150803F9D095235B009A4205D89A1A12095143890A54
S3150803F9E04B4204E0A84BD218120951438B0A5BB267
S3150803F9F0C01821498A6B94464A6C53436246D21807
S3150803FA008A636F2801D36F2002E00F2800D20F20E4
S3150803FA1001020143000408439C49086098489C492D
S3150803FA208164B90C61600221874A5167B90D816007
S3150803FA30F02109014165F00920610A2000F076FBEF
S3150803FA406760822040022066012000F06FFB0120D8
S3150803FA506060062000F06AFB6660082000F066FB1B
S3150803FA603001606080006060032000F05FFB700077
S3150803FA7042E000BFFC0302A86C3F0000100002A886
S3150803FA800199490744D57E4908606F4E8220C00410
S3150803FA90F06680208000E061C001B066B80C886417
S3150803FAA07C4860600A2000F041FB66490020086430
S3150803FAB008604860A020206008203066022070672E
S3150803FAC00A2000F033FB676073482066012000F0C4
S3150803FAD02DFB062000F02AFB08206060062000F0B4
S3150803FAE025FBF80D6060082000F020FB60206060AD
S3150803FAF0032000F01BFB0220544908600DE000BFF9
S3150803FB001C2002A81C1002A8E40000AA184001A899
S3150803FB10624A4021002001F003F893480021C943B3
S3150803FB20C1630121FB2292011278120614D5AA6B2E
S3150803FB30520711D48D4A1278FD2313400D2B0BD18E
S3150803FB408B4A926B520507D58A4A12681B2A03D237
S3150803FB503B480161C16400E0016000F04CFA834E42
S3150803FB60401DC001B16B47188020C0018249496F07
S3150803FB7001400291814908600498874215D2B16B06
S3150803FB80401A00F0C1FA00280ED002987C49086092
S3150803FB9053E000BF0C0000AA204000A8684101A852
S3150803FBA0086100A8085100A8049F0198400702D5D8
S3150803FBB08020800000E073486060012000F0B6FAF8
S3150803FBC0686A7063802040001F490860380000F0A7
S3150803FBD09BFAFB24A40168460078002806D16648E8
S3150803FBE0006860628020C0038D49086002986449F2
S3150803FBF0086023480199490704D58021890081644F
S3150803FC00234903E002218164C02189018164686A6A
S3150803FC10F06268460078002809D0012000F086FAC9
S3150803FC202078000603D58020000391490860286CD4
S3150803FC30C00202D513480068B06305B0F0BD0000E2
S3150803FC40685000A8600102A8B81002A8C82102A833
S3150803FC50C000000080B5FEF797FE8A4900220A60B5
S3150803FC600A22CA61FEF799FE8748C0218902016004
S3150803FC708649416001BD000014E50350681102A8D6
S3150803FC80242102A8F83F0000D6FEFFFFDC4001A8A6
S3150803FC9004040000040440000204000011070000E5
S3150803FCA07B48806B800300D47047F8B579480768AA
S3150803FCB00024002001252F4202D0C020800102E043
S3150803FCC0790700D57448754902220A600864082032
S3150803FCD07349086073480068C00403D4724800680F
S3150803FCE00007FBD5714E27487065042000F01EFAFD
S3150803FCF08820C00470653D4007D0A0208003706546
S3150803FD00012000F013FA6A4808E060207065802035
S3150803FD104002B060012000F009FA66487065664D36
S3150803FD202C606C60C02000067065C00C63490860CF
S3150803FD30012000F0FBF9F0200001F066604804603A
S3150803FD40862040025F4908605F4870650820306076
S3150803FD50A02030652C646C64802080014C490860BF
S3150803FD6000015A490860F1BD786000A86C3F00009D
S3150803FD70184001A8448001A820C001A894E001A85E
S3150803FD8094D001A802400000F8B5514800680D2533
S3150803FD90054008200424002D01D1042504E0092187
S3150803FDA02940092900D145404A49102706034A4AEA
S3150803FDB04A4B1B682340126814D04A60284004D073
S3150803FDC00220FEF705FD464806602C4007D0454845
S3150803FDD00068074343480760B008414908600220A2
S3150803FDE0414915E00A60284005D00220FEF7F0FCD9
S3150803FDF0A0023B4908602C4006D03A4801680F43E5
S3150803FE0007607009364908603748066030032F498A
S3150803FE100860FFF745FF00210020FEF75CFCF1BDF3
S3150803FE201C1002A810B5802030490A6802400AD07F
S3150803FE302F4B1A680624144005D15C6E2D4A2240BE
S3150803FE401B6D9C0101D5002010BD096808400DD023
S3150803FE502948824203D1180501D5012010BD274838
S3150803FE600068C107C90F481E8041C00F10BD0000B6
S3150803FE701C2002A8224803210164A821C16310217A
S3150803FE8001607047D80000AA442002A80400008035
S3150803FE90100002A8FC0302A8040400002C1102A8FF
S3150803FEA0106001A8D84001A8104001A8182102A88B
S3150803FEB00180000089050000600102A8B06101A85D
S3150803FEC0548001A8C82102A804340000482002A8C7
S3150803FED0B44000A8E83E00001CC101A8480002A8D7
S3150803FEE0441002A8683F0000685000A8440002A80E
S3150803FEF014C001A81F1F0000010C000030C101A88F
S3150803FF00082002A86C4800680121084209D16B4AF7
S3150803FF1012686B4B000C1840F03291400B40984224
S3150803FF2001D00220704700207047F8B507000F3844
S3150803FF306A461080604CE0680A0004D16B461B8849
S3150803FF4082B29A423AD200226B461A8001250226C9
S3150803FF503A0013D02268324007D000292ED05948D8
S3150803FF600088401C574908800020390021615649FA
S3150803FF700E6080B2B84201D369460D805348456086
S3150803FF8000E030BF2068304003D1FFF7BBFF0028ED
S3150803FF90F7D04D484560390010D02168314005D067
S3150803FFA048490A886B461B88D2180A8006600020CF
S3150803FFB02061E068B84201D244480660FFF7A2FF11
S3150803FFC0F2BD38B5050000F03DFB04000121992078
S3150803FFD04543A8093E4A12688018123880B2FFF7CB
S3150803FFE0A4FF05008020C0013A490860200000F0FC
S3150803FFF02DFB280032BD3348038835490968028832
S315080400009342F9D1100408187047FEB51238070C44
S315080400106946088000F016FB0190274C294D28886C
S31508040020B8421ADA01202C490860274E30BF02204C
S315080400302168014006D030604003264908602888B4
S31508040040401C2880FFF75EFF002802D12988B942A0
S31508040050ECDB0121716000280DD12888B8420AD149
S31508040060E06869460988884205D2002168460088FE
S31508040070FFF75BFF01E0FFF745FF04008020C0019E
S3150804008014490860019800F0E1FA2000FEBD10B595
S3150804009012490A680E4B1B680C689442FAD0DB01B5
S315080400A04033141A02D288692418641C0C48006860
S315080400B04443181B10BD0000280002A804ED00E004
S315080400C0FF3F0000603E0000282002A8281002A86E
S315080400D0340002A880E200E02C1002A820C001A87F
S315080400E0B43F0000F0B502E00A601C602E607EC8CA
S315080400F04F1C07D05F1C04D06F1CF5D10A601C6026
S31508040100F0BD0A60F0BD000010B5C409FFF773FF1F
S31508040110201A312806DAC000183801D4C01EFDD5C5
S31508040120002010BD2000FFF770FF10BDC32148430F
S315080401306F3801D41E38FDD50020704780B5FEF708
S3150804014047FB01208C49086001BD38B58B490C680A
S3150804015008258B490D60FFF7F1FF2C4001D089482B
S31508040160056031BD80B5EB2000F001F801BD30B55E
S3150804017085490B6818401022134211D0834BFB247F
S31508040180A4012468224008D0B04A14682402FF2532
S315080401902D0225401D6300241460802252031A6030
S315080401A0086030BDF3B5010016001C000025009553
S315080401B0A748019A330000270BE0BC464F5D474326
S315080401C0AE009E597E40575D4743374066463743DF
S315080401D06D1CA542F1D3390939438A080A435108E3
S315080401E011430840C10901430F208A0B0A43024000
S315080401F05040F6BDF1B582B00E0000209349086060
S31508040200FD25AD01EF7AA87A01900F2139400091B6
S315080402100ED00B468F4A90490298FFF7C3FF0199FF
S3150804022001408A4801608D4841438D48084001D100
S31508040230012400E04401380915D032003B0929009D
S315080402400298009E6D7A75194019FFF7ABFF01995C
S31508040250091101407D4802680B0113430360002914
S3150804026001D0480044437F480068204001D1042057
S31508040270FEBD0020FEBD80B50A00002111807A4922
S3150804028052888018FFF7B6FF02BDF0B50F22774BE8
S315080402905C7905780F202040C540200928400125AF
S315080402A09C79C4402C4001D10320F0BDFB24A40151
S315080402B02468254008D06E4D9E684700F65B761E76
S315080402C02E608026B601EE60DD78DE79C640F0073A
S315080402D011D5E0060FD5002D0DD06648486008886C
S315080402E0488008881C7800192A4080185A7880188B
S315080402F02A09801800E0002008800020F0BD10B507
S315080403005D4801685D4A0820014200D09061C9062B
S3150804031002D58C210901116059495A4A5A4B1B685E
S315080403201B040CD54B685C0402D5C303136006E0B2
S31508040330C024A4011C4043029C4200D010600B68F0
S31508040340034005D0514B1B689B0F9B0700D01060D8
S31508040350FB2080010078C023034002D18020400599
S315080403601060086820210840106049480068C001E8
S3150804037001D4FFF7F7FE10BD2C4000A84C4000A896
S315080403804C6000A84C5000A8703F00001C1002A83E
S31508040390F8B5404F38687E6806403F4830403F49C4
S315080403A008608024A4033E4DF00228D5FB20800172
S315080403B0016801200A0605D53A490968A960287022
S315080403C0022014E0014202D03749A9600FE0002058
S315080403D0C9060CD52749A960344A91780B071B0F1F
S315080403E012789A1809095118A980E880A888A8805B
S315080403F0A888002801D0264301E0FFF7B3FE26406B
S3150804040023D0264E74603460A88800280BD0396A35
S31508040410814208D3291D2648AA6890470100F3D0CB
S31508040420FFF78CFEF1BD01000CD0FC218902F161B5
S3150804043020490203CA6134604C603A6A824204D392
S315080404400C60F1BDEB20FFF792FEF1BD403E0000C3
S3150804045001010101F83E0000383F000011110000B7
S3150804046021840000F43E0000183F0000483F0000C5
S31508040470204000A87B210000F84F0000502102A864
S31508040480184001A8481002A8684101A84C4201A8CE
S31508040490D04000A8B44000A8FFFFDFFFB46000A85E
S315080404A0443E00002C3B00008F210000493F000019
S315080404B0D84000A8B45000A870B505000C0000F098
S315080404C0C1F80600FEF77AFA2002054306480560D5
S315080404D0022006490860FEF776FA300000F0B6F8FE
S315080404E001200349087070BD04C0095040D0095062
S315080404F0643E0000FEB5C020C00433490860334892
S315080405003349486533488865334840240460446061
S315080405101020FFF70BFE002854D1FF2000052F49B1
S3150804052008602F482F4908602F4829490860A50301
S315080405302A4805602D4807680820FFF7F7FD0028B4
S3150804054040D108262A4806600120FFF7EFFD274810
S31508040550806801902748066027481D4908601F4897
S3150804056005600820FFF7E2FD00282BD12048066025
S315080405700120FFF7DBFD1D48806800901D480660D2
S31508040580134D1E4828600199009800F03FF8860626
S31508040590B60E0198C10B0098C00B00F037F800029C
S315080405A0FC21890101403143296010480760600332
S315080405B00A490860124804604460124901641249F1
S315080405C041640020FEBD000020E000A85714000086
S315080405D04C0102A8FF3FFF3F601102A8B42002A8FD
S315080405E00000380EB41002A830300000104101A8EB
S315080405F0105101A8106101A8101000002020000065
S31508040600602102A8F703F000FF3F000010B5490473
S31508040610CA104004C310991A00209A18D30F9A18BE
S31508040620521052188B115B0E5B18DB11D21820235B
S31508040630541A01D422001843CC0F611849105B08D8
S31508040640F6D110BDEFF3108072B67047002800D1BA
S3150804065062B6704710B5C20018231340FF249C40A5
S31508040660E2438907090E9940030004D474489B0899
S315080406709B00C01806E0734B0007000F0838800873
S315080406808000181803681A401143016010BD80B52C
S3150804069073225421002000F043FA01BD10B5FFF778
S315080406A0D1FF694901220A60684B694C2360694C89
S315080406B023600323684C2360684C2360684B1A60E4
S315080406C0684B1A60684B80241C601A60674A1A6073
S315080406D011228A63FFF7BAFF3F206549096801407A
S315080406E00A1D402A00D2081D624A1070AE480170DD
S315080406F010BD80B501001120FFF7ACFF01BDFFF75F
S31508040700A1FF05000024012160B2FFF7A3FF641CC2
S315080407100E2CF8D301210F20FFF79CFF012113208B
S31508040720FFF798FF01211720FFF794FF0321012003
S31508040730C043FFF78FFF01211E20FFF78BFF4E48AA
S315080407404E49086002204E4908600120A149086004
S3150804075047044C4C20693840FCD02068800101D4F9
S31508040760FEF7DAF82800FFF771FF47480068000328
S3150804077011D4FF222A325321002000F0D1F90AE0CD
S3150804078000281CD0FEF700F919E020693840FCD08F
S315080407902800FFF75BFF206E0004000F022801D132
S315080407A0FEF740FDFFF74EFF0500724EFEF7FCF814
S315080407B000287078E4D0002801D1FEF7EEF801206D
S315080407C02F493278002A05D1784A1268920600D44D
S315080407D0086030BF0022327002220A607D49086030
S315080407E0D3E77D48016842680A407C4810401849A6
S315080407F00860800700D4704710B579480188491CF9
S315080408000180FB24A4012078000617D575490A68D7
S315080408100F20120B0240032A10D1A94A1268520764
S31508040820520F032A0AD80968090B0840032805D178
S315080408300D20FFF78AFCE08A401CE08210BD000008
S3150804084000E400E01CED00E0040002A80000FF3FFD
S31508040850282002A82C1002A840E002A844C002A836
S3150804086004C001A8044001A8145001A82000600689
S315080408702C8001A8623E0000FFFF9B4000E100E0D7
S31508040880602002A8500002A8F80702A8F8B5564C3A
S315080408902068656805408B4805605448284007D099
S315080408A0FEF795F8002803D0280087490968884781
S315080408B0864801210D4211D00222854B1A60854AC9
S315080408C012680A4007D10268F0231B0513409022D8
S315080408D012059342F3D009027F4A116080210D4222
S315080408E020D0A26AF823DB0113401BD0C0221201D0
S315080408F0934217D880231B06884E3360A76AF826C6
S31508040900F6013E40374F3F683F043F0F022F01D0A0
S31508040910032F03D1002E01D09642EFD38F4A1360DA
S31508040920684A11608E49097806290DDACC208001B7
S3150804093028401DD0FFF786FE04002800FDF7E0FCDA
S315080409402000FFF783FEF1BD806B800510D585482E
S31508040950284005D0FEF74CFB2800FDF7D1FCF1BD75
S31508040960A80205D580204001564908607E490860DA
S31508040970F1BD0000653E000010B57C480168446876
S315080409800C407B48046080210C4205D041607948BC
S3150804099001600020FDF7B4FC600403D580204005FF
S315080409A07549086010BD0000633E0000F40302A800
S315080409B038B57248016844680C40E00707D5FFF764
S315080409C041FE0500FDF734FD2800FFF73FFE6C489D
S315080409D0046031BD601002A8280002A8FFFF00C009
S315080409E0603E0000B00002A8104001A802000600FC
S315080409F0FEB5644C206C676C074001252F4216D05F
S31508040A002E0661480660206860490D60002802D0F9
S31508040A100021FDF70BFF5E480068A021C901884242
S31508040A208041C043C00F5B4948705B480660FDF7C8
S31508040A30ABFF0190022007403ED06168CEB20F0A90
S31508040A40564908224A4B4403012E24D0022E31D19A
S31508040A50012F22D1524EF6780096514E3778012648
S31508040A60BE40504F3E604E4E3678760590277F043A
S31508040A70F71903263E434C4F3E601C604B4B1C60E3
S31508040A800B68009C1B194B65454909788D404849F4
S31508040A900D6048490DE00090DFE7002F0AD1464E65
S31508040AA0356000254D655C601C60C104434B1960C4
S31508040AB043490A60354908600198FDF76EFFF7BD9A
S31508040AC0184001A8106001A8303B00000C0002A8D9
S31508040AD06C1102A8B44000A8B82002A870B5FDF7A6
S31508040AE053FF0400FFF7AEFD2F490A68D2070FD556
S31508040AF02A4A566D1368334D2E60CE686E6049686F
S31508040B00E9818021C904204E3160297B5918516531
S31508040B10FFF79CFD2000FDF740FF70BDE06101A8CA
S31508040B20002800D0704770B50C00FDF72DFF0500AE
S31508040B30FFF788FD0600FDF741FF234804600121FD
S31508040B40224A1160026C0A40FCD1FDF73CFF3000D2
S31508040B50FFF77CFD2800FDF720FF70BDE05101A8D2
S31508040B60303E000000104006145001A890C001A8A9
S31508040B7090E001A80CC001A804ED00E0C0C000A8DC
S31508040B80C0E000A800C002A8441002A840E002A8D9
S31508040B90404000A8653E0000442002A818C00A5038
S31508040BA0793E000068E00A5060C101A894D001A803
S31508040BB068D00A50F42302A860E101A880E200E0A4
S31508040BC0F41302A8703E000000C0095040D0095032
S31508040BD080B5FDF7FCFE002801D000F08BFE01BDB0
S31508040BE080B5FDF731FFBC48006800030AD4FEF758
S31508040BF0C9F9FFF755F8FEF745F90120FFF72AF872
S31508040C00FEF722FD80208005FDF7B6FE01BD80B5FE
S31508040C10FDF71AFF80204002FDF7AEFE01BDFEB5C2
S31508040C2005208D490860954806680124264201D1A5
S31508040C30FEF710F8FDF708FF9149086800909148F7
S31508040C4049680160B105CA0F69460A71002526423A
S31508040C5010D00095A14949680160A04802688A49EC
S31508040C600B68981A9A4202D38B69C018401C9C4B8D
S31508040C709842F5D39B48056068460079002804D055
S31508040C8031000098FDF716FC009000279548006887
S31508040C90204003D16846FEF715F80700FEF755F815
S31508040CA0002840D08D48407C00283CD19C498B4D77
S31508040CB0EE680A6933689A4200D00120994A944634
S31508040CC0994A1378062253436246D35AB446020015
S31508040CD0182672436646B2185360009A0192EA6867
S31508040CE00123434018204343D61830680861B06886
S31508040CF008608E48F16801603169016270698C493F
S31508040D00086001A8FDF7DEFF002806D18549864A52
S31508040D10127806235A43895A7160390007000F432B
S31508040D2001D16C7401E0002F02D10098FEF736F861
S31508040D309C48046002209C490860C820C004A54950
S31508040D4008606004FDF718FEF7BDF8B5A24C8025C7
S31508040D50EF02FDF7FAFF002808D0A048007800281B
S31508040D6004D13800FDF708FE2560F1BD206CC005E6
S31508040D7006D580200006206000BF00BF400820601A
S31508040D80FEF7E0F8FDF760FEFDF72EFA0600944834
S31508040D9094490860FFF71CFF3800FDF7EDFD002EA7
S31508040DA000D025600120B2490870F1BDF8B50120CC
S31508040DB0FFF79FFCFDF748FE8B484421405C05215C
S31508040DC0014002D0FDF7E4FE01E0FDF7EFFE824C98
S31508040DD0012702258448406C284000D0276010204B
S31508040DE0C043A44908600026E663A3480660FDF7E5
S31508040DF0EEFD002802D000F0CAFD01E07A4806603C
S31508040E00FDF7ACFD9D480068216C090407D400076A
S31508040E1005D5FDF7B9FD9A490D60FDF7BEFDFDF749
S31508040E20A6FDFFF76CFA9748006807400CD08020A7
S31508040E30000695490968014006D09449096808409E
S31508040E4002D10D20FFF781F9A804FDF795FD0020CE
S31508040E50FFF74FFCF1BD00005C1102A880B5FDF751
S31508040E60F3FD1D480068000303D4FEF70BF8FEF7EC
S31508040E70EBFB80204003FDF77FFD01BD440002A87B
S31508040E80B83F00003C3E000020C001A838B5FDF775
S31508040E90DBFD514C2025FEF7C5FF002806D0606B04
S31508040EA0000704D5FEF7E6FFFEF75AFC2560FDF7B2
S31508040EB0E9FFFEF7C9FB764800780C2101400429AE
S31508040EC002D1FDF765FE01E0FDF770FE6804FDF743
S31508040ED053FD4020206031BD0C0002A8CC3E000022
S31508040EE001FF0000383E00001CB50520694908606A
S31508040EF0FDF7AAFDFEF7BEFFB648006800906846EF
S31508040F00FEF7FCFB0400FFF763FE002C02D10098F1
S31508040F10FEF740FC80204004FDF72EFD13BD0000BB
S31508040F20348001A8563E0000503E00001C4101A82A
S31508040F30284000A8F8B5FDF787FDA74CA56A5020F8
S31508040F40284002D0FDF724FE01E0FDF72FFE224FCC
S31508040F50FEF768FF00281BD1B86B40071DD4786BD1
S31508040F60E0214901014018D1A80611D4FDF7F6FC81
S31508040F70A56A9A4E354207D0FF20C0432D18A562AC
S31508040F808020000596490860FDF7F1FC2E4002D042
S31508040F900120386001E00020206080208004FDF7ED
S31508040FA0EBFCF1BD442002A8305201A880B5FDF738
S31508040FB04BFD8C480068C00501D5FDF763FF012089
S31508040FC0FEF748FEFEF740FB8020C004FDF7D4FC7C
S31508040FD001BD0000106001A8100002A8DD3E000053
S31508040FE070012000B46000A8AC3E000070B5284823
S31508040FF00668FDF729FD8024A4037B4D29680903A7
S3150804100003D52000FDF7B8FC70BD0321C00601D541
S31508041010314001E0B0080140012902D1FDF7B8FDCD
S315080410200BE0300107D50E20FFF788F8A348042102
S31508041030016008210160FDF7B9FDFDF728FEA04E01
S315080410403069A0490860FFF7C3FD3068002807D057
S315080410504000122802D2FFF769F801E0FEF7B1FF53
S315080410602000FDF789FCA86B8000FCD470BD000045
S31508041070653E0000482002A8403E0000844000A8BF
S3150804108014E50350404101A8D44101A8304001A801
S31508041090F03E00005C1102A8F8B584B001260024CD
S315080410A00294FDF7D1FC03904F4D2868000374D4CD
S315080410B00320A5490864A54802680227FF21890177
S315080410C00F200F231340032B03D0120B10400628BE
S315080410D03ED19F4800684A6800922A6C3A4001D07B
S315080410E089680091FEF7D3FF0099401801D5019449
S315080410F000E00190A86B0007C10F68460170032041
S31508041100FB218901096B014002291BD10399C906F0
S3150804111018D5FB2189010968CA0512D5EB6B8D4AD6
S315080411201340934203D11020874908640AE08905CD
S3150804113008D4296C28220A4004D1002628490860C4
S3150804114000E00026684600780290300002D10EE0DE
S3150804115008680190FEF766FE002808D0FEF78AFEA6
S315080411600298002802D0FEF7FBFA00E0002676482B
S315080411700760002E12D0FB2080013021405C0C2130
S315080411800140042902D0E86BC00602D5FDF700FD2C
S3150804119001E0FDF70BFD2020686014E0FDF772FE00
S315080411A0802000060E4908600020C0436A4908608A
S315080411B001A8FEF7A3FA0400FFF70AFD002C02D1E2
S315080411C00198FEF7E7FA80200004FDF7D5FB05B081
S315080411D0F0BD0000CC3F0000C83E000000FFFF0041
S315080411E0481002A8680102A80C0002A8FEB500244B
S315080411F00194FDF729FCFFF7EBFC584EF06E584DA9
S315080412000007000F07280ED1706800280BD40020A9
S31508041210FEF720FD28682B490860FDF7B5FD306800
S31508041220800045D5FBE701210320FB229201736860
S315080412305B070BD44B4B1B680B4007D01368DF05C1
S315080412400BD55B0502D43368DB0503D40191116B16
S31508041250890904E01021444B1960116B09090840F7
S3150804126000900020FEF7F6FC0098002805D1706867
S31508041270C00602D4FDF79AFC01E0FDF789FC0020BC
S315080412800199002903D139480068FEF700FF696906
S31508041290401801D5009400E000906846FDF712FD59
S315080412A0002805D10098FDF779FDA8690549086065
S315080412B080200005FDF760FBF7BD000080E200E032
S315080412C0AC3F00003C3E0000F8B5FDF7BDFB00242A
S315080412D000252748466B80277F05300606D5300744
S315080412E009D5FEF7C7FDFEF73BFA29E001251D4897
S315080412F00068284019D00020FEF7ACFC02200640FE
S3150804130002D01C490C60C8611B480468002D03D030
S315080413102000FDF765F90400FEF7ACFD2000FEF792
S3150804132039FA3800FDF728FBF1BD14480078C021C6
S315080413300140402902D1FDF72BFC01E0FDF736FCFC
S3150804134020200B490860ECE7082002A8B00002A890
S315080413500CC101A810000010B46000A8440002A83B
S31508041360BC3F0000B44000A8481002A81CC101A84C
S31508041370100002A8180000AAD83F0000F03E00009A
S31508041380FFF78CF9024803494860FFF7B8F900BF2C
S31508041390032600000000000080B5EFF305800B2843
S315080413A001D23A2100E02921FF2216320020FFF754
S315080413B0B7FBFEE745F80208F5F7020801F8020844
S315080413C0F1F80208E3610308356703083967030877
S315080413D03D670308416703084567030800000000E2
S30D080413E0B00100008032002070
S30D080413E8941DFD7F01000000BD
S311080413F0FC1304080044002072040000EA
S315080413FC0000000000000000FFFF0000C0EA210105
S3150804140CC0175302EFBECEFA020000000060310882
S3150804141C00800000A4220020C8000000FE00000082
S3150804142C00000000E09903082800000002000000F0
S3150804143C7168000801000000FFFFFFFF330000007D
S3150804144C6D320108857B03080000000000000000CB
S3150804145C000000000000000000000000000000006E
S3150804146C00000000000000000100B80B001C00205E
S3150804147C654A020800000000FF8703080000000004
S3150804148C0000000000000000000000000C01030727
S3150804149C001C00208963020800000000FF8703086B
S315080414AC000000000000000000000000000000001E
S315080414BC001C00200163010800000000FF870308D4
S315080414CC00000000000000000000000000000000FE
S315080414DC3300000049DC0008F41400204D8E030880
S315080414EC0300000041BC000828290020538E030879
S315080414FC020000000585010824150020588E0308EF
S3150804150C04000000D5BC0008E55E03083020FFFF84
S3150804151CFFFFFFFFFFFF20003046002000000000FD
S3150804152C0000000010460020000000000000000027
S3150804153CF04500200000000000000000D045002003
S3150804154C000000000000000008009C000000CDAB61
S3150804155C10C105201001100201010100001C002015
S3150804156C7563010800000000FF87030800000000EB
S3150804157C0000000000000000000000002C0101FF20
S3150804158C001C00202D8B020800000000FF870308AE
S3150804159C000000000000000000000000000000002D
S315080415AC001C0020E946020800000000FF87030817
S315080415BC000000000000000000000000000000000D
S315080415CC001C0020E563010800000000FF870308DF
S315080415DC00000000000000000000000000000000ED
S315080415EC001C0020E163010800000000FF870308C3
S315080415FC00000000000000000000000000000000CD
S3150804160C001C0020DD63010800000000FF870308A6
S3150804161C00000000000000000000000000000000AC
S3150804162C001C0020D963010800000000FF8703088A
S3150804163C000000000000000000000000000000008C
S3150804164CFFFF00000000000020A1070000000000B6
S3150804165C0BFFFF7F401001002C010000001C00202A
S3150804166C1163010800000000FF870308000000004E
S3150804167C000000000000000000000000001C002010
S3150804168CA181010800000000FF8703080000000080
S3150804169C000000000000000000000000001C0020F0
S315080416AC1562010849330108FF8703080000000086
S315080416BC000000000000000000000000FF100100FC
S315080416CC40060100B80B000010270200FDFFFDFFC1
S315080416DCFF00FFFF800080000FFF000084470020F6
S315080416EC0000000064470020000000000100000010
S315080416FC001C00203D83010849330108FF870308B1
S3150804170C00000000000000000000000000000000BB
S3150804171C00000000000000000000000000000000AB
S3150804172C0E0F000008400000001C0020951F02083C
S3150804173C00000000FF8703080000000000000000FA
S3150804174C000000000000000001020301081E0F0A35
S3150804175C20000000001C00209D81010800000000E8
S3150804176CFF870308000000000000000000000000CA
S3150804177C00000000001C00209981010800000000EC
S3150804178CFF870308000000000000000000000000AA
S3150804179C00000000001C00206D99010800000000E0
S315080417ACFF8703080000000000000000000000008A
S315080417BC000000000000400005000000001C00208A
S315080417CC0D9E010800000000FF87030800000000B6
S315080417DC000000000000000000000000001C0020AF
S315080417EC0DA2010800000000FF8703080000000092
S315080417FC000000000000000000000000001C00208F
S3150804180CA9A2010800000000FF87030800000000D5
S3150804181C000000000000000000000000001C00206E
S3150804182C79A3010800000000FF87030800000000E4
S3150804183C000000000000000000000000800000000A
S3150804184C001C0020D5D7010800000000FF870308F8
S3150804185C000000000000000000000000000000006A
S3150804186C001C002079D8010800000000FF87030833
S3150804187C000000000000000000000000000000004A
S3150804188C001C002019ED010800000000FF8703085E
S3150804189C000000000000000000000000000000002A
S315080418AC001C002009C2010800000000FF87030879
S315080418BC000000000000000000000000000000000A
S315080418CCFFFF0000001C0020B9CE01080000000030
S315080418DCFF87030800000000000000000000000059
S315080418EC00000000001C0020C94302080000000088
S315080418FCFF87030800000000000000000000000039
S3150804190C00000000FFD80000001C0020E544020873
S3150804191C00000000FF870308000000000000000018
S3150804192C0000000000000000018E020801FF000000
S3150804193C001C0020555D020849330108FF8703087B
S3150804194C0000000000000000000000000000000079
S3150804195CFFFF0100FFFF0000FFFFFFFFFFFFFFFF74
S3150804196CFFFFFFFFFFFFFFFFFFFFFFFFFFFFFFFF69
S3150804197CFFFFFFFFFFFFFFFFFFFFFFFFFFFFFFFF59
S3150804198C9449002000000000703B0020D83B00203E
S3150804199C403C00200000000000000000000000008D
S315080419AC0000000000000000000000000000000019
S315080419BC0000000000000000000000000000000009
S315080419CC00000000000000000000000000000000F9
S315080419DCAD600308A9600308FFFFFFFFFFFFFFFFC5
S315080419ECBD600308FFFFFFFF27660308FFFFFFFF21
S315080419FCFFFFFFFFFFFFFFFFFFFFFFFF932500001D
S31508041A0CB3670308DC130408FFFFFFFF04F8FFFFA2
S31508041A1C0C00000000000301FF0C01FF0F0000007E
S31508041A2C593101083131010800000000000000009A
S31508041A3C0000000000000000000000000000000088
S31508041A4C0000000000000000000000000000000078
S31508041A5C0000000000000000000000000000000068
S31508041A6C0000000000000000000000000000000058
S31508041A7C0000000000000000000000000000000048
S31508041A8C0000000000000000000000000000000038
S31508041A9C0000000000000000000000000000000028
S31508041AAC0000000000000000000000000000000018
S31508041ABC0000000000000000000000000000000008
S31508041ACC00000000000000000000000000000000F8
S31508041ADC00000000000000000000000000000000E8
S31508041AEC00000000000000000000000000000000D8
S31508041AFC00000000000000000000000000000000C8
S31508041B0C00000000000000000000000000000000B7
S31508041B1C00000000000000000000000000000000A7
S31508041B2C0000000000000000000000000000000097
S31508041B3C0000000000000000000000000000000087
S31508041B4C0000000000000000000000000000000077
S31508041B5C0000000000000000000000000000000067
S31508041B6C0000000000000000000000000000000057
S31508041B7C0000000000000000000000000000000047
S31508041B8C0000000000000000000000000000000037
S31508041B9C0000000000000000000000000000000027
S31508041BAC0000000000000000000000000000000017
S31508041BBC0000000000000000000000000000000007
S31508041BCC00000000000000000000000000000000F7
S31508041BDC00000000000000000000000000000000E7
S31508041BEC00000000000000000000000000000000D7
S31508041BFC00000000000000000000000000000000C7
S31508041C0C00000000000000000000000000000000B6
S31508041C1C00000000000000000000000000000000A6
S31508041C2C0000000000000000000000000000000096
S31508041C3C0000000000000000000000000000000086
S31508041C4C0000000000000000000000000000000076
S31508041C5C0000000000000000000000000000000066
S31508041C6C0000000000000000000000000000000056
S31508041C7C0000000000000000000000000000000046
S31508041C8C0000000000000000000000000000000036
S31508041C9C0000000000000000000000000000000026
S31508041CAC0000000000000000000000000000000016
S31508041CBC0000000000000000000000000000000006
S31508041CCC00000000000000000000000000000000F6
S31508041CDC00000000000000000000000000000000E6
S31508041CEC00000000000000000000000000000000D6
S31508041CFC00000000000000000000000000000000C6
S31508041D0C00000000000000000000000000000000B5
S31508041D1C00000000000000000000000000000000A5
S31508041D2C0000000000000000000000000000000095
S31508041D3C0000000000000000000000000000000085
S31508041D4C0000000000000000000000000000000075
S31508041D5C0000000000000000000000000000000065
S31508041D6C0000000000000000000000000000000055
S31508041D7C0000000000000000000000000000000045
S31508041D8C0000000000000000000000000000000035
S31508041D9C0000000000000000000000000000000025
S31508041DAC0000000000000000000000000000000015
S31508041DBC0000000000000000000000000000000005
S31508041DCC00000000000000000000000000000000F5
S31508041DDC00000000000000000000000000000000E5
S31508041DEC00000000000000000000000000000000D5
S31508041DFC00000000000000000000000000000000C5
S31508041E0C00000000000000000000000000000000B4
S31508041E1C00000000000000000000000000000000A4
S31508041E2C0000000000000000000000000000000094
S31508041E3C0000000000000000000000000000000084
S31508041E4C0000000000000000000000000000000074
S31508041E5C0000000000000000000000000000000064
S31508041E6C0000000000000000000000000000000054
S31508041E7C0000000000000000000000000000000044
S31508041E8C0000000000000000000000000000000034
S31508041E9C0000000000000000000000000000000024
S31508041EAC0000000000000000000000000000000014
S31508041EBC0000000000000000000000000000000004
S31508041ECC00000000000000000000000000000000F4
S31508041EDC00000000000000000000000000000000E4
S31508041EEC00000000000000000000000000000000D4
S31508041EFC00000000000000000000000000000000C4
S31508041F0C00000000000000000000000000000000B3
S31508041F1C00000000000000000000000000000000A3
S31508041F2C0000000000000000000000000000000093
S31508041F3C0000000000000000000000000000000083
S31508041F4C0000000000000000000000000000000073
S31508041F5C0000000000000000000000000000000063
S31508041F6C0000000000000000000000000000000053
S31508041F7C0000000000000000000000000000000043
S31508041F8C0000000000000000000000000000000033
S31508041F9C0000000000000000000000000000000023
S31508041FAC0000000000000000000000000000000013
S31508041FBC0000000000000000000000000000000003
S31508041FCC00000000000000000000000000000000F3
S31508041FDC00000000000000000000000000000000E3
S31508041FEC00000000000000000000000000000000D3
S31508041FFC00000000000000000000000000000000C3
S3150804200C00000000000000000000000000000000B2
S3150804201C00000000000000000000000000000000A2
S3150804202C0000000000000000000000000000000092
S3150804203C0000000000000000000000000000000082
S3150804204C0000000000000000000000000000000072
S3150804205C0000000000000000000000000000000062
S3150804206C0000000000000000000000000000000052
S3150804207C0000000000000000000000000000000042
S3150804208C0000000000000000000000000000000032
S3150804209C0000000000000000000000000000000022
S315080420AC0000000000000000000000000000000012
S315080420BC0000000000000000000000000000000002
S315080420CC00000000000000000000000000000000F2
S315080420DC00000000000000000000000000000000E2
S315080420EC00000000000000000000000000000000D2
S315080420FC00000000000000000000000000000000C2
S3150804210C00000000000000000000000000000000B1
S3150804211C00000000000000000000000000000000A1
S3150804212C0000000000000000000000000000000091
S3150804213C0000000000000000000000000000000081
S3150804214C0000000000000000000000000000000071
S3150804215C0000000000000000000000000000000061
S3150804216C0000000000000000000000000000000051
S3150804217C0000000000000000000000000000000041
S3150804218C0000000000000000000000000000000031
S3150804219C0000000000000000000000000000000021
S315080421AC0000000000000000000000000000000011
S315080421BC0000000000000000000000000000000001
S315080421CC00000000000000000000000000000000F1
S315080421DC00000000000000000000000000000000E1
S315080421EC00000000000000000000000000000000D1
S315080421FC00000000000000000000000000000000C1
S3150804220C00000000000000000000000000000000B0
S3150804221C00000000000000000000000000000000A0
S3150804222C0000000000000000000000000000000090
S3150804223C0000000000000000000000000000000080
S3150804224C0000000000000000000000000000000070
S3150804225C0000000000000000000000000000000060
S3150804226C0000000000000000000000000000000050
S3150804227C0000000000000000000000000000000040
S3150804228C0000000000000000000000000000000030
S3150804229C0000000000000000000000000000000020
S315080422AC0000000000000000000000000000000010
S315080422BC0000000000000000000000000000000000
S315080422CC00000000000000000000000000000000F0
S315080422DC00000000000000000000000000000000E0
S315080422EC00000000000000000000000000000000D0
S315080422FC00000000000000000000000000000000C0
S3150804230C00000000000000000000000000000000AF
S3150804231C000000000000000000000000000000009F
S3150804232C000000000000000000000000000000008F
S3150804233C000000000000000000000000000000007F
S3150804234C000000000000000000000000000000006F
S3150804235C000000000000000000000000000000005F
S3150804236C000000000000000000000000000000004F
S3150804237C000000000000000000000000000000003F
S3150804238C000000000000000000000000000000002F
S3150804239C000000000000000000000000000000001F
S315080423AC000000000000000000000000000000000F
S315080423BC00000000000000000000000000000000FF
S315080423CC00000000000000000000000000000000EF
S315080423DC00000000000000000000000000000000DF
S315080423EC00000000000000000000000000000000CF
S315080423FC00000000000000000000000000000000BF
S3150804240C00000000000000000000000000000000AE
S3150804241C000000000000000000000000000000009E
S3150804242C000000000000000000000000000000008E
S3150804243C000000000000000000000000000000007E
S3150804244C000000000000000000000000000000006E
S3150804245C000000000000000000000000000000005E
S3150804246C000000000000000000000000000000004E
S3150804247C000000000000000000000000000000003E
S3150804248C000000000000000000000000000000002E
S3150804249C000000000000000000000000000000001E
S315080424AC000000000000000000000000000000000E
S315080424BC00000000000000000000000000000000FE
S315080424CC00000000000000000000000000000000EE
S315080424DC00000000000000000000000000000000DE
S315080424EC00000000000000000000000000000000CE
S315080424FC00000000000000000000000000000000BE
S3150804250C00000000000000000000000000000000AD
S3150804251C000000000000000000000000000000009D
S3150804252C000000000000000000000000000000008D
S3150804253C000000000000000000000000000000007D
S3150804254C000000000000000000000000000000006D
S3150804255C000000000000000000000000000000005D
S3150804256C000000000000000000000000000000004D
S3150804257C000000000000000000000000000000003D
S3150804258C000000000000000000000000000000002D
S3150804259C000000000000000000000000000000001D
S315080425AC000000000000000000000000000000000D
S30D080425BC000000000000000005
S7050800A63D0F
